Record,Location,X,Y,lon,lat,Date,Time,Environment,Road_Surface,Traffic_Control,Collision_Location,Light,Collision_Classification,Impact_type,Neighborhood
205,WOODROFFE AVE @ DEERFOX DR/STONEWAY DR,365885.6981,5015940.078,-75.72137154,45.28076222,2/20/2015,19:25,01 - Clear,01 - Dry,01 - Traffic signal,02 - Intersection related,07 - Dark,02 - Non-fatal injury,03 - Rear end,Chapman Mills - Rideau Crest - Davidson Heights
206,DALHOUSIE ST @ ST. PATRICK ST,367958.2076,5032641.342,-75.69282318,45.43085324,1/6/2015,13:45,01 - Clear,03 - Loose snow,01 - Traffic signal,03 - At intersection,01 - Daylight,02 - Non-fatal injury,02 - Angle,Byward Market
207,BERRIGAN DR @ LONGFIELDS DR,364305.2377,5015645.868,-75.74155035,45.27825048,1/6/2015,22:07,01 - Clear,06 - Ice,11 - Roundabout,03 - At intersection,07 - Dark,02 - Non-fatal injury,03 - Rear end,New Barrhaven
208,NELSON ST @ SOMERSET ST,369095.6705,5031762.058,-75.67840241,45.42283812,1/26/2015,14:27,01 - Clear,01 - Dry,02 - Stop sign,03 - At intersection,01 - Daylight,02 - Non-fatal injury,02 - Angle,Sandy Hill
209,STITTSVILLE MAIN ST @ HAZELDEAN RD,349558.3981,5014879.077,-75.92957078,45.27244412,7/2/2015,16:05,01 - Clear,01 - Dry,01 - Traffic signal,03 - At intersection,01 - Daylight,02 - Non-fatal injury,05 - Turning movement,Stittsville
210,CARP RD btwn HWY417 IC144 RAMP16 & HWY417 IC144 RAMP35,347389.1131,5015827.158,-75.9571349,45.28111005,7/2/2015,15:15,01 - Clear,01 - Dry,10 - No control,07 - Overpass or bridge,01 - Daylight,02 - Non-fatal injury,03 - Rear end,Stittsville - Basswood
211,MONTREAL RD @ OGILVIE RD,375654.228,5034556.84,-75.59420217,45.4473504,2/25/2015,17:00,01 - Clear,01 - Dry,01 - Traffic signal,02 - Intersection related,01 - Daylight,02 - Non-fatal injury,03 - Rear end,Beacon Hill South - Cardinal Heights
212,NIXON DR btwn DALMENY RD & GABERT RD,375665.0191,4997530.429,-75.59935106,45.11419818,1/24/2015,6:42,01 - Clear,02 - Wet,10 - No control,01 - Non intersection,07 - Dark,02 - Non-fatal injury,07 - SMV other,Kars - Osgoode
213,ISABELLA ST/HWY 417 O'CONN IC119BR57 @ O'CONNO,368297.7045,5030310.048,-75.68878522,45.40984631,3/3/2015,17:51,03 - Snow,02 - Wet,01 - Traffic signal,02 - Intersection related,01 - Daylight,02 - Non-fatal injury,03 - Rear end,The Glebe
214,BURLAND ST @ CARLING AVE,359278.6708,5024165.959,-75.80467666,45.35532225,4/8/2015,10:19,01 - Clear,01 - Dry,02 - Stop sign,03 - At intersection,01 - Daylight,02 - Non-fatal injury,05 - Turning movement,Bayshore
215,MONTREAL RD @ OGILVIE RD,375653.2936,5034555.505,-75.59421431,45.44733848,6/30/2015,12:46,01 - Clear,01 - Dry,01 - Traffic signal,02 - Intersection related,01 - Daylight,02 - Non-fatal injury,03 - Rear end,Beacon Hill South - Cardinal Heights
216,HAWTHORNE RD/RUSSELL RD @ WALKLEY RD,374675.4646,5028498.46,-75.60757232,45.39293886,7/22/2015,9:29,01 - Clear,01 - Dry,01 - Traffic signal,02 - Intersection related,01 - Daylight,02 - Non-fatal injury,03 - Rear end,Sheffield Glen
217,CAHILL DR @ VERDON PRIV,372013.729,5024844.299,-75.64206064,45.36032064,4/3/2015,8:35,01 - Clear,01 - Dry,02 - Stop sign,03 - At intersection,01 - Daylight,02 - Non-fatal injury,07 - SMV other,Greenboro East
218,SCOTT ST btwn TUNNEY'S PASTURE DRWY & PARKDALE AVE,364830.9329,5029655.213,-75.73315058,45.4042602,4/10/2015,15:15,01 - Clear,02 - Wet,10 - No control,04 - At/near private drive,01 - Daylight,02 - Non-fatal injury,02 - Angle,Island Park
219,RIVERSIDE DR @ BROOKFIELD RD/HOG'S BACK RD,368167.711,5026223.485,-75.69097059,45.37308839,4/21/2015,16:16,01 - Clear,01 - Dry,01 - Traffic signal,02 - Intersection related,01 - Daylight,02 - Non-fatal injury,03 - Rear end,Riverside Park
220,COBOURG ST @ ST. PATRICK ST,368801.0205,5033233.901,-75.6819759,45.43610824,6/14/2015,15:01,01 - Clear,01 - Dry,01 - Traffic signal,03 - At intersection,01 - Daylight,02 - Non-fatal injury,03 - Rear end,Lower Town
221,MERIVALE RD btwn ROSSLAND AVE & EMERALD PLAZA SC,364722.4362,5024032.245,-75.73521882,45.35367503,4/17/2015,14:12,01 - Clear,01 - Dry,10 - No control,01 - Non intersection,01 - Daylight,02 - Non-fatal injury,04 - Sideswipe,Cityview - Skyline - Fisher Heights
222,BAYSHORE DR @ WOODRIDGE CRES N,359073.8349,5023874.596,-75.80732282,45.35271645,2/21/2015,2:25,01 - Clear,01 - Dry,01 - Traffic signal,03 - At intersection,07 - Dark,02 - Non-fatal injury,07 - SMV other,Bayshore
223,TENTH LINE RD btwn 275 N OF DES EPINETTES AVE/FALLINGBROOK SC & DES EP,383560.9995,5037092.337,-75.4927311,45.46931633,1/27/2015,8:52,01 - Clear,01 - Dry,10 - No control,01 - Non intersection,01 - Daylight,02 - Non-fatal injury,03 - Rear end,Orlans
224,CARLING AVE btwn RIFLE RD & DAVIDSON'S SIDE RD,354067.2145,5023424.411,-75.87126128,45.34903525,5/26/2015,9:02,01 - Clear,01 - Dry,10 - No control,01 - Non intersection,01 - Daylight,02 - Non-fatal injury,03 - Rear end,Crystal Bay - Lakeview Park - Britannia Village
225,BANK ST @ WALKLEY RD,370337.1313,5025947.375,-75.66331268,45.37040451,6/22/2015,15:06,01 - Clear,01 - Dry,01 - Traffic signal,02 - Intersection related,01 - Daylight,02 - Non-fatal injury,03 - Rear end,Ledbury - Heron Gate - Ridgemont - Elmwood
226,BANK ST @ LEITRIM RD,375358.7181,5021619.015,-75.5998293,45.33097227,4/18/2015,9:22,01 - Clear,01 - Dry,01 - Traffic signal,02 - Intersection related,01 - Daylight,02 - Non-fatal injury,03 - Rear end,Greenbelt
227,WALKLEY RD btwn SPRINGLAND DR & MCCARTHY RD,368988.3931,5025126.807,-75.68063632,45.3631461,1/27/2015,9:54,01 - Clear,01 - Dry,10 - No control,01 - Non intersection,01 - Daylight,02 - Non-fatal injury,07 - SMV other,Hunt Club Woods - Quintarra - Revelstoke - Riverside South P
228,CRESTHAVEN DR @ STRANDHERD DR,366815.8339,5015027.589,-75.70963069,45.27247027,3/14/2015,9:11,01 - Clear,01 - Dry,01 - Traffic signal,03 - At intersection,01 - Daylight,02 - Non-fatal injury,07 - SMV other,Chapman Mills - Rideau Crest - Davidson Heights
229,ERINDALE DR btwn NAVAHO DR & FORLAN DR,363678.5949,5024979.4,-75.74842723,45.36228584,3/14/2015,10:55,01 - Clear,02 - Wet,10 - No control,01 - Non intersection,01 - Daylight,02 - Non-fatal injury,06 - SMV unattended vehicle,Braemar Park - Bel Air Heights - Copeland Park
230,DUNROBIN RD btwn KINBURN SIDE RD & VANCES SIDE RD,338984.1383,5034907.998,-76.06294575,45.45326572,6/22/2015,12:35,01 - Clear,01 - Dry,10 - No control,01 - Non intersection,01 - Daylight,02 - Non-fatal injury,07 - SMV other,Woodlawn
231,ALTHA AVE @ LEVIS AVE,370688.6684,5033211.068,-75.65785472,45.43572747,4/19/2015,13:46,01 - Clear,01 - Dry,02 - Stop sign,03 - At intersection,01 - Daylight,02 - Non-fatal injury,02 - Angle,Vanier South
232,SHEFFIELD RD @ WALKLEY RD,375256.7712,5028785.985,-75.60010791,45.39546762,1/17/2015,13:12,01 - Clear,02 - Wet,01 - Traffic signal,02 - Intersection related,01 - Daylight,02 - Non-fatal injury,03 - Rear end,Industrial Park
233,GREENBANK RD btwn WEST HUNT CLUB RD & FALLOWFIELD RD,362174.0146,5018869.546,-75.7683396,45.30743437,2/28/2015,2:30,01 - Clear,01 - Dry,10 - No control,01 - Non intersection,07 - Dark,02 - Non-fatal injury,01 - Approaching,Greenbelt
234,WOODROFFE AVE btwn HWY417 IC127 RAMP52 & HWY417 IC127 RAMP53,362191.6026,5024664.337,-75.76744338,45.35957425,1/28/2015,8:39,01 - Clear,01 - Dry,10 - No control,01 - Non intersection,01 - Daylight,02 - Non-fatal injury,03 - Rear end,Iris
235,SHERBOURNE RD @ KEENAN AVE/KNIGHTSBRIDGE RD,362039.6884,5026946.023,-75.7691179,45.38011707,3/14/2015,12:00,02 - Rain,02 - Wet,02 - Stop sign,03 - At intersection,01 - Daylight,02 - Non-fatal injury,02 - Angle,Carlingwood - McKellar Park - Laurentien View
236,SOMERSET ST    W btwn PERCY ST & BAY ST,367233.1679,5030638.442,-75.70234228,45.41289688,6/18/2015,21:26,01 - Clear,01 - Dry,10 - No control,01 - Non intersection,07 - Dark,02 - Non-fatal injury,07 - SMV other,Chinatown
237,HWY 417 MARCH IC155R61 @ MARCH RD,339741.5758,5019501.726,-76.05435254,45.3145973,6/18/2015,17:46,01 - Clear,01 - Dry,02 - Stop sign,03 - At intersection,01 - Daylight,02 - Non-fatal injury,02 - Angle,Carp - Hardwood Plains
238,ST. JOSEPH BLVD btwn YOUVILLE DR & NOTRE DAME ST W,379358.4348,5036209.113,-75.54660368,45.46183102,6/20/2015,11:12,01 - Clear,01 - Dry,10 - No control,01 - Non intersection,01 - Daylight,02 - Non-fatal injury,03 - Rear end,Chapel Hill
239,JEANNE D'ARC BLVD  N btwn PADDLER WAY & ORLEANS BLVD,379976.8853,5038082.396,-75.53840994,45.47861907,4/20/2015,10:14,02 - Rain,02 - Wet,10 - No control,01 - Non intersection,01 - Daylight,02 - Non-fatal injury,05 - Turning movement,Orleans South West
240,CARLING AVE @ FAIRLAWN AVE/WOODROFFE AVE E,361934.6841,5025830.528,-75.77058762,45.37008852,1/20/2015,16:30,01 - Clear,01 - Dry,01 - Traffic signal,03 - At intersection,01 - Daylight,02 - Non-fatal injury,05 - Turning movement,Carlingwood West - Glabar Park - McKellar Heights
241,EAGLESON RD @ HAZELDEAN RD/ROBERTSON RD,353675.5526,5018423.014,-75.87675301,45.3040592,1/14/2015,18:21,01 - Clear,06 - Ice,01 - Traffic signal,02 - Intersection related,07 - Dark,02 - Non-fatal injury,03 - Rear end,Greenbelt
242,SHEFFIELD RD @ WALKLEY RD,375258.4558,5028784.899,-75.60008656,45.39545768,6/18/2015,9:38,01 - Clear,01 - Dry,01 - Traffic signal,03 - At intersection,01 - Daylight,02 - Non-fatal injury,05 - Turning movement,Industrial Park
243,MERIVALE RD btwn VIEWMOUNT DR & COLONNADE RD,365202.3458,5022930.567,-75.72922892,45.34372111,6/18/2015,8:33,01 - Clear,01 - Dry,10 - No control,01 - Non intersection,01 - Daylight,02 - Non-fatal injury,03 - Rear end,Tanglewood
244,LAPERRIERE AVE btwn CLYDE AVE & BELLEVUE AVE,363723.1938,5026460.298,-75.74768136,45.37560702,6/19/2015,10:30,01 - Clear,01 - Dry,10 - No control,04 - At/near private drive,01 - Daylight,02 - Non-fatal injury,05 - Turning movement,Carlington
245,BRONSON AVE @ COMMISSIONER ST/SLATER ST,366768.7054,5030948.928,-75.70823673,45.41573182,6/19/2015,8:05,01 - Clear,01 - Dry,01 - Traffic signal,02 - Intersection related,01 - Daylight,02 - Non-fatal injury,04 - Sideswipe,Byward Market - Parliament Hill
246,BANK ST @ SOUTHKEYS SC,371083.7295,5024521.998,-75.65397338,45.35750923,4/22/2015,12:39,01 - Clear,01 - Dry,01 - Traffic signal,03 - At intersection,01 - Daylight,02 - Non-fatal injury,07 - SMV other,South Keys - Heron Gate - Greenboro West
247,BOURASSA ST @ ST. LAURENT BLVD,373236.732,5029693.075,-75.62577945,45.40382954,1/25/2015,10:35,01 - Clear,06 - Ice,01 - Traffic signal,03 - At intersection,01 - Daylight,02 - Non-fatal injury,99 - Other,Industrial Park
248,HWY 417 VANIER IC117R63 @ VANIER PKWY,370794.7724,5031400.207,-75.65674137,45.41942411,3/3/2015,12:05,01 - Clear,01 - Dry,01 - Traffic signal,02 - Intersection related,01 - Daylight,02 - Non-fatal injury,03 - Rear end,Overbrook
249,HERZBERG RD @ MARCH RD,352323.6222,5021527.043,-75.89369365,45.3320827,3/6/2015,7:15,01 - Clear,01 - Dry,01 - Traffic signal,03 - At intersection,01 - Daylight,02 - Non-fatal injury,03 - Rear end,Kanata Lakes - Marchwood Lakeside - Morgan's Grant - Kanata
250,ALBION RD @ HUNT CLUB RD,371867.7337,5024321,-75.64399496,45.35562616,3/17/2015,20:09,01 - Clear,01 - Dry,01 - Traffic signal,03 - At intersection,07 - Dark,02 - Non-fatal injury,05 - Turning movement,South Keys - Heron Gate - Greenboro West
251,HWY 417 MAITLAND IC126R26/62 @ MAITLAND AVE,363144.7798,5025984.529,-75.75512199,45.37137451,4/20/2015,20:41,02 - Rain,02 - Wet,01 - Traffic signal,03 - At intersection,07 - Dark,02 - Non-fatal injury,05 - Turning movement,Carlingwood West - Glabar Park - McKellar Heights
252,PRINCE OF WALES DR @ MEADOWLANDS DR/HOG'S BACK,367371.1982,5025691.675,-75.70120621,45.36837487,6/24/2015,7:53,01 - Clear,01 - Dry,01 - Traffic signal,03 - At intersection,01 - Daylight,02 - Non-fatal injury,05 - Turning movement,Carleton Heights - Rideauview
253,CAMPEAU DR/HWY 417 MARCH IC138R63 @ MARCH RD,352842.5888,5020475.021,-75.88717514,45.32258107,3/6/2015,8:22,01 - Clear,01 - Dry,01 - Traffic signal,03 - At intersection,01 - Daylight,02 - Non-fatal injury,02 - Angle,Greenbelt
254,OTTAWA RIVER PKWY btwn VIMY PLACE PRIV & BOOTH ST,366254.0745,5030999.497,-75.71480514,45.41623222,1/28/2015,10:15,01 - Clear,01 - Dry,10 - No control,01 - Non intersection,01 - Daylight,02 - Non-fatal injury,03 - Rear end,LeBreton Flats
255,CHARLOTTE ST @ WILBROD ST,369415.7147,5032589.505,-75.67420462,45.43025368,6/20/2015,7:28,01 - Clear,01 - Dry,02 - Stop sign,03 - At intersection,01 - Daylight,02 - Non-fatal injury,02 - Angle,Sandy Hill
256,OGILVIE RD @ CITY PARK DR E/CSIS HQ ACCESS,374188.7282,5033011.059,-75.61315272,45.43358934,1/28/2015,16:51,01 - Clear,01 - Dry,01 - Traffic signal,02 - Intersection related,05 - Dusk,02 - Non-fatal injury,07 - SMV other,Industrial Park
257,FINDLAY CREEK DR @ BANK ST,375846.5095,5020458.519,-75.59377347,45.3204814,2/5/2015,20:27,01 - Clear,03 - Loose snow,01 - Traffic signal,02 - Intersection related,07 - Dark,02 - Non-fatal injury,99 - Other,Greenbelt
258,REGIONAL ROAD 174 btwn OR174 IC101 RAMP26 & OR174 IC101 RAMP61,382896.8008,5039005.802,-75.50091997,45.48660655,2/8/2015,14:13,03 - Snow,03 - Loose snow,10 - No control,01 - Non intersection,01 - Daylight,02 - Non-fatal injury,07 - SMV other,Chatelaine Village
259,EAGLESON RD @ HAZELDEAN RD/ROBERTSON RD,353673.6249,5018423.978,-75.8767775,45.30406801,2/12/2015,7:15,03 - Snow,06 - Ice,01 - Traffic signal,02 - Intersection related,01 - Daylight,02 - Non-fatal injury,03 - Rear end,Greenbelt
260,RICHMOND RD btwn WOODROFFE AVE & LOCKHART AVE,361593.3611,5026671.391,-75.77484809,45.37768228,2/5/2015,12:05,01 - Clear,06 - Ice,10 - No control,01 - Non intersection,01 - Daylight,02 - Non-fatal injury,03 - Rear end,Carlingwood - McKellar Park - Laurentien View
261,BANK ST @ HERON RD,369995.72,5026852.988,-75.66755134,45.37858478,3/17/2015,14:00,01 - Clear,01 - Dry,01 - Traffic signal,03 - At intersection,01 - Daylight,02 - Non-fatal injury,99 - Other,Alta Vista
262,ROCKDALE RD btwn COLONIAL RD & HUISMANS RD,391716.1228,5031944.127,-75.38936399,45.42203155,1/6/2015,18:18,03 - Snow,03 - Loose snow,10 - No control,01 - Non intersection,07 - Dark,02 - Non-fatal injury,01 - Approaching,Navan - Vars
263,BOWESVILLE RD @ RIDEAU RD,373361.7353,5015565.971,-75.62614048,45.27670676,1/30/2015,16:25,01 - Clear,01 - Dry,02 - Stop sign,03 - At intersection,01 - Daylight,02 - Non-fatal injury,02 - Angle,Greenbelt
264,FLEWELLYN RD btwn MUNSTER RD & CONLEY RD,347704.6985,5007451.593,-75.95383509,45.20572391,2/8/2015,16:50,01 - Clear,04 - Slush,10 - No control,01 - Non intersection,05 - Dusk,02 - Non-fatal injury,07 - SMV other,Stittsville - Basswood
265,BANK ST @ GLOUCESTER ST,367523.707,5031199.064,-75.69855931,45.4179152,2/12/2015,13:56,03 - Snow,02 - Wet,01 - Traffic signal,03 - At intersection,01 - Daylight,02 - Non-fatal injury,07 - SMV other,Centretown
266,KIRKWOOD AVE @ LAPERRIERE AVE,364518.7301,5026958.061,-75.73746482,45.38001845,2/10/2015,5:58,01 - Clear,04 - Slush,01 - Traffic signal,03 - At intersection,07 - Dark,02 - Non-fatal injury,07 - SMV other,Carlington
267,CENTURY RD S @ MCCORDICK RD S,360468.129,5003125.484,-75.79185402,45.16590404,2/12/2015,7:48,01 - Clear,04 - Slush,02 - Stop sign,02 - Intersection related,01 - Daylight,02 - Non-fatal injury,07 - SMV other,Munster Hamlet - Richmond
268,MEADOWLANDS DR/TALLWOOD DR @ WOODROFFE AVE,363057.6535,5022730.976,-75.75661766,45.3421066,2/12/2015,14:18,01 - Clear,02 - Wet,01 - Traffic signal,02 - Intersection related,01 - Daylight,02 - Non-fatal injury,03 - Rear end,Crestview - Meadowlands
269,RICHMOND RD @ HOLLY ACRES RD/NANAIMO DR,359057.7077,5022748.978,-75.80765212,45.34258936,1/15/2015,14:15,01 - Clear,02 - Wet,01 - Traffic signal,03 - At intersection,01 - Daylight,02 - Non-fatal injury,03 - Rear end,Greenbelt
270,SAUNDERSON DR @ PLEASANT PARK RD,373145.7283,5028666.148,-75.62708411,45.39459861,1/19/2015,8:59,01 - Clear,02 - Wet,02 - Stop sign,03 - At intersection,01 - Daylight,02 - Non-fatal injury,02 - Angle,Elmvale - Eastway - Riverview - Riverview Park West
271,BRONSON AVE @ COMMISSIONER ST/SLATER ST,366769.6693,5030949.05,-75.7082244,45.41573284,3/23/2015,9:58,01 - Clear,01 - Dry,01 - Traffic signal,03 - At intersection,01 - Daylight,02 - Non-fatal injury,05 - Turning movement,Byward Market - Parliament Hill
272,ALBION RD @ MAPLE KEY PRIV,372626.749,5022492.3,-75.63455932,45.33909915,2/16/2015,14:48,01 - Clear,02 - Wet,02 - Stop sign,02 - Intersection related,01 - Daylight,02 - Non-fatal injury,03 - Rear end,Blossom Park - Blossom Park West - Sawmill Creek/ Timbermill
273,EAGLESON RD @ 146 N OF ABBEYHILL DR/HAZELDEAN ,353772.3276,5018172.537,-75.87554379,45.30179862,3/25/2015,15:41,01 - Clear,01 - Dry,01 - Traffic signal,03 - At intersection,01 - Daylight,02 - Non-fatal injury,02 - Angle,Greenbelt
274,REGIONAL ROAD 174 EB btwn HWY417 IC113 RAMP65 & OR174 BLAIR IC112 RAMP51,374030.7808,5032203.559,-75.6152847,45.42633953,2/17/2015,1:03,01 - Clear,01 - Dry,10 - No control,01 - Non intersection,07 - Dark,02 - Non-fatal injury,07 - SMV other,Pineview
275,DYNES RD @ PRINCE OF WALES DR,367115.678,5025923.051,-75.70443872,45.3704795,3/23/2015,17:20,01 - Clear,01 - Dry,01 - Traffic signal,02 - Intersection related,01 - Daylight,02 - Non-fatal injury,03 - Rear end,Carleton Heights - Rideauview
276,BRONSON AVE @ COMMISSIONER ST/SLATER ST,366768.589,5030952.334,-75.70823778,45.41576248,1/20/2015,10:15,01 - Clear,01 - Dry,01 - Traffic signal,03 - At intersection,01 - Daylight,02 - Non-fatal injury,02 - Angle,Byward Market - Parliament Hill
277,INNES RD @ TENTH LINE RD,383952.7242,5036158.115,-75.48787258,45.46086677,3/24/2015,7:36,01 - Clear,01 - Dry,01 - Traffic signal,02 - Intersection related,01 - Daylight,02 - Non-fatal injury,03 - Rear end,Queenswood Heights
278,STRANDHERD DR @ LONGFIELDS DR,364547.8466,5015173.807,-75.73851516,45.2739823,1/20/2015,15:04,01 - Clear,01 - Dry,01 - Traffic signal,02 - Intersection related,01 - Daylight,02 - Non-fatal injury,03 - Rear end,New Barrhaven
279,CHARTRAND AVE @ KENNEDY LANE,382012.2835,5037756.879,-75.5124301,45.47546823,2/10/2015,18:30,01 - Clear,02 - Wet,02 - Stop sign,03 - At intersection,07 - Dark,02 - Non-fatal injury,07 - SMV other,Queenswood Heights
280,LAURIER AVE @ NICHOLAS ST,368373.637,5031796.824,-75.68762344,45.42321692,2/17/2015,18:57,01 - Clear,01 - Dry,01 - Traffic signal,03 - At intersection,07 - Dark,02 - Non-fatal injury,05 - Turning movement,Sandy Hill
281,DONALD ST @ VANIER PKWY,370310.7492,5032270.103,-75.6628097,45.42729657,2/11/2015,8:30,01 - Clear,01 - Dry,01 - Traffic signal,03 - At intersection,01 - Daylight,02 - Non-fatal injury,05 - Turning movement,Overbrook
282,INDUSTRIAL AVE/INNES RD @ ST. LAURENT BLVD,373098.7635,5030004.121,-75.62749859,45.40664167,2/11/2015,7:30,01 - Clear,03 - Loose snow,01 - Traffic signal,02 - Intersection related,01 - Daylight,02 - Non-fatal injury,03 - Rear end,Industrial Park
283,HIGHWAY 417 btwn HWY417 IC122 RAMP51 & HWY417 IC122 RAMP15,365337.4262,5028875.993,-75.72677675,45.39720534,9/26/2015,14:28,01 - Clear,01 - Dry,10 - No control,01 - Non intersection,01 - Daylight,02 - Non-fatal injury,03 - Rear end,Civi
284,EARL ARMSTRONG RD @ RIVER RD,367572.7185,5014683.916,-75.70002885,45.26931077,3/31/2015,15:32,01 - Clear,01 - Dry,01 - Traffic signal,02 - Intersection related,01 - Daylight,02 - Non-fatal injury,03 - Rear end,Gloucester
285,MONTREAL RD @ ST. LAURENT BLVD,371544.739,5033818.077,-75.64683189,45.44110787,2/11/2015,10:05,01 - Clear,01 - Dry,01 - Traffic signal,03 - At intersection,01 - Daylight,02 - Non-fatal injury,02 - Angle,Cummings
286,BRONSON AVE @ BRONSON AVE NB ON RAMP 42,367752.4382,5028445.972,-75.69598852,45.39312317,2/11/2015,10:22,01 - Clear,01 - Dry,03 - Yield sign,02 - Intersection related,01 - Daylight,02 - Non-fatal injury,03 - Rear end,Carleton University
287,JASMINE CRES btwn OGILVIE RD & ARROWSMITH DR,375442.5562,5033673.941,-75.59703458,45.43942802,2/19/2015,9:18,01 - Clear,04 - Slush,10 - No control,01 - Non intersection,01 - Daylight,02 - Non-fatal injury,06 - SMV unattended vehicle,Beacon Hill South - Cardinal Heights
288,PRESTONE DR btwn LAURIN CRES & LAURIN CRES,382915.8746,5038038.472,-75.50082986,45.47790125,2/13/2015,18:03,01 - Clear,01 - Dry,10 - No control,01 - Non intersection,07 - Dark,02 - Non-fatal injury,03 - Rear end,Queenswood Heights
289,BIRCHGROVE RD @ RUSSELL RD,400268.3521,5029616.953,-75.28055595,45.39998029,1/12/2015,14:53,03 - Snow,03 - Loose snow,02 - Stop sign,02 - Intersection related,01 - Daylight,02 - Non-fatal injury,03 - Rear end,Navan - Vars
290,ANDERSON RD @ INNES RD,376280.9606,5031841.344,-75.58658534,45.4228542,2/20/2015,16:59,01 - Clear,01 - Dry,01 - Traffic signal,03 - At intersection,01 - Daylight,02 - Non-fatal injury,05 - Turning movement,Greenbelt
291,DOZOIS RD btwn LONGSHADOW ST & RIDEAU BEND CRES,371783.8841,5011839.425,-75.64675125,45.24332808,1/8/2015,14:38,03 - Snow,03 - Loose snow,10 - No control,04 - At/near private drive,01 - Daylight,02 - Non-fatal injury,02 - Angle,Manotick
292,RUSSELL RD btwn RUSSELL RD & WALKLEY RD,374792.3343,5028289.903,-75.60610947,45.39105069,2/13/2015,7:09,05 - Drifting Snow,06 - Ice,10 - No control,01 - Non intersection,03 - Dawn,02 - Non-fatal injury,07 - SMV other,Industrial Park
293,COVENTRY RD @ VANIER PKWY,370676.3849,5031610.257,-75.65822583,45.42132521,2/20/2015,12:31,01 - Clear,06 - Ice,01 - Traffic signal,02 - Intersection related,01 - Daylight,02 - Non-fatal injury,03 - Rear end,Overbrook
294,TERRY FOX DR btwn COPE DR & TRANS CANADA TRAIL,353687.3155,5015481.053,-75.87689297,45.27758593,2/8/2015,0:07,03 - Snow,03 - Loose snow,10 - No control,01 - Non intersection,07 - Dark,02 - Non-fatal injury,07 - SMV other,Glen Cairn - Kanata South Business Park
295,HOLLAND AVE @ SHERWOOD DR,365148.7367,5028649.038,-75.72921436,45.39517954,2/20/2015,10:07,01 - Clear,06 - Ice,02 - Stop sign,03 - At intersection,01 - Daylight,02 - Non-fatal injury,02 - Angle,Civic Hospital - Experimental Farm - Central Park
296,HERON RD @ WALKLEY RD,372268.139,5027085.864,-75.63850748,45.38046496,1/16/2015,7:40,01 - Clear,04 - Slush,01 - Traffic signal,02 - Intersection related,03 - Dawn,02 - Non-fatal injury,03 - Rear end,Ledbury - Heron Gate - Ridgemont - Elmwood
297,ALBERT ST @ PRESTON ST,366158.6819,5030466.543,-75.71609021,45.41144521,2/4/2015,10:00,03 - Snow,06 - Ice,01 - Traffic signal,02 - Intersection related,01 - Daylight,02 - Non-fatal injury,03 - Rear end,Centretown West
298,CUMMINGS AVE @ OGILVIE RD,372749.4422,5032172.03,-75.63166165,45.4261815,1/21/2015,18:00,01 - Clear,02 - Wet,01 - Traffic signal,03 - At intersection,07 - Dark,02 - Non-fatal injury,07 - SMV other,Cummings
299,CAMERON ST @ REGIONAL RD 174,389861.7375,5042617.082,-75.411208,45.51828253,2/22/2015,12:14,01 - Clear,02 - Wet,01 - Traffic signal,02 - Intersection related,01 - Daylight,02 - Non-fatal injury,03 - Rear end,Cumberland - Estates
300,CARLING AVE btwn BURKE RD & DEFENSE  RESEARCH COMPLEX,353169.013,5022871.529,-75.88277735,45.34412285,2/8/2015,7:15,06 - Strong wind,05 - Packed snow,10 - No control,06 - Underpass or tunnel,01 - Daylight,02 - Non-fatal injury,01 - Approaching,Greenbelt
301,BANK ST @ SNAKE ISLAND RD/VICTORIA ST,383694.8606,5010121.889,-75.49532182,45.22664044,2/24/2015,9:17,01 - Clear,01 - Dry,01 - Traffic signal,03 - At intersection,01 - Daylight,02 - Non-fatal injury,05 - Turning movement,Metcalfe
302,BLAIR RD @ INNES RD,375577.771,5031439.073,-75.59562766,45.41930629,3/5/2015,17:08,01 - Clear,01 - Dry,01 - Traffic signal,02 - Intersection related,01 - Daylight,02 - Non-fatal injury,03 - Rear end,Greenbelt
303,HUNT CLUB RD @ RIVERSIDE DR,368037.6669,5021945.017,-75.69317796,45.33460346,2/4/2015,7:54,01 - Clear,04 - Slush,01 - Traffic signal,02 - Intersection related,03 - Dawn,02 - Non-fatal injury,03 - Rear end,Hunt Club Woods - Quintarra - Revelstoke - Riverside South P
304,PRESTON ST @ TRANSITWAY,366119.46,5030624.848,-75.71657156,45.41287304,2/6/2015,9:32,03 - Snow,06 - Ice,01 - Traffic signal,02 - Intersection related,01 - Daylight,02 - Non-fatal injury,03 - Rear end,LeBreton Flats
305,BESSERER ST btwn WALLER ST & CUMBERLAND ST,368332.3188,5032203.062,-75.68809897,45.42687586,3/9/2015,9:06,01 - Clear,02 - Wet,10 - No control,04 - At/near private drive,01 - Daylight,02 - Non-fatal injury,05 - Turning movement,Byward Market - Parliament Hill