Record,Location,X,Y,lon,lat,Date,Time,Environment,Road_Surface,Traffic_Control,Collision_Location,Light,Collision_Classification,Impact_type,Neighborhood
306,GREENBANK RD btwn WEST HUNT CLUB RD & FALLOWFIELD RD,363070.0733,5016758.961,-75.75716162,45.28836957,1/19/2015,9:54,01 - Clear,04 - Slush,10 - No control,01 - Non intersection,01 - Daylight,02 - Non-fatal injury,99 - Other,Greenbelt
307,INDUSTRIAL AVE btwn RIVERSIDE DR & SANDFORD FLEMING AVE,370766.1696,5030580.221,-75.65721657,45.41204891,2/10/2015,12:56,01 - Clear,02 - Wet,10 - No control,01 - Non intersection,01 - Daylight,02 - Non-fatal injury,03 - Rear end,Industrial Park
308,INDUSTRIAL AVE btwn TRAINYARDS DR & RUSSELL RD,371724.5093,5030535.142,-75.6449803,45.41155232,2/11/2015,20:23,03 - Snow,03 - Loose snow,10 - No control,01 - Non intersection,07 - Dark,02 - Non-fatal injury,03 - Rear end,Industrial Park
309,BLAIR RD @ REGIONAL RD 174 N/OR174 IC112 RAMP61,374633.7903,5032992.115,-75.60746782,45.43337458,2/9/2015,8:05,01 - Clear,03 - Loose snow,01 - Traffic signal,02 - Intersection related,01 - Daylight,02 - Non-fatal injury,03 - Rear end,Industrial Park
310,BLACKBURN BYPASS EB btwn NAVAN RD & INNES RD E,379766.5227,5033584.448,-75.54178608,45.43817257,6/23/2015,17:24,01 - Clear,01 - Dry,10 - No control,01 - Non intersection,01 - Daylight,02 - Non-fatal injury,03 - Rear end,Greenbelt
311,BANK ST @ RIVERSIDE DR N,369225.7159,5027983.906,-75.67723448,45.38883165,5/4/2015,7:47,01 - Clear,01 - Dry,01 - Traffic signal,03 - At intersection,01 - Daylight,02 - Non-fatal injury,02 - Angle,Alta Vista
312,CHARLEMAGNE BLVD btwn CANTEVAL TER & TENTH LINE RD,383682.7769,5036918.834,-75.49120179,45.46774156,5/7/2015,16:50,01 - Clear,01 - Dry,10 - No control,04 - At/near private drive,01 - Daylight,02 - Non-fatal injury,05 - Turning movement,Fallingbrook
313,EAGLESON RD @ HAZELDEAN RD/ROBERTSON RD,353672.9042,5018423.379,-75.87678675,45.30406267,6/24/2015,18:00,01 - Clear,01 - Dry,01 - Traffic signal,02 - Intersection related,01 - Daylight,02 - Non-fatal injury,04 - Sideswipe,Greenbelt
314,KING EDWARD AVE @ LAURIER AVE,368739.7072,5032036.196,-75.68291501,45.42533734,4/20/2015,8:39,02 - Rain,02 - Wet,01 - Traffic signal,02 - Intersection related,01 - Daylight,02 - Non-fatal injury,03 - Rear end,Sandy Hill
315,GREENBANK RD @ CANFIELD RD/CRAIG HENRY DR,361107.4018,5021363.77,-75.78165693,45.32996375,6/30/2015,10:57,01 - Clear,01 - Dry,01 - Traffic signal,03 - At intersection,01 - Daylight,02 - Non-fatal injury,05 - Turning movement,Woodvale - Craig Henry - Manordale - Estates of Arlington Wo
316,INNES RD WB btwn INNES RD E/BLACKBURN BYPASS & ORLEANS BLVD,379814.811,5033830.214,-75.54113149,45.44037862,6/11/2015,23:21,02 - Rain,02 - Wet,10 - No control,01 - Non intersection,07 - Dark,02 - Non-fatal injury,07 - SMV other,Greenbelt
317,RIVER RD btwn LORNE BRIDGE RD & ROGER STEVENS DR,373132.2286,5002675.058,-75.6308344,45.16073871,7/8/2015,1:55,02 - Rain,02 - Wet,10 - No control,01 - Non intersection,07 - Dark,02 - Non-fatal injury,07 - SMV other,Kars - Osgoode
318,ANDERSON RD btwn WEIR RD & DOLMAN RIDGE RD,377800.9013,5031428.967,-75.56722655,45.41898694,7/9/2015,17:04,01 - Clear,01 - Dry,10 - No control,01 - Non intersection,01 - Daylight,02 - Non-fatal injury,03 - Rear end,Greenbelt
319,CARLING AVE @ CIVIC HOSPITAL,365791.6095,5028278.416,-75.72105004,45.39178906,5/13/2015,16:50,01 - Clear,01 - Dry,01 - Traffic signal,03 - At intersection,01 - Daylight,02 - Non-fatal injury,05 - Turning movement,Civic Hospital - Experimental Farm - Central Park
320,HAWTHORNE RD btwn AGES DR & STEVENAGE DR,375130.254,5027328.312,-75.60193136,45.38236492,6/25/2015,22:45,01 - Clear,01 - Dry,10 - No control,01 - Non intersection,07 - Dark,02 - Non-fatal injury,04 - Sideswipe,Industrial Park
321,MONTREAL RD btwn OLMSTEAD ST & Continuation of MONTREAL RD,370379.1347,5033238.981,-75.66180683,45.43600772,1/30/2015,8:55,05 - Drifting Snow,03 - Loose snow,10 - No control,01 - Non intersection,01 - Daylight,02 - Non-fatal injury,07 - SMV other,Vanier South
322,HAWTHORNE AVE/ISABELLA ST @ QUEEN ELIZABETH DR,368665.7611,5030476.983,-75.68406197,45.41131485,6/30/2015,19:54,01 - Clear,01 - Dry,01 - Traffic signal,03 - At intersection,01 - Daylight,02 - Non-fatal injury,02 - Angle,The Glebe
323,ST. JOSEPH BLVD @ REGIONAL RD 174/TRANSITWAY,376556.7215,5035056.458,-75.58259333,45.45175357,7/9/2015,17:23,01 - Clear,01 - Dry,01 - Traffic signal,02 - Intersection related,01 - Daylight,02 - Non-fatal injury,03 - Rear end,Greenbelt
324,HUNT CLUB RD btwn LORRY GREENBERG DR & PIKE ST,373208.6304,5025037.971,-75.62678346,45.36194765,6/18/2015,9:19,01 - Clear,01 - Dry,10 - No control,01 - Non intersection,01 - Daylight,02 - Non-fatal injury,03 - Rear end,Greenboro East
325,RUSSELL RD btwn ST. LAURENT BLVD & SOUTHVALE CRES,373786.2166,5029105.533,-75.61884327,45.39848918,4/2/2015,17:05,01 - Clear,01 - Dry,10 - No control,04 - At/near private drive,01 - Daylight,02 - Non-fatal injury,05 - Turning movement,Sheffield Glen
326,JEANNE D'ARC BLVD @ OR174 IC105 RAMP53,379544.4785,5036793.613,-75.54413615,45.46707002,4/21/2015,19:33,01 - Clear,01 - Dry,03 - Yield sign,02 - Intersection related,05 - Dusk,02 - Non-fatal injury,07 - SMV other,Greenbelt
327,REGIONAL RD 174 @ TRIM RD,384351.4929,5039990.611,-75.48215365,45.49530263,6/12/2015,11:11,02 - Rain,02 - Wet,01 - Traffic signal,02 - Intersection related,01 - Daylight,02 - Non-fatal injury,03 - Rear end,Chatelaine Village
328,CUMMINGS AVE/LABELLE ST @ CYRVILLE RD,372860.5186,5031873.179,-75.63028364,45.42348178,6/17/2015,14:12,01 - Clear,01 - Dry,01 - Traffic signal,03 - At intersection,01 - Daylight,02 - Non-fatal injury,07 - SMV other,Cummings
329,CONROY RD @ WALKLEY RD,372902.7087,5027462.771,-75.63035367,45.38379482,4/24/2015,8:45,01 - Clear,01 - Dry,01 - Traffic signal,02 - Intersection related,01 - Daylight,02 - Non-fatal injury,03 - Rear end,Elmvale - Eastway - Riverview - Riverview Park West
330,FALLOWFIELD RD @ GREENBANK RD,363080.6757,5016733.216,-75.75702949,45.28813703,4/6/2015,11:53,01 - Clear,01 - Dry,01 - Traffic signal,03 - At intersection,01 - Daylight,02 - Non-fatal injury,02 - Angle,Greenbelt
331,FISHER AVE btwn TUNIS AVE & SHILLINGTON AVE,365513.7913,5027555.479,-75.72468679,45.38530837,4/7/2015,14:01,01 - Clear,01 - Dry,10 - No control,04 - At/near private drive,01 - Daylight,02 - Non-fatal injury,03 - Rear end,Carlington
332,BASELINE RD/HERON RD @ PRINCE OF WALES DR,366875.2274,5026438.786,-75.70744335,45.37514131,4/26/2015,11:47,01 - Clear,01 - Dry,01 - Traffic signal,02 - Intersection related,01 - Daylight,02 - Non-fatal injury,03 - Rear end,Civic Hospital - Experimental Farm - Central Park
333,MEADOW PARK PL @ ST. LAURENT BLVD,371209.6917,5034625.87,-75.65100516,45.44840792,4/20/2015,15:49,02 - Rain,02 - Wet,02 - Stop sign,03 - At intersection,01 - Daylight,02 - Non-fatal injury,05 - Turning movement,Cemetery
334,WOODGATE WAY btwn SHANDON AVE & END,364708.3671,5017584.888,-75.73617841,45.29566349,4/22/2015,7:59,02 - Rain,02 - Wet,10 - No control,01 - Non intersection,01 - Daylight,02 - Non-fatal injury,07 - SMV other,New Barrhaven
335,CANTERBURY AVE @ URBANDALE DR,372596.1655,5028050.898,-75.63418688,45.38911627,4/2/2015,13:10,01 - Clear,01 - Dry,02 - Stop sign,03 - At intersection,01 - Daylight,02 - Non-fatal injury,07 - SMV other,Urbandale
336,BRIDGESTONE DR @ FOXHALL WAY,355179.009,5016442.85,-75.85778372,45.28613508,4/9/2015,23:53,02 - Rain,02 - Wet,11 - Roundabout,02 - Intersection related,07 - Dark,02 - Non-fatal injury,07 - SMV other,Bridlewood - Emerald Meadows
337,CARP RD btwn THOMAS A. DOLAN PKWY & NORMA LANE,337617.5751,5025115.112,-76.08106912,45.36521154,6/12/2015,6:12,02 - Rain,02 - Wet,10 - No control,01 - Non intersection,01 - Daylight,02 - Non-fatal injury,07 - SMV other,Carp - Hardwood Plains
338,RIVERSIDE DR NB btwn SMYTH RD SOUTH SIDE RAMP & SMYTH RD NORTH SIDE RA,369866.0831,5029247.036,-75.66889077,45.40013766,6/7/2015,20:58,01 - Clear,01 - Dry,10 - No control,01 - Non intersection,05 - Dusk,02 - Non-fatal injury,99 - Other,Industrial Park
339,KATIMAVIK RD @ AIRD PL/CHIMO DR W,352170.0297,5019158.467,-75.89587963,45.31078013,6/13/2015,18:50,01 - Clear,01 - Dry,01 - Traffic signal,02 - Intersection related,01 - Daylight,02 - Non-fatal injury,03 - Rear end,Katimavik - Hazeldean
340,CORKSTOWN RD btwn MARCH RD & MOODIE DR,355845.2485,5022048.389,-75.84871379,45.33652651,7/11/2015,9:30,01 - Clear,01 - Dry,10 - No control,01 - Non intersection,01 - Daylight,02 - Non-fatal injury,07 - SMV other,Greenbelt
341,ALDERWOOD ST @ MCMAHON AVE,372191.7277,5023028.432,-75.64003635,45.34396502,7/3/2015,23:46,01 - Clear,01 - Dry,02 - Stop sign,02 - Intersection related,07 - Dark,02 - Non-fatal injury,07 - SMV other,Emerald Woods - Sawmill Creek
342,CONROY RD @ JOHNSTON RD,373397.5278,5026308.099,-75.62419617,45.37335729,6/10/2015,8:53,01 - Clear,01 - Dry,01 - Traffic signal,03 - At intersection,01 - Daylight,02 - Non-fatal injury,02 - Angle,Hunt Club
343,LORRY GREENBERG DR btwn FINLAND PRIV & FINLAND PRIV,373252.1093,5025481.808,-75.62616705,45.36593688,6/12/2015,11:25,02 - Rain,02 - Wet,10 - No control,01 - Non intersection,01 - Daylight,02 - Non-fatal injury,07 - SMV other,Greenboro East
344,EAGLESON RD @ 300 N OF MICHAEL COWPLAND/EAGLES,354272.5686,5016904.103,-75.86929204,45.29034993,4/23/2015,8:08,01 - Clear,01 - Dry,01 - Traffic signal,02 - Intersection related,01 - Daylight,02 - Non-fatal injury,03 - Rear end,Bridlewood - Emerald Meadows
345,PRINCE OF WALES DR btwn RIDEAU GLEN DR & FALLOWFIELD RD,367439.3496,5018965.029,-75.70118779,45.30784367,6/14/2015,1:07,"07 - Fog, mist, smoke, dust",01 - Dry,10 - No control,01 - Non intersection,07 - Dark,02 - Non-fatal injury,07 - SMV other,Greenbelt
346,FINDLAY CREEK DR btwn GOLDEN SEDGE WAY & BRADWELL WAY,374959.9137,5019880.284,-75.60516286,45.31536782,4/23/2015,23:17,01 - Clear,01 - Dry,10 - No control,04 - At/near private drive,07 - Dark,02 - Non-fatal injury,07 - SMV other,Greenbelt
347,NORMAN ST @ ROCHESTER ST,366890.207,5029269.288,-75.70689601,45.40060813,4/23/2015,17:30,01 - Clear,01 - Dry,02 - Stop sign,03 - At intersection,01 - Daylight,02 - Non-fatal injury,02 - Angle,Little Italy
348,BLAIR RD btwn MEADOWBROOK RD & LAURA PRIV,375247.3471,5032235.533,-75.59973528,45.42650575,1/14/2015,16:43,01 - Clear,06 - Ice,10 - No control,01 - Non intersection,05 - Dusk,02 - Non-fatal injury,01 - Approaching,Greenbelt
349,RAMSAYVILLE RD @ WALKLEY EXTENSION RD,376466.186,5029420.19,-75.58457078,45.40105111,6/16/2015,9:58,02 - Rain,02 - Wet,10 - No control,03 - At intersection,01 - Daylight,02 - Non-fatal injury,02 - Angle,Greenbelt
350,BEAUSEJOUR DR @ JEANNE D'ARC BLVD,381419.7332,5036059.811,-75.52027246,45.46026469,4/25/2015,10:28,01 - Clear,01 - Dry,01 - Traffic signal,03 - At intersection,01 - Daylight,02 - Non-fatal injury,02 - Angle,Orleans Village - Chateauneuf
351,CARP RD btwn HWY417 IC144 RAMP16 & HWY417 IC144 RAMP35,347350.9012,5015872.224,-75.95761808,45.28151788,4/23/2015,17:30,01 - Clear,01 - Dry,10 - No control,01 - Non intersection,01 - Daylight,02 - Non-fatal injury,03 - Rear end,Stittsville - Basswood
352,HAZELDEAN RD @ HAZELDEAN RD 2,351543.0314,5016630.53,-75.90411376,45.28807509,6/26/2015,13:41,01 - Clear,01 - Dry,01 - Traffic signal,02 - Intersection related,01 - Daylight,02 - Non-fatal injury,03 - Rear end,Stittsville - Basswood
353,BASELINE RD @ WOODROFFE AVE,362549.6902,5023770.144,-75.76297752,45.35149897,6/26/2015,14:24,01 - Clear,01 - Dry,01 - Traffic signal,02 - Intersection related,01 - Daylight,02 - Non-fatal injury,03 - Rear end,Iris
354,RAMSAYVILLE RD @ LEITRIM RD,378728.266,5023872.857,-75.55651038,45.35090427,6/15/2015,8:25,01 - Clear,01 - Dry,02 - Stop sign,03 - At intersection,01 - Daylight,02 - Non-fatal injury,02 - Angle,Greenbelt
355,ALBION RD/COLLISTON CRES E @ WALKLEY RD,371032.6365,5026356.655,-75.65437952,45.37402169,7/1/2015,13:36,01 - Clear,01 - Dry,01 - Traffic signal,03 - At intersection,01 - Daylight,02 - Non-fatal injury,07 - SMV other,Ledbury - Heron Gate - Ridgemont - Elmwood
356,INDUSTRIAL AVE btwn RUSSELL RD & ST. LAURENT BLVD,373031.8896,5029964.652,-75.62835825,45.40629307,1/29/2015,21:08,03 - Snow,03 - Loose snow,10 - No control,04 - At/near private drive,07 - Dark,02 - Non-fatal injury,02 - Angle,Industrial Park
357,BAYSHORE DR SB btwn WOODRIDGE CRES & BAYSHORE DR SB RAMPS TO RICHMOND ,359300.0822,5023438.53,-75.80448358,45.34877518,4/27/2015,7:05,01 - Clear,01 - Dry,10 - No control,06 - Underpass or tunnel,01 - Daylight,02 - Non-fatal injury,07 - SMV other,Bayshore
358,CARP RD btwn HWY417 IC144 RAMP16 & HWY417 IC144 RAMP35,347329.0428,5015898.385,-75.95789445,45.28175461,4/24/2015,15:30,01 - Clear,01 - Dry,10 - No control,01 - Non intersection,01 - Daylight,02 - Non-fatal injury,03 - Rear end,Stittsville - Basswood
359,INNES RD @ STONEHENGE CRES W,375201.6689,5031216.082,-75.60046462,45.41733789,4/24/2015,17:25,01 - Clear,01 - Dry,01 - Traffic signal,02 - Intersection related,01 - Daylight,02 - Non-fatal injury,03 - Rear end,Industrial Park
360,CUMBERLAND ST @ UNIVERSITE PRIV,368650.9929,5031859.401,-75.68407149,45.42375471,5/9/2015,2:09,01 - Clear,01 - Dry,02 - Stop sign,03 - At intersection,07 - Dark,02 - Non-fatal injury,07 - SMV other,Sandy Hill
361,CYRVILLE RD @ INNES RD,375047.004,5031119.204,-75.60245437,45.41648178,6/16/2015,17:41,01 - Clear,01 - Dry,01 - Traffic signal,03 - At intersection,01 - Daylight,02 - Non-fatal injury,02 - Angle,Industrial Park
362,EARL ARMSTRONG RD @ SHORELINE DR,368839.5806,5015287.527,-75.68380783,45.27462778,2/2/2015,15:46,03 - Snow,03 - Loose snow,01 - Traffic signal,02 - Intersection related,01 - Daylight,02 - Non-fatal injury,99 - Other,Greenbelt
363,NOTRE DAME ST @ ORLEANS BLVD,380689.2328,5036865.819,-75.5294875,45.46759624,4/16/2015,10:31,01 - Clear,01 - Dry,02 - Stop sign,02 - Intersection related,01 - Daylight,02 - Non-fatal injury,04 - Sideswipe,Orleans Village - Chateauneuf
364,MEADOWLANDS DR btwn ORTONA AVE & ORKNEY PRIV,366702.3146,5025126.815,-75.70981523,45.36335177,3/4/2015,6:22,01 - Clear,02 - Wet,10 - No control,01 - Non intersection,01 - Daylight,02 - Non-fatal injury,07 - SMV other,Carleton Heights - Rideauview
365,CARLING AVE @ CIVIC HOSPITAL,365793.0509,5028276.975,-75.72103181,45.39177597,6/24/2015,17:48,01 - Clear,01 - Dry,01 - Traffic signal,03 - At intersection,01 - Daylight,02 - Non-fatal injury,05 - Turning movement,Civic Hospital - Experimental Farm - Central Park
366,DUNDAS ST @ MCARTHUR AVE,369975.4322,5032664.944,-75.66704215,45.43088052,2/7/2015,12:45,01 - Clear,01 - Dry,02 - Stop sign,03 - At intersection,01 - Daylight,02 - Non-fatal injury,02 - Angle,Vanier South
367,BASELINE RD btwn CLYDE AVE & 207 E OF CLYDE AVE,364448.7934,5024948.531,-75.73860041,45.36194298,6/19/2015,16:52,01 - Clear,01 - Dry,10 - No control,01 - Non intersection,01 - Daylight,02 - Non-fatal injury,03 - Rear end,Civic Hospital - Experimental Farm - Central Park
368,MARCH RD btwn HALTON TERR/MAXWELL BRIDGE RD & KLONDIKE RD,348369.6333,5025034.326,-75.94382715,45.36389875,6/20/2015,3:14,01 - Clear,01 - Dry,10 - No control,01 - Non intersection,07 - Dark,02 - Non-fatal injury,07 - SMV other,Carp - Hardwood Plains
369,ORLEANS BLVD btwn COLONY SQ & TIMOTHY CRT,380081.6302,5037988.137,-75.53708478,45.47775972,4/5/2015,11:40,01 - Clear,01 - Dry,10 - No control,04 - At/near private drive,01 - Daylight,02 - Non-fatal injury,02 - Angle,Orleans South West
370,ELGIN ST @ SLATER ST,367889.6324,5031647.65,-75.69382679,45.42191852,4/24/2015,23:35,01 - Clear,01 - Dry,01 - Traffic signal,03 - At intersection,07 - Dark,02 - Non-fatal injury,02 - Angle,Downtown
371,FRANK NIGHBOR PL @ SILVER SEVEN RD,350759.0862,5018219.488,-75.91395981,45.3024247,6/28/2015,12:10,02 - Rain,02 - Wet,02 - Stop sign,02 - Intersection related,01 - Daylight,02 - Non-fatal injury,03 - Rear end,Katimavik - Hazeldean
372,DONALD ST @ ST. LAURENT BLVD,372093.2059,5032473.345,-75.64000569,45.42895603,6/8/2015,12:08,02 - Rain,02 - Wet,01 - Traffic signal,03 - At intersection,01 - Daylight,02 - Non-fatal injury,05 - Turning movement,Overbrook
373,AMBERWOOD CRES @ PRINCE OF WALES DR,367434.6654,5020647.233,-75.70103484,45.32298031,6/27/2015,5:21,01 - Clear,01 - Dry,02 - Stop sign,03 - At intersection,03 - Dawn,02 - Non-fatal injury,05 - Turning movement,Merivale Gardens - Grenfell Glen - Pineglen - Country Place
374,BASELINE RD/HERON RD @ PRINCE OF WALES DR,366872.9858,5026437.451,-75.70747213,45.37512949,2/15/2015,18:09,01 - Clear,06 - Ice,01 - Traffic signal,02 - Intersection related,05 - Dusk,02 - Non-fatal injury,03 - Rear end,Civic Hospital - Experimental Farm - Central Park
375,BANK ST @ JOHNSTON RD,370851.7305,5024838.447,-75.65689194,45.36037843,6/20/2015,10:14,01 - Clear,01 - Dry,01 - Traffic signal,03 - At intersection,01 - Daylight,02 - Non-fatal injury,05 - Turning movement,South Keys - Heron Gate - Greenboro West
376,RUSSELL RD S @ ST. LAURENT BLVD,373568.9447,5029259.734,-75.62159664,45.39989799,6/20/2015,19:59,01 - Clear,01 - Dry,01 - Traffic signal,03 - At intersection,01 - Daylight,02 - Non-fatal injury,02 - Angle,Hawthorne Meadows - Sheffield Glen
377,HENDERSON AVE @ LAURIER AVE,368806.6924,5032075.309,-75.68205401,45.42568314,4/13/2015,8:17,01 - Clear,01 - Dry,02 - Stop sign,02 - Intersection related,01 - Daylight,02 - Non-fatal injury,04 - Sideswipe,Sandy Hill
378,O'CONNOR ST @ SOMERSET ST,367856.724,5031013.334,-75.69432843,45.41621412,4/13/2015,21:01,02 - Rain,02 - Wet,01 - Traffic signal,03 - At intersection,07 - Dark,02 - Non-fatal injury,07 - SMV other,Centretown
379,CHARLOTTE ST @ RIDEAU ST,369248.1881,5032859.846,-75.67631002,45.43270157,6/8/2015,18:20,01 - Clear,01 - Dry,01 - Traffic signal,02 - Intersection related,01 - Daylight,02 - Non-fatal injury,04 - Sideswipe,Lower Town
380,LESTER RD btwn ALBION RD & UPLANDS DR,371857.8793,5021882.82,-75.64445126,45.33368915,6/9/2015,7:44,01 - Clear,01 - Dry,10 - No control,05 - At railway crossing,01 - Daylight,02 - Non-fatal injury,03 - Rear end,Hunt Club - Ottawa Airport
381,ANDERSON RD btwn RUSSELL RD & HWY417 IC104 RAMP61,379777.6796,5026671.563,-75.54269475,45.37597392,2/21/2015,14:13,03 - Snow,03 - Loose snow,10 - No control,01 - Non intersection,01 - Daylight,02 - Non-fatal injury,01 - Approaching,Greenbelt
382,BOURASSA ST @ ST. LAURENT BLVD,373236.0113,5029693.917,-75.62578854,45.40383719,3/3/2015,10:17,01 - Clear,02 - Wet,01 - Traffic signal,02 - Intersection related,01 - Daylight,02 - Non-fatal injury,03 - Rear end,Industrial Park
383,ANAND PRIV btwn END & WALKLEY RD,370209.861,5025871.531,-75.66494736,45.36973398,7/17/2015,15:54,02 - Rain,02 - Wet,10 - No control,04 - At/near private drive,01 - Daylight,03 - P.D. only,02 - Angle,Ledbury - Heron Gate - Ridgemont - Elmwood
384,BASELINE RD/HERON RD @ PRINCE OF WALES DR,366873.7108,5026438.676,-75.70746272,45.37514045,3/23/2015,8:32,01 - Clear,01 - Dry,01 - Traffic signal,02 - Intersection related,01 - Daylight,02 - Non-fatal injury,03 - Rear end,Civic Hospital - Experimental Farm - Central Park
385,ST. PATRICK ST/ST. ANDREW ST @ BEAUSOLEIL DR,368428.7132,5033069.593,-75.68675527,45.43466383,4/17/2015,11:43,01 - Clear,01 - Dry,01 - Traffic signal,02 - Intersection related,01 - Daylight,02 - Non-fatal injury,06 - SMV unattended vehicle,Lower Town
386,INDUSTRIAL AVE/INNES RD @ ST. LAURENT BLVD,373098.7635,5030004.121,-75.62749859,45.40664167,2/8/2015,7:20,03 - Snow,03 - Loose snow,01 - Traffic signal,03 - At intersection,01 - Daylight,02 - Non-fatal injury,02 - Angle,Industrial Park
387,CEDARVIEW RD @ FALLOWFIELD RD,361293.7033,5015663.96,-75.77992997,45.27866171,4/12/2015,13:48,01 - Clear,01 - Dry,01 - Traffic signal,03 - At intersection,01 - Daylight,02 - Non-fatal injury,04 - Sideswipe,Munster Hamlet - Richmond
388,LORNE AVE @ SOMERSET ST,366652.6534,5030303.639,-75.70980034,45.40993596,4/15/2015,10:53,01 - Clear,01 - Dry,02 - Stop sign,02 - Intersection related,01 - Daylight,02 - Non-fatal injury,07 - SMV other,Centretown West
389,TENTH LINE RD @ CHARLEMAGNE BLVD N/TOMPKINS AV,383183.2092,5037976.801,-75.49742079,45.47731644,6/9/2015,21:18,01 - Clear,01 - Dry,01 - Traffic signal,02 - Intersection related,05 - Dusk,02 - Non-fatal injury,03 - Rear end,Queenswood Heights
390,BASELINE RD @ GREENBANK RD,360597.6843,5022584.14,-75.78802156,45.34098535,6/25/2015,5:58,01 - Clear,01 - Dry,01 - Traffic signal,03 - At intersection,01 - Daylight,02 - Non-fatal injury,07 - SMV other,Qualicum - Redwood Park
391,LEITRIM RD @ ALBION RD,373497.8086,5020419.257,-75.62373395,45.32036189,3/27/2015,8:25,03 - Snow,03 - Loose snow,01 - Traffic signal,02 - Intersection related,01 - Daylight,02 - Non-fatal injury,03 - Rear end,Greenbelt
392,MARCH RD btwn PETER ROBINSON RD & CORKERY RD,335125.4986,5015392.384,-76.11347618,45.27783371,6/11/2015,10:16,01 - Clear,01 - Dry,10 - No control,01 - Non intersection,01 - Daylight,02 - Non-fatal injury,01 - Approaching,Carp - Hardwood Plains
393,BAYVIEW RD/BURNSIDE AVE @ SLIDELL ST,365163.698,5030242.93,-75.72882819,45.40951973,6/11/2015,12:48,01 - Clear,01 - Dry,11 - Roundabout,03 - At intersection,01 - Daylight,02 - Non-fatal injury,04 - Sideswipe,Mechanicsville
394,INNES RD @ WILDFLOWER DR,382936.7552,5035690.195,-75.50093616,45.4567712,6/24/2015,8:58,01 - Clear,01 - Dry,01 - Traffic signal,03 - At intersection,01 - Daylight,02 - Non-fatal injury,03 - Rear end,Avalon
395,COOPER ST @ BANK ST,367649.6742,5030990.09,-75.6969766,45.41602361,3/29/2015,15:00,01 - Clear,01 - Dry,02 - Stop sign,03 - At intersection,01 - Daylight,02 - Non-fatal injury,07 - SMV other,Centretown
396,METCALFE ST @ QUEEN ST,367647.9813,5031680.218,-75.6969102,45.42223331,6/11/2015,18:53,01 - Clear,01 - Dry,01 - Traffic signal,02 - Intersection related,01 - Daylight,02 - Non-fatal injury,03 - Rear end,Downtown
397,CASTLEFRANK RD @ KATIMAVIK RD,351951.1736,5018941.714,-75.89869122,45.30884446,9/24/2015,8:20,01 - Clear,01 - Dry,01 - Traffic signal,02 - Intersection related,01 - Daylight,02 - Non-fatal injury,07 - SMV other,Katimavik - Hazeldean
398,BELCOURT BLVD @ INNES RD,382122.2996,5035266.25,-75.51141495,45.4530475,9/30/2015,10:40,01 - Clear,01 - Dry,01 - Traffic signal,03 - At intersection,01 - Daylight,02 - Non-fatal injury,05 - Turning movement,Chapel Hill South
399,ST. JOSEPH BLVD @ TENTH LINE RD,382889.8399,5038666.935,-75.50106289,45.48355851,2/18/2015,17:18,01 - Clear,02 - Wet,01 - Traffic signal,02 - Intersection related,01 - Daylight,02 - Non-fatal injury,03 - Rear end,Industrial Park
400,WEST HUNT CLUB RD @ ROYDON PL/SUNDERLAND ST,365973.7076,5022169.008,-75.71948094,45.33680187,2/2/2015,6:11,03 - Snow,03 - Loose snow,01 - Traffic signal,03 - At intersection,07 - Dark,02 - Non-fatal injury,05 - Turning movement,Industrial Park
401,CRESTWAY DR @ STRANDHERD DR,366347.6235,5015470.052,-75.71554245,45.27649267,9/8/2015,17:54,02 - Rain,02 - Wet,01 - Traffic signal,02 - Intersection related,01 - Daylight,02 - Non-fatal injury,03 - Rear end,Chapman Mills - Rideau Crest - Davidson Heights
402,BANK ST @ WALKLEY RD,370336.4106,5025947.375,-75.66332188,45.37040458,10/1/2015,14:25,01 - Clear,01 - Dry,01 - Traffic signal,02 - Intersection related,01 - Daylight,02 - Non-fatal injury,04 - Sideswipe,Ledbury - Heron Gate - Ridgemont - Elmwood
403,INNES RD @ 215 W OF CYRVILLE RD/HOME DEPOT W,374864.6063,5031001.865,-75.60480126,45.41544431,10/1/2015,16:31,01 - Clear,01 - Dry,01 - Traffic signal,02 - Intersection related,01 - Daylight,02 - Non-fatal injury,03 - Rear end,Industrial Park
404,WOODROFFE AVE @ KNOXDALE RD/MEDHURST DR,363420.6538,5021828.897,-75.75209295,45.33395953,1/20/2015,14:19,01 - Clear,01 - Dry,01 - Traffic signal,03 - At intersection,01 - Daylight,02 - Non-fatal injury,05 - Turning movement,Woodvale - Craig Henry - Manordale - Estates of Arlington Wo
405,BASELINE RD @ WOODROFFE AVE,362550.4109,5023770.144,-75.76296833,45.35149891,9/12/2015,15:59,02 - Rain,02 - Wet,01 - Traffic signal,02 - Intersection related,01 - Daylight,02 - Non-fatal injury,03 - Rear end,Iris
406,VANIER PKWY SB btwn COVENTRY RD & HWY417 IC117 RAMP36,370721.0696,5031537.108,-75.6576647,45.42066284,6/25/2015,18:32,01 - Clear,01 - Dry,10 - No control,01 - Non intersection,01 - Daylight,02 - Non-fatal injury,07 - SMV other,Overbrook
407,VIEWMOUNT DR @ MERIVALE RD,365193.6971,5022949.576,-75.72933695,45.3438929,9/24/2015,15:25,01 - Clear,01 - Dry,01 - Traffic signal,03 - At intersection,01 - Daylight,02 - Non-fatal injury,05 - Turning movement,Tanglewood