Record,Location,X,Y,lon,lat,Date,Time,Environment,Road_Surface,Traffic_Control,Collision_Location,Light,Collision_Classification,Impact_type,Neighborhood
715,TENTH LINE RD btwn OLD TENTH LINE RD & TOMPKINS AVE,383180.0745,5037989.93,-75.49745878,45.47743491,1/2/2015,12:15,01 - Clear,01 - Dry,10 - No control,01 - Non intersection,01 - Daylight,02 - Non-fatal injury,03 - Rear end,Queenswood Heights
716,INNES RD EB btwn INNES RD & INNES RD W,376735.5738,5032098.717,-75.58073926,45.42512329,2/10/2015,6:25,01 - Clear,02 - Wet,10 - No control,01 - Non intersection,03 - Dawn,02 - Non-fatal injury,03 - Rear end,Greenbelt
717,HIGHWAY 417 btwn HWY417 IC163 RAMP15 & HWY417 IC155 RAMP51,336139.3799,5020185.266,-76.10025078,45.32091815,8/28/2015,19:29,01 - Clear,01 - Dry,10 - No control,01 - Non intersection,05 - Dusk,02 - Non-fatal injury,07 - SMV other,Carp - Hardwood Plains
718,HUNT CLUB RD @ DOWNPATRICK RD/MCCARTHY RD,370506.7705,5023399.063,-75.66148595,45.3474597,2/23/2015,15:50,01 - Clear,01 - Dry,01 - Traffic signal,03 - At intersection,01 - Daylight,02 - Non-fatal injury,07 - SMV other,Hunt Club East - Western Community
719,BASELINE RD @ 207 E OF CLYDE AVE,364533.553,5025001.457,-75.73751217,45.36241198,1/16/2015,15:14,01 - Clear,04 - Slush,01 - Traffic signal,02 - Intersection related,01 - Daylight,02 - Non-fatal injury,03 - Rear end,Civic Hospital - Experimental Farm - Central Park
720,TENTH LINE RD @ CHARLEMAGNE BLVD S/DES EPINETT,383640.9751,5036900.456,-75.49173924,45.46758093,1/30/2015,20:02,01 - Clear,01 - Dry,01 - Traffic signal,03 - At intersection,07 - Dark,02 - Non-fatal injury,05 - Turning movement,Orlans
721,PERTH ST btwn OAK LEAF PRIV & MCBEAN ST,356710.7784,5006223.983,-75.83932504,45.19407174,1/14/2015,11:45,01 - Clear,06 - Ice,10 - No control,01 - Non intersection,01 - Daylight,02 - Non-fatal injury,07 - SMV other,Richmond
722,HUNT CLUB RD @ RIVERSIDE DR,368035.7391,5021946.944,-75.69320231,45.33462097,2/23/2015,16:57,01 - Clear,01 - Dry,01 - Traffic signal,02 - Intersection related,01 - Daylight,02 - Non-fatal injury,04 - Sideswipe,Hunt Club Woods - Quintarra - Revelstoke - Riverside South P
723,FINDLAY CREEK DR @ BANK ST,375847.4734,5020460.447,-75.5937609,45.32049865,3/20/2015,7:01,01 - Clear,01 - Dry,01 - Traffic signal,02 - Intersection related,01 - Daylight,02 - Non-fatal injury,03 - Rear end,Greenbelt
724,RIVERSIDE DR @ TREMBLAY RD/HWY417 IC117 RAMP52,370804.0058,5031015.426,-75.65667494,45.41596114,2/8/2015,13:26,05 - Drifting Snow,04 - Slush,01 - Traffic signal,03 - At intersection,01 - Daylight,02 - Non-fatal injury,05 - Turning movement,Industrial Park
725,BLAIR RD @ OGILVIE RD,374507.7237,5033197.129,-75.60904983,45.43523177,1/20/2015,15:50,01 - Clear,01 - Dry,01 - Traffic signal,02 - Intersection related,01 - Daylight,02 - Non-fatal injury,03 - Rear end,Industrial Park
726,ALTA VISTA DR @ SMYTH RD,370432.7159,5029083.003,-75.6616756,45.39860886,1/28/2015,18:42,01 - Clear,01 - Dry,01 - Traffic signal,02 - Intersection related,07 - Dark,02 - Non-fatal injury,03 - Rear end,Alta Vista
727,BRADLEY AVE @ MONTREAL RD,370657.6712,5033391.991,-75.65822666,45.43735826,1/28/2015,20:11,01 - Clear,02 - Wet,02 - Stop sign,03 - At intersection,07 - Dark,02 - Non-fatal injury,03 - Rear end,Vanier South
728,BLAIR RD @ REGIONAL RD 174 N/OR174 IC112 RAMP61,374633.4819,5032991.096,-75.60747191,45.43336545,2/17/2015,11:12,01 - Clear,02 - Wet,01 - Traffic signal,02 - Intersection related,01 - Daylight,02 - Non-fatal injury,04 - Sideswipe,Industrial Park
729,BRIAN COBURN BLVD btwn AQUAVIEW DR & ESPRIT DR,384795.6152,5035187.295,-75.47725416,45.45203623,1/3/2015,23:00,03 - Snow,03 - Loose snow,10 - No control,01 - Non intersection,07 - Dark,02 - Non-fatal injury,07 - SMV other,Avalon
730,BRONSON AVE @ SUNNYSIDE AVE/UNIVERSITY RD - CA,367922.7101,5028091.065,-75.69385947,45.38991449,3/11/2015,22:28,01 - Clear,01 - Dry,01 - Traffic signal,03 - At intersection,07 - Dark,02 - Non-fatal injury,07 - SMV other,Carleto
731,INNES RD @ TENTH LINE RD,383949.8326,5036160.043,-75.48790924,45.46088444,2/2/2015,21:05,03 - Snow,02 - Wet,01 - Traffic signal,02 - Intersection related,07 - Dark,02 - Non-fatal injury,03 - Rear end,Queenswood Heights
732,CUMMINGS AVE/LABELLE ST @ CYRVILLE RD,372860.6793,5031871.927,-75.63028176,45.4234705,1/2/2015,8:36,01 - Clear,01 - Dry,01 - Traffic signal,03 - At intersection,01 - Daylight,02 - Non-fatal injury,07 - SMV other,Industrial Park
733,BAY ST @ SLATER ST,366983.5009,5031077.884,-75.70547631,45.41687307,2/13/2015,18:58,01 - Clear,04 - Slush,01 - Traffic signal,02 - Intersection related,07 - Dark,02 - Non-fatal injury,04 - Sideswipe,Downtown
734,CAMPEAU DR/HWY 417 MARCH IC138R63 @ MARCH RD,352842.7727,5020475.321,-75.88717276,45.32258375,2/18/2015,8:53,01 - Clear,01 - Dry,01 - Traffic signal,02 - Intersection related,01 - Daylight,02 - Non-fatal injury,03 - Rear end,Greenbelt
735,QUEEN ST btwn BANK ST & O'CONNOR ST,367431.6287,5031544.992,-75.69969173,45.421036,1/29/2015,16:28,03 - Snow,03 - Loose snow,10 - No control,04 - At/near private drive,01 - Daylight,02 - Non-fatal injury,02 - Angle,Downtown
736,CAMPEAU DR @ TERRY FOX DR,350455.6007,5019010.937,-75.91775655,45.30956616,1/26/2015,10:16,01 - Clear,01 - Dry,01 - Traffic signal,03 - At intersection,01 - Daylight,02 - Non-fatal injury,05 - Turning movement,Kanata Lakes - Marchwood Lakeside - Morgan's Grant - Kanata
737,DALHOUSIE ST @ MURRAY ST,368000.6991,5032572.149,-75.69228906,45.43022682,2/14/2015,6:15,03 - Snow,03 - Loose snow,01 - Traffic signal,03 - At intersection,03 - Dawn,02 - Non-fatal injury,02 - Angle,Byward Market
738,RIDEAU ST btwn DALHOUSIE ST & WALLER ST,368216.3477,5032233.846,-75.6895769,45.42716337,2/14/2015,10:42,03 - Snow,03 - Loose snow,10 - No control,01 - Non intersection,01 - Daylight,02 - Non-fatal injury,03 - Rear end,Byward Market - Parliament Hill
739,OTTAWA RIVER PKWY btwn TRANSITWAY - TIME POINT & VIMY PLACE PRIV,365940.0521,5030779.186,-75.71884434,45.41427743,3/12/2015,19:59,01 - Clear,01 - Dry,10 - No control,01 - Non intersection,07 - Dark,02 - Non-fatal injury,03 - Rear end,LeBreto
740,MOODIE DR @ RICHMOND RD S,357433.6456,5019539.031,-75.82871555,45.31382971,1/27/2015,18:47,01 - Clear,01 - Dry,02 - Stop sign,02 - Intersection related,07 - Dark,02 - Non-fatal injury,03 - Rear end,Bells Corners West
741,INNES RD btwn PORTOBELLO BLVD & PROVENCE AVE,386095.7309,5037078.659,-75.46032215,45.46890283,1/29/2015,17:52,03 - Snow,05 - Packed snow,10 - No control,01 - Non intersection,07 - Dark,02 - Non-fatal injury,07 - SMV other,Notting Hill
742,BELANGER AVE @ CLEMENTINE BLVD,369464.7521,5027401.09,-75.67425848,45.38356563,1/5/2015,7:20,01 - Clear,06 - Ice,02 - Stop sign,02 - Intersection related,03 - Dawn,02 - Non-fatal injury,03 - Rear end,Alta Vista
743,BATHGATE DR @ PLUMBER AVE,373500.651,5033713.093,-75.62184791,45.43997381,2/23/2015,10:58,01 - Clear,01 - Dry,02 - Stop sign,03 - At intersection,01 - Daylight,02 - Non-fatal injury,02 - Angle,Carson Grove - Carson Meadows
744,KING EDWARD AVE @ SOMERSET ST/MARIE CURIE PRIV,368956.7464,5031673.096,-75.68018905,45.42205043,1/7/2015,11:12,01 - Clear,02 - Wet,01 - Traffic signal,02 - Intersection related,01 - Daylight,02 - Non-fatal injury,03 - Rear end,Sandy Hill
745,STITTSVILLE MAIN ST @ KIMPTON DR/HORSESHOE CRE,349349.7085,5015273.862,-75.9321949,45.27600979,1/9/2015,9:00,01 - Clear,06 - Ice,02 - Stop sign,02 - Intersection related,01 - Daylight,02 - Non-fatal injury,03 - Rear end,Stittsville
746,INNES RD @ STONEHENGE CRES E,375364.7064,5031312.107,-75.59836797,45.41818545,1/31/2015,16:07,01 - Clear,01 - Dry,01 - Traffic signal,02 - Intersection related,01 - Daylight,02 - Non-fatal injury,03 - Rear end,Greenbelt
747,ALBION RD @ RIDEAU RD,375091.7883,5016675.905,-75.60393541,45.28652276,2/4/2015,13:15,03 - Snow,05 - Packed snow,01 - Traffic signal,03 - At intersection,01 - Daylight,02 - Non-fatal injury,02 - Angle,Greenbelt
748,WYLIE AVE btwn OAKLEY AVE & CARLING AVE,359103.5787,5024158.524,-75.80691205,45.35526893,2/13/2015,9:40,01 - Clear,05 - Packed snow,10 - No control,01 - Non intersection,01 - Daylight,02 - Non-fatal injury,07 - SMV other,Bayshore
749,WALKLEY RD btwn COLLISTON CRES & COLLISTON CRES,370999.0052,5026335.814,-75.65481165,45.37383735,1/8/2015,15:31,03 - Snow,04 - Slush,10 - No control,01 - Non intersection,01 - Daylight,02 - Non-fatal injury,04 - Sideswipe,Ledbury - Heron Gate - Ridgemont - Elmwood
750,BOTSFORD ST @ CORONATION AVE,372199.7511,5030272.154,-75.63894532,45.40914046,2/25/2015,7:50,03 - Snow,04 - Slush,02 - Stop sign,03 - At intersection,01 - Daylight,02 - Non-fatal injury,02 - Angle,Industrial Park
751,BILLINGS BRIDGESC RAMP NB @ RIVERSIDE DR EB,369082.5553,5027763.24,-75.6790913,45.38685932,2/25/2015,14:51,01 - Clear,02 - Wet,02 - Stop sign,02 - Intersection related,01 - Daylight,02 - Non-fatal injury,02 - Angle,Alta Vista
752,MARCH RD btwn SOLANDT RD & STATION RD,350879.1543,5022281.895,-75.91205089,45.33897136,2/14/2015,10:03,01 - Clear,06 - Ice,10 - No control,01 - Non intersection,01 - Daylight,02 - Non-fatal injury,99 - Other,South March
753,BANK ST @ HOLMWOOD AVE,368482.6719,5029196.113,-75.68656628,45.39980668,1/5/2015,19:25,01 - Clear,04 - Slush,01 - Traffic signal,02 - Intersection related,07 - Dark,02 - Non-fatal injury,03 - Rear end,The Glebe
754,RENAUD RD btwn NAVAN RD & WHITE ST,382318.5701,5033039.017,-75.5092568,45.43298694,2/18/2015,10:31,01 - Clear,02 - Wet,10 - No control,04 - At/near private drive,01 - Daylight,02 - Non-fatal injury,02 - Angle,Chapel Hill South
755,KING EDWARD AVE @ RIDEAU ST,368509.7795,5032414.071,-75.68580408,45.42875831,1/8/2015,0:54,01 - Clear,01 - Dry,01 - Traffic signal,03 - At intersection,07 - Dark,02 - Non-fatal injury,07 - SMV other,Byward Market
756,ANDERSON RD @ INNES RD,376281.705,5031842.046,-75.58657573,45.42286044,1/3/2015,21:21,03 - Snow,03 - Loose snow,01 - Traffic signal,03 - At intersection,07 - Dark,02 - Non-fatal injury,05 - Turning movement,Greenbelt
757,FISHER AVE @ HOLLAND AVE,365401.7374,5027821.064,-75.72608497,45.38770775,1/3/2015,13:12,03 - Snow,03 - Loose snow,02 - Stop sign,02 - Intersection related,01 - Daylight,02 - Non-fatal injury,03 - Rear end,Civic Hospital - Experimental Farm - Central Park
758,ALBERT ST @ EMPRESS AVE,366577.1364,5030722.157,-75.71071256,45.41370834,1/5/2015,8:33,06 - Strong wind,06 - Ice,01 - Traffic signal,02 - Intersection related,01 - Daylight,02 - Non-fatal injury,03 - Rear end,Centretown West
759,CONROY RD @ JOHNSTON RD,373396.8071,5026307.978,-75.62420539,45.37335627,1/9/2015,17:16,03 - Snow,06 - Ice,01 - Traffic signal,02 - Intersection related,05 - Dusk,02 - Non-fatal injury,03 - Rear end,Hunt Club
760,BANK ST @ KILBORN AVE/BELANGER AVE,369654.0357,5027429.808,-75.67183789,45.38380653,1/6/2015,22:39,03 - Snow,03 - Loose snow,01 - Traffic signal,02 - Intersection related,07 - Dark,02 - Non-fatal injury,03 - Rear end,Alta Vista
761,BASELINE RD @ GREENBANK RD,360597.6843,5022583.054,-75.78802168,45.34097558,1/7/2015,6:45,01 - Clear,04 - Slush,01 - Traffic signal,02 - Intersection related,07 - Dark,02 - Non-fatal injury,03 - Rear end,Qualicum - Redwood Park
762,WOODROFFE AVE @ DEERFOX DR/STONEWAY DR,365886.4835,5015944.383,-75.721361,45.28080089,1/8/2015,7:00,03 - Snow,06 - Ice,01 - Traffic signal,02 - Intersection related,07 - Dark,02 - Non-fatal injury,03 - Rear end,Chapman Mills - Rideau Crest - Davidson Heights
763,MITCH OWENS RD btwn RAMSAYVILLE RD & 8TH LINE RD,381297.0358,5018119.456,-75.52462066,45.2988631,1/8/2015,7:18,06 - Strong wind,06 - Ice,10 - No control,01 - Non intersection,03 - Dawn,02 - Non-fatal injury,07 - SMV other,Metcalfe
764,MILTON RD btwn PERRAULT RD & RUSSELL RD,388721.6089,5028074.728,-75.42828032,45.38758417,1/9/2015,17:41,03 - Snow,05 - Packed snow,10 - No control,01 - Non intersection,07 - Dark,02 - Non-fatal injury,07 - SMV other,Navan - Vars
765,MERIVALE RD @ SHILLINGTON AVE,364844.6942,5026809.056,-75.73332115,45.37864987,1/12/2015,21:38,01 - Clear,04 - Slush,01 - Traffic signal,03 - At intersection,07 - Dark,02 - Non-fatal injury,07 - SMV other,Carlington
766,ASHTON STATION RD btwn MALLOCH LANE & COPELAND RD,344737.994,4998249.145,-75.99233491,45.12308901,1/5/2015,12:14,01 - Clear,06 - Ice,10 - No control,01 - Non intersection,01 - Daylight,02 - Non-fatal injury,07 - SMV other,Beckwith
767,PRINCE OF WALES DR @ WEST HUNT CLUB RD,367458.7103,5021891.985,-75.70057061,45.33417823,1/5/2015,13:39,03 - Snow,06 - Ice,01 - Traffic signal,02 - Intersection related,01 - Daylight,02 - Non-fatal injury,03 - Rear end,Industrial Park
768,RICHMOND RD @ HOLLY ACRES RD/NANAIMO DR,359059.6355,5022748.978,-75.80762752,45.34258922,1/31/2015,16:38,01 - Clear,01 - Dry,01 - Traffic signal,03 - At intersection,01 - Daylight,02 - Non-fatal injury,05 - Turning movement,Greenbelt
769,BANK ST @ FLORA ST,367976.7047,5030418.012,-75.69287191,45.41084679,2/17/2015,16:11,01 - Clear,02 - Wet,01 - Traffic signal,02 - Intersection related,01 - Daylight,02 - Non-fatal injury,07 - SMV other,Centretown
770,YORK ST EB btwn TO BE DETERMINED & CUMBERLAND ST,368256.9661,5032518.076,-75.68902125,45.42971709,2/1/2015,13:27,01 - Clear,01 - Dry,10 - No control,01 - Non intersection,01 - Daylight,02 - Non-fatal injury,03 - Rear end,Byward Market
771,CUMMINGS AVE @ MONTREAL RD,372007.7077,5034039.14,-75.64088445,45.44305253,2/13/2015,14:32,01 - Clear,01 - Dry,01 - Traffic signal,03 - At intersection,01 - Daylight,02 - Non-fatal injury,02 - Angle,Cummings
772,BANK ST @ LEITRIM RD,375358.7181,5021619.015,-75.5998293,45.33097227,1/6/2015,5:46,99 - Other,02 - Wet,01 - Traffic signal,03 - At intersection,07 - Dark,02 - Non-fatal injury,05 - Turning movement,Greenbelt
773,WELLINGTON ST @ BAYSWATER AVE/BAYVIEW RD,365760.9647,5030015.179,-75.72122673,45.40741871,1/7/2015,9:00,03 - Snow,05 - Packed snow,02 - Stop sign,02 - Intersection related,01 - Daylight,02 - Non-fatal injury,03 - Rear end,Centretow
774,LANTHIER DR @ VANTAGE DR,383600.5204,5035847.236,-75.49242534,45.45810957,1/7/2015,16:13,01 - Clear,06 - Ice,02 - Stop sign,02 - Intersection related,05 - Dusk,02 - Non-fatal injury,03 - Rear end,Avalon
775,MAXIME ST btwn MEADOWBROOK RD & RIDGEBROOK DR,374540.812,5031976.561,-75.60879983,45.42424646,2/24/2015,11:15,01 - Clear,03 - Loose snow,10 - No control,01 - Non intersection,01 - Daylight,02 - Non-fatal injury,99 - Other,Pineview
776,CARLING AVE WB @ SAIGON CRT,364062.093,5027196.913,-75.74326633,45.38220638,1/7/2015,17:51,01 - Clear,06 - Ice,01 - Traffic signal,02 - Intersection related,07 - Dark,02 - Non-fatal injury,03 - Rear end,Westboro
777,CYRVILLE RD @ MEADOWBROOK RD,374629.8043,5031246.144,-75.60776629,45.41766568,2/27/2015,7:51,01 - Clear,01 - Dry,01 - Traffic signal,02 - Intersection related,01 - Daylight,02 - Non-fatal injury,03 - Rear end,Industrial Park
778,RIDEAUCREST DR btwn COTTINGHAM ST & NEWBOROUGH CRES,366061.777,5016520.656,-75.71905569,45.28597091,1/9/2015,4:08,03 - Snow,04 - Slush,10 - No control,01 - Non intersection,07 - Dark,02 - Non-fatal injury,07 - SMV other,Chapman Mills - Rideau Crest - Davidson Heights
779,MITCH OWENS RD btwn DOWNEY RD & MANOTICK STATION RD,373090.8906,5012986.309,-75.62994682,45.25352192,1/9/2015,6:17,05 - Drifting Snow,03 - Loose snow,10 - No control,01 - Non intersection,07 - Dark,02 - Non-fatal injury,01 - Approaching,Manotick
780,COLOMBINE DRWY @ PARKDALE AVE,364754.6951,5030178.567,-75.73406073,45.40897576,1/6/2015,7:41,01 - Clear,06 - Ice,02 - Stop sign,03 - At intersection,03 - Dawn,02 - Non-fatal injury,02 - Angle,Tunney's Pasture
781,GUTHRIE ST @ MONTEREY DR,360319.3165,5022250.013,-75.79161075,45.33800096,1/7/2015,10:16,03 - Snow,04 - Slush,02 - Stop sign,03 - At intersection,01 - Daylight,02 - Non-fatal injury,07 - SMV other,Leslie Park
782,MEADOWLANDS DR @ MERIVALE RD,364858.6999,5023724.065,-75.7335173,45.35089041,1/7/2015,19:48,01 - Clear,04 - Slush,01 - Traffic signal,03 - At intersection,07 - Dark,02 - Non-fatal injury,05 - Turning movement,Cityview - Skyline - Fisher Heights
783,FALLOWFIELD RD btwn KIMINI DR & SHEA RD,353256.3256,5010378.34,-75.88288347,45.23170003,1/9/2015,6:20,03 - Snow,03 - Loose snow,10 - No control,01 - Non intersection,07 - Dark,02 - Non-fatal injury,07 - SMV other,Stittsville - Basswood
784,WALKLEY RD btwn AYERS AVE & HAMPSTEAD PL,370620.7099,5026114.224,-75.6596705,45.37187919,1/17/2015,23:32,01 - Clear,02 - Wet,10 - No control,04 - At/near private drive,07 - Dark,02 - Non-fatal injury,03 - Rear end,Ledbury - Heron Gate - Ridgemont - Elmwood
785,DONNELLY DR btwn MERLYN WILSON RD & MCCORDICK RD,369801.8406,4991346.929,-75.67466186,45.05912142,1/18/2015,10:32,03 - Snow,03 - Loose snow,10 - No control,01 - Non intersection,01 - Daylight,02 - Non-fatal injury,07 - SMV other,Munster Hamlet - Richmond
786,HAZELDEAN RD @ TERRY FOX DR,352208.5749,5017241.005,-75.89557145,45.29352373,1/25/2015,10:32,06 - Strong wind,06 - Ice,01 - Traffic signal,03 - At intersection,01 - Daylight,02 - Non-fatal injury,02 - Angle,Glen Cairn - Kanata South Business Park
787,THOMAS A. DOLAN PKWY btwn CONSTANCE CREEK DR & GREENLAND RD,344352.9268,5033206.994,-75.99444346,45.43767654,1/11/2015,4:07,01 - Clear,02 - Wet,10 - No control,01 - Non intersection,07 - Dark,02 - Non-fatal injury,07 - SMV other,Carp - Hardwood Plains
788,LYON ST @ SLATER ST,367102.7046,5031152.105,-75.703944,45.41753029,2/14/2015,15:09,03 - Snow,03 - Loose snow,01 - Traffic signal,03 - At intersection,01 - Daylight,02 - Non-fatal injury,02 - Angle,Downtown
789,EAGLESON RD @ MICHAEL COWPLAND DR/STONEHAVEN D,354380.3896,5016624.932,-75.86794545,45.28783029,2/24/2015,9:10,01 - Clear,01 - Dry,01 - Traffic signal,02 - Intersection related,01 - Daylight,02 - Non-fatal injury,03 - Rear end,Glen Cairn - Kanata South Business Park
790,MOODIE DR @ WEST HUNT CLUB RD,357907.6517,5018497.974,-75.82278211,45.30442648,1/14/2015,8:20,01 - Clear,06 - Ice,01 - Traffic signal,02 - Intersection related,01 - Daylight,02 - Non-fatal injury,03 - Rear end,Greenbelt
791,MERIVALE RD btwn CLYDE AVE & RITA AVE,364530.373,5024487.767,-75.73761484,45.35779014,1/16/2015,12:22,01 - Clear,02 - Wet,10 - No control,01 - Non intersection,01 - Daylight,02 - Non-fatal injury,03 - Rear end,Cityview - Skyline - Fisher Heights
792,TERRY FOX DR btwn HWY417 IC140 RAMP61 & HWY417 IC140 RAMP16,350821.1077,5018694.982,-75.91312485,45.30669926,2/19/2015,18:00,06 - Strong wind,02 - Wet,10 - No control,01 - Non intersection,07 - Dark,02 - Non-fatal injury,03 - Rear end,Kanata Lakes - Marchwood Lakeside - Morgan's Grant - Kanata
793,HAWTHORNE AVE btwn ISABELLA ST & COLONEL BY DR,368758.1087,5030517.859,-75.68287697,45.4116742,1/8/2015,16:32,01 - Clear,02 - Wet,10 - No control,01 - Non intersection,05 - Dusk,02 - Non-fatal injury,03 - Rear end,Old Ottawa East
794,ARLINGTON AVE @ BRONSON AVE,367222.7094,5029868.045,-75.70257344,45.405966,1/12/2015,6:35,03 - Snow,03 - Loose snow,01 - Traffic signal,03 - At intersection,07 - Dark,02 - Non-fatal injury,05 - Turning movement,Centretown West
795,LEES AVE @  TRANSITWAY/HWY 417 NICHOLAS IC118R,369367.4019,5031278.384,-75.67499386,45.41846118,1/3/2015,13:45,03 - Snow,03 - Loose snow,01 - Traffic signal,02 - Intersection related,01 - Daylight,02 - Non-fatal injury,03 - Rear end,Sandy Hill
796,UNIVERSITY RD btwn CAMPUS AVE & BRONSON AVE,367797.4094,5028008.484,-75.69547007,45.38918273,1/12/2015,13:43,03 - Snow,03 - Loose snow,10 - No control,01 - Non intersection,01 - Daylight,02 - Non-fatal injury,03 - Rear end,Carleton University
797,THORNDALE DR @ WALKLEY RD,369464.7603,5025431.043,-75.67451632,45.36583974,1/4/2015,18:18,03 - Snow,03 - Loose snow,02 - Stop sign,02 - Intersection related,07 - Dark,02 - Non-fatal injury,03 - Rear end,Riverside Park
798,QUEEN ST @ LYON ST,367018.7037,5031285.171,-75.70500039,45.41873505,1/12/2015,15:04,01 - Clear,02 - Wet,01 - Traffic signal,03 - At intersection,01 - Daylight,02 - Non-fatal injury,07 - SMV other,Downtown
799,ROCKY HILL DR @ PRINCE OF WALES DR,366968.5489,5014403.201,-75.70776275,45.26683858,1/13/2015,13:40,01 - Clear,01 - Dry,01 - Traffic signal,03 - At intersection,01 - Daylight,02 - Non-fatal injury,02 - Angle,Chapman Mills - Rideau Crest - Davidson Heights
800,PRINCE OF WALES DR btwn SECOND LINE RD S & BANKFIELD RD,365943.9152,5006856.231,-75.72174626,45.19902058,1/16/2015,8:15,01 - Clear,05 - Packed snow,10 - No control,01 - Non intersection,01 - Daylight,02 - Non-fatal injury,07 - SMV other,Manotick
801,REGINA ST btwn LINCOLN HEIGHTS RD & ASSALY RD,360649.3546,5025582.226,-75.78702362,45.36795792,2/20/2015,12:56,01 - Clear,01 - Dry,10 - No control,01 - Non intersection,01 - Daylight,02 - Non-fatal injury,04 - Sideswipe,Woodroffe - Lincoln Heights
802,STRANDHERD DR btwn CEDARVIEW RD & MADRID AVE,362324.9475,5013554.564,-75.76703112,45.25959761,2/17/2015,16:00,01 - Clear,01 - Dry,10 - No control,01 - Non intersection,01 - Daylight,02 - Non-fatal injury,05 - Turning movement,New Barrhaven
803,LEES AVE btwn HWY417 IC118 RAMP45 & TRANSIT,369625.7281,5030931.828,-75.67173905,45.41531911,1/12/2015,18:41,03 - Snow,03 - Loose snow,10 - No control,01 - Non intersection,07 - Dark,02 - Non-fatal injury,07 - SMV other,Old Ottawa East
804,DEN HAAG DR @ MERGANSER ST,372662.1718,5033671.718,-75.63257006,45.43968343,1/12/2015,8:03,03 - Snow,03 - Loose snow,02 - Stop sign,02 - Intersection related,01 - Daylight,02 - Non-fatal injury,03 - Rear end,Carson Grove - Carson Meadows
805,BANK ST @ GLADSTONE AVE,367916.7064,5030561.125,-75.69362003,45.41213989,1/13/2015,17:24,01 - Clear,06 - Ice,01 - Traffic signal,03 - At intersection,05 - Dusk,02 - Non-fatal injury,07 - SMV other,Centretown
806,BEECHWOOD AVE btwn ST. PATRICK ST & MACKAY ST,369143.4614,5033509.941,-75.67756339,45.43856051,1/6/2015,16:34,01 - Clear,04 - Slush,10 - No control,01 - Non intersection,05 - Dusk,02 - Non-fatal injury,04 - Sideswipe,Vanier North
807,FISHER AVE @ MEADOWLANDS DR,366574.101,5025046.892,-75.71146171,45.36264395,1/16/2015,17:00,01 - Clear,02 - Wet,01 - Traffic signal,02 - Intersection related,05 - Dusk,02 - Non-fatal injury,07 - SMV other,Carleton Heights - Rideauview
808,HARVEST VALLEY AVE/SWEETVALLEY DR @ TENTH LINE RD,384697.1996,5034388.902,-75.47864187,45.44486428,2/28/2015,9:46,01 - Clear,01 - Dry,02 - Stop sign,02 - Intersection related,01 - Daylight,02 - Non-fatal injury,03 - Rear end,Avalon
809,OR174 IC102 RAMP51 btwn REGIONAL ROAD 174 & PLACE D'ORLEANS DR,381192.2197,5037981.917,-75.52288244,45.47758313,1/12/2015,9:33,03 - Snow,04 - Slush,10 - No control,01 - Non intersection,01 - Daylight,02 - Non-fatal injury,07 - SMV other,Industrial Park
810,MONTREAL RD @ GRANVILLE ST/LAFONTAINE AVE,370825.7495,5033474.11,-75.65606755,45.43808128,2/24/2015,11:41,01 - Clear,02 - Wet,01 - Traffic signal,03 - At intersection,01 - Daylight,02 - Non-fatal injury,02 - Angle,Vanier South
811,INNES RD @ STAR TOP RD/WINDMILL LANE,374148.6897,5030667.042,-75.61399436,45.41250306,1/14/2015,8:51,01 - Clear,05 - Packed snow,01 - Traffic signal,02 - Intersection related,01 - Daylight,02 - Non-fatal injury,07 - SMV other,Industrial Park
812,CARLING AVE @ SCRIVENS ST,359424.6319,5024258.994,-75.80280359,45.35614802,1/10/2015,20:05,01 - Clear,06 - Ice,01 - Traffic signal,03 - At intersection,07 - Dark,02 - Non-fatal injury,07 - SMV other,Bayshore
813,MCCARTHY RD @ PAUL ANKA DR,369699.7208,5023877.951,-75.67172115,45.35184375,5/14/2015,7:39,01 - Clear,01 - Dry,01 - Traffic signal,02 - Intersection related,01 - Daylight,02 - Non-fatal injury,07 - SMV other,Hunt Club East - Western Community
814,ST. LAURENT BLVD @ MCARTHUR AVE,371922.6829,5032889.021,-75.64212803,45.43271248,1/12/2015,19:13,01 - Clear,03 - Loose snow,01 - Traffic signal,03 - At intersection,07 - Dark,02 - Non-fatal injury,05 - Turning movement,Cummings
815,CARLING AVE @ WOODROFFE AVE W,361767.6836,5025725.032,-75.77273163,45.36915287,1/2/2015,5:47,01 - Clear,01 - Dry,01 - Traffic signal,02 - Intersection related,07 - Dark,02 - Non-fatal injury,07 - SMV other,Carlingwood West - Glabar Park - McKellar Heights
816,WOODROFFE AVE @ SPORTSPLEX N,363764.6262,5021067.716,-75.74779545,45.32708166,1/7/2015,8:12,03 - Snow,05 - Packed snow,01 - Traffic signal,03 - At intersection,01 - Daylight,02 - Non-fatal injury,05 - Turning movement,Merivale Gardens - Grenfell Glen - Pineglen - Country Place