Record,Location,X,Y,lon,lat,Date,Time,Environment,Road_Surface,Traffic_Control,Collision_Location,Light,Collision_Classification,Impact_type,Neighborhood
817,HERON RD EB btwn BRONSON AVE RAMP 52 & HERON RD SPLIT,368843.1052,5026715.857,-75.68228471,45.37745722,1/14/2015,7:30,01 - Clear,06 - Ice,10 - No control,01 - Non intersection,03 - Dawn,02 - Non-fatal injury,03 - Rear end,Alta Vista
818,MEADOWLANDS DR btwn TURN LANE & SULLIVAN AVE,363145.3643,5022779.169,-75.75549286,45.34253295,1/17/2015,5:35,01 - Clear,06 - Ice,10 - No control,01 - Non intersection,07 - Dark,02 - Non-fatal injury,07 - SMV other,Crestview - Meadowlands
819,RIVER RD btwn EARL ARMSTRONG RD & 175 N OF EARL ARMSTRONG/LOBLAWS SC,367592.2148,5014736.914,-75.69977372,45.26978591,1/17/2015,7:40,01 - Clear,01 - Dry,10 - No control,01 - Non intersection,03 - Dawn,02 - Non-fatal injury,07 - SMV other,Gloucester
820,JOCKVALE RD btwn GOLFLINKS DR & PRINCE OF WALES DR,366119.3027,5012576.37,-75.71880944,45.25047535,1/17/2015,8:26,01 - Clear,01 - Dry,10 - No control,01 - Non intersection,01 - Daylight,02 - Non-fatal injury,07 - SMV other,New Barrhaven
821,INNES RD btwn ANDERSON RD & INNES RD,376482.7047,5031961.363,-75.58399024,45.42391342,3/2/2015,16:44,01 - Clear,01 - Dry,10 - No control,04 - At/near private drive,01 - Daylight,02 - Non-fatal injury,02 - Angle,Greenbelt
822,KANATA AVE @ TERRY FOX DR,349305.8675,5019209.175,-75.9324005,45.31142377,1/13/2015,7:17,01 - Clear,04 - Slush,01 - Traffic signal,03 - At intersection,03 - Dawn,02 - Non-fatal injury,02 - Angle,Kanata Lakes - Marchwood Lakeside - Morgan's Grant - Kanata
823,BRUYERE ST @ DALHOUSIE ST,367827.7071,5032849.182,-75.69446424,45.43273508,1/9/2015,13:41,01 - Clear,04 - Slush,01 - Traffic signal,03 - At intersection,01 - Daylight,02 - Non-fatal injury,05 - Turning movement,Lower Town
824,MAPLE GROVE RD @ TERRY FOX DR,351555.5363,5017864.946,-75.90383798,45.29918187,1/17/2015,0:30,01 - Clear,02 - Wet,01 - Traffic signal,02 - Intersection related,07 - Dark,02 - Non-fatal injury,03 - Rear end,Katimavik - Hazeldean
825,MARCH RD btwn HALTON TERR/MAXWELL BRIDGE RD & KLONDIKE RD,348242.4798,5025200.315,-75.94543562,45.36540025,1/20/2015,9:37,01 - Clear,01 - Dry,10 - No control,04 - At/near private drive,01 - Daylight,02 - Non-fatal injury,03 - Rear end,Carp - Hardwood Plains
826,MERIVALE RD @ WEST HUNT CLUB RD,365612.6952,5021943.944,-75.72411435,45.33480816,3/2/2015,21:30,01 - Clear,01 - Dry,01 - Traffic signal,03 - At intersection,07 - Dark,02 - Non-fatal injury,02 - Angle,Tanglewood
827,BOURASSA ST @ ST. LAURENT BLVD,373234.8043,5029694.039,-75.62580394,45.40383841,3/3/2015,7:36,01 - Clear,02 - Wet,01 - Traffic signal,03 - At intersection,01 - Daylight,02 - Non-fatal injury,05 - Turning movement,Industrial Park
828,BANK ST @ HERON RD,369995.72,5026849.133,-75.66755185,45.37855009,1/13/2015,17:59,01 - Clear,01 - Dry,01 - Traffic signal,03 - At intersection,07 - Dark,02 - Non-fatal injury,05 - Turning movement,Alta Vista
829,KERWIN RD btwn MOWBRAY ST & FIFTH LINE RD,347146.828,5028083.923,-75.9591742,45.39141465,1/10/2015,8:26,01 - Clear,06 - Ice,10 - No control,01 - Non intersection,01 - Daylight,02 - Non-fatal injury,07 - SMV other,Carp - Hardwood Plains
830,LEIKIN DR btwn HOLITZNER WAY & CRESTWAY DR,366829.1331,5017373.772,-75.70916795,45.29357987,1/14/2015,7:08,01 - Clear,06 - Ice,10 - No control,01 - Non intersection,03 - Dawn,02 - Non-fatal injury,01 - Approaching,Greenbelt
831,RADCLIFFE GT @ WEYBRIDGE DR,362111.7348,5014897.418,-75.76959266,45.27169811,1/19/2015,9:20,01 - Clear,04 - Slush,02 - Stop sign,03 - At intersection,01 - Daylight,02 - Non-fatal injury,06 - SMV unattended vehicle,Barrhaven West - Old Barrhaven
832,CAMPEAU DR/HWY 417 MARCH IC138R63 @ MARCH RD,352841.6249,5020476.949,-75.88718725,45.32259848,1/6/2015,7:00,01 - Clear,06 - Ice,01 - Traffic signal,02 - Intersection related,03 - Dawn,02 - Non-fatal injury,03 - Rear end,Greenbelt
833,HUNT CLUB RD @ RIVERSIDE DR,368037.6669,5021945.017,-75.69317796,45.33460346,3/6/2015,21:51,01 - Clear,01 - Dry,01 - Traffic signal,02 - Intersection related,07 - Dark,02 - Non-fatal injury,03 - Rear end,Hunt Club Woods - Quintarra - Revelstoke - Riverside South P
834,INNES RD @ ORLEANS BLVD,380458.8674,5034296.885,-75.53282834,45.44450797,1/6/2015,8:51,01 - Clear,01 - Dry,01 - Traffic signal,02 - Intersection related,01 - Daylight,02 - Non-fatal injury,03 - Rear end,Orleans Village - Chateauneuf
835,GREENBANK RD @ WEST HUNT CLUB RD,361480.6409,5020502.961,-75.77699424,45.32218816,1/14/2015,17:43,01 - Clear,01 - Dry,01 - Traffic signal,02 - Intersection related,07 - Dark,02 - Non-fatal injury,03 - Rear end,Greenbelt
836,CYRVILLE RD @ INNES RD,375048.4454,5031120.645,-75.60243575,45.4164946,8/14/2015,11:52,01 - Clear,01 - Dry,01 - Traffic signal,03 - At intersection,01 - Daylight,02 - Non-fatal injury,05 - Turning movement,Industrial Park
837,BANK ST btwn HERON RD & ANOKA ST,370000.0443,5026836.047,-75.66749837,45.37843194,8/15/2015,15:33,01 - Clear,01 - Dry,10 - No control,01 - Non intersection,01 - Daylight,02 - Non-fatal injury,03 - Rear end,Alta Vista
838,DESCHAMPS AVE @ VANIER PKWY,369849.7849,5033268.074,-75.66856809,45.43631893,1/9/2015,13:09,01 - Clear,04 - Slush,01 - Traffic signal,02 - Intersection related,01 - Daylight,02 - Non-fatal injury,03 - Rear end,Vanier North
839,BANK ST @ JOHNSTON RD,370852.6944,5024839.046,-75.65687956,45.36038373,2/2/2015,9:05,03 - Snow,03 - Loose snow,01 - Traffic signal,02 - Intersection related,01 - Daylight,02 - Non-fatal injury,03 - Rear end,South Keys - Heron Gate - Greenboro West
840,INNES RD btwn STONEHENGE CRES & BLAIR RD,375381.7605,5031322.562,-75.59814859,45.41827779,8/14/2015,16:35,01 - Clear,01 - Dry,10 - No control,01 - Non intersection,01 - Daylight,02 - Non-fatal injury,03 - Rear end,Greenbelt
841,CARP RD @ DONALD B. MUNRO DR,341193.2611,5022821.883,-76.03559415,45.34439969,8/14/2015,17:26,01 - Clear,01 - Dry,02 - Stop sign,03 - At intersection,01 - Daylight,02 - Non-fatal injury,05 - Turning movement,Carp
842,LEES AVE @ KING EDWARD AVE/MANN AVE,369179.5189,5031334.385,-75.67738696,45.41898237,8/19/2015,17:14,01 - Clear,01 - Dry,01 - Traffic signal,02 - Intersection related,01 - Daylight,02 - Non-fatal injury,03 - Rear end,Sandy Hill
843,INNES RD @ PAGE RD,380888.4697,5034539.473,-75.52729988,45.44664396,7/21/2015,13:20,01 - Clear,01 - Dry,01 - Traffic signal,02 - Intersection related,01 - Daylight,02 - Non-fatal injury,03 - Rear end,Chapel Hill South
844,GREENBANK RD btwn CANFIELD RD & BELLMAN DR,361181.121,5021199.274,-75.78073526,45.3284777,8/14/2015,18:32,01 - Clear,01 - Dry,10 - No control,01 - Non intersection,01 - Daylight,02 - Non-fatal injury,03 - Rear end,Woodvale - Craig Henry - Manordale - Estates of Arlington Wo
845,EAGLESON RD @ HAZELDEAN RD/ROBERTSON RD,353673.6249,5018423.16,-75.87677758,45.30406065,7/22/2015,19:31,01 - Clear,01 - Dry,01 - Traffic signal,02 - Intersection related,01 - Daylight,02 - Non-fatal injury,03 - Rear end,Greenbelt
846,MARCH RD btwn TALL FOREST DR & HUNTMAR DR,344112.0207,5023518.314,-75.99829457,45.3505089,8/14/2015,19:25,01 - Clear,01 - Dry,10 - No control,01 - Non intersection,01 - Daylight,02 - Non-fatal injury,07 - SMV other,Stittsville - Basswood
847,RIDEAU ST btwn CHARLOTTE ST & WURTEMBURG ST,369345.1747,5032918.742,-75.67506288,45.43322254,8/12/2015,20:42,01 - Clear,01 - Dry,10 - No control,04 - At/near private drive,05 - Dusk,02 - Non-fatal injury,03 - Rear end,Sandy Hill
848,SOMERSET ST    W btwn PRESTON ST & ROCHESTER ST,366322.6652,5030134.529,-75.71403681,45.40844344,8/19/2015,16:47,01 - Clear,01 - Dry,10 - No control,01 - Non intersection,01 - Daylight,02 - Non-fatal injury,03 - Rear end,Little Italy
849,BURNSIDE AVE @ STONEHURST AVE,365083.6975,5030222.207,-75.72985267,45.40934016,8/19/2015,16:38,01 - Clear,02 - Wet,02 - Stop sign,03 - At intersection,01 - Daylight,02 - Non-fatal injury,03 - Rear end,Mechanicsville
850,EAGLESON RD btwn AKINS RD & RUSHMORE RD,356737.1459,5010560.614,-75.83853725,45.23309206,8/23/2015,22:25,01 - Clear,01 - Dry,10 - No control,01 - Non intersection,07 - Dark,02 - Non-fatal injury,07 - SMV other,Stittsville - Basswood
851,ALBERT ST btwn PRESTON ST & Continuation of ALBERT ST,366179.3751,5030476.056,-75.71582467,45.41152899,8/23/2015,21:16,01 - Clear,01 - Dry,10 - No control,01 - Non intersection,07 - Dark,02 - Non-fatal injury,05 - Turning movement,Centretown West
852,HOLLAND AVE @ KENILWORTH ST,365213.7334,5028497.033,-75.7284029,45.39380622,1/21/2015,11:15,01 - Clear,02 - Wet,01 - Traffic signal,03 - At intersection,01 - Daylight,02 - Non-fatal injury,07 - SMV other,Civic Hospital - Experimental Farm - Central Park
853,OTTAWA RIVER PKWY @ ISLAND PARK DR,363297.7314,5029453.081,-75.75275834,45.40257126,1/24/2015,11:15,01 - Clear,02 - Wet,01 - Traffic signal,03 - At intersection,01 - Daylight,02 - Non-fatal injury,05 - Turning movement,Westboro
854,CARLING AVE @ RICHMOND RD,360245.679,5024781.03,-75.79226647,45.36078084,2/23/2015,20:10,01 - Clear,01 - Dry,01 - Traffic signal,02 - Intersection related,07 - Dark,02 - Non-fatal injury,03 - Rear end,Whitehaven - Queensway Terrace North
855,INDUSTRIAL AVE/INNES RD @ ST. LAURENT BLVD,373099.0067,5030005.927,-75.62749523,45.40665789,7/21/2015,12:50,01 - Clear,01 - Dry,01 - Traffic signal,03 - At intersection,01 - Daylight,02 - Non-fatal injury,05 - Turning movement,Industrial Park
856,MEADOWLANDS DR/TALLWOOD DR @ WOODROFFE AVE,363058.131,5022729.413,-75.75661175,45.3420925,7/26/2015,14:12,01 - Clear,01 - Dry,01 - Traffic signal,02 - Intersection related,01 - Daylight,02 - Non-fatal injury,03 - Rear end,Crestview - Meadowlands
857,JOHN QUINN RD @ MITCH OWENS RD,380592.5035,5017701.108,-75.53366649,45.29517538,8/15/2015,7:40,"07 - Fog, mist, smoke, dust",01 - Dry,02 - Stop sign,03 - At intersection,01 - Daylight,02 - Non-fatal injury,07 - SMV other,Osgoode
858,PRINCE OF WALES DR @ WEST HUNT CLUB RD,367458.5301,5021891.413,-75.70057298,45.3341731,8/23/2015,21:06,01 - Clear,01 - Dry,01 - Traffic signal,03 - At intersection,07 - Dark,02 - Non-fatal injury,05 - Turning movement,Industrial Park
859,BROAD ST @ OTTAWA RIVER PKWY,366124.4302,5030906.499,-75.71647302,45.41540682,1/20/2015,14:05,01 - Clear,01 - Dry,01 - Traffic signal,02 - Intersection related,01 - Daylight,02 - Non-fatal injury,03 - Rear end,LeBreton Flats
860,RIDEAU ST btwn WILLIAM ST & NICHOLAS ST,368102.5999,5032159.623,-75.69103992,45.42650584,7/24/2015,13:57,01 - Clear,01 - Dry,10 - No control,01 - Non intersection,01 - Daylight,02 - Non-fatal injury,07 - SMV other,Byward Market - Parliament Hill
861,PARKDALE AVE @ HWY 417 PARKDAL IC122R15/HWY 41,365335.9775,5028845.915,-75.72679895,45.39693483,8/18/2015,22:08,02 - Rain,02 - Wet,01 - Traffic signal,03 - At intersection,07 - Dark,02 - Non-fatal injury,05 - Turning movement,Civic Hospital - Experimental Farm - Central Park
862,HIGHWAY 417 btwn HIGHWAY 417 & HWY417 IC115 RAMP61,372610.3777,5031536.339,-75.63352608,45.42047535,10/7/2015,21:55,01 - Clear,01 - Dry,10 - No control,01 - Non intersection,07 - Dark,02 - Non-fatal injury,07 - SMV other,Cummings
863,EDGEWOOD AVE @ RICHMOND RD,363395.6873,5028402.192,-75.75163201,45.39310735,8/18/2015,12:25,01 - Clear,01 - Dry,02 - Stop sign,02 - Intersection related,01 - Daylight,02 - Non-fatal injury,03 - Rear end,Westboro
864,BANK ST @ WELLINGTON ST,367259.8692,5031627.492,-75.7018758,45.42179366,7/18/2015,22:37,01 - Clear,01 - Dry,01 - Traffic signal,03 - At intersection,07 - Dark,02 - Non-fatal injury,05 - Turning movement,Downtown
865,INDUSTRIAL AVE btwn TRAINYARDS DR & RUSSELL RD,371963.5532,5030478.529,-75.64193437,45.41102004,8/23/2015,12:50,01 - Clear,01 - Dry,10 - No control,01 - Non intersection,01 - Daylight,02 - Non-fatal injury,03 - Rear end,Industrial Park
866,HAZELDEAN RD/HAZELDEAN RD IC RAMP 62 @ HAZELDE,346896.8603,5012419.756,-75.96369795,45.2504785,2/4/2015,17:50,05 - Drifting Snow,04 - Slush,02 - Stop sign,02 - Intersection related,07 - Dark,02 - Non-fatal injury,03 - Rear end,Stittsville - Basswood
867,MCCANN ST @ STITTSVILLE MAIN ST,350129.5858,5013492.331,-75.92241814,45.25992911,8/18/2015,10:46,01 - Clear,01 - Dry,02 - Stop sign,02 - Intersection related,01 - Daylight,02 - Non-fatal injury,03 - Rear end,Stittsville
868,BANK ST @ LISGAR ST,367603.2724,5031063.488,-75.69756005,45.41668819,8/23/2015,11:28,01 - Clear,01 - Dry,01 - Traffic signal,03 - At intersection,01 - Daylight,02 - Non-fatal injury,07 - SMV other,Centretown
869,ALBION RD @ HUNT CLUB RD,371867.7337,5024320.036,-75.6439951,45.35561749,2/1/2015,17:08,01 - Clear,02 - Wet,01 - Traffic signal,03 - At intersection,07 - Dark,02 - Non-fatal injury,05 - Turning movement,South Keys - Heron Gate - Greenboro West
870,VIEWMOUNT DR btwn GLENMANOR DR & MERIVALE RD,365161.8804,5022931.955,-75.72974507,45.34373708,2/2/2015,16:57,05 - Drifting Snow,05 - Packed snow,10 - No control,01 - Non intersection,05 - Dusk,02 - Non-fatal injury,01 - Approaching,Crestview - Meadowlands
871,ST. JOSEPH BLVD @ DUFORD DR/PLACE D'ORLEANS DR,381995.7716,5037997.07,-75.51260352,45.47763109,1/31/2015,14:30,01 - Clear,02 - Wet,01 - Traffic signal,03 - At intersection,01 - Daylight,02 - Non-fatal injury,05 - Turning movement,Queenswood Heights
872,CHRYSLER ST @ SECOND AVE,367679.2641,5029257.635,-75.69681953,45.40043285,6/5/2015,8:48,01 - Clear,01 - Dry,02 - Stop sign,02 - Intersection related,01 - Daylight,02 - Non-fatal injury,02 - Angle,The Glebe
873,KIRKWOOD AVE @ MERIVALE RD,364852.9807,5026646.903,-75.73323507,45.37719014,8/17/2015,21:34,01 - Clear,01 - Dry,01 - Traffic signal,02 - Intersection related,07 - Dark,02 - Non-fatal injury,03 - Rear end,Carlington
874,LEMIEUX ST @ ST. LAURENT BLVD,372391.7247,5031742.925,-75.63629134,45.42235527,6/10/2015,12:50,01 - Clear,01 - Dry,01 - Traffic signal,03 - At intersection,01 - Daylight,02 - Non-fatal injury,05 - Turning movement,Overbrook
875,MEADOWLANDS DR btwn MERIVALE RD & GRANT CARMAN DR,364954.5558,5023787.853,-75.73228632,45.35145615,8/18/2015,14:30,01 - Clear,01 - Dry,10 - No control,04 - At/near private drive,01 - Daylight,02 - Non-fatal injury,07 - SMV other,Borden Farm - Stewart Farm - Parkwood Hills - Fisher Glen
876,KENNEDY LANE  E btwn MONICA CRES & MONICA CRES,382643.1921,5038129.924,-75.50430269,45.47875451,8/22/2015,23:26,01 - Clear,01 - Dry,10 - No control,01 - Non intersection,07 - Dark,02 - Non-fatal injury,07 - SMV other,Queenswood Heights
877,QUEEN ELIZABETH DRWY @ QUEEN ELIZABETH PL,368583.7409,5028844.026,-75.68532096,45.39662951,1/1/2015,15:15,01 - Clear,01 - Dry,02 - Stop sign,03 - At intersection,01 - Daylight,02 - Non-fatal injury,02 - Angle,The Glebe
878,BANK ST @ HUNT CLUB RD,371607.7726,5024096.988,-75.64734282,45.35363539,2/2/2015,19:45,03 - Snow,05 - Packed snow,01 - Traffic signal,02 - Intersection related,07 - Dark,02 - Non-fatal injury,03 - Rear end,South Keys - Heron Gate - Greenboro West
879,CHURCHILL AVE @ LAPERRIERE AVE,363930.6898,5026589.897,-75.7450168,45.37675565,8/17/2015,20:16,01 - Clear,01 - Dry,02 - Stop sign,03 - At intersection,07 - Dark,02 - Non-fatal injury,02 - Angle,Carlington
880,NORICE ST @ WOODROFFE AVE,363193.9633,5022397.853,-75.75491778,45.33909785,8/17/2015,17:30,01 - Clear,01 - Dry,01 - Traffic signal,02 - Intersection related,01 - Daylight,02 - Non-fatal injury,03 - Rear end,Tanglewood
881,KING EDWARD AVE NB btwn ST. ANDREW ST & GUIGUES AVE,368193.3156,5032954.187,-75.68977847,45.43364683,5/23/2015,23:35,01 - Clear,01 - Dry,10 - No control,01 - Non intersection,07 - Dark,02 - Non-fatal injury,03 - Rear end,Lower Town
882,TYRRELL PL @ MOODIE DR,357326.6484,5019853.396,-75.83004676,45.31666642,8/18/2015,12:50,01 - Clear,01 - Dry,01 - Traffic signal,03 - At intersection,01 - Daylight,02 - Non-fatal injury,05 - Turning movement,Bells Corners East
883,BASELINE RD @ COLLEGE SQUARE SC,362760.208,5023896.295,-75.76027626,45.3526167,8/18/2015,9:54,01 - Clear,01 - Dry,01 - Traffic signal,02 - Intersection related,01 - Daylight,02 - Non-fatal injury,03 - Rear end,Braemar Park - Bel Air Heights - Copeland Park
884,INNES RD @ ORLEANS BLVD,380462.2365,5034296.043,-75.53278541,45.44450003,7/14/2015,8:10,01 - Clear,01 - Dry,01 - Traffic signal,02 - Intersection related,01 - Daylight,02 - Non-fatal injury,03 - Rear end,Chapel Hill South
885,COVENTRY RD @ 230 W OF ST. LAURENT BLVD/ST. LA,372079.2523,5031934.936,-75.64025754,45.42411302,2/5/2015,16:12,01 - Clear,01 - Dry,01 - Traffic signal,03 - At intersection,01 - Daylight,02 - Non-fatal injury,07 - SMV other,Overbrook
886,WOODROFFE AVE btwn HWY417 IC127 RAMP62 & HWY417 IC127 RAMP26,362066.1103,5024978.076,-75.7690087,45.36240751,7/17/2015,17:00,02 - Rain,02 - Wet,10 - No control,01 - Non intersection,01 - Daylight,02 - Non-fatal injury,03 - Rear end,Whitehaven - Queensway Terrace North
887,DUROCHER ST @ MONTREAL RD,370137.4292,5033101.946,-75.66491402,45.43479736,7/22/2015,17:19,01 - Clear,01 - Dry,02 - Stop sign,03 - At intersection,01 - Daylight,02 - Non-fatal injury,05 - Turning movement,Vanier
888,ST. JOSEPH BLVD/OLD MONTREAL RD @ TRIM RD,384682.754,5039285.222,-75.4780307,45.48891839,8/18/2015,9:10,01 - Clear,01 - Dry,11 - Roundabout,03 - At intersection,01 - Daylight,02 - Non-fatal injury,02 - Angle,Cardinal Creek
889,BELFAST RD @ ST. LAURENT BLVD,372860.7241,5030576.76,-75.63046008,45.4118172,7/10/2015,17:24,01 - Clear,01 - Dry,01 - Traffic signal,02 - Intersection related,01 - Daylight,02 - Non-fatal injury,03 - Rear end,Industrial Park
890,HUNT CLUB RD @ RIVERSIDE DR,368035.9823,5021945.859,-75.69319935,45.33461119,7/9/2015,10:40,01 - Clear,01 - Dry,01 - Traffic signal,02 - Intersection related,01 - Daylight,02 - Non-fatal injury,03 - Rear end,Hunt Club Woods - Quintarra - Revelstoke - Riverside South P
891,KIRKWOOD AVE N @ CARLING AVE,364274.5921,5027492.248,-75.74051753,45.38484574,2/16/2015,17:34,01 - Clear,02 - Wet,01 - Traffic signal,03 - At intersection,07 - Dark,02 - Non-fatal injury,02 - Angle,Westboro
892,AVIATION PKWY @ OGILVIE RD,373110.7142,5032375.14,-75.62701726,45.42797379,2/18/2015,16:30,01 - Clear,02 - Wet,01 - Traffic signal,03 - At intersection,01 - Daylight,02 - Non-fatal injury,02 - Angle,Industrial Park
893,CARLING AVE @ EDGEWORTH AVE,361263.4009,5025424.164,-75.77920335,45.36648649,7/28/2015,11:51,01 - Clear,01 - Dry,01 - Traffic signal,02 - Intersection related,01 - Daylight,02 - Non-fatal injury,03 - Rear end,Carlingwood West - Glabar Park - McKellar Heights
894,BASELINE RD/HWY 416 RICHMOND IC75R53 @ RICHMON,358635.885,5021821.299,-75.81313527,45.33427457,8/22/2015,9:42,01 - Clear,01 - Dry,01 - Traffic signal,02 - Intersection related,01 - Daylight,02 - Non-fatal injury,03 - Rear end,Greenbelt
895,ALBION RD btwn 210 S OF HIGH RD/EARL ARMSTRONG RD/RIDEAU CARLETON RACE,374902.7507,5017133.576,-75.60628026,45.29065961,2/2/2015,5:44,03 - Snow,03 - Loose snow,10 - No control,04 - At/near private drive,07 - Dark,02 - Non-fatal injury,05 - Turning movement,Greenbelt
896,ST. LAURENT BLVD @ TREMBLAY RD,372594.75,5031240.13,-75.6337665,45.41781171,2/3/2015,16:12,03 - Snow,05 - Packed snow,01 - Traffic signal,02 - Intersection related,01 - Daylight,02 - Non-fatal injury,03 - Rear end,Industrial Park
897,RIVER RD btwn KILBY LANE & WATERFRONT CRT,372416.9178,5007304.816,-75.63930442,45.20246579,7/28/2015,19:50,01 - Clear,01 - Dry,10 - No control,01 - Non intersection,01 - Daylight,02 - Non-fatal injury,03 - Rear end,Manotick
898,GLADSTONE AVE @ LEBRETON ST,366855.7004,5029924.014,-75.70725434,45.40650223,2/2/2015,7:18,03 - Snow,03 - Loose snow,02 - Stop sign,03 - At intersection,01 - Daylight,02 - Non-fatal injury,05 - Turning movement,Centretown West
899,ELGIN ST NB @ WELLINGTON ST/RIDEAU ST,367804.1478,5031964.225,-75.69487853,45.42477467,8/16/2015,20:04,01 - Clear,01 - Dry,01 - Traffic signal,03 - At intersection,05 - Dusk,02 - Non-fatal injury,07 - SMV other,Byward Market - Parliament Hill
900,FALLOWFIELD RD @ MERIVALE RD,366892.4333,5018844.109,-75.70817685,45.30680421,8/16/2015,17:39,01 - Clear,01 - Dry,01 - Traffic signal,03 - At intersection,01 - Daylight,02 - Non-fatal injury,02 - Angle,Greenbelt
901,EAGLESON RD @ MICHAEL COWPLAND DR/STONEHAVEN D,354381.9053,5016623.804,-75.86792624,45.28782003,8/20/2015,16:40,02 - Rain,02 - Wet,01 - Traffic signal,02 - Intersection related,01 - Daylight,02 - Non-fatal injury,03 - Rear end,Glen Cairn - Kanata South Business Park
902,RUSSELL RD S @ ST. LAURENT BLVD,373569.1583,5029261.335,-75.62159369,45.39991237,2/3/2015,21:27,01 - Clear,01 - Dry,01 - Traffic signal,03 - At intersection,07 - Dark,02 - Non-fatal injury,02 - Angle,Hawthorne Meadows - Sheffield Glen
903,EARL MULLIGAN DR @ WOODROFFE AVE,365250.7012,5017504.658,-75.72927415,45.29489513,8/6/2015,7:48,01 - Clear,01 - Dry,01 - Traffic signal,02 - Intersection related,01 - Daylight,02 - Non-fatal injury,03 - Rear end,Greenbelt
904,SOMERSET ST    W btwn PRESTON ST & ROCHESTER ST,366341.4573,5030142.881,-75.71379572,45.40851694,8/20/2015,12:50,01 - Clear,01 - Dry,10 - No control,04 - At/near private drive,01 - Daylight,02 - Non-fatal injury,05 - Turning movement,Little Italy
905,HERON RD @ ALTA VISTA DR,370491.7585,5026901.091,-75.66121197,45.37897126,2/2/2015,10:00,03 - Snow,05 - Packed snow,01 - Traffic signal,02 - Intersection related,01 - Daylight,02 - Non-fatal injury,03 - Rear end,Alta Vista
906,GREENBANK RD btwn KILBIRNIE DR & BARNSDALE RD,365398.3196,5011378.138,-75.72813975,45.23975609,2/2/2015,10:42,03 - Snow,03 - Loose snow,10 - No control,01 - Non intersection,01 - Daylight,02 - Non-fatal injury,01 - Approaching,New Barrhaven
907,CARLING AVE @ KEMPSTER AVE/FAMOUS PLAYERS THEA,359210.4522,5024119.289,-75.80555242,45.35490761,8/13/2015,13:17,01 - Clear,01 - Dry,01 - Traffic signal,02 - Intersection related,01 - Daylight,02 - Non-fatal injury,03 - Rear end,Bayshore
908,RIVERSIDE DR @ PLEASANT PARK RD,369561.9717,5028414.654,-75.67288415,45.39267637,8/16/2015,16:42,01 - Clear,01 - Dry,01 - Traffic signal,02 - Intersection related,01 - Daylight,02 - Non-fatal injury,03 - Rear end,Alta Vista
909,GOULBOURN FORCED RD btwn TERRY FOX DR & KANATA ROCKERIES PRIV,349393.7578,5021195.949,-75.93110077,45.32929573,8/20/2015,11:33,01 - Clear,01 - Dry,10 - No control,01 - Non intersection,01 - Daylight,02 - Non-fatal injury,01 - Approaching,Kanata Lakes - Marchwood Lakeside - Morgan's Grant - Kanata
910,NOTRE DAME ST @ ORLEANS BLVD,380690.4605,5036866.219,-75.52947174,45.46759971,8/20/2015,22:37,02 - Rain,02 - Wet,02 - Stop sign,03 - At intersection,07 - Dark,02 - Non-fatal injury,02 - Angle,Orleans Village - Chateauneuf
911,CARLING AVE @ RICHMOND RD,360244.7151,5024781.03,-75.79227877,45.36078092,3/24/2015,16:53,01 - Clear,01 - Dry,01 - Traffic signal,03 - At intersection,01 - Daylight,02 - Non-fatal injury,05 - Turning movement,Whitehaven - Queensway Terrace North
912,ALBERT ST btwn METCALFE ST & ELGIN ST,367700.6004,5031619.285,-75.69624566,45.42168033,2/2/2015,9:19,03 - Snow,05 - Packed snow,10 - No control,01 - Non intersection,01 - Daylight,02 - Non-fatal injury,03 - Rear end,Downtown
913,KILBORN AVE @ WEBSTER AVE,370828.4404,5027801.174,-75.65679311,45.38703823,8/13/2015,20:23,01 - Clear,01 - Dry,02 - Stop sign,03 - At intersection,07 - Dark,02 - Non-fatal injury,05 - Turning movement,Alta Vista
914,OGILVIE RD @ ELMRIDGE DR/JASMINE CRES N,375420.7301,5034060.218,-75.59725811,45.44290572,8/16/2015,13:38,01 - Clear,01 - Dry,01 - Traffic signal,03 - At intersection,01 - Daylight,02 - Non-fatal injury,05 - Turning movement,Beacon Hill South - Cardinal Heights
915,ST. LAURENT BLVD @ TREMBLAY RD,372595.7139,5031241.936,-75.63375394,45.41782787,7/24/2015,11:32,01 - Clear,01 - Dry,01 - Traffic signal,02 - Intersection related,01 - Daylight,02 - Non-fatal injury,03 - Rear end,Industrial Park
916,BOTTRIELL WAY N @ CHARLEMAGNE BLVD,383694.8144,5037955.549,-75.49088141,45.47706761,1/30/2015,11:31,01 - Clear,02 - Wet,01 - Traffic signal,03 - At intersection,01 - Daylight,02 - Non-fatal injury,02 - Angle,Fallingbrook
917,HWY 416 ACRES IC75R24 @ HOLLY ACRES RD,358757.1565,5022871.801,-75.81147358,45.34371771,3/25/2015,9:00,01 - Clear,01 - Dry,01 - Traffic signal,02 - Intersection related,01 - Daylight,02 - Non-fatal injury,03 - Rear end,Greenbelt