Record,Location,X,Y,lon,lat,Date,Time,Environment,Road_Surface,Traffic_Control,Collision_Location,Light,Collision_Classification,Impact_type,Neighborhood
918,ANDERSON RD @ DOLMAN RIDGE RD,378312.2565,5030275.81,-75.56086555,45.40855803,4/4/2015,9:57,01 - Clear,06 - Ice,02 - Stop sign,02 - Intersection related,01 - Daylight,02 - Non-fatal injury,07 - SMV other,Greenbelt
919,MERIVALE RD @ CAPILANO DR/WITHROW AVE,364642.429,5024227.287,-75.73621624,45.35543682,3/15/2015,16:48,01 - Clear,01 - Dry,01 - Traffic signal,02 - Intersection related,01 - Daylight,02 - Non-fatal injury,03 - Rear end,Cityview - Skyline - Fisher Heights
920,RIVERSIDE DR @ UPLANDS DR/KIMBERWICK CRES N,368195.6799,5022792.055,-75.69105362,45.34221068,2/22/2015,9:54,01 - Clear,05 - Packed snow,01 - Traffic signal,02 - Intersection related,01 - Daylight,02 - Non-fatal injury,03 - Rear end,Hunt Club Woods - Quintarra - Revelstoke - Riverside South P
921,CYRVILLE RD btwn STAR TOP RD & MEADOWBROOK RD,374531.4197,5031275.809,-75.60901902,45.4179424,2/25/2015,13:14,01 - Clear,02 - Wet,10 - No control,04 - At/near private drive,01 - Daylight,02 - Non-fatal injury,03 - Rear end,Industrial Park
922,POULIN AVE @ RICHMOND RD,360324.7155,5024899.068,-75.79124443,45.36183669,3/26/2015,10:37,01 - Clear,02 - Wet,01 - Traffic signal,02 - Intersection related,01 - Daylight,02 - Non-fatal injury,03 - Rear end,Woodroffe - Lincoln Heights
923,FRANK ST @ O'CONNOR ST,368052.6706,5030697.092,-75.69186567,45.413351,3/26/2015,16:24,01 - Clear,01 - Dry,02 - Stop sign,03 - At intersection,01 - Daylight,02 - Non-fatal injury,02 - Angle,Centretown
924,BAY ST @ SLATER ST,366982.6839,5031079.331,-75.70548657,45.41688617,4/13/2015,7:20,01 - Clear,01 - Dry,01 - Traffic signal,03 - At intersection,01 - Daylight,02 - Non-fatal injury,07 - SMV other,Downtown
925,SAUNDERSON DR btwn SMYTH RD & HAMLET RD,372794.6952,5029311.503,-75.63147805,45.40043941,3/13/2015,8:19,01 - Clear,01 - Dry,10 - No control,01 - Non intersection,01 - Daylight,02 - Non-fatal injury,03 - Rear end,Elmvale - Eastway - Riverview - Riverview Park West
926,KING EDWARD AVE NB btwn RAMP & CATHCART ST,368089.6825,5033130.156,-75.69108024,45.43523953,4/6/2015,16:21,01 - Clear,01 - Dry,10 - No control,01 - Non intersection,01 - Daylight,02 - Non-fatal injury,03 - Rear end,Lower Town
927,CONROY RD @ QUEENSDALE AVE,374352.7037,5024043.993,-75.6123213,45.35289168,4/29/2015,15:33,01 - Clear,01 - Dry,02 - Stop sign,03 - At intersection,01 - Daylight,02 - Non-fatal injury,05 - Turning movement,Blossom Park - Blossom Park West - Sawmill Creek/ Timbermill
928,TENTH LINE RD @ CHARLEMAGNE BLVD S/DES EPINETT,383640.9751,5036900.456,-75.49173924,45.46758093,4/4/2015,22:42,01 - Clear,01 - Dry,01 - Traffic signal,02 - Intersection related,07 - Dark,02 - Non-fatal injury,03 - Rear end,Orlans
929,MONTREAL RD @ NORTH RIVER RD,369740.6256,5032888.831,-75.67001319,45.4329168,4/4/2015,19:54,01 - Clear,01 - Dry,01 - Traffic signal,03 - At intersection,05 - Dusk,02 - Non-fatal injury,05 - Turning movement,Vanier South
930,PARKDALE AVE @ SCOTT ST,364949.7036,5029726.078,-75.73162487,45.40488763,2/27/2015,8:42,01 - Clear,01 - Dry,01 - Traffic signal,03 - At intersection,01 - Daylight,02 - Non-fatal injury,07 - SMV other,Islan
931,HAZELDEAN RD btwn IRWIN GT & EAGLESON RD,353504.9502,5018321.809,-75.8789383,45.30316039,3/26/2015,21:26,01 - Clear,01 - Dry,10 - No control,01 - Non intersection,07 - Dark,02 - Non-fatal injury,07 - SMV other,Katimavik - Hazeldean
932,FRANK KENNY RD btwn REGIMBALD RD & GIROUX RD,389354.5773,5034146.276,-75.41915679,45.44213356,4/13/2015,13:40,01 - Clear,01 - Dry,10 - No control,01 - Non intersection,01 - Daylight,02 - Non-fatal injury,01 - Approaching,Navan - Vars
933,HUNT CLUB RD @ BRIDLE PATH DR/DAZE ST,371289.8012,5023863.058,-75.65143205,45.35156079,3/17/2015,15:20,01 - Clear,01 - Dry,01 - Traffic signal,02 - Intersection related,01 - Daylight,02 - Non-fatal injury,03 - Rear end,South Keys - Heron Gate - Greenboro West
934,BAY ST @ SPARKS ST,366855.7346,5031279.108,-75.70708329,45.41869497,2/25/2015,8:43,03 - Snow,03 - Loose snow,01 - Traffic signal,02 - Intersection related,01 - Daylight,02 - Non-fatal injury,03 - Rear end,Downtown
935,HOLLAND AVE @ TYNDALL ST,365031.697,5028917.074,-75.73067635,45.39760134,3/6/2015,12:46,01 - Clear,01 - Dry,01 - Traffic signal,03 - At intersection,01 - Daylight,02 - Non-fatal injury,07 - SMV other,Island Park
936,FALLOWFIELD RD @ MERIVALE RD,366891.7126,5018843.709,-75.70818609,45.30680067,4/6/2015,15:27,03 - Snow,02 - Wet,01 - Traffic signal,02 - Intersection related,01 - Daylight,02 - Non-fatal injury,07 - SMV other,Greenbelt
937,BLAIR RD @ OGILVIE RD,374505.796,5033197.129,-75.60907447,45.43523196,4/6/2015,20:19,01 - Clear,01 - Dry,01 - Traffic signal,02 - Intersection related,07 - Dark,02 - Non-fatal injury,03 - Rear end,Industrial Park
938,CARRUTHERS AVE @ SCOTT ST,365152.3271,5029849.264,-75.72902164,45.40597859,2/19/2015,21:35,01 - Clear,03 - Loose snow,01 - Traffic signal,03 - At intersection,07 - Dark,02 - Non-fatal injury,07 - SMV other,Mechanicsville
939,KING EDWARD AVE @ TEMPLETON ST,369059.709,5031506.136,-75.67889528,45.42053873,3/31/2015,15:53,01 - Clear,01 - Dry,01 - Traffic signal,03 - At intersection,01 - Daylight,02 - Non-fatal injury,07 - SMV other,Sandy Hill
940,BANK ST @ CATHERINE ST,368038.7415,5030265.162,-75.69209903,45.40946589,4/7/2015,8:35,01 - Clear,01 - Dry,01 - Traffic signal,03 - At intersection,01 - Daylight,02 - Non-fatal injury,02 - Angle,Centretown
941,EIGHTH LINE RD W @ HALL RD W,384686.7215,5024899.805,-75.4803129,45.35949055,3/14/2015,22:39,03 - Snow,05 - Packed snow,02 - Stop sign,03 - At intersection,07 - Dark,02 - Non-fatal injury,02 - Angle,Greenbelt
942,MERIVALE RD btwn ROSSLAND AVE & EMERALD PLAZA SC,364724.0767,5024025.683,-75.73519868,45.35361584,4/14/2015,13:38,01 - Clear,01 - Dry,10 - No control,01 - Non intersection,01 - Daylight,02 - Non-fatal injury,03 - Rear end,Crestview - Meadowlands
943,CYRVILLE RD @ MEADOWBROOK RD,374628.719,5031243.063,-75.60778059,45.41763807,4/14/2015,17:19,01 - Clear,01 - Dry,01 - Traffic signal,02 - Intersection related,01 - Daylight,02 - Non-fatal injury,02 - Angle,Industrial Park
944,REGIONAL ROAD 174 btwn OR174 IC102 RAMP51 & REGIONAL ROAD 174,381400.4125,5038128.423,-75.52019704,45.47887846,3/25/2015,3:10,01 - Clear,01 - Dry,10 - No control,01 - Non intersection,07 - Dark,02 - Non-fatal injury,07 - SMV other,Industrial Park
945,JASMINE CRES btwn ARROWSMITH DR & BEAVERHILL DR,375581.9879,5033682.056,-75.5952514,45.43948694,3/5/2015,7:30,01 - Clear,01 - Dry,10 - No control,01 - Non intersection,01 - Daylight,02 - Non-fatal injury,07 - SMV other,Beacon Hill South - Cardinal Heights
946,CARLING AVE @ SHERWOOD DR,366485.7056,5028717.07,-75.71213144,45.39567517,2/28/2015,10:25,01 - Clear,01 - Dry,01 - Traffic signal,02 - Intersection related,01 - Daylight,02 - Non-fatal injury,03 - Rear end,Centretown West
947,WESLEY AVE @ KIRKWOOD AVE,363901.6545,5028348.111,-75.74517698,45.39257822,2/26/2015,18:23,01 - Clear,02 - Wet,02 - Stop sign,02 - Intersection related,07 - Dark,02 - Non-fatal injury,03 - Rear end,Westboro
948,MARCH RD @ TERRY FOX DR,349864.6086,5023398.063,-75.92489369,45.3490808,4/7/2015,19:00,01 - Clear,01 - Dry,01 - Traffic signal,02 - Intersection related,05 - Dusk,02 - Non-fatal injury,03 - Rear end,South March
949,GREENBANK RD btwn WEST HUNT CLUB RD & FALLOWFIELD RD,362681.9435,5017648.255,-75.76200538,45.29640352,3/14/2015,21:26,03 - Snow,05 - Packed snow,10 - No control,01 - Non intersection,07 - Dark,02 - Non-fatal injury,07 - SMV other,Greenbelt
950,LEES AVE @ KING EDWARD AVE/MANN AVE,369178.5692,5031334.344,-75.6773991,45.41898209,2/12/2015,17:43,03 - Snow,03 - Loose snow,01 - Traffic signal,03 - At intersection,07 - Dark,02 - Non-fatal injury,05 - Turning movement,Sandy Hill
951,PAUL ANKA DR @ UPLANDS DR,369459.6511,5023574.07,-75.67482444,45.34913168,3/27/2015,8:16,03 - Snow,06 - Ice,02 - Stop sign,02 - Intersection related,01 - Daylight,02 - Non-fatal injury,03 - Rear end,Hunt Club East - Western Community
952,BANK ST @ ST. BERNARD ST,373005.7037,5023708.981,-75.62955682,45.35000968,3/27/2015,8:37,01 - Clear,06 - Ice,01 - Traffic signal,02 - Intersection related,01 - Daylight,02 - Non-fatal injury,03 - Rear end,Blossom Park - Blossom Park West - Sawmill Creek/ Timbermill
953,MERIVALE RD @ WOODFIELD DR/ROYDON PL,365462.7011,5022298.017,-75.72598449,45.33800705,4/14/2015,20:50,01 - Clear,01 - Dry,01 - Traffic signal,03 - At intersection,07 - Dark,02 - Non-fatal injury,05 - Turning movement,Tanglewood
954,MANOTICK STATION RD btwn NICK ADAMS RD & HERBERTS CORNERS RD,375174.5189,5009511.414,-75.60389539,45.22205039,4/2/2015,14:36,01 - Clear,01 - Dry,10 - No control,01 - Non intersection,01 - Daylight,02 - Non-fatal injury,07 - SMV other,Kars - Osgoode
955,CARLING AVE @ MERIVALE RD,364894.9233,5027700.764,-75.73257131,45.38666899,3/2/2015,17:53,01 - Clear,01 - Dry,01 - Traffic signal,03 - At intersection,05 - Dusk,02 - Non-fatal injury,05 - Turning movement,Carlington
956,KING EDWARD AVE NB btwn YORK ST & RIDEAU ST,368511.9482,5032430.577,-75.68577423,45.42890662,2/26/2015,11:41,01 - Clear,01 - Dry,10 - No control,01 - Non intersection,01 - Daylight,02 - Non-fatal injury,07 - SMV other,Byward Market
957,HERON RD @ WALKLEY RD,372265.2474,5027084.9,-75.63854453,45.38045657,2/25/2015,16:05,01 - Clear,01 - Dry,01 - Traffic signal,03 - At intersection,01 - Daylight,02 - Non-fatal injury,02 - Angle,Ledbury - Heron Gate - Ridgemont - Elmwood
958,CARLING AVE @ RICHMOND RD,360244.7151,5024781.03,-75.79227877,45.36078092,1/22/2015,18:06,01 - Clear,01 - Dry,01 - Traffic signal,02 - Intersection related,07 - Dark,02 - Non-fatal injury,03 - Rear end,Whitehaven - Queensway Terrace North
959,GEORGE ST @ DALHOUSIE ST,368157.0167,5032317.076,-75.69032433,45.42791762,2/9/2015,15:51,01 - Clear,02 - Wet,01 - Traffic signal,03 - At intersection,01 - Daylight,02 - Non-fatal injury,07 - SMV other,Byward Market
960,CAMPEAU DR @ TERON RD/COLCHESTER SQ,352562.7586,5020468.008,-75.89074509,45.32253706,4/16/2015,9:03,01 - Clear,01 - Dry,01 - Traffic signal,03 - At intersection,01 - Daylight,02 - Non-fatal injury,03 - Rear end,Beaverbrook
961,INDUSTRIAL AVE @ RIVERSIDE DR,370684.7186,5030593.035,-75.65825536,45.41217188,4/15/2015,14:26,01 - Clear,01 - Dry,01 - Traffic signal,02 - Intersection related,01 - Daylight,02 - Non-fatal injury,03 - Rear end,Industrial Park
962,LAFONTAINE AVE @ MCARTHUR AVE,370950.6762,5032769.164,-75.65456565,45.43172668,3/1/2015,8:50,01 - Clear,01 - Dry,01 - Traffic signal,03 - At intersection,01 - Daylight,02 - Non-fatal injury,07 - SMV other,Vanier South
963,MERIVALE RD @ CLEOPATRA DR,365951.667,5021120.079,-75.71989172,45.32736567,3/10/2015,17:15,01 - Clear,02 - Wet,01 - Traffic signal,03 - At intersection,01 - Daylight,02 - Non-fatal injury,07 - SMV other,Merivale Gardens - Grenfell Glen - Pineglen - Country Place
964,ALBERT ST @ KENT ST (OTTAWA),367221.8452,5031320.222,-75.70240057,45.41903233,3/10/2015,21:05,03 - Snow,03 - Loose snow,01 - Traffic signal,03 - At intersection,07 - Dark,02 - Non-fatal injury,07 - SMV other,Downtown
965,MERIVALE RD btwn CALDWELL AVE & CENTRAL PARK DR,364928.0249,5026073.917,-75.73234675,45.37202807,3/14/2015,16:13,04 - Freezing Rain,02 - Wet,10 - No control,01 - Non intersection,01 - Daylight,02 - Non-fatal injury,03 - Rear end,Civic Hospital - Experimental Farm - Central Park
966,HAIG DR @ SMYTH RD,372561.8333,5029299.994,-75.63445372,45.40035843,2/3/2015,20:56,01 - Clear,02 - Wet,01 - Traffic signal,03 - At intersection,07 - Dark,02 - Non-fatal injury,05 - Turning movement,Elmvale - Eastway - Riverview - Riverview Park West
967,BANTREE ST @ INNES RD,373706.6871,5030407.037,-75.6196771,45.41020733,3/19/2015,21:00,01 - Clear,01 - Dry,01 - Traffic signal,03 - At intersection,07 - Dark,02 - Non-fatal injury,05 - Turning movement,Industrial Park
968,CHIMO DR btwn CHIMO DR (LOOP) & CHIMO DR (LOOP),352966.7049,5019366.135,-75.88569985,45.31259458,4/16/2015,9:19,01 - Clear,01 - Dry,10 - No control,01 - Non intersection,01 - Daylight,02 - Non-fatal injury,07 - SMV other,Katimavik - Hazeldean
969,TENTH LINE RD @ CHARLEMAGNE BLVD N/TOMPKINS AV,383183.9299,5037978.364,-75.49741132,45.47733042,4/15/2015,18:43,01 - Clear,01 - Dry,01 - Traffic signal,02 - Intersection related,01 - Daylight,02 - Non-fatal injury,03 - Rear end,Queenswood Heights
970,DUNROBIN RD btwn BUCKHAMS BAY RD & KILMAURS SIDE RD,335432.2756,5038594.221,-76.10812644,45.48660008,2/27/2015,19:44,01 - Clear,02 - Wet,10 - No control,01 - Non intersection,07 - Dark,02 - Non-fatal injury,02 - Angle,Buckham'
971,BRONSON AVE @ SOMERSET ST,366967.6961,5030478.018,-75.7057539,45.41147706,3/10/2015,18:33,01 - Clear,01 - Dry,01 - Traffic signal,03 - At intersection,07 - Dark,02 - Non-fatal injury,07 - SMV other,Centretown West
972,HERON RD @ ALTA VISTA DR,370493.6863,5026903.019,-75.6611871,45.37898842,3/19/2015,16:52,01 - Clear,01 - Dry,01 - Traffic signal,02 - Intersection related,01 - Daylight,02 - Non-fatal injury,03 - Rear end,Alta Vista
973,BANK ST btwn OHIO ST & BELANGER AVE,369635.4067,5027459.837,-75.6720718,45.38407845,1/27/2015,11:00,01 - Clear,01 - Dry,10 - No control,04 - At/near private drive,01 - Daylight,02 - Non-fatal injury,07 - SMV other,Alta Vista
974,CLAREY AVE @ BANK ST,368452.1168,5029269.731,-75.68694702,45.40047185,3/20/2015,11:39,01 - Clear,01 - Dry,02 - Stop sign,03 - At intersection,01 - Daylight,02 - Non-fatal injury,02 - Angle,The Glebe
975,BANKFIELD RD @ MANOTICK MAIN ST/RIDEAU VALLEY ,368433.6262,5010157.882,-75.68963793,45.22850847,3/30/2015,6:39,03 - Snow,02 - Wet,01 - Traffic signal,03 - At intersection,01 - Daylight,02 - Non-fatal injury,05 - Turning movement,Manotick
976,BRONSON AVE btwn BRONSON AVE RAMP 34 & AIRPORT PKWY/BRONSON AVE RAMP 2,368654.0336,5026838.323,-75.68468273,45.37857639,2/17/2015,6:45,04 - Freezing Rain,06 - Ice,10 - No control,07 - Overpass or bridge,03 - Dawn,02 - Non-fatal injury,01 - Approaching,Alta Vista
977,EARL MULLIGAN DR @ WOODROFFE AVE,365249.7373,5017505.014,-75.72928639,45.29489842,2/19/2015,16:57,01 - Clear,01 - Dry,01 - Traffic signal,02 - Intersection related,01 - Daylight,02 - Non-fatal injury,03 - Rear end,Greenbelt
978,WEST HUNT CLUB RD @ ANTARES DR/LASER ST,367106.7474,5022082.947,-75.70503664,45.33592781,3/10/2015,14:42,01 - Clear,01 - Dry,01 - Traffic signal,03 - At intersection,01 - Daylight,02 - Non-fatal injury,07 - SMV other,Industrial Park
979,HERZBERG RD btwn LEGGET DR & CARLING AVE,351937.5205,5022533.162,-75.89852342,45.341162,3/4/2015,8:37,01 - Clear,02 - Wet,10 - No control,04 - At/near private drive,01 - Daylight,02 - Non-fatal injury,05 - Turning movement,Kanata Lakes - Marchwood Lakeside - Morgan's Grant - Kanata
980,LACASSE AVE @ MONTREAL RD,370686.6274,5033406.737,-75.65785461,45.43748821,4/9/2015,10:30,01 - Clear,01 - Dry,01 - Traffic signal,03 - At intersection,01 - Daylight,02 - Non-fatal injury,07 - SMV other,Vanier South
981,CYRVILLE RD @ INNES RD,375048.6886,5031118.118,-75.602433,45.41647184,3/30/2015,11:08,02 - Rain,02 - Wet,01 - Traffic signal,02 - Intersection related,01 - Daylight,02 - Non-fatal injury,03 - Rear end,Industrial Park
982,MERIVALE RD @ 170 N OF HUNTCLUB RD/COSTCO/CANA,365548.5265,5022099.612,-75.72491387,45.3362144,2/23/2015,12:00,01 - Clear,01 - Dry,01 - Traffic signal,02 - Intersection related,01 - Daylight,02 - Non-fatal injury,03 - Rear end,Tanglewood
983,BEECHWOOD AVE @ MARQUETTE AVE,369681.6723,5034040.078,-75.67061483,45.44328072,3/13/2015,15:18,03 - Snow,02 - Wet,02 - Stop sign,03 - At intersection,01 - Daylight,02 - Non-fatal injury,07 - SMV other,Vanier
984,HERON RD @ KALADAR AVE,369684.7595,5026804.056,-75.67152783,45.37817337,3/12/2015,18:40,01 - Clear,01 - Dry,01 - Traffic signal,03 - At intersection,07 - Dark,02 - Non-fatal injury,07 - SMV other,Alta Vista
985,BRONSON AVE @ SUNNYSIDE AVE/UNIVERSITY RD - CA,367921.7462,5028091.065,-75.69387178,45.38991457,2/14/2015,9:39,03 - Snow,03 - Loose snow,01 - Traffic signal,02 - Intersection related,01 - Daylight,02 - Non-fatal injury,03 - Rear end,Carleto
986,TYRRELL PL @ MOODIE DR,357326.8679,5019854.696,-75.83004382,45.3166781,2/19/2015,18:26,01 - Clear,02 - Wet,01 - Traffic signal,03 - At intersection,07 - Dark,02 - Non-fatal injury,05 - Turning movement,Bells Corners East
987,ELGIN ST btwn GLOUCESTER ST & NEPEAN ST (1),367999.7942,5031456.564,-75.69244377,45.42018925,3/21/2015,16:47,01 - Clear,01 - Dry,10 - No control,01 - Non intersection,01 - Daylight,02 - Non-fatal injury,03 - Rear end,Byward Market - Parliament Hill
988,MCBEAN ST btwn BURKE ST & OTTAWA ST,357583.7675,5005326.074,-75.8283102,45.18592727,3/23/2015,14:37,01 - Clear,01 - Dry,10 - No control,01 - Non intersection,01 - Daylight,02 - Non-fatal injury,07 - SMV other,Richmond
989,GREENBANK RD @ BERRIGAN DR/WESSEX RD,363724.6456,5015275.943,-75.7489938,45.27497079,3/9/2015,14:00,01 - Clear,01 - Dry,01 - Traffic signal,02 - Intersection related,01 - Daylight,02 - Non-fatal injury,03 - Rear end,New Barrhaven
990,GREENBANK RD btwn WEST HUNT CLUB RD & FALLOWFIELD RD,361608.982,5020216.635,-75.77539013,45.31960142,3/3/2015,17:35,03 - Snow,03 - Loose snow,10 - No control,01 - Non intersection,05 - Dusk,02 - Non-fatal injury,01 - Approaching,Woodvale - Craig Henry - Manordale - Estates of Arlington Wo
991,JEANNE D'ARC BLVD  S btwn WOODCLIFFE PRIV & HENRI LAUZON ST,380526.3014,5036177.946,-75.53167682,45.46142499,3/27/2015,16:01,01 - Clear,02 - Wet,10 - No control,01 - Non intersection,01 - Daylight,02 - Non-fatal injury,07 - SMV other,Chapel Hill
992,MAIN ST @ RIVERDALE AVE,369430.7772,5029531.048,-75.67441327,45.40273342,3/13/2015,11:57,05 - Drifting Snow,02 - Wet,01 - Traffic signal,03 - At intersection,01 - Daylight,02 - Non-fatal injury,05 - Turning movement,Old Ottawa East
993,CEDARVIEW RD @ WEST HUNT CLUB RD,359718.6774,5019553.996,-75.79957296,45.31378938,1/20/2015,8:02,01 - Clear,04 - Slush,01 - Traffic signal,03 - At intersection,01 - Daylight,02 - Non-fatal injury,03 - Rear end,Greenbelt
994,BANK ST @ QUEENSDALE AVE,373337.7068,5023445.031,-75.62535686,45.34760239,3/31/2015,14:25,01 - Clear,01 - Dry,01 - Traffic signal,03 - At intersection,01 - Daylight,02 - Non-fatal injury,02 - Angle,Blossom Park - Blossom Park West - Sawmill Creek/ Timbermill
995,BEECH ST @ ROCHESTER ST,366856.3186,5029342.385,-75.70731964,45.40126884,4/17/2015,23:05,01 - Clear,01 - Dry,02 - Stop sign,03 - At intersection,07 - Dark,02 - Non-fatal injury,06 - SMV unattended vehicle,Little Italy
996,MAIN ST @ RIVERDALE AVE,369433.6688,5029532.976,-75.67437608,45.40275051,3/9/2015,13:47,01 - Clear,02 - Wet,01 - Traffic signal,02 - Intersection related,01 - Daylight,02 - Non-fatal injury,03 - Rear end,Old Ottawa East
997,ALADDIN LANE @ ALBION RD,372582.8077,5022591.983,-75.63510628,45.34000032,3/3/2015,15:23,01 - Clear,01 - Dry,02 - Stop sign,03 - At intersection,01 - Daylight,02 - Non-fatal injury,03 - Rear end,Blossom Park - Blossom Park West - Sawmill Creek/ Timbermill
998,BANK ST @ CONROY RD,375044.7501,5022237.053,-75.60374661,45.33656462,3/17/2015,16:15,01 - Clear,01 - Dry,01 - Traffic signal,03 - At intersection,01 - Daylight,02 - Non-fatal injury,03 - Rear end,Greenbelt
999,HAZELDEAN RD @ HAZELDEAN RD 1,351379.0341,5016475.75,-75.90621883,45.28669323,3/17/2015,16:41,01 - Clear,01 - Dry,01 - Traffic signal,03 - At intersection,01 - Daylight,02 - Non-fatal injury,02 - Angle,Stittsville - Basswood
1000,STRANDHERD DR @ CEDARVIEW RD/TARTAN DR,362295.7475,5013543.394,-75.76740444,45.25949949,3/31/2015,19:09,01 - Clear,01 - Dry,01 - Traffic signal,02 - Intersection related,07 - Dark,02 - Non-fatal injury,03 - Rear end,New Barrhaven
1001,HAWTHORNE RD/RUSSELL RD @ WALKLEY RD,374676.6716,5028499.059,-75.60755683,45.39294413,4/4/2015,22:27,01 - Clear,01 - Dry,01 - Traffic signal,02 - Intersection related,07 - Dark,02 - Non-fatal injury,03 - Rear end,Sheffield Glen
1002,HIGHWAY 417 btwn HWY417 IC115 RAMP35 & HIGHWAY 417,372518.3682,5031508.419,-75.63470547,45.42023305,2/5/2015,17:44,01 - Clear,01 - Dry,10 - No control,01 - Non intersection,07 - Dark,02 - Non-fatal injury,03 - Rear end,Industrial Park
1003,GALLAGHER RD btwn MACKEY RD & MALAKOFF RD,363397.7453,4994726.774,-75.7555736,45.0900931,3/8/2015,14:51,03 - Snow,05 - Packed snow,10 - No control,01 - Non intersection,01 - Daylight,02 - Non-fatal injury,01 - Approaching,Munster Hamlet - Richmond
1004,BROOKFIELD RD @ 200 W OF FLANNERY DR,368509.5069,5026258.381,-75.68660275,45.37337139,4/10/2015,1:13,02 - Rain,02 - Wet,01 - Traffic signal,02 - Intersection related,07 - Dark,02 - Non-fatal injury,07 - SMV other,Riverside Park
1005,RIVER RD btwn WATERFRONT CRT & KELLY LANE,372971.1329,5006123.177,-75.63241222,45.19178017,2/21/2015,21:36,03 - Snow,06 - Ice,10 - No control,01 - Non intersection,07 - Dark,02 - Non-fatal injury,07 - SMV other,Manotick
1006,HIGHWAY 417 btwn HWY417 IC123 RAMP62 & HWY417 IC122 RAMP16,365132.4099,5028708.68,-75.72941558,45.39571759,7/11/2015,11:46,01 - Clear,01 - Dry,10 - No control,01 - Non intersection,01 - Daylight,02 - Non-fatal injury,04 - Sideswipe,Civic Hospital - Experimental Farm - Central Park
1007,EARL ARMSTRONG RD @ LIMEBANK RD,370168.4379,5015993.191,-75.66678024,45.28085495,3/2/2015,15:25,01 - Clear,01 - Dry,01 - Traffic signal,02 - Intersection related,01 - Daylight,02 - Non-fatal injury,03 - Rear end,Gloucester
1008,LEITRIM RD btwn HIGH RD & ALBION RD,372538.8427,5019830.49,-75.63604502,45.31515752,4/3/2015,1:02,02 - Rain,02 - Wet,10 - No control,01 - Non intersection,07 - Dark,02 - Non-fatal injury,07 - SMV other,Greenbelt
1009,BEARBROOK RD/ROCKCLIFFE PKWY @ ST. JOSEPH BLVD,377128.5079,5035247.637,-75.57525591,45.45341473,2/22/2015,18:14,01 - Clear,02 - Wet,01 - Traffic signal,03 - At intersection,07 - Dark,02 - Non-fatal injury,05 - Turning movement,Greenbelt
1010,KING EDWARD AVE @ MURRAY ST,368292.6637,5032753.1,-75.68853477,45.43182851,4/7/2015,21:45,01 - Clear,01 - Dry,01 - Traffic signal,03 - At intersection,07 - Dark,02 - Non-fatal injury,07 - SMV other,Byward Market
1011,CHAMPLAIN ST @ PLACE D'ORLEANS DR,381595.8798,5038180.378,-75.51768904,45.47932443,4/10/2015,14:18,02 - Rain,02 - Wet,01 - Traffic signal,02 - Intersection related,01 - Daylight,02 - Non-fatal injury,03 - Rear end,Industrial Park
1012,HIGHWAY 416 btwn HWY416 IC66 RAMP62 & HWY416 IC72 RAMP24,360225.593,5017641.546,-75.79332215,45.29654121,7/12/2015,11:20,01 - Clear,01 - Dry,10 - No control,01 - Non intersection,01 - Daylight,02 - Non-fatal injury,07 - SMV other,Greenbelt
1013,HIGHWAY 417 btwn HWY417 IC118 RAMP76 & HWY417 IC118 RAMP67,369490.5221,5031075.69,-75.67344747,45.41662604,9/30/2015,20:05,01 - Clear,01 - Dry,10 - No control,01 - Non intersection,07 - Dark,02 - Non-fatal injury,03 - Rear end,Sandy Hill
1014,ANTIGONISH AVE @ TRIM RD,384943.9021,5038876.799,-75.47475695,45.48521387,1/14/2015,7:56,01 - Clear,06 - Ice,02 - Stop sign,02 - Intersection related,01 - Daylight,03 - P.D. only,03 - Rear end,Cardinal Creek
1015,BAY ST @ SLATER ST,366983.7046,5031078.573,-75.70547362,45.41687926,4/12/2015,21:39,01 - Clear,01 - Dry,01 - Traffic signal,03 - At intersection,07 - Dark,02 - Non-fatal injury,02 - Angle,Downtown
1016,MARCH RD btwn GREY FOX DR & HOWIE RD,336916.1328,5016990.197,-76.0905502,45.29213218,2/26/2015,1:40,01 - Clear,01 - Dry,10 - No control,01 - Non intersection,07 - Dark,02 - Non-fatal injury,07 - SMV other,Carp - Hardwood Plains
1017,KNUDSON DR @ WESLOCK WAY,350944.3331,5020747.843,-75.9113623,45.32516333,6/8/2015,19:24,01 - Clear,01 - Dry,02 - Stop sign,03 - At intersection,01 - Daylight,02 - Non-fatal injury,02 - Angle,Kanata Lakes - Marchwood Lakeside - Morgan's Grant - Kanata
1018,HWY 417 ST.LAURE IC115R51 @ ST. LAURENT BLVD,372529.5233,5031411.931,-75.63457621,45.41936381,6/8/2015,23:16,01 - Clear,01 - Dry,01 - Traffic signal,02 - Intersection related,07 - Dark,02 - Non-fatal injury,03 - Rear end,Industrial Park
1019,TERRY FOX DR @ FERNBANK RD,354305.0773,5015130.114,-75.86905459,45.27438487,5/6/2015,19:38,01 - Clear,01 - Dry,01 - Traffic signal,03 - At intersection,01 - Daylight,02 - Non-fatal injury,02 - Angle,Stittsville - Basswood
1020,HUNT CLUB RD @ PAUL ANKA DR,369778.4459,5022896.409,-75.67084548,45.34300481,5/26/2015,12:51,01 - Clear,01 - Dry,01 - Traffic signal,02 - Intersection related,01 - Daylight,02 - Non-fatal injury,03 - Rear end,Hunt Club - Ottawa Airport