Record,Location,X,Y,lon,lat,Date,Time,Environment,Road_Surface,Traffic_Control,Collision_Location,Light,Collision_Classification,Impact_type,Neighborhood
1123,NAVAHO DR @ WOODROFFE AVE/TRANSITWAY N BASELIN,362705.5212,5023492.351,-75.76102145,45.34898656,4/20/2015,12:06,01 - Clear,02 - Wet,01 - Traffic signal,03 - At intersection,01 - Daylight,02 - Non-fatal injury,05 - Turning movement,Crestview - Meadowlands
1124,LAURIER AVE @ NICHOLAS ST,368373.637,5031797.189,-75.68762339,45.42322021,5/26/2015,17:00,01 - Clear,01 - Dry,01 - Traffic signal,03 - At intersection,01 - Daylight,02 - Non-fatal injury,07 - SMV other,Sandy Hill
1125,VANIER PKWY/CRICHTON ST @ BEECHWOOD AVE/ST. PA,369128.9657,5033488.271,-75.67775149,45.43836687,6/3/2015,8:55,01 - Clear,01 - Dry,01 - Traffic signal,02 - Intersection related,01 - Daylight,02 - Non-fatal injury,03 - Rear end,Vanier North
1126,BROUGHTON ST btwn MANNING CRT & BRYANT ST,349734.486,5020805.442,-75.92678964,45.32576012,4/21/2015,15:39,01 - Clear,01 - Dry,10 - No control,01 - Non intersection,01 - Daylight,02 - Non-fatal injury,02 - Angle,Kanata Lakes - Marchwood Lakeside - Morgan's Grant - Kanata
1127,REGIONAL ROAD 174 btwn QUIGLEY HILL RD & REGIONAL ROAD 174 DIVIDED,384829.2907,5040817.341,-75.47590646,45.50268608,9/3/2015,11:44,01 - Clear,01 - Dry,10 - No control,01 - Non intersection,01 - Daylight,02 - Non-fatal injury,05 - Turning movement,Cumberland - Estates
1128,BANK ST @ RANDALL AVE,369739.0045,5027281.463,-75.67077249,45.3824639,8/12/2015,8:32,01 - Clear,01 - Dry,01 - Traffic signal,02 - Intersection related,01 - Daylight,02 - Non-fatal injury,02 - Angle,Alta Vista
1129,ST. LAURENT BLVD @ COVENTRY RD/OGILVIE RD,372306.4402,5031951.214,-75.63735247,45.42423759,7/28/2015,15:54,01 - Clear,01 - Dry,01 - Traffic signal,03 - At intersection,01 - Daylight,02 - Non-fatal injury,02 - Angle,Overbrook
1130,HAWTHORNE RD btwn BLAIS RD & RIDEAU RD,378227.4819,5019895.163,-75.56349074,45.3151676,8/28/2015,3:33,01 - Clear,01 - Dry,10 - No control,01 - Non intersection,07 - Dark,02 - Non-fatal injury,07 - SMV other,Greenbelt
1131,MOONEY'S BAY PL @ SPRINGLAND DR,368661.7193,5025339.877,-75.68477834,45.36509308,8/27/2015,7:59,01 - Clear,01 - Dry,02 - Stop sign,03 - At intersection,01 - Daylight,02 - Non-fatal injury,02 - Angle,Riverside Park
1132,BASELINE RD @ GREENBANK RD,360596.9636,5022583.419,-75.78803084,45.34097892,9/1/2015,20:39,01 - Clear,01 - Dry,01 - Traffic signal,02 - Intersection related,07 - Dark,02 - Non-fatal injury,03 - Rear end,Qualicum - Redwood Park
1133,REGIONAL ROAD 174 btwn QUIGLEY HILL RD & REGIONAL ROAD 174 DIVIDED,384784.9808,5040732.064,-75.47648728,45.50192393,9/3/2015,12:06,01 - Clear,01 - Dry,10 - No control,01 - Non intersection,01 - Daylight,02 - Non-fatal injury,05 - Turning movement,Cumberland - Estates
1134,RIVERSIDE DR SB btwn Continuation of RIVERSIDE DR & HWY417 IC117 RAMP5,370770.3664,5030906.719,-75.65711925,45.41498621,9/3/2015,13:24,01 - Clear,01 - Dry,10 - No control,01 - Non intersection,01 - Daylight,02 - Non-fatal injury,07 - SMV other,Industrial Park
1135,VANIER PKWY/CRICHTON ST @ BEECHWOOD AVE/ST. PA,369127.4926,5033488.928,-75.67777023,45.43837291,9/3/2015,21:21,01 - Clear,01 - Dry,01 - Traffic signal,03 - At intersection,07 - Dark,02 - Non-fatal injury,05 - Turning movement,Vanier North
1136,ELGIN ST @ QUEEN ST,367805.4232,5031777.776,-75.69488608,45.42309694,5/11/2015,16:00,02 - Rain,02 - Wet,01 - Traffic signal,02 - Intersection related,01 - Daylight,02 - Non-fatal injury,03 - Rear end,Downtown
1137,WOODROFFE AVE @ SPORTSPLEX N,363764.383,5021067.595,-75.74779857,45.32708059,8/13/2015,8:20,01 - Clear,01 - Dry,01 - Traffic signal,03 - At intersection,01 - Daylight,02 - Non-fatal injury,05 - Turning movement,Merivale Gardens - Grenfell Glen - Pineglen - Country Place
1138,ELGIN ST btwn MACLAREN ST & GILMOUR ST,368218.0828,5031113.962,-75.68969889,45.41708688,9/3/2015,11:49,01 - Clear,01 - Dry,10 - No control,01 - Non intersection,01 - Daylight,02 - Non-fatal injury,04 - Sideswipe,Centretown
1139,HAZELDEAN RD @ TERRY FOX DR,352206.1696,5017242.811,-75.89560194,45.29354014,2/10/2015,20:36,01 - Clear,02 - Wet,01 - Traffic signal,03 - At intersection,07 - Dark,02 - Non-fatal injury,05 - Turning movement,Glen Cairn - Kanata South Business Park
1140,CHARLES ST @ STANLEY AVE,368008.6999,5033795.963,-75.69202969,45.44123754,8/13/2015,17:48,01 - Clear,01 - Dry,02 - Stop sign,02 - Intersection related,01 - Daylight,02 - Non-fatal injury,02 - Angle,New Edinburgh
1141,CENTREPOINTE DR @ REC PATH BEN FRANKLIN PL,362423.1405,5023032.427,-75.76467842,45.34487145,8/12/2015,8:20,01 - Clear,01 - Dry,01 - Traffic signal,03 - At intersection,01 - Daylight,02 - Non-fatal injury,02 - Angle,Centrepointe
1142,BANK ST @ RIVERSIDE DR N,369226.4366,5027983.186,-75.67722537,45.38882511,9/2/2015,6:28,01 - Clear,01 - Dry,01 - Traffic signal,03 - At intersection,03 - Dawn,02 - Non-fatal injury,02 - Angle,Alta Vista
1143,REGIONAL ROAD 174 EB btwn HWY417 IC113 RAMP65 & OR174 BLAIR IC112 RAMP51,374783.2703,5032805.559,-75.6055841,45.43168111,8/13/2015,16:27,01 - Clear,01 - Dry,10 - No control,06 - Underpass or tunnel,01 - Daylight,02 - Non-fatal injury,03 - Rear end,Pineview
1144,RIVER RD btwn KILBY LANE & WATERFRONT CRT,372243.2524,5007466.903,-75.64149282,45.20394087,9/15/2015,6:10,01 - Clear,01 - Dry,10 - No control,01 - Non intersection,07 - Dark,02 - Non-fatal injury,01 - Approaching,Manotick
1145,CONROY RD @ WALKLEY RD,372903.7226,5027462.45,-75.63034077,45.38379183,9/15/2015,9:07,01 - Clear,01 - Dry,01 - Traffic signal,02 - Intersection related,01 - Daylight,02 - Non-fatal injury,03 - Rear end,Elmvale - Eastway - Riverview - Riverview Park West
1146,PRINCESS AVE @ ROCKCLIFFE PKWY,368226.9692,5034331.171,-75.68917094,45.44603337,5/7/2015,17:27,01 - Clear,01 - Dry,11 - Roundabout,03 - At intersection,01 - Daylight,02 - Non-fatal injury,02 - Angle,Rockcliffe - Manor Park
1147,BANKFIELD RD btwn KILREEN LANE & PRINCE OF WALES DR,366204.5548,5008882.774,-75.71817931,45.21723288,8/15/2015,13:38,01 - Clear,01 - Dry,10 - No control,01 - Non intersection,01 - Daylight,02 - Non-fatal injury,03 - Rear end,Manotick
1148,MURRAY ST @ PARENT AVE,367861.984,5032488.236,-75.69407243,45.42948433,8/13/2015,16:11,01 - Clear,01 - Dry,01 - Traffic signal,02 - Intersection related,01 - Daylight,02 - Non-fatal injury,03 - Rear end,Byward Market
1149,INNES RD btwn ORIENT PARK DR & EASTPARK DR,378358.2176,5033058.551,-75.559863,45.43359049,8/21/2015,12:43,01 - Clear,01 - Dry,10 - No control,01 - Non intersection,01 - Daylight,02 - Non-fatal injury,07 - SMV other,Blackburn Hamlet
1150,AVIATION PKWY @ MONTREAL RD,372148.158,5034108.943,-75.63907973,45.44366707,8/28/2015,16:17,01 - Clear,01 - Dry,01 - Traffic signal,03 - At intersection,01 - Daylight,02 - Non-fatal injury,05 - Turning movement,Cummings
1151,INNES RD btwn BLAIR RD & ANDERSON RD,376266.3267,5031833.276,-75.58677349,45.42278311,9/2/2015,7:39,01 - Clear,01 - Dry,10 - No control,01 - Non intersection,01 - Daylight,02 - Non-fatal injury,03 - Rear end,Greenbelt
1152,FINDLAY CREEK DR btwn DEVONWOOD CIRC & BANK ST,375719.9058,5020382.488,-75.59539903,45.3198101,9/10/2015,17:51,01 - Clear,01 - Dry,10 - No control,04 - At/near private drive,01 - Daylight,02 - Non-fatal injury,03 - Rear end,Greenbelt
1153,PRESTON ST btwn ANDERSON ST & OAK ST,366365.0266,5029996.847,-75.71351288,45.40720089,9/6/2015,17:00,01 - Clear,01 - Dry,10 - No control,01 - Non intersection,01 - Daylight,02 - Non-fatal injury,07 - SMV other,Little Italy
1154,BLAIR RD @ INNES RD,375579.4556,5031438.474,-75.59560623,45.41930074,8/22/2015,16:00,01 - Clear,01 - Dry,01 - Traffic signal,02 - Intersection related,01 - Daylight,02 - Non-fatal injury,03 - Rear end,Greenbelt
1155,CARP RD btwn HWY417 IC144 RAMP25 & WESTBROOK RD,347666.0034,5015522.24,-75.95363199,45.27834945,9/15/2015,11:49,01 - Clear,01 - Dry,10 - No control,01 - Non intersection,01 - Daylight,02 - Non-fatal injury,04 - Sideswipe,Stittsville - Basswood
1156,REGIONAL ROAD 174 btwn REGIONAL ROAD 174 & OR174 IC102 RAMP15,381753.94,5038331.919,-75.51564382,45.48067046,7/6/2015,1:17,01 - Clear,01 - Dry,10 - No control,01 - Non intersection,07 - Dark,02 - Non-fatal injury,07 - SMV other,Industrial Park
1157,LEES AVE @ KING EDWARD AVE/MANN AVE,369178.9388,5031335.223,-75.67739426,45.41898996,8/16/2015,21:45,01 - Clear,01 - Dry,01 - Traffic signal,02 - Intersection related,07 - Dark,02 - Non-fatal injury,03 - Rear end,Sandy Hill
1158,CHARLEMAGNE BLVD @ GARDENWAY DR/BOTTRIELL WAY ,384049.6229,5037036.016,-75.48649219,45.46875433,8/17/2015,14:40,01 - Clear,01 - Dry,01 - Traffic signal,03 - At intersection,01 - Daylight,02 - Non-fatal injury,05 - Turning movement,Fallingbrook
1159,BASELINE RD @ CLYDE AVE,364357.9826,5024888.711,-75.73976669,45.36141244,5/8/2015,19:52,01 - Clear,01 - Dry,01 - Traffic signal,02 - Intersection related,01 - Daylight,02 - Non-fatal injury,03 - Rear end,Braemar Park - Bel Air Heights - Copeland Park
1160,COLONEL BY DR @ HAWTHORNE AVE/PRETORIA BRIDGE,368767.7102,5030526.648,-75.68275317,45.4117524,8/11/2015,21:31,02 - Rain,02 - Wet,01 - Traffic signal,02 - Intersection related,07 - Dark,02 - Non-fatal injury,03 - Rear end,Old Ottawa East
1161,INNES RD @ STONEHENGE CRES W,375198.2998,5031214.762,-75.60050785,45.41732635,8/28/2015,16:18,01 - Clear,01 - Dry,01 - Traffic signal,02 - Intersection related,01 - Daylight,02 - Non-fatal injury,03 - Rear end,Industrial Park
1162,CARLING AVE @ WOODROFFE AVE W,361766.9629,5025725.153,-75.77274082,45.36915402,8/30/2015,10:44,01 - Clear,01 - Dry,01 - Traffic signal,02 - Intersection related,01 - Daylight,02 - Non-fatal injury,07 - SMV other,Carlingwood West - Glabar Park - McKellar Heights
1163,BASELINE RD @ CENTREPOINTE DR E/HIGHGATE RD,362062.4073,5023465.866,-75.76923113,45.34880105,6/16/2015,11:50,02 - Rain,02 - Wet,01 - Traffic signal,02 - Intersection related,01 - Daylight,02 - Non-fatal injury,03 - Rear end,Iris
1164,BELFAST RD @ ST. LAURENT BLVD,372860.7241,5030578.202,-75.63045988,45.41183017,9/12/2015,8:38,02 - Rain,02 - Wet,01 - Traffic signal,03 - At intersection,01 - Daylight,02 - Non-fatal injury,05 - Turning movement,Industrial Park
1165,ST. JOSEPH BLVD btwn BOYER RD & ORLEANS BLVD,380600.026,5036959.329,-75.53061374,45.46844725,9/12/2015,10:24,02 - Rain,02 - Wet,10 - No control,04 - At/near private drive,01 - Daylight,02 - Non-fatal injury,05 - Turning movement,Industrial Park
1166,BANK ST @ JOHNSTON RD,370850.6328,5024839.747,-75.65690578,45.36039023,9/3/2015,17:18,01 - Clear,01 - Dry,01 - Traffic signal,03 - At intersection,01 - Daylight,02 - Non-fatal injury,05 - Turning movement,South Keys - Heron Gate - Greenboro West
1167,ARDMORE ST btwn EARNSCLIFFE GROVE & GUERNSEY PL,367967.9891,5014203.494,-75.69505315,45.26495259,7/6/2015,7:30,01 - Clear,01 - Dry,10 - No control,01 - Non intersection,01 - Daylight,03 - P.D. only,06 - SMV unattended vehicle,Greenbelt
1168,RICHMOND RD btwn EDGEWORTH AVE/MCEWEN AVE & REGINA LANE,361038.2017,5025840.965,-75.7820305,45.37025495,7/11/2015,23:12,01 - Clear,01 - Dry,10 - No control,04 - At/near private drive,07 - Dark,02 - Non-fatal injury,05 - Turning movement,Woodroffe - Lincoln Heights
1169,WEST HUNT CLUB RD WB btwn MERIVALE RD & ROYDON PL,365718.5725,5022011.292,-75.72275534,45.33540496,7/8/2015,17:23,01 - Clear,01 - Dry,10 - No control,01 - Non intersection,01 - Daylight,02 - Non-fatal injury,04 - Sideswipe,Industrial Park
1170,BANK ST @ DAVIDSON RD/LESTER RD,373673.4588,5022923.873,-75.62114524,45.34288032,8/26/2015,21:47,01 - Clear,01 - Dry,01 - Traffic signal,03 - At intersection,07 - Dark,02 - Non-fatal injury,02 - Angle,Blossom Park - Blossom Park West - Sawmill Creek/ Timbermill
1171,RUSSELL RD @ SAUMURE RD/LANGLADE RD,399947.8987,5029465.566,-75.28467747,45.39866195,8/30/2015,18:24,01 - Clear,01 - Dry,02 - Stop sign,03 - At intersection,01 - Daylight,02 - Non-fatal injury,05 - Turning movement,Navan - Vars
1172,PALLADIUM DR btwn HUNTMAR DR & HWY417 IC142 RAMP25,349571.8285,5017207.548,-75.92918955,45.29339562,9/4/2015,6:45,01 - Clear,01 - Dry,10 - No control,04 - At/near private drive,03 - Dawn,02 - Non-fatal injury,05 - Turning movement,Stittsville - Basswood
1173,CADBORO RD @ OGILVIE RD,373600.7221,5032663.482,-75.62071561,45.43052012,9/7/2015,16:32,01 - Clear,01 - Dry,01 - Traffic signal,02 - Intersection related,01 - Daylight,02 - Non-fatal injury,03 - Rear end,Industrial Park
1174,CASTLEFRANK RD @ KATIMAVIK RD,351950.4529,5018943.156,-75.89870027,45.30885748,9/10/2015,15:55,01 - Clear,01 - Dry,01 - Traffic signal,03 - At intersection,01 - Daylight,02 - Non-fatal injury,05 - Turning movement,Katimavik - Hazeldean
1175,RICHMOND RD btwn WEST HUNT CLUB RD & STONEHAVEN DR,357071.448,5017882.911,-75.83350933,45.29895478,9/9/2015,16:33,01 - Clear,01 - Dry,10 - No control,01 - Non intersection,01 - Daylight,02 - Non-fatal injury,03 - Rear end,Greenbelt
1176,ALBION RD btwn MASSICOTTE LANE & BRAMPTON RD,372151.6826,5023628.381,-75.6404656,45.349367,9/4/2015,11:24,01 - Clear,01 - Dry,10 - No control,04 - At/near private drive,01 - Daylight,02 - Non-fatal injury,05 - Turning movement,Emerald Woods - Sawmill Creek
1177,NORICE ST @ WOODROFFE AVE,363193.9633,5022397.132,-75.75491786,45.33909137,9/4/2015,14:50,01 - Clear,01 - Dry,01 - Traffic signal,02 - Intersection related,01 - Daylight,02 - Non-fatal injury,03 - Rear end,Tanglewood
1178,INNES RD btwn 260 E OF BELCOURT BLVD/WALMART SC & JEANNE D'ARC BLVD/ME,382491.5653,5035483.72,-75.50666015,45.45496315,9/8/2015,13:28,01 - Clear,01 - Dry,10 - No control,01 - Non intersection,01 - Daylight,02 - Non-fatal injury,04 - Sideswipe,Chapel Hill South
1179,BASELINE RD btwn MERIVALE RD & FARLANE BLVD,365308.3901,5025488.037,-75.72756283,45.36672369,9/11/2015,16:04,01 - Clear,01 - Dry,10 - No control,01 - Non intersection,01 - Daylight,02 - Non-fatal injury,03 - Rear end,Civic Hospital - Experimental Farm - Central Park
1180,BANK ST btwn ALTA VISTA DR & ERIE AVE,370234.3754,5026236.415,-75.6645861,45.3730148,9/12/2015,15:10,01 - Clear,02 - Wet,10 - No control,04 - At/near private drive,01 - Daylight,02 - Non-fatal injury,02 - Angle,Ledbury - Heron Gate - Ridgemont - Elmwood
1181,CARLING AVE @ 640 W OF RANGE RD/D.N.D. ENTRANC,353356.1,5022977.169,-75.88037976,45.34506049,8/5/2015,17:15,01 - Clear,01 - Dry,01 - Traffic signal,02 - Intersection related,01 - Daylight,02 - Non-fatal injury,03 - Rear end,Greenbelt
1182,CUMMINGS AVE @ MONTREAL RD,372006.987,5034041.667,-75.64089332,45.44307534,8/27/2015,11:30,01 - Clear,01 - Dry,01 - Traffic signal,03 - At intersection,01 - Daylight,02 - Non-fatal injury,07 - SMV other,Cummings
1183,HWY 417 CASTLEFR IC139R61 @ KANATA AVE,351615.2187,5019225.33,-75.90294855,45.31141898,8/17/2015,7:29,01 - Clear,01 - Dry,01 - Traffic signal,03 - At intersection,01 - Daylight,02 - Non-fatal injury,02 - Angle,Kanata
1184,CARLING AVE @ BAYSHORE DR/BIRCHDALE AVE,359004.871,5023990.252,-75.80819024,45.35376246,8/29/2015,19:13,02 - Rain,02 - Wet,01 - Traffic signal,03 - At intersection,01 - Daylight,02 - Non-fatal injury,05 - Turning movement,Bayshore
1185,INNES RD btwn ANDERSON RD & INNES RD,376521.8223,5031978.525,-75.58348793,45.42406382,8/30/2015,22:18,01 - Clear,01 - Dry,10 - No control,01 - Non intersection,07 - Dark,02 - Non-fatal injury,07 - SMV other,Greenbelt
1186,RICHMOND RD btwn JOHN SUTHERLAND DR & HOLLY ACRES RD,359047.1401,5022722.911,-75.80778981,45.34235563,9/4/2015,19:20,01 - Clear,01 - Dry,10 - No control,01 - Non intersection,05 - Dusk,02 - Non-fatal injury,07 - SMV other,Greenbelt
1187,RIVERSIDE DR SB btwn SAN REMO PRIV & TERMINAL AVE,370660.2141,5030577.779,-75.65857043,45.41203692,9/8/2015,17:00,01 - Clear,01 - Dry,10 - No control,01 - Non intersection,01 - Daylight,02 - Non-fatal injury,03 - Rear end,Industrial Park
1188,BANK ST @ LAURIER AVE,367482.1417,5031265.228,-75.69908193,45.41851424,8/24/2015,6:42,01 - Clear,01 - Dry,01 - Traffic signal,03 - At intersection,01 - Daylight,02 - Non-fatal injury,05 - Turning movement,Downtown
1189,MERIVALE RD @ EMERALD PLAZA SC,364736.7746,5024006.08,-75.73503901,45.35343837,8/27/2015,15:54,01 - Clear,01 - Dry,01 - Traffic signal,03 - At intersection,01 - Daylight,02 - Non-fatal injury,07 - SMV other,Cityview - Skyline - Fisher Heights
1190,INNES RD @ STAR TOP RD/WINDMILL LANE,374147.7258,5030665.479,-75.6140069,45.4124891,8/31/2015,8:09,01 - Clear,01 - Dry,01 - Traffic signal,03 - At intersection,01 - Daylight,02 - Non-fatal injury,02 - Angle,Industrial Park
1191,INNES RD @ STONEHENGE CRES E,375363.7425,5031313.193,-75.59838013,45.41819532,9/5/2015,14:03,01 - Clear,01 - Dry,01 - Traffic signal,02 - Intersection related,01 - Daylight,02 - Non-fatal injury,03 - Rear end,Greenbelt
1192,FINDLAY CREEK DR @ BANK ST,375847.4734,5020460.325,-75.59376092,45.32049755,9/12/2015,14:49,02 - Rain,02 - Wet,01 - Traffic signal,02 - Intersection related,01 - Daylight,02 - Non-fatal injury,03 - Rear end,Greenbelt
1193,ELGIN ST @ SLATER ST,367890.7077,5031646.935,-75.69381314,45.42191199,9/13/2015,0:04,02 - Rain,02 - Wet,01 - Traffic signal,03 - At intersection,07 - Dark,02 - Non-fatal injury,02 - Angle,Downtown
1194,JOCKVALE RD/RIDEAU VALLEY DR @ PRINCE OF WALES,366708.9762,5012195.037,-75.71134536,45.2469925,7/25/2015,18:46,02 - Rain,02 - Wet,01 - Traffic signal,03 - At intersection,01 - Daylight,02 - Non-fatal injury,05 - Turning movement,New Barrhaven
1195,BRONSON AVE @ HOLMWOOD AVE,367701.4284,5028728.913,-75.69660387,45.39567357,8/24/2015,12:25,02 - Rain,02 - Wet,01 - Traffic signal,02 - Intersection related,01 - Daylight,02 - Non-fatal injury,03 - Rear end,The Glebe
1196,ATHLONE AVE @ BYRON AVE,363523.4156,5028273.189,-75.7500162,45.3919359,9/1/2015,16:49,01 - Clear,01 - Dry,02 - Stop sign,03 - At intersection,01 - Daylight,02 - Non-fatal injury,02 - Angle,Westboro
1197,PRINCE OF WALES DR @ MERIVALE RD,367448.2699,5017616.1,-75.70124451,45.29570538,9/5/2015,20:56,01 - Clear,01 - Dry,01 - Traffic signal,03 - At intersection,07 - Dark,02 - Non-fatal injury,05 - Turning movement,Greenbelt
1198,REGIONAL RD 174 @ TRIM RD,384352.574,5039989.98,-75.48213992,45.49529683,9/8/2015,12:37,01 - Clear,01 - Dry,01 - Traffic signal,02 - Intersection related,01 - Daylight,02 - Non-fatal injury,03 - Rear end,Chatelaine Village
1199,SMYTH RD E/LANCASTER RD @ ST. LAURENT BLVD N/R,373364.921,5029424.83,-75.62417943,45.40140346,9/12/2015,17:21,02 - Rain,02 - Wet,01 - Traffic signal,02 - Intersection related,01 - Daylight,02 - Non-fatal injury,03 - Rear end,Sheffield Glen
1200,AYLMER AVE @ BANK ST,368672.9917,5028729.904,-75.68419589,45.39559454,7/28/2015,20:27,01 - Clear,01 - Dry,01 - Traffic signal,02 - Intersection related,05 - Dusk,02 - Non-fatal injury,03 - Rear end,Old Ottawa South
1201,ANDERSON RD @ RIDGE RD,379028.316,5028509.613,-75.55198481,45.39259135,8/24/2015,13:26,02 - Rain,02 - Wet,02 - Stop sign,03 - At intersection,01 - Daylight,02 - Non-fatal injury,02 - Angle,Greenbelt
1202,ALBION RD @ BANK ST,371947.2304,5024130.161,-75.64300636,45.35390145,8/24/2015,13:31,01 - Clear,02 - Wet,01 - Traffic signal,03 - At intersection,01 - Daylight,02 - Non-fatal injury,02 - Angle,Emerald Woods - Sawmill Creek
1203,PRINCE OF WALES DR @ MERIVALE RD,367449.7113,5017616.1,-75.70122613,45.29570525,8/25/2015,9:41,01 - Clear,01 - Dry,01 - Traffic signal,02 - Intersection related,01 - Daylight,02 - Non-fatal injury,03 - Rear end,Greenbelt
1204,INNES RD btwn PRESTWICK DR & TENTH LINE RD,383754.8911,5036077.145,-75.49041489,45.46016066,8/31/2015,17:17,01 - Clear,01 - Dry,10 - No control,04 - At/near private drive,01 - Daylight,02 - Non-fatal injury,02 - Angle,Queenswood Heights
1205,DWYER HILL RD btwn DWYER HILL RD & O'NEIL RD,350972.2524,4995333.48,-75.9133619,45.09647243,9/9/2015,16:05,01 - Clear,01 - Dry,10 - No control,01 - Non intersection,01 - Daylight,02 - Non-fatal injury,07 - SMV other,Munster Hamlet - Richmond
1206,INNES RD @ STAR TOP RD/WINDMILL LANE,374147.7258,5030665.479,-75.6140069,45.4124891,8/24/2015,9:52,01 - Clear,01 - Dry,01 - Traffic signal,02 - Intersection related,01 - Daylight,02 - Non-fatal injury,05 - Turning movement,Industrial Park
1207,BELFAST RD @ ST. LAURENT BLVD,372860.0034,5030576.76,-75.63046929,45.41181727,8/24/2015,12:24,01 - Clear,01 - Dry,01 - Traffic signal,03 - At intersection,01 - Daylight,02 - Non-fatal injury,04 - Sideswipe,Industrial Park
1208,HERON RD WB btwn RIVERSIDE DR & BRONSON AVE RAMP 36,368318.5824,5026672.086,-75.68898688,45.37711112,9/10/2015,7:22,01 - Clear,01 - Dry,10 - No control,01 - Non intersection,01 - Daylight,02 - Non-fatal injury,07 - SMV other,Riverside Park
1209,ELGIN ST @ LISGAR ST,368074.7112,5031345.936,-75.69150079,45.41918709,9/12/2015,19:39,02 - Rain,02 - Wet,01 - Traffic signal,03 - At intersection,07 - Dark,02 - Non-fatal injury,02 - Angle,Centretown
1210,CLEGG ST btwn MARLOWE CRES & END,369450.8243,5030028.984,-75.67409193,45.40721183,9/12/2015,20:11,02 - Rain,02 - Wet,10 - No control,01 - Non intersection,07 - Dark,02 - Non-fatal injury,07 - SMV other,Old Ottawa East
1211,TERRY FOX DR @ FERNBANK RD,354303.2749,5015130.744,-75.86907749,45.27439067,9/13/2015,16:48,01 - Clear,01 - Dry,01 - Traffic signal,03 - At intersection,01 - Daylight,02 - Non-fatal injury,02 - Angle,Stittsville - Basswood
1212,DWYER HILL RD btwn PURDY RD & DWYER HILL RD,351029.5046,4995571.18,-75.9126126,45.09860766,7/31/2015,16:45,01 - Clear,01 - Dry,10 - No control,01 - Non intersection,01 - Daylight,02 - Non-fatal injury,07 - SMV other,Munster Hamlet - Richmond
1213,BASELINE RD @ WOODROFFE AVE,362550.7879,5023769.846,-75.76296355,45.3514962,8/6/2015,10:41,01 - Clear,01 - Dry,01 - Traffic signal,02 - Intersection related,01 - Daylight,02 - Non-fatal injury,03 - Rear end,Iris
1214,WURTEMBURG ST btwn LAFRAMBOISE PL & CLARENCE ST E,369108.8477,5033286.633,-75.67803495,45.43655446,8/25/2015,9:59,01 - Clear,01 - Dry,10 - No control,01 - Non intersection,01 - Daylight,02 - Non-fatal injury,07 - SMV other,Lower Town
1215,IRIS ST btwn TO BE DETERMINED & SOUTHWOOD DR,360768.6171,5023405.22,-75.78574772,45.3483598,1/1/2015,8:44,01 - Clear,01 - Dry,10 - No control,01 - Non intersection,01 - Daylight,02 - Non-fatal injury,07 - SMV other,Iris
1216,MURRAY ST btwn DALHOUSIE ST & CUMBERLAND ST,368086.2765,5032628.02,-75.69118831,45.43072179,7/8/2015,17:31,01 - Clear,01 - Dry,10 - No control,01 - Non intersection,01 - Daylight,02 - Non-fatal injury,03 - Rear end,Byward Market
1217,WEST HUNT CLUB RD @ ROYDON PL/SUNDERLAND ST,365974.4283,5022170.571,-75.71947155,45.33681587,8/24/2015,14:49,01 - Clear,01 - Dry,01 - Traffic signal,02 - Intersection related,01 - Daylight,02 - Non-fatal injury,03 - Rear end,Industrial Park
1218,PINECREST RD/HWY 417 PINECRE IC129R63 @ TRANSI,360388.3853,5023677.018,-75.79056918,45.35083567,9/10/2015,11:02,01 - Clear,01 - Dry,01 - Traffic signal,02 - Intersection related,01 - Daylight,02 - Non-fatal injury,03 - Rear end,Whitehaven - Queensway Terrace North
1219,LAURIER AVE @ 89 E OF WALLER ST,368515.6778,5031898.849,-75.68579536,45.42412199,6/25/2015,12:28,01 - Clear,01 - Dry,01 - Traffic signal,03 - At intersection,01 - Daylight,02 - Non-fatal injury,07 - SMV other,Sandy Hill
1220,ST. JOSEPH BLVD @ DUFORD DR/PLACE D'ORLEANS DR,381996.0148,5037995.507,-75.51260066,45.477617,8/24/2015,15:06,01 - Clear,02 - Wet,01 - Traffic signal,02 - Intersection related,01 - Daylight,02 - Non-fatal injury,03 - Rear end,Queenswood Heights
1221,KING EDWARD AVE SB btwn YORK ST & GEORGE ST,368395.9884,5032585.914,-75.68723596,45.43031484,8/31/2015,22:55,01 - Clear,01 - Dry,10 - No control,01 - Non intersection,07 - Dark,02 - Non-fatal injury,07 - SMV other,Byward Market
1222,KATIMAVIK RD @ CHIMO DR E/HEARST WAY,352958.3578,5019613.93,-75.88578221,45.31482486,7/28/2015,16:54,01 - Clear,01 - Dry,01 - Traffic signal,02 - Intersection related,01 - Daylight,02 - Non-fatal injury,04 - Sideswipe,Katimavik - Hazeldean
1223,BRIAN GOOD AVE @ EARL ARMSTRONG RD,368110.0352,5014834.153,-75.69316285,45.27061443,8/26/2015,23:48,01 - Clear,01 - Dry,02 - Stop sign,03 - At intersection,07 - Dark,02 - Non-fatal injury,02 - Angle,Greenbelt
1224,BLAIR RD btwn OR174 IC112 RAMP15 & MEADOWBROOK RD,375170.23,5032345.083,-75.600705,45.42749918,8/28/2015,8:55,01 - Clear,01 - Dry,10 - No control,04 - At/near private drive,01 - Daylight,02 - Non-fatal injury,02 - Angle,Greenbelt