Record,Location,X,Y,lon,lat,Date,Time,Environment,Road_Surface,Traffic_Control,Collision_Location,Light,Collision_Classification,Impact_type,Neighborhood
1427,GLADSTONE AVE @ METCALFE ST,368230.7117,5030750.208,-75.68958436,45.4138128,8/11/2015,6:15,02 - Rain,02 - Wet,01 - Traffic signal,03 - At intersection,03 - Dawn,02 - Non-fatal injury,07 - SMV other,Centretown
1428,BASELINE RD @ FISHER AVE,366166.6936,5026028.172,-75.71653984,45.3715091,7/4/2015,13:17,01 - Clear,01 - Dry,01 - Traffic signal,02 - Intersection related,01 - Daylight,02 - Non-fatal injury,03 - Rear end,Civic Hospital - Experimental Farm - Central Park
1429,MONTREAL RD btwn MONTGOMERY ST & PALACE ST,369884.0706,5032959.002,-75.66817078,45.43353484,7/8/2015,15:40,01 - Clear,01 - Dry,10 - No control,04 - At/near private drive,01 - Daylight,02 - Non-fatal injury,05 - Turning movement,Vanier South
1430,BRIAN COBURN BLVD @ TENTH LINE RD,384428.3389,5035022.308,-75.48197576,45.45059377,8/7/2015,7:36,01 - Clear,01 - Dry,01 - Traffic signal,02 - Intersection related,01 - Daylight,02 - Non-fatal injury,03 - Rear end,Avalon
1431,CARLING AVE @ PARKDALE AVE,365626.7007,5028171.789,-75.72316911,45.390844,6/30/2015,19:28,01 - Clear,01 - Dry,01 - Traffic signal,03 - At intersection,01 - Daylight,02 - Non-fatal injury,02 - Angle,Civic Hospital - Experimental Farm - Central Park
1432,LYON ST @ SOMERSET ST,367366.7003,5030716.205,-75.70062654,45.41358464,7/1/2015,6:25,01 - Clear,02 - Wet,01 - Traffic signal,03 - At intersection,01 - Daylight,02 - Non-fatal injury,02 - Angle,Centretown
1433,HUNT CLUB RD btwn LORRY GREENBERG DR & PIKE ST,372851.1261,5024825.162,-75.63137567,45.36006767,2/13/2015,14:20,01 - Clear,06 - Ice,10 - No control,04 - At/near private drive,01 - Daylight,02 - Non-fatal injury,02 - Angle,Greenboro East
1434,MANOTICK STATION RD btwn HERBERTS CORNERS RD & SNAKE ISLAND RD,376583.7564,5006125.352,-75.58644116,45.19144125,7/11/2015,17:01,01 - Clear,01 - Dry,10 - No control,01 - Non intersection,01 - Daylight,02 - Non-fatal injury,07 - SMV other,Kars - Osgoode
1435,REGIONAL ROAD 174 btwn MCTEER RD & CANAAN RD,395296.0602,5043245.423,-75.34154643,45.52325132,1/15/2015,16:58,01 - Clear,02 - Wet,10 - No control,01 - Non intersection,05 - Dusk,02 - Non-fatal injury,03 - Rear end,Cumberland - Estates
1436,ISABELLA ST/HWY 417 O'CONN IC119BR57 @ O'CONNO,368296.2631,5030309.926,-75.68880365,45.40984534,7/2/2015,11:50,01 - Clear,01 - Dry,01 - Traffic signal,02 - Intersection related,01 - Daylight,02 - Non-fatal injury,04 - Sideswipe,The Glebe
1437,HIGHWAY 417 btwn HWY417 IC134 RAMP35 & HWY417 IC134 RAMP25,356493.5572,5022282.309,-75.84041813,45.33858388,10/13/2015,7:30,02 - Rain,02 - Wet,10 - No control,01 - Non intersection,01 - Daylight,02 - Non-fatal injury,03 - Rear end,Greenbelt
1438,BANK ST @ PARKWAY RD,378746.7658,5014207.802,-75.55771634,45.2639408,7/24/2015,15:09,01 - Clear,01 - Dry,01 - Traffic signal,03 - At intersection,01 - Daylight,02 - Non-fatal injury,02 - Angle,Greely
1439,MARCH RD btwn RICHARDSON SIDE RD & HERZBERG RD,351708.6703,5021711.374,-75.9015213,45.33378273,8/13/2015,9:11,01 - Clear,01 - Dry,10 - No control,01 - Non intersection,01 - Daylight,02 - Non-fatal injury,03 - Rear end,South March
1440,RIVERSIDE DR @ 175 S OF HUNT CLUB  RD/RUNWAY C,368028.5,5021765.94,-75.69331779,45.33299299,7/23/2015,11:45,01 - Clear,01 - Dry,01 - Traffic signal,03 - At intersection,01 - Daylight,02 - Non-fatal injury,05 - Turning movement,Hunt Club Woods - Quintarra - Revelstoke - Riverside South P
1441,STAGECOACH RD btwn CABIN RD & SNAKE ISLAND RD,378186.738,5004232.701,-75.56632186,45.17424668,7/23/2015,20:11,01 - Clear,01 - Dry,10 - No control,04 - At/near private drive,01 - Daylight,02 - Non-fatal injury,03 - Rear end,Kars - Osgoode
1442,WALKLEY RD @ DON REID DR/RYDER ST,372603.1683,5027284.184,-75.63420278,45.38221702,5/14/2015,11:11,01 - Clear,01 - Dry,01 - Traffic signal,03 - At intersection,01 - Daylight,02 - Non-fatal injury,02 - Angle,Playfair Park - Lynda Park - Guildwood Estates
1443,BAYVIEW RD @ SCOTT ST/ALBERT ST,365519.7577,5030070.483,-75.72430104,45.40793729,6/29/2015,10:53,01 - Clear,02 - Wet,01 - Traffic signal,03 - At intersection,01 - Daylight,02 - Non-fatal injury,02 - Angle,Mechanicsville
1444,BAYVIEW RD @ SCOTT ST/ALBERT ST,365520.4784,5030069.762,-75.72429192,45.40793074,7/2/2015,19:46,01 - Clear,01 - Dry,01 - Traffic signal,03 - At intersection,01 - Daylight,02 - Non-fatal injury,07 - SMV other,Mechanicsville
1445,HAZELDEAN RD btwn 246 E OF CASTLEFRANK RD & IRWIN GT,353078.7014,5018031.374,-75.88440159,45.30057641,8/13/2015,21:23,01 - Clear,01 - Dry,10 - No control,04 - At/near private drive,07 - Dark,02 - Non-fatal injury,03 - Rear end,Glen Cairn - Kanata South Business Park
1446,LEIKIN DR btwn HOLITZNER WAY & CRESTWAY DR,366839.2174,5017390.084,-75.70903735,45.29372575,8/8/2015,7:32,01 - Clear,01 - Dry,10 - No control,01 - Non intersection,01 - Daylight,02 - Non-fatal injury,03 - Rear end,Greenbelt
1447,ANDERSON RD @ RIDGE RD,379030.2644,5028509.293,-75.55195998,45.39258826,6/6/2015,10:40,01 - Clear,01 - Dry,02 - Stop sign,03 - At intersection,01 - Daylight,02 - Non-fatal injury,02 - Angle,Greenbelt
1448,BLAIR RD @ OGILVIE RD,374506.2823,5033198.215,-75.6090681,45.43524168,6/11/2015,16:09,01 - Clear,01 - Dry,01 - Traffic signal,03 - At intersection,01 - Daylight,02 - Non-fatal injury,05 - Turning movement,Industrial Park
1449,LAURIER AVE   E btwn RUSSELL AVE & CHAPEL ST,369102.8533,5032257.017,-75.67824602,45.42729092,6/29/2015,15:02,01 - Clear,01 - Dry,10 - No control,01 - Non intersection,01 - Daylight,02 - Non-fatal injury,07 - SMV other,Sandy Hill
1450,LUMBERMAN WAY @ ORLEANS BLVD,380452.4553,5037240.514,-75.53245742,45.47099313,8/16/2015,15:24,01 - Clear,01 - Dry,02 - Stop sign,03 - At intersection,01 - Daylight,02 - Non-fatal injury,02 - Angle,Industrial Park
1451,WOODROFFE AVE btwn HWY417 IC127 RAMP36 & HWY417 IC127 RAMP62,362044.4887,5025038.617,-75.76927766,45.36295402,7/22/2015,16:19,01 - Clear,01 - Dry,10 - No control,01 - Non intersection,01 - Daylight,02 - Non-fatal injury,03 - Rear end,Whitehaven - Queensway Terrace North
1452,MOONEY'S BAY PL @ RIVERSIDE DR,368355.715,5025296.152,-75.68868985,45.36472747,8/8/2015,12:30,01 - Clear,01 - Dry,01 - Traffic signal,02 - Intersection related,01 - Daylight,02 - Non-fatal injury,03 - Rear end,Riverside Park
1453,LABELLE ST/RAMP @ LEMIEUX ST/HWY417 IC115 RAMP,372541.7204,5031687.488,-75.63438249,45.42184197,6/18/2015,8:23,01 - Clear,01 - Dry,02 - Stop sign,03 - At intersection,01 - Daylight,02 - Non-fatal injury,02 - Angle,Cummings
1454,REGIONAL ROAD 174 btwn OR174 IC109 RAMP64 & OR174 IC105 RAMP16,376730.2884,5035470.491,-75.58031402,45.45546093,6/28/2015,16:34,02 - Rain,02 - Wet,10 - No control,01 - Non intersection,01 - Daylight,02 - Non-fatal injury,07 - SMV other,Greenbelt
1455,COVENTRY RD @ 230 W OF ST. LAURENT BLVD/ST. LA,372081.9007,5031933.13,-75.64022395,45.42409651,6/29/2015,16:08,01 - Clear,01 - Dry,01 - Traffic signal,02 - Intersection related,01 - Daylight,02 - Non-fatal injury,03 - Rear end,Overbrook
1456,ORLEANS BLVD @ ST. JOSEPH BLVD,380631.7377,5036980.95,-75.53020491,45.46863834,5/20/2015,20:11,01 - Clear,01 - Dry,01 - Traffic signal,03 - At intersection,01 - Daylight,02 - Non-fatal injury,07 - SMV other,Orleans Village - Chateauneuf
1457,BAYVIEW DR btwn RITCHIE AVE & DORIS CURRIE RD,335608.0937,5041002.679,-76.10572607,45.5082642,7/25/2015,16:45,01 - Clear,01 - Dry,10 - No control,04 - At/near private drive,01 - Daylight,02 - Non-fatal injury,07 - SMV other,Buckham'
1458,BRONSON AVE @ POWELL AVE,367388.2393,5029476.583,-75.70050875,45.40242896,7/26/2015,15:33,01 - Clear,01 - Dry,01 - Traffic signal,03 - At intersection,01 - Daylight,02 - Non-fatal injury,05 - Turning movement,The Glebe
1459,MER BLEUE RD @ 210 S OF INNES RD,382728.9941,5035375.431,-75.50364208,45.45396242,8/11/2015,16:47,01 - Clear,01 - Dry,01 - Traffic signal,02 - Intersection related,01 - Daylight,02 - Non-fatal injury,03 - Rear end,Orlans
1460,GREENBANK RD @ HARRISON ST/ASHGROVE CRES,360840.4024,5022005.693,-75.78499023,45.33576115,6/13/2015,22:31,01 - Clear,01 - Dry,01 - Traffic signal,03 - At intersection,07 - Dark,02 - Non-fatal injury,02 - Angle,Briar Green - Leslie Park
1461,HUNT CLUB RD btwn LORRY GREENBERG DR & PIKE ST,373207.3691,5025036.26,-75.62679979,45.36193238,6/18/2015,10:18,01 - Clear,01 - Dry,10 - No control,01 - Non intersection,01 - Daylight,02 - Non-fatal injury,03 - Rear end,Greenboro East
1462,ISLAND PARK DR btwn BYRON AVE & IONA ST,364292.0891,5028516.352,-75.74017066,45.39405896,7/8/2015,7:59,01 - Clear,01 - Dry,10 - No control,01 - Non intersection,01 - Daylight,02 - Non-fatal injury,03 - Rear end,Westboro
1463,KING EDWARD AVE @ ST. PATRICK ST,368247.9806,5032823.228,-75.68909675,45.43246355,5/20/2015,9:13,01 - Clear,01 - Dry,01 - Traffic signal,02 - Intersection related,01 - Daylight,02 - Non-fatal injury,04 - Sideswipe,Byward Market
1464,NAVAN RD @ TENTH LINE RD,385757.0668,5031832.893,-75.46551564,45.42174574,7/24/2015,18:25,01 - Clear,01 - Dry,01 - Traffic signal,02 - Intersection related,01 - Daylight,02 - Non-fatal injury,03 - Rear end,Navan - Vars
1465,RIVERSIDE DR @ TREMBLAY RD/HWY417 IC117 RAMP52,370802.7988,5031015.548,-75.65669034,45.41596235,6/18/2015,20:55,02 - Rain,02 - Wet,01 - Traffic signal,03 - At intersection,05 - Dusk,02 - Non-fatal injury,03 - Rear end,Industrial Park
1466,PRINCE OF WALES DR @ RIDEAU HEIGHTS DR/WELLSME,367388.0964,5022363.09,-75.70141186,45.33842345,6/22/2015,7:38,01 - Clear,01 - Dry,02 - Stop sign,02 - Intersection related,01 - Daylight,02 - Non-fatal injury,03 - Rear end,Industrial Park
1467,ST. LAURENT BLVD btwn TREMBLAY RD & SHORE ST,372650.4887,5031099.954,-75.6330737,45.41654507,3/26/2015,1:31,02 - Rain,02 - Wet,10 - No control,01 - Non intersection,07 - Dark,02 - Non-fatal injury,07 - SMV other,Industrial Park
1468,MONTREAL RD btwn CYR AVE & HANNAH ST,370239.7911,5033159.973,-75.66359814,45.43530989,7/9/2015,8:12,01 - Clear,01 - Dry,10 - No control,01 - Non intersection,01 - Daylight,02 - Non-fatal injury,04 - Sideswipe,Vanier South
1469,MERIVALE RD/LOTTA AVE @ CLYDE AVE,364521.8061,5024507.811,-75.73772176,45.35797122,8/19/2015,18:12,01 - Clear,01 - Dry,01 - Traffic signal,02 - Intersection related,01 - Daylight,02 - Non-fatal injury,03 - Rear end,Cityview - Skyline - Fisher Heights
1470,BANK ST @ ROTARY WAY,375523.5441,5021226.117,-75.59778288,45.32742054,7/29/2015,17:22,01 - Clear,01 - Dry,01 - Traffic signal,02 - Intersection related,01 - Daylight,02 - Non-fatal injury,03 - Rear end,Greenbelt
1471,BAYFIELD AVE @ HERZBERG RD,352088.8967,5022182.852,-75.89662544,45.33799966,7/27/2015,8:45,01 - Clear,01 - Dry,02 - Stop sign,03 - At intersection,01 - Daylight,02 - Non-fatal injury,05 - Turning movement,Kanata Lakes - Marchwood Lakeside - Morgan's Grant - Kanata
1472,210 W OF MERIVALE RD @ WEST HUNT CLUB RD,365432.4237,5021829.857,-75.72642813,45.33379722,6/30/2015,9:53,01 - Clear,01 - Dry,01 - Traffic signal,02 - Intersection related,01 - Daylight,02 - Non-fatal injury,03 - Rear end,Tanglewood
1473,KENT ST @ SLATER ST,367261.7074,5031251.506,-75.70189998,45.41841049,4/15/2015,15:04,01 - Clear,01 - Dry,01 - Traffic signal,03 - At intersection,01 - Daylight,02 - Non-fatal injury,07 - SMV other,Downtown
1474,REVELSTOKE DR @ RIVERSIDE DR,368217.7123,5024423.157,-75.69056334,45.35688497,7/30/2015,8:16,02 - Rain,02 - Wet,01 - Traffic signal,02 - Intersection related,01 - Daylight,02 - Non-fatal injury,03 - Rear end,Hunt Club Woods - Quintarra - Revelstoke - Riverside South P
1475,FALLOWFIELD RD btwn MERIVALE RD & WOODROFFE AVE,365656.4783,5018308.602,-75.72400243,45.30209394,2/3/2015,9:39,01 - Clear,06 - Ice,10 - No control,01 - Non intersection,01 - Daylight,02 - Non-fatal injury,01 - Approaching,Greenbelt
1476,BELFAST RD @ ST. LAURENT BLVD,372860.0034,5030577.571,-75.63046917,45.41182456,5/4/2015,9:35,01 - Clear,01 - Dry,01 - Traffic signal,02 - Intersection related,01 - Daylight,02 - Non-fatal injury,03 - Rear end,Industrial Park
1477,BANK ST btwn ARENA PL & WHITE ALDER AVE,375461.4796,5021370.661,-75.5985539,45.32872734,5/23/2015,15:01,01 - Clear,01 - Dry,10 - No control,04 - At/near private drive,01 - Daylight,02 - Non-fatal injury,02 - Angle,Greenbelt
1478,WOODROFFE AVE btwn Continuation of WOODROFFE AVE & PARKGLEN DR,362846.6734,5023214.031,-75.75925291,45.34647059,6/2/2015,16:32,01 - Clear,01 - Dry,10 - No control,04 - At/near private drive,01 - Daylight,02 - Non-fatal injury,07 - SMV other,Crestview - Meadowlands
1479,AIRPORT PKWY btwn RAMP & TO BE DETERMINED,369206.4931,5026075.147,-75.67772894,45.37165899,8/2/2015,11:20,01 - Clear,01 - Dry,10 - No control,01 - Non intersection,01 - Daylight,02 - Non-fatal injury,01 - Approaching,Riverside Park
1480,EAGLESON RD btwn AKINS RD & RUSHMORE RD,356739.3081,5010557.731,-75.83851002,45.23306595,8/5/2015,6:02,01 - Clear,01 - Dry,10 - No control,01 - Non intersection,03 - Dawn,02 - Non-fatal injury,07 - SMV other,Stittsville - Basswood
1481,ANDERSON RD @ INNES RD,376280.0204,5031842.645,-75.58659717,45.42286601,8/12/2015,12:10,01 - Clear,01 - Dry,01 - Traffic signal,03 - At intersection,01 - Daylight,02 - Non-fatal injury,02 - Angle,Greenbelt
1482,HAZELDEAN RD @ TERRY FOX DR,352206.1696,5017242.811,-75.89560194,45.29354014,6/23/2015,11:40,01 - Clear,01 - Dry,01 - Traffic signal,02 - Intersection related,01 - Daylight,02 - Non-fatal injury,03 - Rear end,Glen Cairn - Kanata South Business Park
1483,ANDERSON RD btwn NINTH LINE RD & MITCH OWENS RD,382700.0897,5019325.83,-75.50654405,45.30956315,8/6/2015,14:28,01 - Clear,01 - Dry,10 - No control,01 - Non intersection,01 - Daylight,02 - Non-fatal injury,07 - SMV other,Greenbelt
1484,JEANNE D'ARC BLVD @ ORLEANS BLVD S,380941.4652,5036250.94,-75.52635753,45.46203661,6/3/2015,23:23,01 - Clear,01 - Dry,01 - Traffic signal,03 - At intersection,07 - Dark,02 - Non-fatal injury,02 - Angle,Orleans Village - Chateauneuf
1485,MEADOWLANDS DR @ VIEWMOUNT DR,363739.6834,5023106.956,-75.74787074,45.34543267,4/7/2015,14:02,01 - Clear,01 - Dry,01 - Traffic signal,02 - Intersection related,01 - Daylight,02 - Non-fatal injury,03 - Rear end,Crestview - Meadowlands
1486,BARNSDALE RD btwn MOODIE DR & TRAIL RD,362414.4125,5009077.078,-75.76640992,45.21930139,7/11/2015,1:44,01 - Clear,01 - Dry,10 - No control,01 - Non intersection,07 - Dark,02 - Non-fatal injury,07 - SMV other,New Barrhaven
1487,INDUSTRIAL AVE @ RUSSELL RD,372466.4493,5030277.751,-75.63553778,45.40916508,5/20/2015,8:46,01 - Clear,01 - Dry,01 - Traffic signal,02 - Intersection related,01 - Daylight,02 - Non-fatal injury,03 - Rear end,Industrial Park
1488,ISLAND PARK DR @ RICHMOND RD,364130.6867,5028866.476,-75.74218979,45.397223,5/26/2015,21:33,01 - Clear,01 - Dry,01 - Traffic signal,03 - At intersection,07 - Dark,02 - Non-fatal injury,02 - Angle,Island Park
1489,BASELINE RD @ LOBLAWS SC,364741.9304,5025129.136,-75.73483703,45.36354303,8/6/2015,12:34,01 - Clear,01 - Dry,01 - Traffic signal,02 - Intersection related,01 - Daylight,02 - Non-fatal injury,03 - Rear end,Civic Hospital - Experimental Farm - Central Park
1490,RITCHIE ST btwn AHEARN AVE & RIGA PRIV,359543.3121,5024462.255,-75.80126643,45.35796771,6/28/2015,12:55,01 - Clear,01 - Dry,10 - No control,01 - Non intersection,01 - Daylight,02 - Non-fatal injury,07 - SMV other,Crystal Bay - Lakeview Park - Britannia Village
1491,PRINCE OF WALES DR @ FAIRPARK DR,367267.3761,5015413.938,-75.70382789,45.27590664,8/11/2015,17:58,01 - Clear,01 - Dry,02 - Stop sign,02 - Intersection related,01 - Daylight,02 - Non-fatal injury,07 - SMV other,Greenbelt
1492,BLACKBURN BYPASS EB btwn 1700 W OF NAVAN RD & INNES RD,377332.7856,5032140.735,-75.57310234,45.42543967,8/11/2015,17:38,01 - Clear,01 - Dry,10 - No control,01 - Non intersection,01 - Daylight,02 - Non-fatal injury,03 - Rear end,Greenbelt
1493,IRVING AVE @ WELLINGTON ST,365627.136,5029803.207,-75.72296237,45.40552308,5/20/2015,18:26,01 - Clear,01 - Dry,02 - Stop sign,02 - Intersection related,01 - Daylight,02 - Non-fatal injury,05 - Turning movement,Mechanicsville
1494,CLEARBROOK DR/MARKETPLACE AVE @ LONGFIELDS DR,364631.8301,5014952.503,-75.73747155,45.27198387,6/8/2015,16:51,01 - Clear,01 - Dry,01 - Traffic signal,02 - Intersection related,01 - Daylight,02 - Non-fatal injury,03 - Rear end,New Barrhaven
1495,PRINCE OF WALES DR btwn BLAZER AVE & DEAKIN ST,367352.7111,5021130.632,-75.70201907,45.32733716,6/5/2015,11:25,01 - Clear,01 - Dry,10 - No control,01 - Non intersection,01 - Daylight,02 - Non-fatal injury,03 - Rear end,Industrial Park
1496,CAMPEAU DR @ KANATA AVE,350596.3085,5019401.584,-75.9159261,45.31307215,8/6/2015,16:21,01 - Clear,01 - Dry,01 - Traffic signal,02 - Intersection related,01 - Daylight,02 - Non-fatal injury,07 - SMV other,Kanata Lakes - Marchwood Lakeside - Morgan's Grant - Kanata
1497,WEST HUNT CLUB RD @ WOODROFFE AVE,363670.691,5021246.849,-75.74897237,45.32870137,8/6/2015,17:16,01 - Clear,01 - Dry,01 - Traffic signal,02 - Intersection related,01 - Daylight,02 - Non-fatal injury,03 - Rear end,Woodvale - Craig Henry - Manordale - Estates of Arlington Wo
1498,CORONATION AVE @ CHOMLEY CRES,371632.7226,5030423.111,-75.64616802,45.41055308,12/16/2015,16:15,01 - Clear,01 - Dry,02 - Stop sign,03 - At intersection,05 - Dusk,02 - Non-fatal injury,07 - SMV other,Industrial Park
1499,REGIONAL ROAD 174 btwn TRANSIT & OR174 IC109 RAMP54,376078.2252,5034109.342,-75.58884732,45.44328098,6/16/2015,6:55,02 - Rain,02 - Wet,10 - No control,01 - Non intersection,01 - Daylight,02 - Non-fatal injury,07 - SMV other,Greenbelt
1500,HERON RD EB btwn RIVERSIDE DR & BRONSON AVE RAMP 35,368425.9698,5026667.762,-75.68761644,45.37706248,6/5/2015,13:48,01 - Clear,01 - Dry,10 - No control,01 - Non intersection,01 - Daylight,02 - Non-fatal injury,03 - Rear end,Riverside Park
1501,MOODIE DR @ RICHMOND RD N,357393.6495,5019688.39,-75.82920977,45.31517666,7/28/2015,17:59,01 - Clear,01 - Dry,02 - Stop sign,03 - At intersection,01 - Daylight,02 - Non-fatal injury,02 - Angle,Bells Corners East
1502,MARCH RD @ MARCHURST RD,345133.579,5024451.871,-75.98518166,45.35885132,8/6/2015,18:59,01 - Clear,01 - Dry,02 - Stop sign,03 - At intersection,01 - Daylight,02 - Non-fatal injury,02 - Angle,Carp - Hardwood Plains
1503,EAGLESON RD @ HOPE SIDE RD/TERRY FOX DR,355187.6459,5014616.765,-75.85785899,45.26970295,8/27/2015,18:11,01 - Clear,01 - Dry,01 - Traffic signal,03 - At intersection,01 - Daylight,02 - Non-fatal injury,05 - Turning movement,Stittsville - Basswood
1504,BRONSON AVE @ FIFTH AVE/MADAWASKA DR,367612.2713,5028940.356,-75.69771557,45.39758408,8/10/2015,22:12,02 - Rain,02 - Wet,01 - Traffic signal,03 - At intersection,07 - Dark,02 - Non-fatal injury,03 - Rear end,The Glebe
1505,MEADOWLANDS DR/TALLWOOD DR @ WOODROFFE AVE,363057.4103,5022729.413,-75.75662095,45.34209256,5/10/2015,14:38,01 - Clear,01 - Dry,01 - Traffic signal,03 - At intersection,01 - Daylight,02 - Non-fatal injury,02 - Angle,Crestview - Meadowlands
1506,BRONSON AVE @ LISGAR ST,366896.6945,5030639.766,-75.70664054,45.41293873,6/5/2015,18:18,02 - Rain,02 - Wet,02 - Stop sign,03 - At intersection,01 - Daylight,02 - Non-fatal injury,07 - SMV other,Centretown West
1507,CATHERINE ST @ METCALFE ST,368392.986,5030485.482,-75.68754545,45.41141616,7/29/2015,11:52,01 - Clear,01 - Dry,01 - Traffic signal,02 - Intersection related,01 - Daylight,02 - Non-fatal injury,03 - Rear end,Centretown
1508,BANK ST @ SLATER ST,367425.4231,5031353.496,-75.69979536,45.41931353,7/29/2015,12:31,01 - Clear,01 - Dry,01 - Traffic signal,03 - At intersection,01 - Daylight,02 - Non-fatal injury,07 - SMV other,Downtown
1509,KING EDWARD AVE @ RIDEAU ST,368510.9865,5032412.508,-75.68578886,45.42874413,8/4/2015,19:30,01 - Clear,01 - Dry,01 - Traffic signal,03 - At intersection,01 - Daylight,02 - Non-fatal injury,02 - Angle,Lowe
1510,AVIATION PKWY @ OGILVIE RD,373109.9935,5032375.505,-75.62702641,45.42797715,8/4/2015,22:25,01 - Clear,01 - Dry,01 - Traffic signal,03 - At intersection,07 - Dark,02 - Non-fatal injury,05 - Turning movement,Industrial Park
1511,NAVAHO DR @ WOODROFFE AVE/TRANSITWAY N BASELIN,362706.7511,5023493.811,-75.76100558,45.34899959,8/23/2015,6:55,01 - Clear,01 - Dry,01 - Traffic signal,03 - At intersection,01 - Daylight,02 - Non-fatal injury,07 - SMV other,Crestview - Meadowlands
1512,HAZELDEAN RD btwn EDGEWATER ST & YOUNG RD,352429.0495,5017445.434,-75.89274106,45.29534832,6/19/2015,12:25,01 - Clear,01 - Dry,10 - No control,04 - At/near private drive,01 - Daylight,02 - Non-fatal injury,02 - Angle,Glen Cairn - Kanata South Business Park
1513,MOODIE DR @ WEST HUNT CLUB RD,357906.931,5018498.095,-75.82279129,45.30442763,7/29/2015,14:26,01 - Clear,01 - Dry,01 - Traffic signal,03 - At intersection,01 - Daylight,02 - Non-fatal injury,02 - Angle,Greenbelt
1514,OGILVIE RD @ QUINCY AVE,374947.9994,5036136.68,-75.60300412,45.46163609,8/7/2015,11:51,01 - Clear,01 - Dry,02 - Stop sign,02 - Intersection related,01 - Daylight,02 - Non-fatal injury,07 - SMV other,Beacon Hill North
1515,EAGLESON RD @ MICHAEL COWPLAND DR/STONEHAVEN D,354381.9053,5016623.804,-75.86792624,45.28782003,8/7/2015,0:18,01 - Clear,01 - Dry,01 - Traffic signal,03 - At intersection,07 - Dark,02 - Non-fatal injury,05 - Turning movement,Glen Cairn - Kanata South Business Park
1516,BANKFIELD RD @ MANOTICK MAIN ST/RIDEAU VALLEY ,368431.6133,5010158.255,-75.68966352,45.22851201,8/21/2015,9:10,01 - Clear,01 - Dry,01 - Traffic signal,03 - At intersection,01 - Daylight,02 - Non-fatal injury,05 - Turning movement,Manotick
1517,ANDERSON RD @ INNES RD,376281.4618,5031840.483,-75.58657907,45.42284641,8/20/2015,18:36,02 - Rain,02 - Wet,01 - Traffic signal,02 - Intersection related,01 - Daylight,02 - Non-fatal injury,03 - Rear end,Greenbelt
1518,AUGUSTA ST @ RIDEAU ST,369012.0883,5032717.619,-75.67934577,45.43144358,7/29/2015,14:43,01 - Clear,01 - Dry,01 - Traffic signal,03 - At intersection,01 - Daylight,02 - Non-fatal injury,07 - SMV other,Lower Town
1519,CYRVILLE RD @ OGILVIE RD,372454.4398,5032005.93,-75.63545392,45.4247156,7/29/2015,9:55,01 - Clear,01 - Dry,01 - Traffic signal,02 - Intersection related,01 - Daylight,02 - Non-fatal injury,03 - Rear end,Cummings
1520,INNES RD @ TENTH LINE RD,383951.7603,5036160.642,-75.4878845,45.46088961,7/8/2015,11:08,01 - Clear,01 - Dry,01 - Traffic signal,02 - Intersection related,01 - Daylight,02 - Non-fatal injury,03 - Rear end,Queenswood Heights
1521,BAY ST @ WELLINGTON ST,366813.7341,5031351.085,-75.70761085,45.41934632,3/2/2015,15:00,01 - Clear,01 - Dry,01 - Traffic signal,03 - At intersection,01 - Daylight,02 - Non-fatal injury,02 - Angle,Downtown
1522,PARKDALE AVE @ GLADSTONE AVE,365215.981,5029117.48,-75.72829821,45.39938868,4/14/2015,14:50,01 - Clear,01 - Dry,01 - Traffic signal,02 - Intersection related,01 - Daylight,02 - Non-fatal injury,03 - Rear end,Civi
1523,INNES RD @ TENTH LINE RD,383951.0396,5036159.2,-75.48789395,45.46087672,8/19/2015,16:26,01 - Clear,01 - Dry,01 - Traffic signal,02 - Intersection related,01 - Daylight,02 - Non-fatal injury,03 - Rear end,Queenswood Heights
1524,FRANKTOWN RD btwn ASHTON STATION RD & STARLIGHT PL,346288.4773,4996771.787,-75.97274946,45.10970546,6/19/2015,17:24,01 - Clear,01 - Dry,10 - No control,01 - Non intersection,01 - Daylight,02 - Non-fatal injury,07 - SMV other,Munster Hamlet - Richmond
1525,BASELINE RD @ NAVAHO DR,363085.6907,5024097.146,-75.75609892,45.35439696,7/29/2015,22:26,01 - Clear,01 - Dry,01 - Traffic signal,02 - Intersection related,07 - Dark,02 - Non-fatal injury,07 - SMV other,Braemar Park - Bel Air Heights - Copeland Park
1526,IRIS ST @ WOODROFFE AVE,362282.6921,5024441.159,-75.76630675,45.35755865,8/7/2015,16:31,01 - Clear,01 - Dry,01 - Traffic signal,02 - Intersection related,01 - Daylight,02 - Non-fatal injury,03 - Rear end,Iris
1527,JOHN SUTHERLAND DR @ RICHMOND RD,358785.2617,5022150.932,-75.81119363,45.33722914,8/10/2015,17:10,01 - Clear,01 - Dry,01 - Traffic signal,03 - At intersection,01 - Daylight,02 - Non-fatal injury,05 - Turning movement,Greenbelt
1528,INNES RD @ TENTH LINE RD,383951.0396,5036159.921,-75.48789383,45.46088321,4/23/2015,17:10,01 - Clear,01 - Dry,01 - Traffic signal,02 - Intersection related,01 - Daylight,02 - Non-fatal injury,04 - Sideswipe,Queenswood Heights
1529,KING EDWARD AVE @ LAURIER AVE,368739.7072,5032035.065,-75.68291516,45.42532717,2/19/2015,11:57,03 - Snow,02 - Wet,01 - Traffic signal,03 - At intersection,01 - Daylight,02 - Non-fatal injury,02 - Angle,Sandy Hill