Record,Location,X,Y,lon,lat,Date,Time,Environment,Road_Surface,Traffic_Control,Collision_Location,Light,Collision_Classification,Impact_type,Neighborhood
1833,HIGHWAY 417 btwn HWY417 IC127 RAMP67 & HWY417 IC126 RAMP16,362710.6832,5025314.87,-75.76074206,45.365385,8/2/2015,13:50,01 - Clear,01 - Dry,10 - No control,01 - Non intersection,01 - Daylight,02 - Non-fatal injury,99 - Other,Carlingwood West - Glabar Park - McKellar Heights
1834,HIGHWAY 417 btwn HWY417 IC96 RAMP61 & HIGHWAY 417,387476.7173,5023869.606,-75.44487919,45.34989826,8/3/2015,7:21,01 - Clear,01 - Dry,10 - No control,01 - Non intersection,01 - Daylight,02 - Non-fatal injury,07 - SMV other,Navan - Vars
1835,HIGHWAY 417 btwn HWY417 IC118 RAMP35 & HWY417 IC117 RAMP51,370198.468,5031101.106,-75.66439962,45.41678891,1/21/2015,7:40,01 - Clear,06 - Ice,10 - No control,01 - Non intersection,03 - Dawn,02 - Non-fatal injury,03 - Rear end,Old Ottawa East
1836,HIGHWAY 417 btwn HWY417 IC127 RAMP25 & HWY417 IC126 RAMP51,362912.3669,5025472.997,-75.75814909,45.36679111,4/26/2015,3:30,01 - Clear,01 - Dry,10 - No control,01 - Non intersection,07 - Dark,02 - Non-fatal injury,07 - SMV other,Braemar Park - Bel Air Heights - Copeland Park
1837,HWY 417 WOODROFF IC127R62 @ WOODROFFE AVE,362050.1959,5025018.94,-75.7692071,45.3627765,8/5/2015,10:30,01 - Clear,01 - Dry,03 - Yield sign,02 - Intersection related,01 - Daylight,02 - Non-fatal injury,03 - Rear end,Whitehaven - Queensway Terrace North
1838,HIGHWAY 417 btwn HWY417 IC163 RAMP61 & HWY417 IC155 RAMP36,336138.5332,5020242.84,-76.10025794,45.32143627,8/5/2015,18:08,01 - Clear,01 - Dry,10 - No control,01 - Non intersection,01 - Daylight,02 - Non-fatal injury,06 - SMV unattended vehicle,Carp - Hardwood Plains
1839,HIGHWAY 417 btwn HWY417 IC118 RAMP57 & HWY417 IC118 RAMP35,369414.7099,5031007.098,-75.67442502,45.41601588,7/15/2015,17:30,01 - Clear,01 - Dry,10 - No control,01 - Non intersection,01 - Daylight,02 - Non-fatal injury,03 - Rear end,Old Ottawa East
1840,HIGHWAY 417 btwn HWY417 IC96 RAMP61 & HWY417 IC88 RAMP16,392455.2179,5022909.098,-75.38152556,45.34065206,7/15/2015,17:55,01 - Clear,01 - Dry,10 - No control,01 - Non intersection,01 - Daylight,02 - Non-fatal injury,99 - Other,Navan - Vars
1841,FRANK BENDER ST @ JEANNE D'ARC BLVD,381870.2599,5035882.838,-75.51454023,45.45862289,11/16/2015,6:00,01 - Clear,01 - Dry,01 - Traffic signal,02 - Intersection related,07 - Dark,02 - Non-fatal injury,02 - Angle,Orleans Village - Chateauneuf
1842,HIGHWAY 416 btwn HWY416 IC75A RAMP26 & HWY416 IC72 RAMP62,358937.34,5021528.642,-75.80932145,45.33161804,4/17/2015,9:55,01 - Clear,01 - Dry,10 - No control,01 - Non intersection,01 - Daylight,02 - Non-fatal injury,07 - SMV other,Briar Green - Leslie Park
1843,HIGHWAY 417 btwn HWY417 IC122 RAMP16 & HWY417 IC122 RAMP61,365331.6441,5028896.096,-75.72684813,45.39738672,4/19/2015,2:43,01 - Clear,01 - Dry,10 - No control,01 - Non intersection,07 - Dark,02 - Non-fatal injury,07 - SMV other,Civi
1844,HIGHWAY 417 btwn HWY417 IC121A RAMP51 & HWY417 IC120A RAMP52,367270.6619,5029737.273,-75.70197749,45.40478508,2/6/2015,10:03,03 - Snow,03 - Loose snow,10 - No control,01 - Non intersection,01 - Daylight,02 - Non-fatal injury,99 - Other,Centretown West
1845,HIGHWAY 417 btwn HWY417 IC155 RAMP35 & HWY417 IC155 RAMP25,339615.1744,5019285.631,-76.05597981,45.31265906,7/17/2015,22:35,02 - Rain,02 - Wet,10 - No control,01 - Non intersection,07 - Dark,02 - Non-fatal injury,07 - SMV other,Carp - Hardwood Plains
1846,HIGHWAY 7 btwn HAZELDEAN IC RAMP 53 & HIGHWAY 7,345940.7331,5011546.672,-75.97595046,45.24267863,7/19/2015,18:24,01 - Clear,01 - Dry,10 - No control,01 - Non intersection,01 - Daylight,02 - Non-fatal injury,07 - SMV other,Stittsville - Basswood
1847,HIGHWAY 417 btwn HWY417 IC96 RAMP61 & HWY417 IC88 RAMP16,391376.755,5023144.059,-75.39524297,45.34289992,2/6/2015,10:00,03 - Snow,02 - Wet,10 - No control,01 - Non intersection,01 - Daylight,02 - Non-fatal injury,07 - SMV other,Navan - Vars
1848,CLEGG ST @ COLONEL BY DR,368967.6292,5029742.875,-75.6803013,45.40468198,2/16/2015,11:33,01 - Clear,06 - Ice,02 - Stop sign,02 - Intersection related,01 - Daylight,02 - Non-fatal injury,03 - Rear end,Old Ottawa East
1849,HIGHWAY 417 btwn HWY417 IC126 RAMP61 & HWY417 IC124 RAMP76,364103.9499,5027115.064,-75.74274173,45.38146637,8/30/2015,13:15,01 - Clear,01 - Dry,10 - No control,01 - Non intersection,01 - Daylight,02 - Non-fatal injury,03 - Rear end,Westboro
1850,GLADSTONE AVE @ PERCY ST,367329.3671,5030206.347,-75.70116815,45.40900043,7/2/2015,16:00,01 - Clear,01 - Dry,01 - Traffic signal,03 - At intersection,01 - Daylight,02 - Non-fatal injury,04 - Sideswipe,Centretown
1851,HIGHWAY 417 btwn HWY417 IC117 RAMP51 & HWY417 IC117 RAMP35,370658.3958,5031163.922,-75.65851533,45.41731097,4/22/2015,17:50,01 - Clear,01 - Dry,10 - No control,01 - Non intersection,01 - Daylight,02 - Non-fatal injury,03 - Rear end,Industrial Park
1852,HIGHWAY 417 btwn HIGHWAY 417 & Continuation of HIGHWAY 417,353311.5493,5020422.452,-75.88119864,45.32207579,7/21/2015,20:20,01 - Clear,01 - Dry,10 - No control,01 - Non intersection,01 - Daylight,02 - Non-fatal injury,07 - SMV other,Greenbelt
1853,HIGHWAY 417 btwn HWY417 IC155 RAMP61 & HWY417 IC145 RAMP56,342219.4221,5017558.107,-76.02289771,45.29698011,7/22/2015,23:53,01 - Clear,01 - Dry,10 - No control,01 - Non intersection,07 - Dark,02 - Non-fatal injury,07 - SMV other,Carp - Hardwood Plains
1854,OGILVIE RD @ CITY PARK DR E/CSIS HQ ACCESS,374189.2352,5033010.323,-75.61314634,45.43358266,10/26/2015,13:13,01 - Clear,01 - Dry,01 - Traffic signal,03 - At intersection,01 - Daylight,02 - Non-fatal injury,07 - SMV other,Industrial Park
1855,HIGHWAY 417 btwn HWY417 IC117 RAMP26 & HWY417 IC117 RAMP61,370909.2947,5031255.473,-75.65529762,45.41811104,3/18/2015,15:14,01 - Clear,01 - Dry,10 - No control,01 - Non intersection,01 - Daylight,02 - Non-fatal injury,03 - Rear end,Industrial Park
1856,HIGHWAY 417 btwn HWY417 IC130 RAMP26 & HIGHWAY 417,359369.8629,5023101.565,-75.8036303,45.34573773,2/8/2015,11:28,03 - Snow,03 - Loose snow,10 - No control,01 - Non intersection,01 - Daylight,02 - Non-fatal injury,07 - SMV other,Bayshore
1857,HIGHWAY 417 btwn HWY417 IC180 RAMP61 & HWY417 IC169 RAMP36,321287.0454,5029405.557,-76.28939014,45.40439372,2/9/2015,15:40,05 - Drifting Snow,05 - Packed snow,10 - No control,01 - Non intersection,01 - Daylight,02 - Non-fatal injury,07 - SMV other,Mississipp
1858,HIGHWAY 417 btwn HWY417 IC112 RAMP66 & HWY417 IC112 RAMP56,374489.9641,5030840.568,-75.6096102,45.41403046,2/8/2015,19:15,04 - Freezing Rain,05 - Packed snow,10 - No control,01 - Non intersection,07 - Dark,02 - Non-fatal injury,07 - SMV other,Industrial Park
1859,HIGHWAY 417 btwn HWY417 IC131 RAMP53 & HWY417 IC131 RAMP51,357565.7593,5022675.811,-75.82669638,45.34204481,4/17/2015,7:55,01 - Clear,01 - Dry,10 - No control,01 - Non intersection,01 - Daylight,02 - Non-fatal injury,04 - Sideswipe,Greenbelt
1860,HWY417 IC130 RAMP36 btwn RICHMOND RD & HWY417 IC131 RAMP66,359276.2286,5023233.212,-75.80481059,45.34692958,4/16/2015,21:25,01 - Clear,01 - Dry,10 - No control,01 - Non intersection,07 - Dark,02 - Non-fatal injury,07 - SMV other,Bayshore
1861,CATHERINE ST/HWY 417 O'CONN IC119BR76 @ O'CONN,368243.4741,5030392.544,-75.68946736,45.4105935,12/23/2015,18:09,02 - Rain,02 - Wet,01 - Traffic signal,03 - At intersection,07 - Dark,02 - Non-fatal injury,02 - Angle,Centretown
1862,HIGHWAY 417 btwn HWY417 IC118 RAMP76 & HWY417 IC118 RAMP67,369501.3525,5031081.466,-75.67330835,45.41667701,3/19/2015,22:10,01 - Clear,01 - Dry,10 - No control,01 - Non intersection,07 - Dark,02 - Non-fatal injury,99 - Other,Sandy Hill
1863,BREWER RD @ BRONSON AVE,368109.7691,5027766.436,-75.69151243,45.38697668,9/28/2015,15:15,02 - Rain,02 - Wet,01 - Traffic signal,02 - Intersection related,01 - Daylight,02 - Non-fatal injury,03 - Rear end,Carleto
1864,KINBURN SIDE RD btwn HIGHWAY 17 & FARMVIEW RD,327079.9093,5026195.76,-76.21553629,45.37534995,9/26/2015,14:13,01 - Clear,01 - Dry,10 - No control,01 - Non intersection,01 - Daylight,02 - Non-fatal injury,04 - Sideswipe,Antrim
1865,HIGHWAY 417 btwn HWY417 IC117 RAMP51 & HWY417 IC117 RAMP35,370877.5258,5031217.928,-75.65570853,45.41777623,3/11/2015,20:00,01 - Clear,01 - Dry,10 - No control,01 - Non intersection,07 - Dark,02 - Non-fatal injury,07 - SMV other,Industrial Park
1866,HIGHWAY 417 btwn HWY417 IC121B RAMP16 & HWY417 IC121A RAMP16,366765.2102,5029588.99,-75.70845232,45.40349579,7/26/2015,15:30,01 - Clear,01 - Dry,10 - No control,01 - Non intersection,01 - Daylight,02 - Non-fatal injury,03 - Rear end,Centretown West
1867,HIGHWAY 417 btwn HWY417 IC119A RAMP67 & HWY417 IC118 RAMP76,368828.7929,5030654.897,-75.6819562,45.41290076,11/15/2015,20:17,01 - Clear,01 - Dry,10 - No control,01 - Non intersection,07 - Dark,02 - Non-fatal injury,03 - Rear end,Old Ottawa East
1868,HIGHWAY 417 btwn HWY 417 ANDERSON IC104R61 & HWY 417 BOUNDARY IC96R16,381569.3747,5025632.323,-75.51998346,45.36642954,7/27/2015,2:50,"07 - Fog, mist, smoke, dust",01 - Dry,10 - No control,01 - Non intersection,07 - Dark,02 - Non-fatal injury,07 - SMV other,Greenbelt
1869,HIGHWAY 417 btwn HWY417 IC127 RAMP25 & HWY417 IC126 RAMP51,363151.6729,5025813.43,-75.75505421,45.36983441,7/28/2015,8:55,01 - Clear,01 - Dry,10 - No control,01 - Non intersection,01 - Daylight,02 - Non-fatal injury,03 - Rear end,Carlingwood West - Glabar Park - McKellar Heights
1870,HIGHWAY 417 btwn HWY417 IC96 RAMP61 & HWY417 IC88 RAMP16,392399.4129,5022907.636,-75.38223775,45.34064587,9/17/2015,8:15,01 - Clear,01 - Dry,10 - No control,01 - Non intersection,01 - Daylight,02 - Non-fatal injury,03 - Rear end,Navan - Vars
1871,HIGHWAY 417 btwn HWY417 IC127 RAMP25 & HWY417 IC126 RAMP51,363171.8896,5025833.647,-75.75479375,45.37001463,7/28/2015,10:30,01 - Clear,01 - Dry,10 - No control,01 - Non intersection,01 - Daylight,02 - Non-fatal injury,03 - Rear end,Braemar Park - Bel Air Heights - Copeland Park
1872,HIGHWAY 417 btwn HWY417 IC130 RAMP35 & HWY417 IC130 RAMP25,359263.7258,5023069.796,-75.80498812,45.34546013,9/18/2015,13:27,01 - Clear,01 - Dry,10 - No control,01 - Non intersection,01 - Daylight,02 - Non-fatal injury,07 - SMV other,Qualicum - Redwood Park
1873,HIGHWAY 417 btwn HWY417 IC126 RAMP61 & HWY417 IC124 RAMP76,363672.2825,5026531.141,-75.74832288,45.37624873,9/18/2015,14:38,01 - Clear,01 - Dry,10 - No control,01 - Non intersection,01 - Daylight,02 - Non-fatal injury,03 - Rear end,Carlingwood West - Glabar Park - McKellar Heights
1874,HIGHWAY 416 btwn HWY416 IC72 RAMP62 & HWY416 IC72 RAMP24,359449.7633,5019679.516,-75.80298856,45.31493979,11/17/2015,17:15,01 - Clear,01 - Dry,10 - No control,01 - Non intersection,07 - Dark,02 - Non-fatal injury,07 - SMV other,Greenbelt
1875,RIVERSIDE DR @ TREMBLAY RD/HWY417 IC117 RAMP52,370801.0642,5031016.668,-75.65671235,45.41597259,9/11/2015,16:37,01 - Clear,01 - Dry,01 - Traffic signal,02 - Intersection related,01 - Daylight,02 - Non-fatal injury,03 - Rear end,Industrial Park
1876,HIGHWAY 417 btwn HWY417 IC96 RAMP61 & HIGHWAY 417,387475.2733,5023868.161,-75.44489785,45.34988543,2/2/2015,10:30,03 - Snow,05 - Packed snow,10 - No control,01 - Non intersection,01 - Daylight,02 - Non-fatal injury,04 - Sideswipe,Navan - Vars
1877,HIGHWAY 417 btwn HWY417 IC112 RAMP66 & HWY417 IC113 RAMP65,374123.1771,5031609.521,-75.61418769,45.42098554,2/2/2015,12:13,03 - Snow,03 - Loose snow,10 - No control,01 - Non intersection,01 - Daylight,02 - Non-fatal injury,03 - Rear end,Pineview
1878,HIGHWAY 417 btwn HWY417 IC124 RAMP57 & HWY417 IC124 RAMP55,364355.9355,5027409.648,-75.73948884,45.38409561,9/20/2015,15:45,01 - Clear,01 - Dry,10 - No control,01 - Non intersection,01 - Daylight,02 - Non-fatal injury,07 - SMV other,Carlington
1879,CONROY RD @ DAVIDSON RD N,374573.7515,5023516.271,-75.60957494,45.3481215,11/19/2015,18:45,01 - Clear,02 - Wet,02 - Stop sign,03 - At intersection,07 - Dark,02 - Non-fatal injury,02 - Angle,Greenbelt
1880,COLONEL BY DR @ HAWTHORNE AVE/PRETORIA BRIDGE,368768.4322,5030525.567,-75.68274409,45.41174261,6/28/2015,15:27,02 - Rain,02 - Wet,01 - Traffic signal,02 - Intersection related,01 - Daylight,02 - Non-fatal injury,04 - Sideswipe,Old Ottawa East
1881,HIGHWAY 416 btwn HWY416 IC66 RAMP62 & HWY416 IC66 RAMP52,360037.2366,5014840.041,-75.79603537,45.27134783,4/6/2015,6:10,01 - Clear,01 - Dry,10 - No control,01 - Non intersection,03 - Dawn,02 - Non-fatal injury,07 - SMV other,Munster Hamlet - Richmond
1882,HIGHWAY 417 btwn HWY417 IC121B RAMP51 & HWY417 IC121A RAMP51,366754.3799,5029567.329,-75.70859338,45.40330185,4/7/2015,18:41,01 - Clear,01 - Dry,10 - No control,01 - Non intersection,01 - Daylight,02 - Non-fatal injury,03 - Rear end,Little Italy
1883,HIGHWAY 417 btwn HWY417 IC127 RAMP35 & HWY417 IC127 RAMP25,362147.6689,5024844.933,-75.76798316,45.36120283,9/21/2015,9:35,01 - Clear,01 - Dry,10 - No control,01 - Non intersection,01 - Daylight,02 - Non-fatal injury,03 - Rear end,Braemar Park - Bel Air Heights - Copeland Park
1884,HIGHWAY 417 btwn HIGHWAY 417 & HWY417 IC110 RAMP54,375554.0573,5029702.975,-75.59617983,45.40368823,3/31/2015,13:50,01 - Clear,01 - Dry,10 - No control,01 - Non intersection,01 - Daylight,02 - Non-fatal injury,04 - Sideswipe,Greenbelt
1885,HIGHWAY 417 btwn HIGHWAY 417 & Continuation of HIGHWAY 417,353325.2677,5020430.394,-75.88102288,45.32214631,4/7/2015,14:20,01 - Clear,01 - Dry,10 - No control,01 - Non intersection,01 - Daylight,02 - Non-fatal injury,04 - Sideswipe,Greenbelt
1886,HIGHWAY 416 btwn HWY416 IC66 RAMP24 & HWY416 IC57 RAMP62,361126.7535,5012580.829,-75.78240737,45.25093278,7/31/2015,7:38,01 - Clear,01 - Dry,10 - No control,01 - Non intersection,01 - Daylight,02 - Non-fatal injury,07 - SMV other,Munster Hamlet - Richmond
1887,HWY417 IC119A RAMP75 btwn METCALFE ST & HIGHWAY 417,368530.9785,5030462.532,-75.68578562,45.41119711,9/23/2015,12:40,01 - Clear,01 - Dry,10 - No control,01 - Non intersection,01 - Daylight,02 - Non-fatal injury,03 - Rear end,The Glebe
1888,HIGHWAY 417 btwn HWY417 IC131 RAMP66 & HWY417 IC130 RAMP26,359192.0219,5023080.813,-75.80590186,45.34556482,11/20/2015,17:20,01 - Clear,01 - Dry,10 - No control,01 - Non intersection,07 - Dark,02 - Non-fatal injury,03 - Rear end,Bayshore
1889,HIGHWAY 417 btwn HWY417 IC104 RAMP15 & HWY417 IC96 RAMP51,382438.0565,5025449.443,-75.5089245,45.36468843,8/1/2015,18:53,01 - Clear,01 - Dry,10 - No control,01 - Non intersection,01 - Daylight,02 - Non-fatal injury,05 - Turning movement,Greenbelt
1890,HIGHWAY 417 btwn Continuation of HIGHWAY 417 & HWY417 IC134 RAMP51,355726.0481,5021836.822,-75.85025634,45.33463146,9/24/2015,7:45,01 - Clear,01 - Dry,10 - No control,01 - Non intersection,01 - Daylight,02 - Non-fatal injury,03 - Rear end,Greenbelt
1891,HIGHWAY 417 btwn HWY417 IC115 RAMP51 & HWY417 IC115 RAMP35,372354.4693,5031488.924,-75.63680218,45.42007349,1/8/2015,6:22,01 - Clear,06 - Ice,10 - No control,01 - Non intersection,07 - Dark,02 - Non-fatal injury,07 - SMV other,Industrial Park
1892,HIGHWAY 417 btwn HWY417 IC124 RAMP57 & HWY417 IC124 RAMP55,363985.6988,5026927.579,-75.74427403,45.37978941,1/8/2015,6:20,01 - Clear,06 - Ice,10 - No control,01 - Non intersection,07 - Dark,02 - Non-fatal injury,99 - Other,Carlington
1893,HIGHWAY 417 btwn HWY417 IC112 RAMP56 & HWY417 IC112 RAMP64,374845.1987,5030727.932,-75.60508813,45.41298155,1/8/2015,9:00,01 - Clear,06 - Ice,10 - No control,01 - Non intersection,01 - Daylight,02 - Non-fatal injury,04 - Sideswipe,Industrial Park
1894,HIGHWAY 417 btwn HWY417 IC134 RAMP61 & HWY417 IC131 RAMP66,357033.6294,5022575.45,-75.83349662,45.34118158,1/3/2015,19:40,03 - Snow,03 - Loose snow,10 - No control,01 - Non intersection,07 - Dark,02 - Non-fatal injury,07 - SMV other,Greenbelt
1895,HIGHWAY 417 btwn HWY417 IC138 RAMP51 & HWY417 IC138 RAMP35,352798.914,5020118.481,-75.88776677,45.31937584,1/7/2015,6:35,03 - Snow,03 - Loose snow,10 - No control,01 - Non intersection,07 - Dark,02 - Non-fatal injury,07 - SMV other,Katimavik - Hazeldean
1896,HIGHWAY 417 btwn HWY417 IC120B RAMP36 & HWY417 IC119B RAMP76,367788.292,5030022.798,-75.69532928,45.40730776,6/8/2015,22:28,01 - Clear,01 - Dry,10 - No control,01 - Non intersection,07 - Dark,02 - Non-fatal injury,03 - Rear end,The Glebe
1897,HIGHWAY 417 btwn HWY417 IC138 RAMP35 & HIGHWAY 417,352940.4302,5020203.68,-75.88595353,45.32013278,1/7/2015,6:35,03 - Snow,03 - Loose snow,10 - No control,01 - Non intersection,07 - Dark,02 - Non-fatal injury,03 - Rear end,Katimavik - Hazeldean
1898,HIGHWAY 417 btwn HWY417 IC142 RAMP25 & HIGHWAY 417,349420.4786,5017643.998,-75.93107979,45.29733256,6/10/2015,20:20,02 - Rain,02 - Wet,10 - No control,01 - Non intersection,05 - Dusk,02 - Non-fatal injury,07 - SMV other,Stittsville - Basswood
1899,HIGHWAY 417 btwn HWY417 IC120B RAMP36 & HWY417 IC119B RAMP76,367912.9828,5030100.041,-75.69372663,45.40799153,1/7/2015,21:06,01 - Clear,06 - Ice,10 - No control,01 - Non intersection,07 - Dark,02 - Non-fatal injury,07 - SMV other,The Glebe
1900,OTTAWA RIVER PKWY @ ISLAND PARK DR,363297.4963,5029450.518,-75.75276165,45.40254822,2/25/2015,10:12,01 - Clear,02 - Wet,01 - Traffic signal,02 - Intersection related,01 - Daylight,02 - Non-fatal injury,03 - Rear end,Westboro
1901,COLONEL BY DR btwn UNIVERSITY RD & COLONEL BY DR SB ON RAMP 43,367497.2893,5028315.124,-75.69926352,45.39196872,2/26/2015,18:45,01 - Clear,01 - Dry,10 - No control,04 - At/near private drive,07 - Dark,02 - Non-fatal injury,02 - Angle,Carleton University
1902,QUEEN ELIZABETH DRWY @ TORRINGTON PL,367984.1096,5028615.221,-75.6930083,45.39462516,3/5/2015,8:27,01 - Clear,01 - Dry,02 - Stop sign,03 - At intersection,01 - Daylight,02 - Non-fatal injury,02 - Angle,The Glebe
1903,OTTAWA RIVER PKWY WB btwn RAMP & RAMP,364728.969,5030438.436,-75.73435777,45.4113162,6/12/2015,14:36,02 - Rain,02 - Wet,10 - No control,01 - Non intersection,01 - Daylight,02 - Non-fatal injury,03 - Rear end,Mechanicsville
1904,HIGHWAY 417 btwn HWY417 IC144 RAMP16 & HWY417 IC144 RAMP61,347440.9592,5015900.032,-75.95646781,45.28176265,8/26/2015,10:30,01 - Clear,01 - Dry,10 - No control,01 - Non intersection,01 - Daylight,02 - Non-fatal injury,07 - SMV other,Stittsville - Basswood
1905,HIGHWAY 417 btwn HIGHWAY 417 & HWY417 IC140 RAMP51,349502.7891,5017714.756,-75.93002399,45.29796403,8/26/2015,16:50,02 - Rain,02 - Wet,10 - No control,01 - Non intersection,01 - Daylight,02 - Non-fatal injury,99 - Other,Kanata Lakes - Marchwood Lakeside - Morgan's Grant - Kanata
1906,AVIATION PKWY btwn TO BE DETERMINED & HWY417 IC113 RAMP35,373289.4874,5032069.43,-75.62477539,45.42520568,6/6/2015,9:27,01 - Clear,01 - Dry,10 - No control,01 - Non intersection,01 - Daylight,02 - Non-fatal injury,07 - SMV other,Industrial Park
1907,ANDERSON RD @ HWY 417 ANDERSON IC104R61,379940.4999,5026228.068,-75.54068365,45.37196619,6/6/2015,15:45,01 - Clear,08 - Loose sand or gravel,02 - Stop sign,02 - Intersection related,01 - Daylight,02 - Non-fatal injury,07 - SMV other,Greenbelt
1908,HWY417 IC126 RAMP51 btwn HIGHWAY 417 & HWY417 IC126 RAMP52,363308.676,5025819.965,-75.75304923,45.36988012,3/7/2015,19:10,01 - Clear,01 - Dry,10 - No control,01 - Non intersection,07 - Dark,02 - Non-fatal injury,07 - SMV other,Carlington
1909,HIGHWAY 417 btwn HWY417 IC117 RAMP51 & HWY417 IC117 RAMP35,371007.8543,5031285.222,-75.65403443,45.41836939,3/1/2015,7:40,01 - Clear,01 - Dry,10 - No control,01 - Non intersection,01 - Daylight,02 - Non-fatal injury,07 - SMV other,Industrial Park
1910,OTTAWA RIVER PKWY @ ISLAND PARK DR,363296.1504,5029448.401,-75.75277909,45.40252928,10/23/2015,6:58,01 - Clear,01 - Dry,01 - Traffic signal,02 - Intersection related,03 - Dawn,02 - Non-fatal injury,03 - Rear end,Westboro
1911,COLONEL BY DR btwn ECHO DR & CLEGG ST (2),368706.3912,5028796.692,-75.6837607,45.39619243,6/26/2015,10:19,01 - Clear,01 - Dry,10 - No control,01 - Non intersection,01 - Daylight,02 - Non-fatal injury,01 - Approaching,Old Ottawa South
1912,HIGHWAY 417 btwn HIGHWAY 417 & Continuation of HIGHWAY 417,352964.3686,5020218.705,-75.88564675,45.32026634,3/13/2015,17:00,01 - Clear,01 - Dry,10 - No control,01 - Non intersection,01 - Daylight,02 - Non-fatal injury,03 - Rear end,Greenbelt
1913,HAWTHORNE AVE/ISABELLA ST @ QUEEN ELIZABETH DR,368665.2117,5030476.817,-75.68406901,45.4113134,9/27/2015,19:45,01 - Clear,01 - Dry,01 - Traffic signal,02 - Intersection related,07 - Dark,02 - Non-fatal injury,07 - SMV other,The Glebe
1914,HIGHWAY 417 btwn HWY417 IC120A RAMP52 & HWY417 IC119B RAMP57,367907.8507,5030072.802,-75.69379567,45.40774691,3/10/2015,15:55,01 - Clear,01 - Dry,10 - No control,01 - Non intersection,01 - Daylight,02 - Non-fatal injury,03 - Rear end,The Glebe
1915,HIGHWAY 7 btwn HAZELDEAN IC RAMP 53 & HIGHWAY 7,341760.8544,5007879.637,-76.02946406,45.20991247,3/14/2015,19:50,03 - Snow,06 - Ice,10 - No control,01 - Non intersection,07 - Dark,02 - Non-fatal injury,07 - SMV other,Munster Hamlet - Richmond
1916,HIGHWAY 417 btwn HWY417 IC118 RAMP67 & HWY417 IC117 RAMP36,370090.5221,5031115.401,-75.66577681,45.41692761,2/23/2015,20:40,01 - Clear,01 - Dry,10 - No control,01 - Non intersection,07 - Dark,02 - Non-fatal injury,07 - SMV other,Old Ottawa East
1917,HIGHWAY 416 btwn HWY416 IC57 RAMP24 & HWY416 IC49 RAMP42,368485.51,5002980.431,-75.68989419,45.16392098,3/15/2015,8:10,02 - Rain,03 - Loose snow,10 - No control,01 - Non intersection,01 - Daylight,02 - Non-fatal injury,07 - SMV other,Manotick - North Gower
1918,HWY417 IC112 RAMP65 btwn HIGHWAY 417 & INNES RD,374353.502,5030805.189,-75.61135848,45.41372571,5/1/2015,20:41,01 - Clear,07 - Mud,10 - No control,01 - Non intersection,07 - Dark,02 - Non-fatal injury,07 - SMV other,Industrial Park
1919,HIGHWAY 417 btwn REGIONAL ROAD 174 & HWY417 IC113 RAMP85,373326.3105,5031722.859,-75.62435309,45.4220838,5/22/2015,18:00,01 - Clear,01 - Dry,10 - No control,01 - Non intersection,01 - Daylight,02 - Non-fatal injury,07 - SMV other,Pineview
1920,HIGHWAY 416 btwn HWY416 IC66 RAMP24 & HWY416 IC57 RAMP62,362889.314,5011710.215,-75.76005624,45.24295564,5/23/2015,13:55,01 - Clear,01 - Dry,10 - No control,01 - Non intersection,01 - Daylight,02 - Non-fatal injury,07 - SMV other,Munster Hamlet - Richmond
1921,LABELLE ST/RAMP @ LEMIEUX ST/HWY417 IC115 RAMP,372541.7544,5031689.486,-75.63438178,45.42185994,2/17/2015,8:00,01 - Clear,06 - Ice,02 - Stop sign,02 - Intersection related,01 - Daylight,02 - Non-fatal injury,03 - Rear end,Cummings
1922,HIGHWAY 417 btwn HWY417 IC118 RAMP67 & HWY417 IC117 RAMP36,370394.1359,5031142.262,-75.66189435,45.4171409,2/25/2015,6:20,01 - Clear,02 - Wet,10 - No control,01 - Non intersection,03 - Dawn,02 - Non-fatal injury,07 - SMV other,Industrial Park
1923,HWY417 IC121A RAMP51 btwn HIGHWAY 417 & BRONSON AVE,367082.2142,5029662.905,-75.70439395,45.40413273,3/11/2015,12:45,01 - Clear,01 - Dry,10 - No control,01 - Non intersection,01 - Daylight,02 - Non-fatal injury,03 - Rear end,The Glebe Annex
1924,HIGHWAY 417 btwn HWY417 IC163 RAMP61 & HWY417 IC155 RAMP36,334866.6938,5020591.76,-76.11645947,45.32463166,3/18/2015,7:58,01 - Clear,01 - Dry,10 - No control,01 - Non intersection,01 - Daylight,02 - Non-fatal injury,07 - SMV other,Carp - Hardwood Plains
1925,COLONEL BY DR btwn ECHO DR & CLEGG ST (2),369005.6292,5029634.009,-75.6798301,45.40369896,11/8/2015,9:10,01 - Clear,01 - Dry,10 - No control,01 - Non intersection,01 - Daylight,02 - Non-fatal injury,02 - Angle,Old Ottawa East
1926,HIGHWAY 417 btwn HWY417 IC129 RAMP76 & HWY417 IC129 RAMP26,360452.0949,5023556.069,-75.78976978,45.34974232,5/3/2015,15:25,01 - Clear,01 - Dry,10 - No control,01 - Non intersection,01 - Daylight,02 - Non-fatal injury,99 - Other,Whitehaven - Queensway Terrace North
1927,HIGHWAY 417 btwn HWY417 IC115 RAMP35 & HIGHWAY 417,372509.704,5031505.531,-75.63481657,45.4202079,2/17/2015,10:30,01 - Clear,01 - Dry,10 - No control,01 - Non intersection,01 - Daylight,02 - Non-fatal injury,07 - SMV other,Industrial Park
1928,COLONEL BY DR btwn COLONEL BY DR NB ON RAMP 35 & BRONSON PL,367764.7524,5028513.925,-75.69582259,45.39373348,11/15/2015,18:33,01 - Clear,01 - Dry,10 - No control,01 - Non intersection,07 - Dark,02 - Non-fatal injury,02 - Angle,Old Ottawa South
1929,AVIATION PKWY @ MONTREAL RD,372143.5102,5034114.343,-75.63913839,45.4437161,11/19/2015,17:40,02 - Rain,02 - Wet,01 - Traffic signal,03 - At intersection,07 - Dark,02 - Non-fatal injury,07 - SMV other,Rockcliffe - Manor Park