Record,Location,X,Y,lon,lat,Date,Time,Environment,Road_Surface,Traffic_Control,Collision_Location,Light,Collision_Classification,Impact_type,Neighborhood
2128,HUNT CLUB RD btwn PAUL ANKA DR & GIBFORD DR,369944.9324,5022997.31,-75.66870798,45.34389724,9/18/2015,22:25,01 - Clear,01 - Dry,10 - No control,01 - Non intersection,07 - Dark,02 - Non-fatal injury,03 - Rear end,Hunt Club - Ottawa Airport
2129,HUNT CLUB RD btwn UPLANDS DR & MCCARTHY RD,370496.2029,5023390.779,-75.6616219,45.34738615,11/10/2015,6:23,"07 - Fog, mist, smoke, dust",01 - Dry,10 - No control,01 - Non intersection,03 - Dawn,02 - Non-fatal injury,03 - Rear end,Hunt Club East - Western Community
2130,WEST HUNT CLUB RD btwn MOODIE DR & RICHMOND RD,357454.5586,5018300.217,-75.82858047,45.30268115,10/29/2015,8:29,01 - Clear,02 - Wet,10 - No control,01 - Non intersection,01 - Daylight,02 - Non-fatal injury,03 - Rear end,Greenbelt
2131,MOODIE DR btwn WEST HUNT CLUB RD & ALTI PL,359068.7027,5015631.028,-75.80829136,45.27854065,10/30/2015,15:34,01 - Clear,01 - Dry,10 - No control,04 - At/near private drive,01 - Daylight,02 - Non-fatal injury,04 - Sideswipe,Greenbelt
2132,PRINCE OF WALES DR @ WEST HUNT CLUB RD,367458.7023,5021891.592,-75.70057076,45.33417469,10/22/2015,22:25,01 - Clear,01 - Dry,01 - Traffic signal,02 - Intersection related,07 - Dark,02 - Non-fatal injury,03 - Rear end,Industrial Park
2133,LADY LOCHEAD LANE @ GOURLAY LANE,345003.0299,5022051.63,-75.98704304,45.3372607,11/4/2015,14:32,01 - Clear,01 - Dry,02 - Stop sign,03 - At intersection,01 - Daylight,02 - Non-fatal injury,07 - SMV other,Stittsville - Basswood
2134,DONALD B. MUNRO DR btwn LOGGERS WAY & CARRYS SIDE RD,330208.1227,5026911.145,-76.17555992,45.38168088,11/4/2015,14:55,01 - Clear,01 - Dry,10 - No control,01 - Non intersection,01 - Daylight,02 - Non-fatal injury,03 - Rear end,Kinburn
2135,SHEA RD btwn FERNBANK RD & FLEWELLYN RD,352990.9392,5012177.725,-75.88608877,45.2479097,11/2/2015,18:07,01 - Clear,01 - Dry,10 - No control,01 - Non intersection,07 - Dark,02 - Non-fatal injury,07 - SMV other,Stittsville - Basswood
2136,BLAIR RD @ INNES RD,375578.7349,5031439.915,-75.59561523,45.41931377,9/20/2015,14:29,01 - Clear,01 - Dry,01 - Traffic signal,02 - Intersection related,01 - Daylight,02 - Non-fatal injury,03 - Rear end,Greenbelt
2137,HUNTLEY RD btwn MANSFIELD RD & BROWNLEE RD,353532.6417,5008385.111,-75.87955977,45.2137452,11/12/2015,13:27,02 - Rain,02 - Wet,10 - No control,01 - Non intersection,01 - Daylight,02 - Non-fatal injury,07 - SMV other,Munster Hamlet - Richmond
2138,CAMPEAU DR @ TERON RD/COLCHESTER SQ,352564.4432,5020467.165,-75.89072368,45.32252936,11/12/2015,17:10,02 - Rain,02 - Wet,01 - Traffic signal,03 - At intersection,07 - Dark,02 - Non-fatal injury,07 - SMV other,Beaverbrook
2139,RIDEAU ST btwn KING EDWARD AVE & NELSON ST,368530.368,5032423.908,-75.68553972,45.42884494,10/29/2015,17:18,01 - Clear,01 - Dry,10 - No control,01 - Non intersection,01 - Daylight,02 - Non-fatal injury,07 - SMV other,Lowe
2140,BOUNDARY RD @ MITCH OWENS RD,388065.8321,5022163.551,-75.43764934,45.33447896,10/30/2015,17:16,01 - Clear,01 - Dry,02 - Stop sign,02 - Intersection related,01 - Daylight,02 - Non-fatal injury,03 - Rear end,Metcalfe
2141,CARLING AVE @ WOODROFFE AVE W,361767.6836,5025725.153,-75.77273162,45.36915396,10/24/2015,14:39,01 - Clear,01 - Dry,01 - Traffic signal,02 - Intersection related,01 - Daylight,02 - Non-fatal injury,03 - Rear end,Carlingwood West - Glabar Park - McKellar Heights
2142,HOLLAND AVE/TUNNEY'S PASTURE @ SCOTT ST,364737.5843,5029595.562,-75.73435018,45.40373148,11/3/2015,9:47,01 - Clear,01 - Dry,01 - Traffic signal,02 - Intersection related,01 - Daylight,02 - Non-fatal injury,07 - SMV other,Island Park
2143,MOODIE DR @ ROBERTSON RD,357065.9314,5020453.676,-75.83330851,45.32208726,11/3/2015,13:15,01 - Clear,01 - Dry,01 - Traffic signal,02 - Intersection related,01 - Daylight,02 - Non-fatal injury,05 - Turning movement,Bells Corners West
2144,BRONSON AVE @ SOMERSET ST,366966.1174,5030477.603,-75.70577412,45.41147347,7/7/2015,7:52,01 - Clear,01 - Dry,01 - Traffic signal,02 - Intersection related,01 - Daylight,02 - Non-fatal injury,03 - Rear end,Centretown West
2145,ARTHUR ST @ SOMERSET ST,366829.7017,5030391.204,-75.70752765,45.41070818,11/7/2015,19:43,01 - Clear,01 - Dry,01 - Traffic signal,03 - At intersection,07 - Dark,02 - Non-fatal injury,07 - SMV other,Centretown West
2146,REGIONAL ROAD 174 btwn OR174 IC112 RAMP15 & TRANSIT,375126.3333,5033068.622,-75.60116258,45.43401359,11/12/2015,18:36,02 - Rain,02 - Wet,10 - No control,01 - Non intersection,07 - Dark,02 - Non-fatal injury,03 - Rear end,Greenbelt
2147,MAITLAND AVE btwn CARLING AVE & DUNCAN PL,362957.1123,5026452.851,-75.75746256,45.37560401,10/31/2015,10:35,01 - Clear,01 - Dry,10 - No control,04 - At/near private drive,01 - Daylight,02 - Non-fatal injury,02 - Angle,Carlingwood West - Glabar Park - McKellar Heights
2148,KIRKWOOD AVE @ RICHMOND RD,363779.4104,5028641.195,-75.74670306,45.39522564,10/28/2015,13:51,02 - Rain,02 - Wet,01 - Traffic signal,02 - Intersection related,01 - Daylight,02 - Non-fatal injury,03 - Rear end,Westboro
2149,LEMIEUX ST @ ST. LAURENT BLVD,372391.9749,5031743.391,-75.63628808,45.42235944,10/21/2015,18:32,02 - Rain,02 - Wet,01 - Traffic signal,02 - Intersection related,05 - Dusk,02 - Non-fatal injury,03 - Rear end,Overbrook
2150,OGILVIE RD @ BATHGATE DR/CITYPARK DR W,373827.7516,5032799.632,-75.6177954,45.43172275,11/4/2015,16:18,01 - Clear,01 - Dry,01 - Traffic signal,03 - At intersection,01 - Daylight,02 - Non-fatal injury,05 - Turning movement,Industrial Park
2151,MOODIE DR btwn FALLOWFIELD RD & BRIDE PRIV,359518.2325,5014597.134,-75.80267603,45.2692027,11/4/2015,17:21,01 - Clear,01 - Dry,10 - No control,04 - At/near private drive,07 - Dark,02 - Non-fatal injury,02 - Angle,Munster Hamlet - Richmond
2152,BANK ST btwn FOURTH AVE & FIFTH AVE,368371.3199,5029463.953,-75.68795393,45.40222674,10/16/2015,14:19,01 - Clear,01 - Dry,10 - No control,01 - Non intersection,01 - Daylight,02 - Non-fatal injury,04 - Sideswipe,The Glebe
2153,PRESTON ST @ SOMERSET ST,366308.4193,5030126.487,-75.71421979,45.40837234,10/30/2015,11:41,01 - Clear,01 - Dry,01 - Traffic signal,02 - Intersection related,01 - Daylight,02 - Non-fatal injury,05 - Turning movement,Little Italy
2154,RIVERSIDE DR @ TREMBLAY RD/HWY417 IC117 RAMP52,370801.3574,5031015.548,-75.65670876,45.41596249,10/5/2015,13:20,01 - Clear,01 - Dry,01 - Traffic signal,02 - Intersection related,01 - Daylight,02 - Non-fatal injury,03 - Rear end,Industrial Park
2155,BASELINE RD @ CENTREPOINTE DR E/HIGHGATE RD,362061.6866,5023465.145,-75.76924041,45.34879462,10/31/2015,12:09,01 - Clear,01 - Dry,01 - Traffic signal,03 - At intersection,01 - Daylight,02 - Non-fatal injury,05 - Turning movement,Iris
2156,BANK ST @ SIEVERIGHT AVE,372195.8766,5024133.541,-75.63983281,45.35390801,10/31/2015,19:26,01 - Clear,01 - Dry,02 - Stop sign,03 - At intersection,07 - Dark,02 - Non-fatal injury,02 - Angle,Blossom Park - Blossom Park West - Sawmill Creek/ Timbermill
2157,HUNTMAR DR @ PALLADIUM DR S,349676.3273,5017365.797,-75.92784301,45.29481293,11/1/2015,15:00,02 - Rain,02 - Wet,01 - Traffic signal,03 - At intersection,01 - Daylight,02 - Non-fatal injury,05 - Turning movement,Stittsville - Basswood
2158,HAZELDEAN RD @ WEST RIDGE DR,348493.2957,5013884.339,-75.94323198,45.26356008,11/1/2015,18:41,01 - Clear,01 - Dry,01 - Traffic signal,03 - At intersection,07 - Dark,02 - Non-fatal injury,02 - Angle,Stittsville
2159,WALKLEY RD btwn BANTON ST & MELFORT ST,374378.0806,5028323.423,-75.61139464,45.39139357,10/26/2015,16:48,01 - Clear,01 - Dry,10 - No control,04 - At/near private drive,01 - Daylight,02 - Non-fatal injury,05 - Turning movement,Hawthorne Meadows
2160,ELGIN ST @ WELLINGTON ST W,367663.9831,5031878.658,-75.69668042,45.42401737,11/4/2015,16:05,01 - Clear,01 - Dry,01 - Traffic signal,03 - At intersection,05 - Dusk,02 - Non-fatal injury,07 - SMV other,Downtown
2161,CARLING AVE @ HOLLAND AVE,365416.4592,5028039.217,-75.72587019,45.38966938,10/14/2015,10:38,01 - Clear,01 - Dry,01 - Traffic signal,02 - Intersection related,01 - Daylight,02 - Non-fatal injury,03 - Rear end,Civic Hospital - Experimental Farm - Central Park
2162,ISABELLA ST/HWY417 IC119AR75 @ METCALFE ST,368448.7065,5030399.204,-75.68684478,45.41063479,9/8/2015,20:21,01 - Clear,01 - Dry,01 - Traffic signal,02 - Intersection related,07 - Dark,02 - Non-fatal injury,07 - SMV other,The Glebe
2163,REGIONAL ROAD 174 btwn QUIGLEY HILL RD & CAMERON ST,389169.4393,5042507.067,-75.42008678,45.51737686,11/8/2015,14:45,01 - Clear,01 - Dry,10 - No control,01 - Non intersection,01 - Daylight,02 - Non-fatal injury,03 - Rear end,Cumberland - Estates
2164,ST. LAURENT BLVD @ WALKLEY RD,373903.4708,5028045.053,-75.6174943,45.38893592,11/8/2015,17:56,01 - Clear,01 - Dry,01 - Traffic signal,03 - At intersection,07 - Dark,02 - Non-fatal injury,05 - Turning movement,Industrial Park
2165,BANK ST btwn TURN LANE & MITCH OWENS RD,377729.9369,5016006.198,-75.57040765,45.28022823,10/8/2015,7:51,01 - Clear,01 - Dry,10 - No control,04 - At/near private drive,01 - Daylight,02 - Non-fatal injury,02 - Angle,Osgoode
2166,GLADSTONE AVE btwn METCALFE ST & ELGIN ST,368368.8601,5030833.397,-75.68780877,45.41454877,10/6/2015,8:27,01 - Clear,01 - Dry,10 - No control,04 - At/near private drive,01 - Daylight,02 - Non-fatal injury,02 - Angle,Centretown
2167,KENT ST btwn NEPEAN ST & LISGAR ST,367436.0281,5030966.521,-75.69970906,45.4158307,9/27/2015,12:15,01 - Clear,01 - Dry,10 - No control,01 - Non intersection,01 - Daylight,02 - Non-fatal injury,04 - Sideswipe,Centretown
2168,INDUSTRIAL AVE @ RUSSELL RD,372465.7286,5030278.472,-75.63554688,45.40917164,11/3/2015,5:57,01 - Clear,02 - Wet,01 - Traffic signal,03 - At intersection,07 - Dark,02 - Non-fatal injury,05 - Turning movement,Industrial Park
2169,WEST HUNT CLUB RD @ 354 E OF WOODROFFE AVE/REC,363982.687,5021424.849,-75.74497123,45.33027676,11/5/2015,7:30,01 - Clear,01 - Dry,01 - Traffic signal,02 - Intersection related,01 - Daylight,02 - Non-fatal injury,03 - Rear end,Tanglewood
2170,BURTON RD btwn FRONTIER RD & TO BE DETERMINED,390381.9756,5020297.014,-75.40842665,45.31740693,10/23/2015,12:12,01 - Clear,01 - Dry,10 - No control,01 - Non intersection,01 - Daylight,02 - Non-fatal injury,07 - SMV other,Cumberland
2171,ORCHARDVIEW AVE @ GARDENWAY DR,384735.4716,5036806.556,-75.47775973,45.46661171,11/3/2015,8:21,01 - Clear,02 - Wet,02 - Stop sign,02 - Intersection related,01 - Daylight,02 - Non-fatal injury,07 - SMV other,Fallingbrook
2172,INNES RD @ TENTH LINE RD,383952.481,5036158.48,-75.48787563,45.46087008,11/12/2015,17:27,02 - Rain,02 - Wet,01 - Traffic signal,02 - Intersection related,07 - Dark,02 - Non-fatal injury,03 - Rear end,Queenswood Heights
2173,JEANNE D'ARC BLVD @ ORLEANS BLVD N,380028.4945,5038105.996,-75.53774629,45.47882584,11/22/2015,11:28,01 - Clear,01 - Dry,01 - Traffic signal,03 - At intersection,01 - Daylight,02 - Non-fatal injury,05 - Turning movement,Orleans South West
2174,GREENBANK RD @ HWY 417 IC129 RAMP57/IRIS ST,360531.5949,5023313.937,-75.78878257,45.34755731,11/22/2015,13:52,01 - Clear,01 - Dry,01 - Traffic signal,02 - Intersection related,01 - Daylight,02 - Non-fatal injury,03 - Rear end,Iris
2175,HOG'S BACK RD btwn COLONEL BY DR & RIVERSIDE DR,367679.7542,5025920.316,-75.69723842,45.37040451,11/18/2015,7:45,01 - Clear,01 - Dry,10 - No control,01 - Non intersection,01 - Daylight,02 - Non-fatal injury,03 - Rear end,Carleto
2176,TERON RD @ BEAVERBROOK RD/PENFIELD DR N,351884.3888,5021213.907,-75.89932686,45.32929465,9/22/2015,17:31,01 - Clear,01 - Dry,01 - Traffic signal,03 - At intersection,01 - Daylight,02 - Non-fatal injury,05 - Turning movement,Beaverbrook
2177,MAPLE GROVE RD @ TERRY FOX DR,351553.6086,5017864.104,-75.90386264,45.29917443,11/10/2015,14:43,01 - Clear,01 - Dry,01 - Traffic signal,02 - Intersection related,01 - Daylight,02 - Non-fatal injury,03 - Rear end,Katimavik - Hazeldean
2178,CUMMINGS AVE @ MONTREAL RD,372008.4284,5034040.947,-75.64087499,45.44306872,11/12/2015,12:00,02 - Rain,02 - Wet,01 - Traffic signal,03 - At intersection,01 - Daylight,02 - Non-fatal injury,05 - Turning movement,Cummings
2179,FALLOWFIELD RD @ HWY 416 FALLOWFI IC66R24,360278.3918,5014851.954,-75.7929609,45.27143604,11/18/2015,9:35,01 - Clear,01 - Dry,02 - Stop sign,03 - At intersection,01 - Daylight,02 - Non-fatal injury,02 - Angle,Munster Hamlet - Richmond
2180,HIGHWAY 417 btwn HWY417 IC119B RAMP57 & HWY417 IC119A RAMP75,368292.6675,5030341.374,-75.68884553,45.41012863,10/19/2015,23:08,01 - Clear,01 - Dry,10 - No control,01 - Non intersection,07 - Dark,02 - Non-fatal injury,03 - Rear end,The Glebe
2181,BASELINE RD @ CENTREPOINTE DR W/COBDEN RD,361632.9607,5023207.15,-75.77474091,45.34650807,11/12/2015,18:45,02 - Rain,02 - Wet,01 - Traffic signal,03 - At intersection,07 - Dark,02 - Non-fatal injury,04 - Sideswipe,Iris
2182,CARLING AVE @ MAITLAND AVE/SHERBOURNE RD,362943.4186,5026488.167,-75.75763323,45.37592292,11/20/2015,18:34,01 - Clear,01 - Dry,01 - Traffic signal,02 - Intersection related,07 - Dark,02 - Non-fatal injury,03 - Rear end,Carlingwood - McKellar Park - Laurentien View
2183,QUEEN ST btwn O'CONNOR ST & METCALFE ST,367636.8792,5031670.822,-75.69705325,45.42214977,11/18/2015,10:02,01 - Clear,01 - Dry,10 - No control,01 - Non intersection,01 - Daylight,02 - Non-fatal injury,99 - Other,Downtown
2184,SOMERSET ST @ PERCY ST,367115.7039,5030568.931,-75.70385166,45.41228191,11/16/2015,15:10,01 - Clear,01 - Dry,01 - Traffic signal,03 - At intersection,01 - Daylight,02 - Non-fatal injury,05 - Turning movement,Chinatown
2185,TIERNEY DR @ WOODROFFE AVE,365970.067,5015723.608,-75.72032291,45.2788071,11/22/2015,17:10,01 - Clear,01 - Dry,02 - Stop sign,02 - Intersection related,07 - Dark,02 - Non-fatal injury,03 - Rear end,New Barrhaven
2186,BRONSON AVE @ FIFTH AVE/MADAWASKA DR,367614.0185,5028938.933,-75.69769344,45.39757112,11/22/2015,18:18,01 - Clear,01 - Dry,01 - Traffic signal,02 - Intersection related,07 - Dark,02 - Non-fatal injury,03 - Rear end,The Glebe
2187,INNES RD @ STAR TOP RD/WINDMILL LANE,374147.7258,5030666.2,-75.61400679,45.41249558,11/12/2015,22:04,02 - Rain,02 - Wet,01 - Traffic signal,02 - Intersection related,07 - Dark,02 - Non-fatal injury,07 - SMV other,Industrial Park
2188,AMIENS ST @ PRESTONE DR,382919.478,5037525.222,-75.50086539,45.47328309,11/19/2015,7:56,02 - Rain,02 - Wet,02 - Stop sign,03 - At intersection,01 - Daylight,02 - Non-fatal injury,02 - Angle,Queenswood Heights
2189,BANK ST @ SNAKE ISLAND RD/VICTORIA ST,383697.509,5010120.326,-75.49528835,45.22662608,11/18/2015,11:01,01 - Clear,01 - Dry,01 - Traffic signal,03 - At intersection,01 - Daylight,02 - Non-fatal injury,05 - Turning movement,Metcalfe
2190,MEADOWLANDS DR @ MERIVALE RD,364858.6999,5023723.709,-75.73351734,45.35088721,11/19/2015,16:50,02 - Rain,02 - Wet,01 - Traffic signal,02 - Intersection related,05 - Dusk,02 - Non-fatal injury,03 - Rear end,Cityview - Skyline - Fisher Heights
2191,FINDLAY CREEK DR btwn NETLEY CIRC & NETLEY CIRC,375234.8539,5019920.429,-75.60165092,45.3157015,8/13/2015,17:26,01 - Clear,01 - Dry,10 - No control,01 - Non intersection,01 - Daylight,02 - Non-fatal injury,07 - SMV other,Greenbelt
2192,VIEWMOUNT DR @ MERIVALE RD,365192.9764,5022948.135,-75.72934632,45.34387999,11/19/2015,15:27,01 - Clear,01 - Dry,01 - Traffic signal,02 - Intersection related,01 - Daylight,02 - Non-fatal injury,03 - Rear end,Tanglewood
2193,COURTENAY AVE @ DOVERCOURT AVE,362311.6849,5026842.74,-75.76565715,45.37916546,11/18/2015,18:06,01 - Clear,01 - Dry,02 - Stop sign,03 - At intersection,07 - Dark,02 - Non-fatal injury,02 - Angle,Carlingwood - McKellar Park - Laurentien View
2194,DONALD ST @ 110 E OF ST. LAURENT BLVD ,372203.1927,5032484.185,-75.63859875,45.42904297,11/19/2015,17:01,02 - Rain,02 - Wet,01 - Traffic signal,03 - At intersection,07 - Dark,02 - Non-fatal injury,07 - SMV other,Cummings
2195,BRANT ST @ MCARTHUR AVE,371262.7195,5032804.496,-75.65057327,45.43201499,11/19/2015,17:04,02 - Rain,02 - Wet,01 - Traffic signal,02 - Intersection related,07 - Dark,02 - Non-fatal injury,03 - Rear end,Vanier South
2196,DYNES RD @ PRINCE OF WALES DR,367114.7141,5025922.452,-75.7044511,45.3704742,11/23/2015,8:31,01 - Clear,01 - Dry,01 - Traffic signal,02 - Intersection related,01 - Daylight,02 - Non-fatal injury,02 - Angle,Carleton Heights - Rideauview
2197,HIGHWAY 416 btwn HWY416 IC49 RAMP34 & HWY416 IC49 RAMP43,369155.7098,5001195.273,-75.68159982,45.14779723,10/19/2015,16:28,01 - Clear,01 - Dry,10 - No control,01 - Non intersection,01 - Daylight,02 - Non-fatal injury,04 - Sideswipe,Kars - Osgoode
2198,OAK LEAF PRIV @ PERTH ST,356653.3789,5006172.212,-75.8400609,45.19361011,11/19/2015,8:04,01 - Clear,02 - Wet,02 - Stop sign,03 - At intersection,01 - Daylight,02 - Non-fatal injury,02 - Angle,Richmond
2199,LONGFIELDS DR @ WOODROFFE AVE,365420.4492,5017107.305,-75.72715868,45.29130515,11/19/2015,8:20,01 - Clear,01 - Dry,01 - Traffic signal,02 - Intersection related,01 - Daylight,02 - Non-fatal injury,03 - Rear end,Greenbelt
2200,FISHER AVE @ VIEWMOUNT DR,366920.1507,5024208.426,-75.70715023,45.35506903,11/19/2015,17:31,02 - Rain,02 - Wet,01 - Traffic signal,03 - At intersection,07 - Dark,02 - Non-fatal injury,07 - SMV other,Borden Farm - Stewart Farm - Parkwood Hills - Fisher Glen
2201,MERIVALE RD @ WEST HUNT CLUB RD,365611.2538,5021942.138,-75.72413296,45.33479203,11/19/2015,21:19,01 - Clear,02 - Wet,01 - Traffic signal,03 - At intersection,07 - Dark,02 - Non-fatal injury,05 - Turning movement,Tanglewood
2202,BANK ST @ EXHIBITION WAY,368528.6416,5029086.617,-75.6859933,45.39881728,10/13/2015,12:03,"07 - Fog, mist, smoke, dust",02 - Wet,01 - Traffic signal,03 - At intersection,01 - Daylight,02 - Non-fatal injury,05 - Turning movement,The Glebe
2203,SECOND AVE @ BRONSON AVE,367519.3961,5029162.557,-75.69887347,45.39959171,11/23/2015,9:23,01 - Clear,01 - Dry,02 - Stop sign,02 - Intersection related,01 - Daylight,02 - Non-fatal injury,03 - Rear end,The Glebe
2204,LOGGERS WAY btwn KINGDON MINE RD & GALETTA SIDE RD,324857.3117,5032704.929,-76.24364872,45.43398983,11/23/2015,10:05,01 - Clear,01 - Dry,10 - No control,01 - Non intersection,01 - Daylight,02 - Non-fatal injury,07 - SMV other,Galetta
2205,BANK ST btwn CATHERINE ST & CHAMBERLAIN AVE N/ISABELLA ST,368069.255,5030200.185,-75.69171759,45.40887849,10/2/2015,7:54,01 - Clear,01 - Dry,10 - No control,01 - Non intersection,01 - Daylight,02 - Non-fatal injury,04 - Sideswipe,The Glebe
2206,BRONSON AVE @ SUNNYSIDE AVE/UNIVERSITY RD - CA,367922.7101,5028091.907,-75.69385937,45.38992206,10/22/2015,14:10,01 - Clear,01 - Dry,01 - Traffic signal,02 - Intersection related,01 - Daylight,02 - Non-fatal injury,03 - Rear end,Carleto
2207,LOMBARDO DR/VICKERS WAY @ PICKFORD DR,353048.364,5018387.924,-75.88475369,45.30378682,11/23/2015,13:17,01 - Clear,01 - Dry,02 - Stop sign,03 - At intersection,01 - Daylight,02 - Non-fatal injury,07 - SMV other,Katimavik - Hazeldean
2208,ST. JOSEPH BLVD @ DUFORD DR/PLACE D'ORLEANS DR,381997.4562,5037996.228,-75.51258211,45.47762333,10/13/2015,17:36,01 - Clear,01 - Dry,01 - Traffic signal,03 - At intersection,01 - Daylight,02 - Non-fatal injury,02 - Angle,Queenswood Heights
2209,ABBOTT ST @ STITTSVILLE MAIN ST,350247.1429,5013330.336,-75.92093514,45.25846384,9/29/2015,13:12,02 - Rain,02 - Wet,01 - Traffic signal,02 - Intersection related,01 - Daylight,02 - Non-fatal injury,02 - Angle,Stittsville
2210,ST. LAURENT BLVD @ ST. LAURENT BLVD SERVICE,373496.6419,5029150.493,-75.62253529,45.39892219,11/21/2015,14:17,01 - Clear,01 - Dry,01 - Traffic signal,02 - Intersection related,01 - Daylight,02 - Non-fatal injury,03 - Rear end,Hawthorn
2211,HAWTHORNE RD btwn DAVIDSON RD & LEITRIM RD,376644.7944,5023641.034,-75.58313033,45.34903497,10/13/2015,18:05,01 - Clear,01 - Dry,10 - No control,01 - Non intersection,01 - Daylight,02 - Non-fatal injury,03 - Rear end,Greenbelt
2212,GALETTA SIDE RD btwn LOGGERS WAY & JOHN SHAW RD,325030.3726,5032585.366,-76.24144177,45.43290896,10/18/2015,14:38,01 - Clear,01 - Dry,10 - No control,01 - Non intersection,01 - Daylight,02 - Non-fatal injury,07 - SMV other,Galetta
2213,LEGGET DR @ 386 W OF SCHNEIDER RD/MITEL ACCESS,351151.8956,5022463.613,-75.908554,45.34058853,11/24/2015,17:34,01 - Clear,01 - Dry,01 - Traffic signal,02 - Intersection related,07 - Dark,02 - Non-fatal injury,03 - Rear end,South March
2214,MURRAY ST @ SUSSEX DR,367707.5291,5032392.696,-75.69605836,45.4286386,11/13/2015,0:54,02 - Rain,02 - Wet,01 - Traffic signal,03 - At intersection,07 - Dark,02 - Non-fatal injury,02 - Angle,Byward Market - Parliament Hill
2215,TERON RD @ PARKWAY (THE)/PENFIELD DR S,352293.6231,5020788.126,-75.89414725,45.32543581,11/16/2015,8:34,01 - Clear,01 - Dry,01 - Traffic signal,02 - Intersection related,01 - Daylight,02 - Non-fatal injury,03 - Rear end,Beaverbrook
2216,BROOKFIELD RD btwn RIVERSIDE DR/HOG'S BACK RD & 200 W OF FLANNERY DR,368187.8572,5026222.159,-75.69071358,45.37307464,10/22/2015,7:23,02 - Rain,02 - Wet,10 - No control,01 - Non intersection,01 - Daylight,02 - Non-fatal injury,04 - Sideswipe,Riverside Park
2217,CUMBERLAND ST @ LAURIER AVE,368598.4248,5031947.503,-75.68473176,45.42455222,10/26/2015,10:49,01 - Clear,01 - Dry,01 - Traffic signal,02 - Intersection related,01 - Daylight,02 - Non-fatal injury,04 - Sideswipe,Sandy Hill
2218,BASELINE RD/HWY 416 RICHMOND IC75R53 @ RICHMON,358635.8246,5021822.205,-75.81313594,45.33428273,4/4/2015,19:25,01 - Clear,01 - Dry,01 - Traffic signal,02 - Intersection related,01 - Daylight,02 - Non-fatal injury,03 - Rear end,Greenbelt
2219,HOLLY ACRES RD @ TRANSITWAY - BAYSHORE/278 N O,358495.9544,5022986.816,-75.81479396,45.34477266,11/22/2015,15:01,01 - Clear,01 - Dry,01 - Traffic signal,03 - At intersection,01 - Daylight,02 - Non-fatal injury,05 - Turning movement,Bayshore
2220,CONROY RD @ WALKLEY RD,372903.7226,5027463.531,-75.63034062,45.38380156,10/23/2015,17:13,01 - Clear,01 - Dry,01 - Traffic signal,02 - Intersection related,01 - Daylight,02 - Non-fatal injury,03 - Rear end,Elmvale - Eastway - Riverview - Riverview Park West
2221,ELMSMERE RD @ MONTREAL RD,374927.0074,5034314.212,-75.60353237,45.44524071,11/16/2015,8:38,01 - Clear,01 - Dry,01 - Traffic signal,03 - At intersection,01 - Daylight,02 - Non-fatal injury,07 - SMV other,Beacon Hill South - Cardinal Heights
2222,LEITRIM RD @ RIVER RD,368019.7032,5017177.819,-75.69401541,45.2917106,10/30/2015,14:18,01 - Clear,01 - Dry,02 - Stop sign,03 - At intersection,01 - Daylight,02 - Non-fatal injury,02 - Angle,Gloucester
2223,FISHER AVE @ MEADOWLANDS DR,366575.7856,5025045.086,-75.71144044,45.36262755,10/28/2015,23:12,02 - Rain,02 - Wet,01 - Traffic signal,03 - At intersection,07 - Dark,02 - Non-fatal injury,07 - SMV other,Carleton Heights - Rideauview
2224,YORK ST WB btwn BYWARD MARKE SQ & SUSSEX DR,367923.0009,5032337.59,-75.69331202,45.42812336,11/21/2015,1:50,01 - Clear,01 - Dry,10 - No control,01 - Non intersection,07 - Dark,02 - Non-fatal injury,07 - SMV other,Byward Market
2225,BAYROSE DR btwn LONGFIELDS DR & SUE HOLLOWAY DR,364653.605,5014767.855,-75.73721632,45.27032055,10/17/2015,16:30,01 - Clear,01 - Dry,10 - No control,01 - Non intersection,01 - Daylight,03 - P.D. only,06 - SMV unattended vehicle,New Barrhaven
2226,EARL ARMSTRONG RD btwn LIMEBANK RD & BOWESVILLE RD,370689.9045,5016266.544,-75.66009778,45.28326584,11/15/2015,21:00,01 - Clear,01 - Dry,10 - No control,01 - Non intersection,07 - Dark,02 - Non-fatal injury,07 - SMV other,Greenbelt
2227,MERTON ST @ SCOTT ST,365326.5476,5029956.786,-75.72678304,45.40693101,11/3/2015,8:45,01 - Clear,01 - Dry,02 - Stop sign,03 - At intersection,01 - Daylight,02 - Non-fatal injury,03 - Rear end,Mechanicsville
2228,BRITANNIA RD @ CARLING AVE,360174.6775,5024738.168,-75.79317749,45.36040078,11/16/2015,17:24,01 - Clear,01 - Dry,02 - Stop sign,02 - Intersection related,07 - Dark,02 - Non-fatal injury,07 - SMV other,Whitehaven - Queensway Terrace North
2229,TERON RD @ BEAVERBROOK RD/PENFIELD DR N,351883.6325,5021215.08,-75.8993364,45.32930525,10/29/2015,12:42,01 - Clear,01 - Dry,01 - Traffic signal,03 - At intersection,01 - Daylight,02 - Non-fatal injury,07 - SMV other,Beaverbrook
2230,SAUNDERSON DR @ SMYTH RD,372793.7313,5029323.19,-75.63148875,45.40054465,11/21/2015,12:32,01 - Clear,01 - Dry,01 - Traffic signal,03 - At intersection,01 - Daylight,02 - Non-fatal injury,02 - Angle,Elmvale - Eastway - Riverview - Riverview Park West