Record,Location,X,Y,lon,lat,Date,Time,Environment,Road_Surface,Traffic_Control,Collision_Location,Light,Collision_Classification,Impact_type,Neighborhood
2433,BANK ST @ SOUTHKEYS SC,371083.0088,5024522.597,-75.6539825,45.35751469,10/17/2015,3:21,02 - Rain,02 - Wet,01 - Traffic signal,03 - At intersection,07 - Dark,02 - Non-fatal injury,07 - SMV other,South Keys - Heron Gate - Greenboro West
2434,HUNT CLUB RD @ RIVERSIDE DR,368035.9823,5021945.138,-75.69319944,45.3346047,10/17/2015,8:23,01 - Clear,01 - Dry,01 - Traffic signal,02 - Intersection related,01 - Daylight,02 - Non-fatal injury,03 - Rear end,Hunt Club Woods - Quintarra - Revelstoke - Riverside South P
2435,REGIONAL ROAD 174 btwn TRANSIT & OR174 IC109 RAMP54,376379.4242,5034782.584,-75.58489963,45.44930761,10/12/2015,2:46,01 - Clear,01 - Dry,10 - No control,01 - Non intersection,07 - Dark,02 - Non-fatal injury,07 - SMV other,Greenbelt
2436,GREENBANK RD @ STRANDHERD DR,363933.6839,5014783.728,-75.74638842,45.27052428,10/20/2015,19:58,01 - Clear,01 - Dry,01 - Traffic signal,03 - At intersection,07 - Dark,02 - Non-fatal injury,05 - Turning movement,New Barrhaven
2437,CARP RD btwn NORMA LANE & HOLLAND HILL RD,340035.8779,5024134.662,-76.05026924,45.35627169,10/21/2015,20:01,01 - Clear,01 - Dry,10 - No control,01 - Non intersection,07 - Dark,02 - Non-fatal injury,07 - SMV other,Carp - Hardwood Plains
2438,BANK ST SB btwn 80 S OF HUNT CLUB RD & 112 N OF ALBION RD,371746.1252,5024103.087,-75.64557642,45.35367708,8/17/2015,17:04,01 - Clear,01 - Dry,10 - No control,01 - Non intersection,01 - Daylight,02 - Non-fatal injury,03 - Rear end,South Keys - Heron Gate - Greenboro West
2439,EASTVALE DR btwn BICKERTON AVE & GRAFTON CRES,375601.7244,5035466.987,-75.59474229,45.45554466,12/1/2015,0:15,02 - Rain,02 - Wet,10 - No control,01 - Non intersection,07 - Dark,02 - Non-fatal injury,07 - SMV other,Beacon Hill North
2440,MERIVALE RD @ BONGARD AVE,365866.9837,5021316.101,-75.72094774,45.32913683,12/10/2015,8:45,01 - Clear,02 - Wet,02 - Stop sign,02 - Intersection related,01 - Daylight,02 - Non-fatal injury,03 - Rear end,Merivale Gardens - Grenfell Glen - Pineglen - Country Place
2441,ALTA VISTA DR @ BANK ST,370248.7911,5026200.739,-75.6644068,45.37269246,6/30/2015,17:45,01 - Clear,01 - Dry,01 - Traffic signal,03 - At intersection,01 - Daylight,02 - Non-fatal injury,03 - Rear end,Ledbury - Heron Gate - Ridgemont - Elmwood
2442,RIVERSIDE DR @ SMYTH RD SOUTH SIDE RAMP,369789.1669,5028998.698,-75.66990586,45.39791035,11/6/2015,16:18,01 - Clear,01 - Dry,01 - Traffic signal,03 - At intersection,01 - Daylight,02 - Non-fatal injury,05 - Turning movement,Alta Vista
2443,GLADSTONE AVE btwn BELL ST N & ARTHUR ST,366954.3621,5029975.339,-75.70598761,45.40695528,11/7/2015,23:50,01 - Clear,01 - Dry,10 - No control,04 - At/near private drive,07 - Dark,02 - Non-fatal injury,99 - Other,Centretown West
2444,DONALD ST @ ST. LAURENT BLVD,372092.9909,5032472.585,-75.64000854,45.42894921,12/16/2015,6:57,01 - Clear,01 - Dry,01 - Traffic signal,03 - At intersection,07 - Dark,02 - Non-fatal injury,07 - SMV other,Overbrook
2445,GREENBANK RD @ MARKETPLACE AVE,364009.0766,5014601.829,-75.74544937,45.2688812,10/17/2015,16:15,01 - Clear,01 - Dry,01 - Traffic signal,03 - At intersection,01 - Daylight,02 - Non-fatal injury,05 - Turning movement,New Barrhaven
2446,ST. LAURENT BLVD @ MCARTHUR AVE,371920.9983,5032887.935,-75.64214971,45.43270287,9/18/2015,13:15,01 - Clear,01 - Dry,01 - Traffic signal,02 - Intersection related,01 - Daylight,02 - Non-fatal injury,03 - Rear end,Cummings
2447,BANK ST @ QUEENSDALE AVE,373337.4636,5023445.153,-75.62535995,45.34760351,10/12/2015,16:51,01 - Clear,01 - Dry,01 - Traffic signal,03 - At intersection,01 - Daylight,02 - Non-fatal injury,02 - Angle,Blossom Park - Blossom Park West - Sawmill Creek/ Timbermill
2448,MILTON RD btwn PERRAULT RD & RUSSELL RD,389570.9707,5025796.314,-75.41782662,45.36698295,10/21/2015,23:48,01 - Clear,01 - Dry,10 - No control,01 - Non intersection,07 - Dark,02 - Non-fatal injury,07 - SMV other,Navan - Vars
2449,ELGIN ST @ SLATER ST,367889.9857,5031646.575,-75.69382241,45.42190882,9/3/2015,2:38,01 - Clear,01 - Dry,01 - Traffic signal,03 - At intersection,07 - Dark,02 - Non-fatal injury,07 - SMV other,Downtown
2450,CYRVILLE RD @ ST. LAURENT BLVD,372241.7208,5032113.024,-75.63815725,45.42569973,9/4/2015,15:11,01 - Clear,01 - Dry,01 - Traffic signal,03 - At intersection,01 - Daylight,02 - Non-fatal injury,05 - Turning movement,Overbrook
2451,ST. LAURENT BLVD btwn HEMLOCK RD & MEADOW PARK PL,371150.7631,5034771.49,-75.65173879,45.44972373,12/3/2015,10:15,02 - Rain,02 - Wet,10 - No control,01 - Non intersection,01 - Daylight,02 - Non-fatal injury,03 - Rear end,Cemetery
2452,WEST HUNT CLUB RD @ CLEOPATRA DR/LANCELOT DR,365235.7,5021732.494,-75.72894967,45.33293813,12/10/2015,10:00,01 - Clear,01 - Dry,01 - Traffic signal,03 - At intersection,01 - Daylight,02 - Non-fatal injury,05 - Turning movement,Tanglewood
2453,ELVINA ST @ MOWAT ST,374371.4411,5034039.586,-75.6106724,45.4428253,8/20/2015,14:46,01 - Clear,01 - Dry,10 - No control,02 - Intersection related,01 - Daylight,02 - Non-fatal injury,03 - Rear end,Beacon Hill South - Cardinal Heights
2454,COLONEL BY DR @ HAWTHORNE AVE/PRETORIA BRIDGE,368767.7102,5030526.289,-75.68275322,45.41174917,8/22/2015,8:41,01 - Clear,01 - Dry,01 - Traffic signal,03 - At intersection,01 - Daylight,02 - Non-fatal injury,02 - Angle,Old Ottawa East
2455,FOREST VALLEY DR @ ORLEANS BLVD,380258.0267,5034818.849,-75.53531533,45.44922591,12/16/2015,12:57,01 - Clear,01 - Dry,01 - Traffic signal,02 - Intersection related,01 - Daylight,02 - Non-fatal injury,07 - SMV other,Chapel Hill
2456,ALBION RD @ MITCH OWENS RD,375905.3101,5014804.449,-75.59383419,45.26960221,9/6/2015,16:20,01 - Clear,01 - Dry,01 - Traffic signal,02 - Intersection related,01 - Daylight,02 - Non-fatal injury,03 - Rear end,Osgoode
2457,WOODROFFE AVE @ QUEENSBURY DR/RIDEAUCREST DR,365728.4235,5016328.446,-75.72332837,45.28427039,9/8/2015,11:56,01 - Clear,01 - Dry,01 - Traffic signal,03 - At intersection,01 - Daylight,02 - Non-fatal injury,02 - Angle,Chapman Mills - Rideau Crest - Davidson Heights
2458,ROCKDALE RD N @ HIGHWAY 417,395343.7707,5022680.53,-75.34471707,45.33822882,12/10/2015,10:59,01 - Clear,02 - Wet,02 - Stop sign,02 - Intersection related,01 - Daylight,02 - Non-fatal injury,03 - Rear end,Navan - Vars
2459,BLAIR RD @ OGILVIE RD,374507.0017,5033199.297,-75.60905875,45.43525134,12/10/2015,11:28,01 - Clear,01 - Dry,01 - Traffic signal,02 - Intersection related,01 - Daylight,02 - Non-fatal injury,03 - Rear end,Beacon Hill South - Cardinal Heights
2460,MONTFORT ST btwn PARK ST & BRADLEY AVE,370391.5406,5033555.033,-75.66160617,45.43885026,8/30/2015,22:48,01 - Clear,01 - Dry,10 - No control,01 - Non intersection,07 - Dark,02 - Non-fatal injury,07 - SMV other,Vanier North
2461,VANIER PKWY NB btwn VANIER PKWY & DONALD ST,370292.9405,5032368.78,-75.66302414,45.42818609,11/11/2015,15:00,01 - Clear,01 - Dry,10 - No control,01 - Non intersection,01 - Daylight,02 - Non-fatal injury,03 - Rear end,Vanier South
2462,CLEGG ST @ COLONEL BY DR,368968.1362,5029741.861,-75.68029495,45.40467281,11/23/2015,17:38,01 - Clear,01 - Dry,01 - Traffic signal,02 - Intersection related,07 - Dark,02 - Non-fatal injury,03 - Rear end,Old Ottawa East
2463,CONROY RD @ ST. LAURENT BLVD,373069.2455,5027159.302,-75.62826927,45.38104812,12/16/2015,16:50,01 - Clear,01 - Dry,01 - Traffic signal,03 - At intersection,07 - Dark,02 - Non-fatal injury,05 - Turning movement,Industrial Park
2464,JEANNE D'ARC BLVD @ ORLEANS BLVD S,380940.0238,5036250.219,-75.52637607,45.46203028,10/18/2015,12:05,01 - Clear,01 - Dry,01 - Traffic signal,03 - At intersection,01 - Daylight,02 - Non-fatal injury,02 - Angle,Orleans Village - Chateauneuf
2465,GEORGE ST btwn DALHOUSIE ST & CUMBERLAND ST,368239.1243,5032365.46,-75.6892689,45.42834552,9/25/2015,5:05,01 - Clear,01 - Dry,10 - No control,01 - Non intersection,07 - Dark,02 - Non-fatal injury,07 - SMV other,Byward Market
2466,HOG'S BACK RD btwn PRINCE OF WALES DR & COLONEL BY DR,367400.027,5025707.531,-75.7008362,45.36851496,10/22/2015,8:53,01 - Clear,01 - Dry,10 - No control,01 - Non intersection,01 - Daylight,02 - Non-fatal injury,04 - Sideswipe,Carleton Heights - Rideauview
2467,CARP RD btwn HWY417 IC144 RAMP16 & HWY417 IC144 RAMP35,347333.4726,5015890.695,-75.95783864,45.28168515,10/22/2015,16:27,01 - Clear,01 - Dry,10 - No control,01 - Non intersection,01 - Daylight,02 - Non-fatal injury,03 - Rear end,Stittsville - Basswood
2468,HAZELDEAN RD @ HAZELDEAN RD 1,351380.1585,5016477.35,-75.90620435,45.28670755,12/4/2015,15:36,01 - Clear,01 - Dry,01 - Traffic signal,03 - At intersection,01 - Daylight,02 - Non-fatal injury,05 - Turning movement,Stittsville - Basswood
2469,TALLWOOD DR btwn CENTREPOINTE DR & AVENSHIRE GT,362688.7435,5022578.666,-75.76134247,45.34076667,12/4/2015,15:51,01 - Clear,01 - Dry,10 - No control,01 - Non intersection,01 - Daylight,02 - Non-fatal injury,07 - SMV other,Centrepointe
2470,BENSINGER WAY btwn MALOJA WAY & MYKONOS WAY,349676.6372,5016300.236,-75.92793545,45.28522465,2/23/2015,16:19,01 - Clear,01 - Dry,10 - No control,01 - Non intersection,01 - Daylight,03 - P.D. only,06 - SMV unattended vehicle,Stittsville
2471,CEDARVIEW RD @ WEST HUNT CLUB RD,359718.6774,5019553.756,-75.79957298,45.31378722,12/16/2015,17:32,01 - Clear,01 - Dry,01 - Traffic signal,02 - Intersection related,07 - Dark,02 - Non-fatal injury,03 - Rear end,Greenbelt
2472,BOOTH ST @ SOMERSET ST,366592.1958,5030254.824,-75.71057876,45.40950208,10/22/2015,23:20,01 - Clear,01 - Dry,01 - Traffic signal,03 - At intersection,07 - Dark,02 - Non-fatal injury,07 - SMV other,Centretown West
2473,BEAVERPOND DR @ BLAIR RD,375400.2369,5031875.328,-75.59783333,45.42324941,10/23/2015,10:33,01 - Clear,01 - Dry,01 - Traffic signal,03 - At intersection,01 - Daylight,02 - Non-fatal injury,03 - Rear end,Pineview
2474,LONGFIELDS DR @ WOODROFFE AVE,365421.1699,5017107.705,-75.72714945,45.29130869,10/22/2015,18:18,01 - Clear,01 - Dry,01 - Traffic signal,03 - At intersection,05 - Dusk,02 - Non-fatal injury,05 - Turning movement,Greenbelt
2475,GLADSTONE AVE @ KENT ST,367746.1482,5030460.293,-75.69581174,45.41124799,7/20/2015,21:47,01 - Clear,01 - Dry,01 - Traffic signal,03 - At intersection,07 - Dark,02 - Non-fatal injury,02 - Angle,Centretown
2476,MERIVALE RD @ WEST HUNT CLUB RD,365612.6952,5021941.776,-75.72411462,45.33478865,9/27/2015,14:23,01 - Clear,01 - Dry,01 - Traffic signal,02 - Intersection related,01 - Daylight,02 - Non-fatal injury,07 - SMV other,Industrial Park
2477,HERZBERG RD @ CARLING AVE,352037.62,5022299.771,-75.8972685,45.33905517,11/25/2015,18:40,01 - Clear,01 - Dry,01 - Traffic signal,02 - Intersection related,07 - Dark,02 - Non-fatal injury,03 - Rear end,Kanata Lakes - Marchwood Lakeside - Morgan's Grant - Kanata
2478,EARL ARMSTRONG RD @ RIVER RD,367572.7185,5014683.675,-75.70002888,45.26930861,12/4/2015,16:57,01 - Clear,01 - Dry,01 - Traffic signal,02 - Intersection related,05 - Dusk,02 - Non-fatal injury,03 - Rear end,Gloucester
2479,BELFAST RD @ COVENTRY RD,371524.4431,5031643.009,-75.64738604,45.42153953,12/10/2015,14:56,01 - Clear,01 - Dry,01 - Traffic signal,02 - Intersection related,01 - Daylight,02 - Non-fatal injury,03 - Rear end,Overbrook
2480,WEST HUNT CLUB RD @ CLEOPATRA DR/LANCELOT DR,365236.422,5021731.05,-75.72894064,45.33292507,8/4/2015,22:05,02 - Rain,02 - Wet,01 - Traffic signal,03 - At intersection,07 - Dark,02 - Non-fatal injury,07 - SMV other,Tanglewood
2481,COVENTRY RD @ VANIER PKWY,370677.1056,5031609.901,-75.65821667,45.42132194,5/29/2015,17:50,01 - Clear,01 - Dry,01 - Traffic signal,02 - Intersection related,01 - Daylight,02 - Non-fatal injury,03 - Rear end,Overbrook
2482,PANMURE RD @ UPPER DWYER HILL RD,329340.7303,5019814.011,-76.18698782,45.31784797,10/23/2015,16:28,01 - Clear,01 - Dry,02 - Stop sign,03 - At intersection,01 - Daylight,02 - Non-fatal injury,02 - Angle,Car
2483,LEGGET DR btwn TERRY FOX DR & SOLANDT RD,350197.9283,5023353.916,-75.92064419,45.34866206,10/23/2015,16:44,01 - Clear,01 - Dry,10 - No control,04 - At/near private drive,01 - Daylight,02 - Non-fatal injury,05 - Turning movement,South March
2484,CHURCHILL AVE @ LANARK AVE,362987.1377,5028799.921,-75.75680254,45.39672012,8/28/2015,21:01,01 - Clear,01 - Dry,02 - Stop sign,03 - At intersection,07 - Dark,02 - Non-fatal injury,07 - SMV other,Westboro Beach
2485,INDUSTRIAL AVE btwn TRAINYARDS DR & RUSSELL RD,371930.3444,5030488.638,-75.64235721,45.41111418,10/23/2015,13:21,01 - Clear,01 - Dry,10 - No control,04 - At/near private drive,01 - Daylight,02 - Non-fatal injury,02 - Angle,Industrial Park
2486,BANK ST @ GLADSTONE AVE,367916.7064,5030562.571,-75.69361984,45.4121529,8/31/2015,20:30,01 - Clear,01 - Dry,01 - Traffic signal,02 - Intersection related,07 - Dark,02 - Non-fatal injury,07 - SMV other,Centretown
2487,LEES AVE / GRAHAM AVE @ MAIN ST,369000.9848,5030560.57,-75.67976876,45.41203626,10/6/2015,16:33,01 - Clear,01 - Dry,01 - Traffic signal,02 - Intersection related,01 - Daylight,02 - Non-fatal injury,04 - Sideswipe,Old Ottawa East
2488,BRONSON AVE btwn BRONSON AVE NB ON RAMP 42 & BRONSON AVE SB ON RAMP 43,367758.7187,5028421.081,-75.69591149,45.39289864,10/13/2015,14:46,01 - Clear,01 - Dry,10 - No control,07 - Overpass or bridge,01 - Daylight,02 - Non-fatal injury,03 - Rear end,Carleton University
2489,INNES RD @ PAGE RD,380887.027,5034539.832,-75.52731826,45.44664734,12/4/2015,17:43,01 - Clear,01 - Dry,01 - Traffic signal,02 - Intersection related,07 - Dark,02 - Non-fatal injury,03 - Rear end,Chapel Hill South
2490,MOODIE DR @ ROBERTSON RD,357067.3741,5020454.756,-75.83329,45.32209687,9/25/2015,10:05,01 - Clear,01 - Dry,01 - Traffic signal,02 - Intersection related,01 - Daylight,02 - Non-fatal injury,03 - Rear end,Bells Corners West
2491,O'CONNOR ST @ SOMERSET ST,367855.7101,5031013.296,-75.69434139,45.41621387,11/27/2015,18:39,02 - Rain,02 - Wet,01 - Traffic signal,03 - At intersection,07 - Dark,02 - Non-fatal injury,05 - Turning movement,Centretown
2492,QUEEN ELIZABETH DRWY @ SOMERSET ST,368570.7074,5031472.497,-75.68514741,45.42028081,8/8/2015,9:53,01 - Clear,01 - Dry,02 - Stop sign,03 - At intersection,01 - Daylight,02 - Non-fatal injury,02 - Angle,Golden Triangle
2493,PARKDALE AVE @ HWY 417 PARKDAL IC122R15/HWY 41,365335.9775,5028845.194,-75.72679903,45.39692834,9/30/2015,21:22,01 - Clear,01 - Dry,01 - Traffic signal,03 - At intersection,07 - Dark,02 - Non-fatal injury,02 - Angle,Civic Hospital - Experimental Farm - Central Park
2494,O'CONNOR ST @ QUEEN ST,367496.9794,5031584.498,-75.69885173,45.4213856,10/16/2015,17:28,01 - Clear,01 - Dry,01 - Traffic signal,02 - Intersection related,05 - Dusk,02 - Non-fatal injury,04 - Sideswipe,Downtown
2495,KING EDWARD AVE @ RIDEAU ST,368510.9865,5032412.508,-75.68578886,45.42874413,10/16/2015,22:20,01 - Clear,01 - Dry,01 - Traffic signal,02 - Intersection related,07 - Dark,02 - Non-fatal injury,07 - SMV other,Lowe
2496,BRIAN COBURN BLVD @ ESPRIT DR,385142.5942,5035344.819,-75.47279301,45.45341368,10/23/2015,17:41,01 - Clear,01 - Dry,02 - Stop sign,02 - Intersection related,05 - Dusk,02 - Non-fatal injury,03 - Rear end,Avalon
2497,MAITLAND AVE btwn DUNCAN PL & LENESTER AVE,363022.2415,5026289.9,-75.75665029,45.37413239,10/23/2015,15:50,01 - Clear,01 - Dry,10 - No control,01 - Non intersection,01 - Daylight,02 - Non-fatal injury,03 - Rear end,Carlingwood West - Glabar Park - McKellar Heights
2498,HENNESSY CRES/VARENNES BLVD @ VALIN ST,385177.1107,5037686.373,-75.47196891,45.47447677,9/24/2015,18:30,01 - Clear,01 - Dry,02 - Stop sign,03 - At intersection,01 - Daylight,02 - Non-fatal injury,02 - Angle,Fallingbrook
2499,FISHER AVE btwn FALAISE RD & NORMANDY CRES,366789.3976,5024525.483,-75.70877914,45.35793341,9/30/2015,6:26,01 - Clear,01 - Dry,10 - No control,01 - Non intersection,07 - Dark,02 - Non-fatal injury,07 - SMV other,Carleton Heights - Rideauview
2500,PARENT AVE @ ST. PATRICK ST,367822.4243,5032557.315,-75.69456911,45.43010944,11/28/2015,18:00,01 - Clear,01 - Dry,01 - Traffic signal,02 - Intersection related,07 - Dark,02 - Non-fatal injury,04 - Sideswipe,Byward Market
2501,PRESTON ST @ TRANSITWAY,366119.46,5030624.848,-75.71657156,45.41287304,10/1/2015,6:46,01 - Clear,01 - Dry,01 - Traffic signal,03 - At intersection,03 - Dawn,02 - Non-fatal injury,07 - SMV other,LeBreton Flats
2502,CARLING AVE @ IROQUOIS RD,362214.4067,5026025.17,-75.7669942,45.37181703,9/8/2015,14:35,01 - Clear,01 - Dry,01 - Traffic signal,03 - At intersection,01 - Daylight,02 - Non-fatal injury,02 - Angle,Carlingwood - McKellar Park - Laurentien View
2503,KIRKWOOD AVE @ LAROSE AVE,364648.2198,5026842.761,-75.73582552,45.37896995,10/8/2015,11:24,01 - Clear,01 - Dry,02 - Stop sign,03 - At intersection,01 - Daylight,02 - Non-fatal injury,05 - Turning movement,Carlington
2504,ALBION RD @ MITCH OWENS RD,375907.4748,5014804.809,-75.59380655,45.26960523,10/28/2015,18:31,02 - Rain,02 - Wet,01 - Traffic signal,03 - At intersection,07 - Dark,02 - Non-fatal injury,05 - Turning movement,Osgoode
2505,KING EDWARD AVE @ LAURIER AVE,368740.4292,5032035.305,-75.6829059,45.42532926,11/12/2015,8:47,02 - Rain,02 - Wet,01 - Traffic signal,02 - Intersection related,01 - Daylight,02 - Non-fatal injury,03 - Rear end,Sandy Hill
2506,QUEEN MARY ST @ VANIER PKWY,370363.7105,5031956.863,-75.66217465,45.4244732,11/19/2015,6:15,01 - Clear,01 - Dry,01 - Traffic signal,03 - At intersection,03 - Dawn,02 - Non-fatal injury,07 - SMV other,Overbrook
2507,FISHER AVE @ VIEWMOUNT DR,366920.1507,5024209.867,-75.70715005,45.35508199,10/9/2015,21:08,01 - Clear,01 - Dry,01 - Traffic signal,02 - Intersection related,07 - Dark,02 - Non-fatal injury,03 - Rear end,Borden Farm - Stewart Farm - Parkwood Hills - Fisher Glen
2508,RIDEAU ST btwn WURTEMBURG ST & RIDEAU PL,369365.2325,5032930.35,-75.67480503,45.43332514,10/26/2015,10:10,01 - Clear,01 - Dry,10 - No control,01 - Non intersection,01 - Daylight,02 - Non-fatal injury,03 - Rear end,Sandy Hill
2509,SOMERSET ST    W btwn PRESTON ST & ROCHESTER ST,366382.1734,5030159.847,-75.71327349,45.40866601,11/16/2015,22:25,01 - Clear,01 - Dry,10 - No control,01 - Non intersection,07 - Dark,02 - Non-fatal injury,04 - Sideswipe,Little Italy
2510,COLONNADE RD @ PRINCE OF WALES DR,367394.7116,5023266.516,-75.70121316,45.34655171,11/20/2015,17:11,01 - Clear,01 - Dry,01 - Traffic signal,02 - Intersection related,05 - Dusk,02 - Non-fatal injury,03 - Rear end,Industrial Park
2511,BARNSDALE RD @ PRINCE OF WALES DR,366648.1402,5011534.579,-75.71220242,45.24105505,11/20/2015,20:11,01 - Clear,01 - Dry,02 - Stop sign,03 - At intersection,07 - Dark,02 - Non-fatal injury,02 - Angle,New Barrhaven
2512,MAPLE GROVE RD @ TERRY FOX DR,351554.3293,5017864.104,-75.90385345,45.29917438,10/27/2015,16:15,01 - Clear,01 - Dry,01 - Traffic signal,03 - At intersection,01 - Daylight,02 - Non-fatal injury,07 - SMV other,Katimavik - Hazeldean
2513,BANK ST @ GLADSTONE AVE,367916.7064,5030562.931,-75.6936198,45.41215614,10/16/2015,21:07,02 - Rain,02 - Wet,01 - Traffic signal,03 - At intersection,07 - Dark,02 - Non-fatal injury,07 - SMV other,Centretown
2514,MONTREAL RD @ GRANVILLE ST/LAFONTAINE AVE,370826.7134,5033472.426,-75.65605545,45.43806603,11/6/2015,16:27,01 - Clear,01 - Dry,01 - Traffic signal,02 - Intersection related,05 - Dusk,02 - Non-fatal injury,07 - SMV other,Vanier South
2515,PERTH ST btwn FRANKTOWN RD & ROCHELLE DR,356071.2583,5005641.877,-75.84752361,45.18888055,12/20/2015,5:41,03 - Snow,06 - Ice,10 - No control,01 - Non intersection,07 - Dark,02 - Non-fatal injury,07 - SMV other,Munster Hamlet - Richmond
2516,QUEENSDALE AVE btwn BANNON WAY & BANK ST,373322.3025,5023437.571,-75.62555445,45.34753677,12/20/2015,11:24,01 - Clear,01 - Dry,10 - No control,04 - At/near private drive,01 - Daylight,02 - Non-fatal injury,05 - Turning movement,Blossom Park - Blossom Park West - Sawmill Creek/ Timbermill
2517,ALBION RD @ BANK ST,371947.4499,5024129.499,-75.64300365,45.35389547,12/14/2015,13:14,01 - Clear,01 - Dry,01 - Traffic signal,03 - At intersection,01 - Daylight,02 - Non-fatal injury,02 - Angle,Emerald Woods - Sawmill Creek
2518,DONALD ST @ ST. LAURENT BLVD,372092.9909,5032471.863,-75.64000864,45.42894272,11/24/2015,8:41,03 - Snow,02 - Wet,01 - Traffic signal,02 - Intersection related,01 - Daylight,02 - Non-fatal injury,03 - Rear end,Overbrook
2519,OGILVIE RD @ BATHGATE DR/CITYPARK DR W,373828.7221,5032799.854,-75.61778296,45.43172465,11/27/2015,13:31,02 - Rain,02 - Wet,01 - Traffic signal,03 - At intersection,01 - Daylight,02 - Non-fatal injury,07 - SMV other,Industrial Park
2520,BREWER RD @ BRONSON AVE,368108.3251,5027764.992,-75.69153105,45.38696382,12/20/2015,11:57,01 - Clear,01 - Dry,01 - Traffic signal,03 - At intersection,01 - Daylight,02 - Non-fatal injury,05 - Turning movement,Carleto
2521,SUNNYSIDE AVE btwn WILLARD ST & FAIRBAIRN ST,368864.9097,5028657.703,-75.68175429,45.39492736,12/20/2015,18:04,01 - Clear,01 - Dry,10 - No control,01 - Non intersection,07 - Dark,02 - Non-fatal injury,07 - SMV other,Old Ottawa South
2522,DALY AVE @ WALLER ST,368342.624,5032120.449,-75.68797795,45.42613161,12/18/2015,16:24,01 - Clear,01 - Dry,01 - Traffic signal,03 - At intersection,05 - Dusk,02 - Non-fatal injury,05 - Turning movement,Byward Market - Parliament Hill
2523,ST. LAURENT BLVD @ 125 N OF QUEEN MARY ST/ZELL,372170.965,5032288.491,-75.63903734,45.42728532,11/19/2015,17:29,02 - Rain,02 - Wet,01 - Traffic signal,02 - Intersection related,07 - Dark,02 - Non-fatal injury,07 - SMV other,Overbrook
2524,DALY AVE @ NICHOLAS ST,368227.701,5032048.018,-75.68945575,45.42549033,12/7/2015,8:55,01 - Clear,01 - Dry,01 - Traffic signal,02 - Intersection related,01 - Daylight,02 - Non-fatal injury,03 - Rear end,Byward Market - Parliament Hill
2525,SECOND LINE RD    S btwn CENTURY RD E & CARSONBY RD E,365983.6834,5006278.937,-75.72131098,45.19382259,12/21/2015,11:08,02 - Rain,02 - Wet,10 - No control,01 - Non intersection,01 - Daylight,02 - Non-fatal injury,07 - SMV other,Manotick - North Gower
2526,CARLING AVE @ HIGHLAND AVE,363304.4158,5026715.095,-75.75299758,45.37793474,5/29/2015,13:12,01 - Clear,01 - Dry,02 - Stop sign,02 - Intersection related,01 - Daylight,02 - Non-fatal injury,02 - Angle,Carlingwood - McKellar Park - Laurentien View
2527,KING EDWARD AVE @ STEWART ST,368634.7144,5032204.498,-75.68423477,45.42686125,10/21/2015,18:15,01 - Clear,01 - Dry,01 - Traffic signal,03 - At intersection,07 - Dark,02 - Non-fatal injury,07 - SMV other,Sandy Hill
2528,ORLEANS BLVD @ ST. JOSEPH BLVD,380631.017,5036980.23,-75.53021423,45.46863194,10/31/2015,11:06,01 - Clear,01 - Dry,01 - Traffic signal,02 - Intersection related,01 - Daylight,02 - Non-fatal injury,03 - Rear end,Industrial Park
2529,FALLOWFIELD RD @ VIA PARK PL/275 W OF WOODROFFE AVE,364847.2373,5017766.021,-75.73438607,45.29728146,12/9/2015,6:47,01 - Clear,01 - Dry,01 - Traffic signal,03 - At intersection,07 - Dark,02 - Non-fatal injury,02 - Angle,New Barrhaven
2530,VARLEY DR btwn BEAVERBROOK RD & MILNE CRES,351435.1823,5021122.294,-75.90506588,45.32850029,12/3/2015,9:23,01 - Clear,01 - Dry,10 - No control,01 - Non intersection,01 - Daylight,02 - Non-fatal injury,07 - SMV other,Beaverbrook
2531,COVENTRY RD @ 230 W OF ST. LAURENT BLVD/ST. LA,372081.17,5031933.885,-75.64023318,45.42410338,10/23/2015,18:35,01 - Clear,01 - Dry,01 - Traffic signal,02 - Intersection related,07 - Dark,02 - Non-fatal injury,03 - Rear end,Overbrook
2532,QUEEN ST btwn KENT ST & BANK ST,367260.0297,5031435.289,-75.70189812,45.42006426,12/4/2015,17:33,01 - Clear,01 - Dry,10 - No control,01 - Non intersection,07 - Dark,02 - Non-fatal injury,04 - Sideswipe,Downtown
2533,HOLLAND AVE/TUNNEY'S PASTURE @ SCOTT ST,364736.975,5029594.835,-75.73435805,45.40372499,12/11/2015,6:56,01 - Clear,02 - Wet,01 - Traffic signal,02 - Intersection related,03 - Dawn,02 - Non-fatal injury,07 - SMV other,Island Park
2534,BRONSON AVE @ COMMISSIONER ST/SLATER ST,366769.2996,5030949.432,-75.70822907,45.4157363,12/6/2015,18:10,01 - Clear,01 - Dry,01 - Traffic signal,02 - Intersection related,07 - Dark,02 - Non-fatal injury,03 - Rear end,Byward Market - Parliament Hill
2535,MAITLAND AVE/HWY 417 MAITLAND IC126R53 @ HWY 4,363229.0084,5025774.098,-75.75407164,45.36947406,12/21/2015,16:19,02 - Rain,02 - Wet,01 - Traffic signal,03 - At intersection,05 - Dusk,02 - Non-fatal injury,05 - Turning movement,Braemar Park - Bel Air Heights - Copeland Park