Record,Location,X,Y,lon,lat,Date,Time,Environment,Road_Surface,Traffic_Control,Collision_Location,Light,Collision_Classification,Impact_type,Neighborhood
2536,MONTREAL RD @ BETHAMY LANE/FOXBOROUGH PRIV,375321.0036,5034345.576,-75.59849185,45.44548327,12/15/2015,10:38,02 - Rain,02 - Wet,01 - Traffic signal,02 - Intersection related,01 - Daylight,02 - Non-fatal injury,03 - Rear end,Beacon Hill South - Cardinal Heights
2537,BREEZEHILL AVE @ SOMERSET ST,365911.705,5029955.294,-75.71930863,45.40686674,12/14/2015,16:00,01 - Clear,01 - Dry,02 - Stop sign,03 - At intersection,05 - Dusk,02 - Non-fatal injury,02 - Angle,Littl
2538,BEECHWOOD AVE @ ST. CHARLES ST,369416.4354,5033785.241,-75.67403847,45.44101237,6/8/2015,17:02,01 - Clear,01 - Dry,01 - Traffic signal,03 - At intersection,01 - Daylight,02 - Non-fatal injury,07 - SMV other,Vanier North
2539,DALY AVE @ KING EDWARD AVE,368591.8881,5032273.947,-75.68477301,45.42749004,12/4/2015,19:25,01 - Clear,01 - Dry,02 - Stop sign,03 - At intersection,07 - Dark,02 - Non-fatal injury,07 - SMV other,Sandy Hill
2540,SCOTT ST @ WESTERN AVE,364204.2245,5029269.383,-75.74120207,45.40084205,12/22/2015,14:04,02 - Rain,02 - Wet,02 - Stop sign,03 - At intersection,01 - Daylight,02 - Non-fatal injury,02 - Angle,Tunney's Pasture
2541,BROOKFIELD RD @ 200 W OF FLANNERY DR,368510.0161,5026257.463,-75.68659637,45.37336308,12/22/2015,16:21,02 - Rain,02 - Wet,01 - Traffic signal,03 - At intersection,05 - Dusk,02 - Non-fatal injury,07 - SMV other,Riverside Park
2542,PARKDALE AVE btwn GLADSTONE AVE & FOSTER ST,365223.1999,5029107.731,-75.7282072,45.39930033,12/11/2015,16:48,02 - Rain,02 - Wet,10 - No control,01 - Non intersection,05 - Dusk,02 - Non-fatal injury,03 - Rear end,Civi
2543,KING EDWARD AVE @ GEORGE ST,368462.7122,5032482.318,-75.6863967,45.42937665,12/15/2015,7:37,02 - Rain,02 - Wet,02 - Stop sign,03 - At intersection,03 - Dawn,02 - Non-fatal injury,02 - Angle,Byward Market
2544,BRIAN COBURN BLVD @ TENTH LINE RD,384428.3389,5035022.308,-75.48197576,45.45059377,10/9/2015,7:10,02 - Rain,02 - Wet,01 - Traffic signal,03 - At intersection,03 - Dawn,02 - Non-fatal injury,05 - Turning movement,Avalon
2545,BASELINE RD @ 207 E OF CLYDE AVE,364535.4807,5025000.615,-75.73748767,45.36240424,10/24/2015,23:01,02 - Rain,02 - Wet,01 - Traffic signal,03 - At intersection,07 - Dark,02 - Non-fatal injury,02 - Angle,Civic Hospital - Experimental Farm - Central Park
2546,LAFONTAINE AVE @ MCARTHUR AVE,370950.4343,5032772.296,-75.65456832,45.43175488,12/14/2015,10:32,01 - Clear,02 - Wet,01 - Traffic signal,03 - At intersection,01 - Daylight,02 - Non-fatal injury,05 - Turning movement,Vanier South
2547,KING EDWARD AVE @ ST. PATRICK ST,368249.4233,5032822.145,-75.68907845,45.43245368,12/17/2015,14:43,01 - Clear,01 - Dry,01 - Traffic signal,03 - At intersection,01 - Daylight,02 - Non-fatal injury,02 - Angle,Byward Market
2548,RAMSAYVILLE RD @ MITCH OWENS RD,381144.0694,5018039.193,-75.52658314,45.29815757,12/8/2015,17:59,01 - Clear,01 - Dry,02 - Stop sign,03 - At intersection,07 - Dark,02 - Non-fatal injury,02 - Angle,Metcalfe
2549,MEADOWLANDS DR/TALLWOOD DR @ WOODROFFE AVE,363056.6896,5022728.328,-75.75663027,45.34208286,12/22/2015,16:41,02 - Rain,02 - Wet,01 - Traffic signal,02 - Intersection related,05 - Dusk,02 - Non-fatal injury,03 - Rear end,Crestview - Meadowlands
2550,METCALFE ST @ WAVERLEY ST,368160.9925,5030858.569,-75.6904611,45.41479411,12/22/2015,16:44,02 - Rain,02 - Wet,02 - Stop sign,03 - At intersection,05 - Dusk,02 - Non-fatal injury,07 - SMV other,Centretown
2551,WALKLEY RD @ 160 W OF CONROY RD ,372768.1168,5027383.725,-75.63208305,45.38309666,10/16/2015,14:50,01 - Clear,01 - Dry,01 - Traffic signal,03 - At intersection,01 - Daylight,02 - Non-fatal injury,03 - Rear end,Elmvale - Eastway - Riverview - Riverview Park West
2552,PRINCE OF WALES DR @ MERIVALE RD,367450.432,5017616.1,-75.70121694,45.29570519,10/25/2015,14:38,01 - Clear,01 - Dry,01 - Traffic signal,03 - At intersection,01 - Daylight,02 - Non-fatal injury,05 - Turning movement,Greenbelt
2553,CEDARVIEW RD @ HWY 416 WESTHUNT IC72R24,359607.886,5019745.22,-75.80096472,45.31551868,12/14/2015,17:58,02 - Rain,02 - Wet,02 - Stop sign,03 - At intersection,07 - Dark,02 - Non-fatal injury,02 - Angle,Greenbelt
2554,HOLLAND AVE @ KENILWORTH ST,365214.6973,5028496.551,-75.72839065,45.3938018,12/17/2015,15:49,02 - Rain,02 - Wet,01 - Traffic signal,02 - Intersection related,01 - Daylight,02 - Non-fatal injury,03 - Rear end,Civic Hospital - Experimental Farm - Central Park
2555,MARKETPLACE AVE @ RIOCAN AVE,364287.5989,5014762.317,-75.74188102,45.27030177,12/22/2015,14:15,01 - Clear,02 - Wet,02 - Stop sign,03 - At intersection,01 - Daylight,02 - Non-fatal injury,07 - SMV other,New Barrhaven
2556,CASTLEFRANK RD @ KATIMAVIK RD,351951.1749,5018942.794,-75.8986911,45.30885418,12/17/2015,22:57,01 - Clear,02 - Wet,01 - Traffic signal,03 - At intersection,07 - Dark,02 - Non-fatal injury,05 - Turning movement,Katimavik - Hazeldean
2557,BLAIR RD @ REGIONAL RD 174 S/OR174 IC112 RAMP15,374907.2342,5032662.135,-75.6040204,45.43037825,9/28/2015,14:42,02 - Rain,02 - Wet,01 - Traffic signal,02 - Intersection related,01 - Daylight,02 - Non-fatal injury,03 - Rear end,Pineview
2558,GLOUCESTER ST @ O'CONNOR ST,367678.7094,5031292.581,-75.69656705,45.41874272,12/22/2015,12:05,02 - Rain,02 - Wet,01 - Traffic signal,03 - At intersection,01 - Daylight,02 - Non-fatal injury,07 - SMV other,Downtown
2559,JEANNE D'ARC BLVD @ ORLEANS BLVD S,380939.3005,5036252.024,-75.52638504,45.4620466,12/19/2015,11:21,01 - Clear,01 - Dry,01 - Traffic signal,02 - Intersection related,01 - Daylight,02 - Non-fatal injury,03 - Rear end,Orleans Village - Chateauneuf
2560,BOOTH ST @ OTTAWA RIVER PKWY/WELLINGTON ST,366263.5363,5031004.886,-75.71468359,45.41627987,8/18/2015,8:20,01 - Clear,01 - Dry,01 - Traffic signal,02 - Intersection related,01 - Daylight,02 - Non-fatal injury,03 - Rear end,LeBreton Flats
2561,LACASSE AVE @ MONTREAL RD,370686.921,5033406.655,-75.65785087,45.43748744,9/29/2015,13:03,02 - Rain,02 - Wet,01 - Traffic signal,02 - Intersection related,01 - Daylight,02 - Non-fatal injury,03 - Rear end,Vanier South
2562,BANK ST @ SUNNYSIDE AVE,368734.7087,5028581.91,-75.68342689,45.3942573,9/29/2015,17:59,02 - Rain,02 - Wet,01 - Traffic signal,03 - At intersection,01 - Daylight,02 - Non-fatal injury,05 - Turning movement,Old Ottawa South
2563,HAZELDEAN RD @ HAZELDEAN RD 2,351543.1749,5016629.883,-75.90411199,45.28806926,12/18/2015,16:15,01 - Clear,01 - Dry,01 - Traffic signal,03 - At intersection,05 - Dusk,02 - Non-fatal injury,05 - Turning movement,Stittsville - Basswood
2564,OLMSTEAD ST btwn MONTREAL RD & LEVIS AVE,370343.8667,5033186.97,-75.66226448,45.43554305,7/14/2015,18:54,01 - Clear,01 - Dry,10 - No control,01 - Non intersection,01 - Daylight,02 - Non-fatal injury,99 - Other,Vanier South
2565,INDUSTRIAL AVE btwn RUSSELL RD & ST. LAURENT BLVD,372756.0983,5030015.055,-75.63187405,45.4067734,8/18/2015,16:03,01 - Clear,01 - Dry,10 - No control,01 - Non intersection,01 - Daylight,02 - Non-fatal injury,03 - Rear end,Industrial Park
2566,BEATRICE DR @ STRANDHERD DR,365527.377,5015320.401,-75.72601427,45.27521744,10/3/2015,7:59,01 - Clear,01 - Dry,01 - Traffic signal,03 - At intersection,01 - Daylight,02 - Non-fatal injury,02 - Angle,New Barrhaven
2567,CAMPEAU DR @ TERON RD/COLCHESTER SQ,352563.0005,5020468.248,-75.89074198,45.3225392,12/17/2015,12:20,02 - Rain,02 - Wet,01 - Traffic signal,02 - Intersection related,01 - Daylight,02 - Non-fatal injury,03 - Rear end,Beaverbrook
2568,RICHMOND RD @ STONEHAVEN DR,356782.3631,5015891.437,-75.83740376,45.28105662,12/18/2015,16:33,01 - Clear,01 - Dry,01 - Traffic signal,03 - At intersection,05 - Dusk,02 - Non-fatal injury,05 - Turning movement,Bridlewood - Emerald Meadows
2569,BOYER RD @ ST. JOSEPH BLVD,380405.02,5036834.308,-75.53312649,45.46734355,12/23/2015,14:47,01 - Clear,02 - Wet,02 - Stop sign,03 - At intersection,01 - Daylight,02 - Non-fatal injury,03 - Rear end,Industrial Park
2570,BANK ST @ GROVE AVE,368847.7107,5028372.549,-75.68201095,45.39236321,9/8/2015,18:39,01 - Clear,01 - Dry,02 - Stop sign,02 - Intersection related,01 - Daylight,02 - Non-fatal injury,07 - SMV other,Old Ottawa South
2571,ELGIN ST @ LAURIER AVE,367947.2685,5031549.215,-75.69310299,45.42102764,10/3/2015,12:11,01 - Clear,01 - Dry,01 - Traffic signal,03 - At intersection,01 - Daylight,02 - Non-fatal injury,05 - Turning movement,Downtown
2572,GREENBANK RD @ BERRIGAN DR/WESSEX RD,363722.9597,5015277.147,-75.74901514,45.27498176,12/13/2015,8:57,01 - Clear,01 - Dry,01 - Traffic signal,02 - Intersection related,01 - Daylight,02 - Non-fatal injury,03 - Rear end,New Barrhaven
2573,HUNT CLUB RD @ LORRY GREENBERG DR/SABLE RIDGE ,372824.4607,5024807.505,-75.63171843,45.35991139,12/23/2015,17:56,02 - Rain,02 - Wet,01 - Traffic signal,03 - At intersection,07 - Dark,02 - Non-fatal injury,05 - Turning movement,Greenboro East
2574,COLDREY AVE @ KIRKWOOD AVE,364439.4162,5027136.179,-75.73845595,45.38162788,8/20/2015,16:47,02 - Rain,02 - Wet,01 - Traffic signal,02 - Intersection related,01 - Daylight,02 - Non-fatal injury,03 - Rear end,Carlington
2575,BLAIR RD @ MEADOWBROOK RD,375194.7345,5032309.768,-75.60039693,45.42717897,10/28/2015,17:51,02 - Rain,02 - Wet,01 - Traffic signal,02 - Intersection related,07 - Dark,02 - Non-fatal injury,03 - Rear end,Greenbelt
2576,HIGHWAY 417 btwn HWY417 IC124 RAMP65 & HWY417 IC122 RAMP51,365142.4744,5028689.598,-75.72928938,45.39554503,10/21/2015,11:24,01 - Clear,01 - Dry,10 - No control,01 - Non intersection,01 - Daylight,02 - Non-fatal injury,03 - Rear end,Civic Hospital - Experimental Farm - Central Park
2577,ELGIN ST @ WAVERLEY ST,368318.4287,5030952.568,-75.68843769,45.41562561,12/19/2015,1:01,01 - Clear,01 - Dry,01 - Traffic signal,02 - Intersection related,07 - Dark,02 - Non-fatal injury,07 - SMV other,Centretown
2578,AIRPORT PKWY btwn RAMP & RAMP (4),371328.9329,5021729.782,-75.65121957,45.33236251,11/8/2015,23:06,01 - Clear,01 - Dry,10 - No control,01 - Non intersection,07 - Dark,02 - Non-fatal injury,01 - Approaching,Hunt Club - Ottawa Airport
2579,AVIATION PKWY @ OGILVIE RD,373109.9922,5032376.586,-75.62702628,45.42798687,9/29/2015,16:45,02 - Rain,02 - Wet,01 - Traffic signal,02 - Intersection related,01 - Daylight,02 - Non-fatal injury,03 - Rear end,Industrial Park
2580,ARGYLE AVE @ O'CONNOR ST,368183.9901,5030485.213,-75.69021531,45.4114327,10/24/2015,9:06,01 - Clear,01 - Dry,01 - Traffic signal,03 - At intersection,01 - Daylight,02 - Non-fatal injury,07 - SMV other,Centretown
2581,CEDARVIEW RD btwn BASELINE RD & BRUIN RD,358975.5928,5021528.544,-75.80883347,45.3316142,10/24/2015,15:56,01 - Clear,01 - Dry,10 - No control,01 - Non intersection,01 - Daylight,02 - Non-fatal injury,07 - SMV other,Briar Green - Leslie Park
2582,KANATA AVE/CASTLEFRANK RD @ AIRD PL,351811.2794,5019069.958,-75.90046299,45.31000781,11/23/2015,10:06,01 - Clear,01 - Dry,01 - Traffic signal,03 - At intersection,01 - Daylight,02 - Non-fatal injury,02 - Angle,Katimavik - Hazeldean
2583,INNES RD @ STAR TOP RD/WINDMILL LANE,374148.4478,5030666.561,-75.61399752,45.41249876,11/26/2015,17:43,01 - Clear,02 - Wet,01 - Traffic signal,03 - At intersection,07 - Dark,02 - Non-fatal injury,05 - Turning movement,Industrial Park
2584,RIOCAN AVE btwn STRANDHERD DR & MARKETPLACE AVE,364195.916,5014915.89,-75.74303096,45.27169138,10/14/2015,15:58,01 - Clear,01 - Dry,10 - No control,01 - Non intersection,01 - Daylight,02 - Non-fatal injury,02 - Angle,New Barrhaven
2585,CRAIG HENRY DR btwn ALDRIDGE WAY & JACK AARON DR,362146.706,5021864.238,-75.76834107,45.33438279,11/28/2015,16:55,01 - Clear,01 - Dry,10 - No control,01 - Non intersection,05 - Dusk,02 - Non-fatal injury,03 - Rear end,Woodvale - Craig Henry - Manordale - Estates of Arlington Wo
2586,RIVERSIDE DR RAMP 34 @ RIVERSIDE DR,368339.6806,5027184.638,-75.68865156,45.38172101,9/25/2015,23:30,01 - Clear,01 - Dry,03 - Yield sign,02 - Intersection related,07 - Dark,02 - Non-fatal injury,05 - Turning movement,Riverside Park
2587,CASTLEFRANK RD @ MCCURDY DR S/TAMBLYN CRES,352354.491,5018044.421,-75.89363417,45.30074321,12/5/2015,18:40,01 - Clear,01 - Dry,01 - Traffic signal,03 - At intersection,07 - Dark,02 - Non-fatal injury,05 - Turning movement,Katimavik - Hazeldean
2588,BRONSON AVE @ FIFTH AVE/MADAWASKA DR,367615.1567,5028938.554,-75.69767895,45.39756761,12/5/2015,22:29,01 - Clear,01 - Dry,01 - Traffic signal,03 - At intersection,07 - Dark,02 - Non-fatal injury,03 - Rear end,The Glebe
2589,ELGIN ST @ LISGAR ST,368074.7112,5031344.854,-75.69150093,45.41917735,11/26/2015,15:02,01 - Clear,02 - Wet,01 - Traffic signal,02 - Intersection related,01 - Daylight,02 - Non-fatal injury,03 - Rear end,Centretown
2590,HAWTHORNE RD @ HUNT CLUB RD,375507.5697,5026406.799,-75.59724586,45.37403561,11/8/2015,17:32,01 - Clear,01 - Dry,01 - Traffic signal,03 - At intersection,07 - Dark,02 - Non-fatal injury,05 - Turning movement,Industrial Park
2591,KATIMAVIK RD @ CURRAN ST/DAVIS AVE,351461.8451,5018493.711,-75.90497335,45.3048459,12/2/2015,9:01,02 - Rain,02 - Wet,02 - Stop sign,02 - Intersection related,01 - Daylight,02 - Non-fatal injury,03 - Rear end,Katimavik - Hazeldean
2592,MAURICE ST @ RENAUD RD,378421.7491,5031675.477,-75.55925786,45.42113982,9/27/2015,15:01,01 - Clear,01 - Dry,02 - Stop sign,03 - At intersection,01 - Daylight,02 - Non-fatal injury,07 - SMV other,Greenbelt
2593,ANDERSON RD btwn DOLMAN RIDGE RD & RIDGE RD,378387.8827,5030088.101,-75.55992756,45.40686119,12/6/2015,15:25,01 - Clear,01 - Dry,10 - No control,04 - At/near private drive,01 - Daylight,02 - Non-fatal injury,05 - Turning movement,Greenbelt
2594,OGILVIE RD @ 185 E OF BATHGATE DR/185 E OF CIT,373990.0307,5032894.68,-75.61570829,45.43256191,10/16/2015,16:44,01 - Clear,01 - Dry,01 - Traffic signal,02 - Intersection related,01 - Daylight,02 - Non-fatal injury,04 - Sideswipe,Industrial Park
2595,BRONSON AVE @ SUNNYSIDE AVE/UNIVERSITY RD - CA,367923.4321,5028091.547,-75.69385019,45.38991876,11/17/2015,11:24,01 - Clear,01 - Dry,01 - Traffic signal,02 - Intersection related,01 - Daylight,02 - Non-fatal injury,03 - Rear end,Carleto
2596,HUNT CLUB RD @ UPLANDS DR,370158.1712,5023121.492,-75.66597079,45.34499476,11/27/2015,14:03,02 - Rain,02 - Wet,01 - Traffic signal,03 - At intersection,01 - Daylight,02 - Non-fatal injury,07 - SMV other,Hunt Club East - Western Community
2597,MACLAREN ST btwn BANK ST & O'CONNOR ST,367871.0547,5030922.881,-75.69415692,45.41539897,11/7/2015,13:26,01 - Clear,01 - Dry,10 - No control,01 - Non intersection,01 - Daylight,02 - Non-fatal injury,07 - SMV other,Centretown
2598,HAWTHORNE RD @ STEVENAGE DR,375136.7405,5027313.537,-75.60185065,45.38223133,12/1/2015,11:35,01 - Clear,01 - Dry,01 - Traffic signal,03 - At intersection,01 - Daylight,02 - Non-fatal injury,02 - Angle,Industrial Park
2599,ANALDEA DR @ BANK ST,375698.4719,5020812.045,-75.5956109,45.32367724,12/2/2015,11:20,00 - Unknown,02 - Wet,01 - Traffic signal,02 - Intersection related,01 - Daylight,02 - Non-fatal injury,03 - Rear end,Greenbelt
2600,PLACE D'ORLEANS DR @ OR174 IC102 RAMP51/TRANSI,381392.4598,5038031.314,-75.52031389,45.47800563,12/9/2015,20:45,01 - Clear,01 - Dry,01 - Traffic signal,02 - Intersection related,07 - Dark,02 - Non-fatal injury,03 - Rear end,Industrial Park
2601,WOODKILTON RD btwn TO BE DETERMINED & KILMAURS SIDE RD,333785.4783,5038453.033,-76.12920152,45.48539997,11/24/2015,6:36,02 - Rain,03 - Loose snow,10 - No control,01 - Non intersection,07 - Dark,02 - Non-fatal injury,07 - SMV other,Dirleton
2602,REGIONAL ROAD 174 btwn OLD MONTREAL RD & MCTEER RD,394759.9759,5043068.392,-75.34844002,45.52172803,11/27/2015,15:36,02 - Rain,02 - Wet,10 - No control,01 - Non intersection,01 - Daylight,02 - Non-fatal injury,01 - Approaching,Cumberland - Estates
2603,HIGH RD btwn EARL ARMSTRONG RD & ALBION RD,373863.8527,5018120.988,-75.61938578,45.29964691,12/1/2015,16:20,04 - Freezing Rain,06 - Ice,10 - No control,01 - Non intersection,05 - Dusk,02 - Non-fatal injury,07 - SMV other,Greenbelt
2604,MEADOWLANDS DR btwn PRINCE OF WALES DR & DEBRA AVE,367317.5193,5025660.641,-75.70189534,45.36810042,12/1/2015,16:43,02 - Rain,02 - Wet,10 - No control,04 - At/near private drive,05 - Dusk,02 - Non-fatal injury,07 - SMV other,Carleton Heights - Rideauview
2605,MOODIE DR @ WEST HUNT CLUB RD,357906.9297,5018499.178,-75.82279119,45.30443737,12/4/2015,10:05,01 - Clear,01 - Dry,01 - Traffic signal,03 - At intersection,01 - Daylight,02 - Non-fatal injury,02 - Angle,Greenbelt
2606,ST. LAURENT BLVD btwn BELFAST RD & INDUSTRIAL AVE,372865.7783,5030567.732,-75.63039676,45.41173548,12/7/2015,11:40,01 - Clear,01 - Dry,10 - No control,01 - Non intersection,01 - Daylight,02 - Non-fatal injury,07 - SMV other,Industrial Park
2607,WALKLEY RD @ HEATHERINGTON RD,371766.6867,5026796.007,-75.64494905,45.37790505,11/17/2015,9:23,01 - Clear,01 - Dry,01 - Traffic signal,02 - Intersection related,01 - Daylight,02 - Non-fatal injury,07 - SMV other,Ledbury - Heron Gate - Ridgemont - Elmwood
2608,CAMPEAU DR/HWY 417 MARCH IC138R63 @ MARCH RD,352841.6249,5020477.189,-75.88718722,45.32260064,10/24/2015,18:05,02 - Rain,02 - Wet,01 - Traffic signal,02 - Intersection related,07 - Dark,02 - Non-fatal injury,03 - Rear end,Greenbelt
2609,OLD CARP RD @ SECOND LINE RD,347767.3199,5023537.142,-75.95164556,45.35046389,11/13/2015,10:02,02 - Rain,02 - Wet,02 - Stop sign,03 - At intersection,01 - Daylight,02 - Non-fatal injury,02 - Angle,Carp - Hardwood Plains
2610,ALBION RD @ FINDLAY CREEK DR,374010.0249,5019208.543,-75.61737035,45.30941799,11/16/2015,13:19,01 - Clear,01 - Dry,01 - Traffic signal,02 - Intersection related,01 - Daylight,02 - Non-fatal injury,04 - Sideswipe,Greenbelt
2611,SHEFFIELD RD @ WALKLEY RD,375258.4571,5028784.539,-75.60008659,45.39545444,12/2/2015,6:46,02 - Rain,02 - Wet,01 - Traffic signal,03 - At intersection,07 - Dark,02 - Non-fatal injury,05 - Turning movement,Industrial Park
2612,GREENBANK RD btwn CANFIELD RD & BELLMAN DR,361172.2816,5021211.656,-75.78084661,45.32858982,12/4/2015,11:37,01 - Clear,01 - Dry,10 - No control,04 - At/near private drive,01 - Daylight,02 - Non-fatal injury,02 - Angle,Woodvale - Craig Henry - Manordale - Estates of Arlington Wo
2613,HUNT CLUB RD @ RIVERSIDE DR,368036.703,5021945.859,-75.69319015,45.33461112,10/3/2015,12:30,01 - Clear,01 - Dry,01 - Traffic signal,02 - Intersection related,01 - Daylight,02 - Non-fatal injury,03 - Rear end,Hunt Club Woods - Quintarra - Revelstoke - Riverside South P
2614,BANTREE ST @ INNES RD,373705.7232,5030405.833,-75.61968959,45.41019659,11/27/2015,17:42,02 - Rain,02 - Wet,01 - Traffic signal,02 - Intersection related,07 - Dark,02 - Non-fatal injury,03 - Rear end,Industrial Park
2615,ELGIN ST @ MCLEOD ST,368425.4328,5030780.652,-75.68709285,45.41406905,8/17/2015,11:46,01 - Clear,01 - Dry,02 - Stop sign,03 - At intersection,01 - Daylight,02 - Non-fatal injury,02 - Angle,Centretown
2616,INNES RD btwn PAGE RD & 473 E OF PAGE RD/BUILDERS' WAREHOUSE SC,380904.3555,5034552.107,-75.52709487,45.4467559,11/30/2015,9:51,01 - Clear,01 - Dry,10 - No control,01 - Non intersection,01 - Daylight,02 - Non-fatal injury,03 - Rear end,Orleans Village - Chateauneuf
2617,BRONSON AVE @ BRONSON AVE SB ON RAMP 43,367797.846,5028317.848,-75.695425,45.39196626,11/27/2015,16:10,02 - Rain,02 - Wet,03 - Yield sign,02 - Intersection related,01 - Daylight,02 - Non-fatal injury,03 - Rear end,Carleton University
2618,EARL ARMSTRONG RD btwn RIVER RD & SPRATT RD,367680.6604,5014651.993,-75.69865743,45.26901389,11/27/2015,17:14,02 - Rain,02 - Wet,10 - No control,01 - Non intersection,07 - Dark,02 - Non-fatal injury,07 - SMV other,Gloucester
2619,GREENBANK RD @ MALVERN DR/FOXFIELD DR,363310.9644,5016194.433,-75.75415753,45.28326992,11/11/2015,9:12,01 - Clear,01 - Dry,01 - Traffic signal,02 - Intersection related,01 - Daylight,02 - Non-fatal injury,03 - Rear end,Barrhaven West - Old Barrhaven
2620,BRONSON AVE @ IMPERIAL AVE/PLYMOUTH ST,367317.9826,5029643.191,-75.70138499,45.40393433,8/18/2015,19:59,01 - Clear,01 - Dry,10 - No control,03 - At intersection,05 - Dusk,02 - Non-fatal injury,05 - Turning movement,Centretown West
2621,MERIVALE RD @ 210 S OF MEADOWLANDS DR,364943.6804,5023531.257,-75.73245631,45.34914827,11/27/2015,16:51,02 - Rain,02 - Wet,01 - Traffic signal,03 - At intersection,05 - Dusk,02 - Non-fatal injury,07 - SMV other,Borden Farm - Stewart Farm - Parkwood Hills - Fisher Glen
2622,INNES RD @ TRIM RD,386566.7721,5037272.834,-75.45426678,45.47059484,11/27/2015,17:20,01 - Clear,02 - Wet,01 - Traffic signal,03 - At intersection,07 - Dark,02 - Non-fatal injury,07 - SMV other,Cardinal Creek
2623,EARL MULLIGAN DR @ WOODROFFE AVE,365251.4232,5017506.821,-75.72926468,45.29491453,11/20/2015,13:56,01 - Clear,01 - Dry,01 - Traffic signal,02 - Intersection related,01 - Daylight,02 - Non-fatal injury,03 - Rear end,Greenbelt
2624,HAZELDEAN RD @ HUNTMAR DR/IBER RD,350934.7355,5016087.33,-75.91191849,45.28322741,11/30/2015,12:51,01 - Clear,01 - Dry,01 - Traffic signal,02 - Intersection related,01 - Daylight,02 - Non-fatal injury,03 - Rear end,Stittsville
2625,BRIDLE PATH DR @ PIMLICO CRES N,371329.7289,5023792.507,-75.65093203,45.35092221,11/3/2015,14:58,01 - Clear,01 - Dry,02 - Stop sign,02 - Intersection related,01 - Daylight,02 - Non-fatal injury,07 - SMV other,Emerald Woods - Sawmill Creek
2626,KINBURN SIDE RD btwn TORBOLTON RIDGE RD & WOODKILTON RD,336594.3862,5034649.089,-76.09351537,45.4510488,11/28/2015,17:39,01 - Clear,01 - Dry,10 - No control,01 - Non intersection,07 - Dark,02 - Non-fatal injury,07 - SMV other,Woodlawn
2627,COVENTRY RD @ VANIER PKWY,370676.3849,5031610.981,-75.65822574,45.42133173,11/30/2015,14:20,01 - Clear,01 - Dry,01 - Traffic signal,03 - At intersection,01 - Daylight,02 - Non-fatal injury,07 - SMV other,Overbrook
2628,RIDEAU ST btwn 88 W OF WILLIAM ST & WILLIAM ST,368058.3251,5032132.142,-75.69160919,45.42626258,11/30/2015,16:36,01 - Clear,01 - Dry,10 - No control,01 - Non intersection,05 - Dusk,02 - Non-fatal injury,07 - SMV other,Byward Market - Parliament Hill
2629,HAZELDEAN RD @ FRINGEWOOD DR,350755.6003,5015909.355,-75.91421829,45.28163767,8/29/2015,16:56,02 - Rain,02 - Wet,02 - Stop sign,03 - At intersection,01 - Daylight,02 - Non-fatal injury,05 - Turning movement,Stittsville
2630,BASELINE RD @ NAVAHO DR,363086.4127,5024097.506,-75.75608966,45.35440014,11/27/2015,17:28,02 - Rain,02 - Wet,01 - Traffic signal,02 - Intersection related,07 - Dark,02 - Non-fatal injury,03 - Rear end,Braemar Park - Bel Air Heights - Copeland Park
2631,INNES RD btwn ORCHARDVIEW AVE & PORTOBELLO BLVD,385228.822,5036728.92,-75.47146433,45.46585658,11/22/2015,11:55,01 - Clear,01 - Dry,10 - No control,04 - At/near private drive,01 - Daylight,02 - Non-fatal injury,02 - Angle,Avalon
2632,LENESTER AVE @ MAITLAND AVE,363078.6879,5026146.164,-75.75594663,45.37283438,9/11/2015,18:18,01 - Clear,02 - Wet,02 - Stop sign,02 - Intersection related,01 - Daylight,02 - Non-fatal injury,02 - Angle,Carlingwood West - Glabar Park - McKellar Heights
2633,GREENBANK RD btwn GREENBANK SQUARE SC & GIBBARD AVE,361364.3147,5020765.573,-75.77844796,45.32456052,11/30/2015,16:53,01 - Clear,01 - Dry,10 - No control,04 - At/near private drive,07 - Dark,02 - Non-fatal injury,05 - Turning movement,Nepean
2634,ARENA PL @ BANK ST,375400.4198,5021523.31,-75.59931099,45.33010696,9/7/2015,13:34,01 - Clear,01 - Dry,02 - Stop sign,03 - At intersection,01 - Daylight,02 - Non-fatal injury,02 - Angle,Greenbelt
2635,RUSSELL RD S @ ST. LAURENT BLVD,373571.1771,5029260.545,-75.62156802,45.39990507,11/25/2015,16:53,01 - Clear,01 - Dry,01 - Traffic signal,03 - At intersection,07 - Dark,02 - Non-fatal injury,05 - Turning movement,Sheffield Glen
2636,BEAVERPOND DR @ BLAIR RD,375400.4519,5031873.845,-75.5978308,45.42323605,11/22/2015,12:57,01 - Clear,01 - Dry,01 - Traffic signal,02 - Intersection related,01 - Daylight,02 - Non-fatal injury,03 - Rear end,Pineview
2637,RIVER RD btwn 700 N OF EARL ARMSTRONG RD & TEWSLEY DR,367918.7313,5015519.921,-75.69551345,45.2768021,8/1/2015,5:53,01 - Clear,01 - Dry,10 - No control,01 - Non intersection,03 - Dawn,02 - Non-fatal injury,07 - SMV other,Gloucester