Record,Location,X,Y,lon,lat,Date,Time,Environment,Road_Surface,Traffic_Control,Collision_Location,Light,Collision_Classification,Impact_type,Neighborhood
3045,COLONEL BY DR @ HOG'S BACK RD,367598.1054,5025873.452,-75.69828665,45.36999016,1/20/2015,16:32,01 - Clear,06 - Ice,01 - Traffic signal,02 - Intersection related,05 - Dusk,03 - P.D. only,03 - Rear end,Carleton University
3046,SUNNYSIDE AVE btwn SENECA ST & ROSLYN AVE,368250.6007,5028290.588,-75.68964675,45.39168011,1/22/2015,13:00,01 - Clear,01 - Dry,10 - No control,01 - Non intersection,01 - Daylight,03 - P.D. only,06 - SMV unattended vehicle,Old Ottawa South
3047,COLOMBINE DRWY @ PARKDALE AVE,364754.6951,5030178.567,-75.73406073,45.40897576,1/22/2015,16:10,01 - Clear,01 - Dry,02 - Stop sign,03 - At intersection,01 - Daylight,03 - P.D. only,02 - Angle,Tunney's Pasture
3048,BEECH ST btwn PRESTON ST & ROCHESTER ST,366718.4312,5029284.495,-75.70908805,45.40076017,1/6/2015,13:13,01 - Clear,02 - Wet,10 - No control,01 - Non intersection,01 - Daylight,03 - P.D. only,99 - Other,Little Italy
3049,HEATHERSTONE CRES btwn ARIA CRT & SPRINGRIDGE DR,385689.2088,5038698.283,-75.46525356,45.48352179,1/18/2015,13:00,00 - Unknown,03 - Loose snow,10 - No control,01 - Non intersection,01 - Daylight,03 - P.D. only,06 - SMV unattended vehicle,Springridge
3050,ROGER GUINDON AVE @ SMYTH RD,371934.9516,5029227.369,-75.64247008,45.39976537,1/19/2015,8:23,01 - Clear,04 - Slush,01 - Traffic signal,03 - At intersection,01 - Daylight,03 - P.D. only,05 - Turning movement,Elmvale - Eastway - Riverview - Riverview Park West
3051,MARCH RD @ MORGAN'S GRANT WAY/SHIRLEY'S BROOK ,349661.6092,5023616.064,-75.92746442,45.35105543,1/30/2015,7:38,03 - Snow,05 - Packed snow,01 - Traffic signal,02 - Intersection related,03 - Dawn,03 - P.D. only,03 - Rear end,Morgan's Grant
3052,LEITRIM RD btwn RIVER RD & LIMEBANK RD,369248.377,5017911.415,-75.67825738,45.29819977,1/30/2015,8:05,03 - Snow,05 - Packed snow,10 - No control,01 - Non intersection,01 - Daylight,03 - P.D. only,07 - SMV other,Gloucester
3053,BAYSHORE DR @ WOODRIDGE CRES S,359236.5606,5023509.024,-75.80528641,45.34941441,2/2/2015,13:00,03 - Snow,06 - Ice,01 - Traffic signal,02 - Intersection related,01 - Daylight,03 - P.D. only,03 - Rear end,Bayshore
3054,PARKDALE AVE @ HWY 417 PARKDAL IC122R15/HWY 41,365337.6621,5028845.073,-75.72677753,45.39692711,2/2/2015,13:16,03 - Snow,06 - Ice,01 - Traffic signal,02 - Intersection related,01 - Daylight,03 - P.D. only,03 - Rear end,Civic Hospital - Experimental Farm - Central Park
3055,CARLING AVE @ CIVIC HOSPITAL,365791.6095,5028278.538,-75.72105003,45.39179016,2/5/2015,17:00,01 - Clear,01 - Dry,01 - Traffic signal,03 - At intersection,07 - Dark,03 - P.D. only,05 - Turning movement,Civic Hospital - Experimental Farm - Central Park
3056,FALLOWFIELD RD @ GREENBANK RD,363080.6757,5016730.046,-75.75702987,45.28810851,2/5/2015,18:21,01 - Clear,01 - Dry,01 - Traffic signal,02 - Intersection related,07 - Dark,03 - P.D. only,03 - Rear end,Barrhaven West - Old Barrhaven
3057,BOTELER ST @ SUSSEX DR,367451.3115,5032951.489,-75.69926133,45.43368943,1/19/2015,20:19,01 - Clear,03 - Loose snow,01 - Traffic signal,02 - Intersection related,07 - Dark,03 - P.D. only,03 - Rear end,Byward Market - Parliament Hill
3058,DONALD ST btwn VANIER PKWY & VERA ST,370380.965,5032279.256,-75.66191126,45.42737235,1/16/2015,13:25,01 - Clear,01 - Dry,10 - No control,04 - At/near private drive,01 - Daylight,03 - P.D. only,03 - Rear end,Overbrook
3059,OGILVIE RD btwn CYRVILLE RD & MURDOCK GT,372470.3648,5032016.568,-75.63524898,45.42480978,1/20/2015,17:04,01 - Clear,02 - Wet,10 - No control,04 - At/near private drive,05 - Dusk,03 - P.D. only,02 - Angle,Cummings
3060,ALBION RD/COLLISTON CRES E @ WALKLEY RD,371035.6574,5026353.088,-75.65434143,45.37398931,1/20/2015,17:09,01 - Clear,01 - Dry,01 - Traffic signal,03 - At intersection,05 - Dusk,03 - P.D. only,99 - Other,Ledbury - Heron Gate - Ridgemont - Elmwood
3061,ABBOTT ST    E btwn GRANITE RIDGE DR & TALLTREE CRES,351540.5465,5014483.295,-75.90434763,45.2687538,1/23/2015,18:40,01 - Clear,04 - Slush,10 - No control,01 - Non intersection,07 - Dark,03 - P.D. only,06 - SMV unattended vehicle,Stittsville
3062,TERRY FOX DR @ WESTPHALIAN AVE,353455.2261,5015759.789,-75.87982363,45.28011017,1/25/2015,10:26,01 - Clear,01 - Dry,01 - Traffic signal,02 - Intersection related,01 - Daylight,03 - P.D. only,03 - Rear end,Glen Cairn - Kanata South Business Park
3063,CONROY RD @ THURSTON DR,373205.4944,5026794.935,-75.62658019,45.37775641,1/9/2015,7:41,01 - Clear,03 - Loose snow,01 - Traffic signal,02 - Intersection related,03 - Dawn,03 - P.D. only,04 - Sideswipe,Industrial Park
3064,BEAUSEJOUR DR @ JEANNE D'ARC BLVD,381418.8194,5036060.089,-75.5202841,45.4602673,1/19/2015,12:26,01 - Clear,02 - Wet,01 - Traffic signal,02 - Intersection related,01 - Daylight,03 - P.D. only,03 - Rear end,Orleans Village - Chateauneuf
3065,MONTREAL RD btwn OR174 IC109 RAMP65 & ST. JOSEPH BLVD,376430.3088,5034995.743,-75.58421815,45.45122027,1/8/2015,18:38,01 - Clear,05 - Packed snow,10 - No control,01 - Non intersection,07 - Dark,03 - P.D. only,03 - Rear end,Beacon Hill South - Cardinal Heights
3066,CAMPEAU DR @ TERRY FOX DR,350455.6007,5019010.937,-75.91775655,45.30956616,1/30/2015,9:28,06 - Strong wind,06 - Ice,01 - Traffic signal,02 - Intersection related,01 - Daylight,03 - P.D. only,03 - Rear end,Kanata Lakes - Marchwood Lakeside - Morgan's Grant - Kanata
3067,RICHMOND RD btwn WEST HUNT CLUB RD & STONEHAVEN DR,356723.3276,5016215.262,-75.83812233,45.28397482,1/30/2015,11:59,05 - Drifting Snow,03 - Loose snow,10 - No control,01 - Non intersection,01 - Daylight,03 - P.D. only,04 - Sideswipe,Greenbelt
3068,UPPER DWYER HILL RD btwn HAMILTON SIDE RD & MCARTON RD,338460.6513,5009425.588,-76.07137207,45.22398927,2/1/2015,21:30,01 - Clear,05 - Packed snow,10 - No control,01 - Non intersection,07 - Dark,03 - P.D. only,07 - SMV other,Stittsville - Basswood
3069,GOULBOURN FORCED RD btwn TERRY FOX DR & KANATA ROCKERIES PRIV,349355.3374,5022745.97,-75.93145133,45.34324565,2/4/2015,10:11,03 - Snow,04 - Slush,10 - No control,01 - Non intersection,01 - Daylight,03 - P.D. only,07 - SMV other,South March
3070,OLD ALMONTE RD btwn HOWIE RD & BEAVERTAIL RD,341148.7332,5014431.71,-76.03677767,45.26890348,2/5/2015,23:21,01 - Clear,01 - Dry,10 - No control,01 - Non intersection,07 - Dark,03 - P.D. only,07 - SMV other,Carp - Hardwood Plains
3071,WOODROFFE AVE btwn TURN LANE & NORICE ST,363111.6294,5022594.109,-75.7559451,45.3408706,1/17/2015,13:15,01 - Clear,01 - Dry,10 - No control,01 - Non intersection,01 - Daylight,03 - P.D. only,03 - Rear end,Centrepointe
3072,TENTH LINE RD @ CHARLEMAGNE BLVD N/TOMPKINS AV,383182.966,5037976.436,-75.49742396,45.47731318,1/20/2015,22:00,01 - Clear,06 - Ice,01 - Traffic signal,02 - Intersection related,07 - Dark,03 - P.D. only,03 - Rear end,Queenswood Heights
3073,BRIAN GOOD AVE btwn HAWKESWOOD DR & POPLIN ST,368195.2444,5014629.037,-75.69210322,45.26876114,6/5/2015,13:42,01 - Clear,01 - Dry,10 - No control,01 - Non intersection,01 - Daylight,03 - P.D. only,06 - SMV unattended vehicle,Greenbelt
3074,BANK ST btwn TURN LANE & SPRINGHILL RD,385019.3084,5006573.09,-75.47902993,45.19456066,1/19/2015,11:55,01 - Clear,02 - Wet,10 - No control,01 - Non intersection,01 - Daylight,03 - P.D. only,07 - SMV other,Metcalfe
3075,TENTH LINE RD btwn DES EPINETTES AVE & INNES RD,383849.9267,5036404.146,-75.48914729,45.46309197,1/19/2015,11:58,04 - Freezing Rain,02 - Wet,10 - No control,01 - Non intersection,01 - Daylight,03 - P.D. only,04 - Sideswipe,Orlans
3076,HUNT CLUB RD @ BRIDLE PATH DR/DAZE ST,371291.7289,5023864.022,-75.65140732,45.35156928,1/20/2015,18:20,01 - Clear,02 - Wet,01 - Traffic signal,02 - Intersection related,07 - Dark,03 - P.D. only,04 - Sideswipe,South Keys - Heron Gate - Greenboro West
3077,GREENBANK RD @ BERRIGAN DR/WESSEX RD,363723.6817,5015277.87,-75.74900586,45.27498821,1/20/2015,19:10,01 - Clear,01 - Dry,01 - Traffic signal,02 - Intersection related,07 - Dark,03 - P.D. only,03 - Rear end,New Barrhaven
3078,INDUSTRIAL AVE @ ALTA VISTA DR/SANDFORD FLEMIN,370885.6877,5030557.088,-75.65569287,45.41182949,1/26/2015,7:19,01 - Clear,06 - Ice,01 - Traffic signal,02 - Intersection related,03 - Dawn,03 - P.D. only,03 - Rear end,Industrial Park
3079,WELLINGTON ST btwn LYON ST N & KENT ST,367013.3118,5031477.142,-75.70504504,45.42046283,1/26/2015,8:55,01 - Clear,01 - Dry,10 - No control,01 - Non intersection,01 - Daylight,03 - P.D. only,03 - Rear end,Downtown
3080,WEST HUNT CLUB RD btwn PRINCE OF WALES DR & HUNT CLUB RD,367761.3609,5021886.202,-75.69671037,45.3340991,1/9/2015,17:58,03 - Snow,03 - Loose snow,10 - No control,01 - Non intersection,07 - Dark,03 - P.D. only,03 - Rear end,Nepean
3081,HWY 417 NICHOLAS IC118R54 @ LEES AVE,369355.8357,5030768.504,-75.67520843,45.41387453,1/11/2015,11:51,03 - Snow,03 - Loose snow,02 - Stop sign,03 - At intersection,01 - Daylight,03 - P.D. only,02 - Angle,Old Ottawa East
3082,BLAIR RD @ INNES RD,375579.6988,5031441.001,-75.59560276,45.41932345,1/21/2015,6:46,01 - Clear,06 - Ice,01 - Traffic signal,02 - Intersection related,07 - Dark,03 - P.D. only,03 - Rear end,Greenbelt
3083,CARLING AVE @ BAYSHORE DR/BIRCHDALE AVE,359005.8349,5023990.13,-75.80817795,45.35376128,1/29/2015,19:30,01 - Clear,03 - Loose snow,01 - Traffic signal,02 - Intersection related,07 - Dark,03 - P.D. only,05 - Turning movement,Bayshore
3084,BASELINE RD @ MERIVALE RD,365053.7325,5025326.961,-75.73083309,45.36529629,1/30/2015,12:52,01 - Clear,04 - Slush,01 - Traffic signal,02 - Intersection related,01 - Daylight,03 - P.D. only,03 - Rear end,Civic Hospital - Experimental Farm - Central Park
3085,TYRRELL PL @ MOODIE DR,357328.5761,5019853.995,-75.83002211,45.31667166,2/4/2015,11:14,03 - Snow,04 - Slush,01 - Traffic signal,02 - Intersection related,01 - Daylight,03 - P.D. only,03 - Rear end,Bells Corners East
3086,GOULBOURN FORCED RD btwn TERRY FOX DR & KANATA ROCKERIES PRIV,349365.7007,5022854.733,-75.9313093,45.34422367,2/4/2015,10:00,03 - Snow,03 - Loose snow,10 - No control,01 - Non intersection,01 - Daylight,03 - P.D. only,07 - SMV other,South March
3087,FALLOWFIELD RD @ MERIVALE RD,366891.7126,5018844.951,-75.70818594,45.30681185,1/17/2015,14:00,01 - Clear,06 - Ice,01 - Traffic signal,02 - Intersection related,01 - Daylight,03 - P.D. only,07 - SMV other,Greenbelt
3088,ORLEANS BLVD @ PINEGLADE CRES/CRESTMONT PL,380609.8019,5034138.877,-75.53092352,45.44306998,1/17/2015,15:59,01 - Clear,02 - Wet,02 - Stop sign,02 - Intersection related,01 - Daylight,03 - P.D. only,07 - SMV other,Chapel Hill South
3089,CARLING AVE @ MAITLAND AVE/SHERBOURNE RD,362943.6618,5026488.045,-75.75763014,45.3759218,1/26/2015,15:33,01 - Clear,04 - Slush,01 - Traffic signal,02 - Intersection related,01 - Daylight,03 - P.D. only,03 - Rear end,Carlingwood - McKellar Park - Laurentien View
3090,OSGOODE MAIN ST @ STAGECOACH RD,378036.734,5002955.837,-75.56841737,45.16277334,1/19/2015,12:35,01 - Clear,06 - Ice,02 - Stop sign,02 - Intersection related,01 - Daylight,03 - P.D. only,02 - Angle,Kars - Osgoode
3091,KING EDWARD AVE @ ST. PATRICK ST,368248.7013,5032822.143,-75.68908768,45.43245373,1/20/2015,14:40,03 - Snow,04 - Slush,01 - Traffic signal,02 - Intersection related,01 - Daylight,03 - P.D. only,03 - Rear end,Byward Market
3092,CARLING AVE @ BROADVIEW AVE,363181.6505,5026638.421,-75.75457401,45.37725507,1/26/2015,9:06,01 - Clear,01 - Dry,01 - Traffic signal,03 - At intersection,01 - Daylight,03 - P.D. only,02 - Angle,Carlingwood - McKellar Park - Laurentien View
3093,EAGLESON RD @ 146 N OF ABBEYHILL DR/HAZELDEAN ,353774.2554,5018171.573,-75.8755193,45.30178981,1/26/2015,10:21,01 - Clear,01 - Dry,01 - Traffic signal,02 - Intersection related,01 - Daylight,03 - P.D. only,03 - Rear end,Greenbelt
3094,ALTA VISTA DR @ FAIRCREST RD,370431.0702,5028972.069,-75.66171138,45.39761087,1/11/2015,15:00,01 - Clear,05 - Packed snow,02 - Stop sign,03 - At intersection,01 - Daylight,03 - P.D. only,02 - Angle,Alta Vista
3095,MURIEL ST btwn FIFTH AVE & HOLMWOOD AVE,367728.3277,5028881.665,-75.69624085,45.39704557,1/11/2015,13:30,01 - Clear,02 - Wet,10 - No control,01 - Non intersection,01 - Daylight,03 - P.D. only,06 - SMV unattended vehicle,The Glebe
3096,REGINA ST btwn BRITANNIA RD & POULIN AVE,360089.6409,5025230.206,-75.7942078,45.36483484,1/16/2015,0:00,01 - Clear,04 - Slush,10 - No control,01 - Non intersection,00 - Unknown,03 - P.D. only,06 - SMV unattended vehicle,Woodroffe - Lincoln Heights
3097,JOHN ST btwn THOMAS ST & CHARLES ST,367978.1549,5033895.255,-75.69240735,45.44213369,2/5/2015,0:00,03 - Snow,04 - Slush,10 - No control,01 - Non intersection,00 - Unknown,03 - P.D. only,06 - SMV unattended vehicle,New Edinburgh
3098,REGIONAL RD 174 @ TRIM RD,384351.8533,5039987.931,-75.48214947,45.49527848,1/21/2015,7:43,01 - Clear,01 - Dry,01 - Traffic signal,02 - Intersection related,03 - Dawn,03 - P.D. only,03 - Rear end,Chatelaine Village
3099,INNES RD @ 473 E OF PAGE RD/BUILDERS' WAREHOUS,381301.8939,5034780.968,-75.52197797,45.44877161,1/21/2015,8:18,02 - Rain,02 - Wet,01 - Traffic signal,02 - Intersection related,01 - Daylight,03 - P.D. only,03 - Rear end,Chapel Hill South
3100,DEBRA AVE btwn BELLAMY ST & END,366955.7308,5025505.662,-75.70653302,45.36673813,1/30/2015,15:29,03 - Snow,06 - Ice,10 - No control,01 - Non intersection,01 - Daylight,03 - P.D. only,01 - Approaching,Carleton Heights - Rideauview
3101,CAMPEAU DR @ TERRY FOX DR,350456.5646,5019009.009,-75.91774444,45.30954875,1/30/2015,16:09,01 - Clear,03 - Loose snow,01 - Traffic signal,02 - Intersection related,01 - Daylight,03 - P.D. only,04 - Sideswipe,Kanata Lakes - Marchwood Lakeside - Morgan's Grant - Kanata
3102,BROXBURN CRES btwn HARTHILL WAY W & KIPPEN PL,362716.4421,5013835.712,-75.76201043,45.26209528,6/21/2015,11:20,01 - Clear,01 - Dry,10 - No control,01 - Non intersection,01 - Daylight,03 - P.D. only,06 - SMV unattended vehicle,New Barrhaven
3103,BANK ST @ RIDEAU RD,376955.7164,5017843.991,-75.58000758,45.29684386,1/9/2015,8:08,01 - Clear,04 - Slush,01 - Traffic signal,02 - Intersection related,01 - Daylight,03 - P.D. only,03 - Rear end,Greenbelt
3104,ST. LAURENT BLVD @ COVENTRY RD/OGILVIE RD,372305.7195,5031951.093,-75.63736169,45.42423657,1/17/2015,16:55,01 - Clear,06 - Ice,01 - Traffic signal,02 - Intersection related,05 - Dusk,03 - P.D. only,03 - Rear end,Overbrook
3105,BANK ST btwn CECIL AVE & HERON RD,369988.973,5026872.265,-75.66763493,45.37875885,1/17/2015,17:13,01 - Clear,01 - Dry,10 - No control,04 - At/near private drive,05 - Dusk,03 - P.D. only,05 - Turning movement,Alta Vista
3106,CATHERINE ST btwn PERCY ST & BAY ST,367539.3665,5029965.724,-75.69851623,45.40681658,1/27/2015,9:30,01 - Clear,01 - Dry,10 - No control,04 - At/near private drive,01 - Daylight,03 - P.D. only,05 - Turning movement,Centretown
3107,CAMPEAU DR @ HERLIHEY WAY,350507.621,5019177.002,-75.91707786,45.31105708,2/1/2015,16:52,01 - Clear,01 - Dry,01 - Traffic signal,02 - Intersection related,05 - Dusk,03 - P.D. only,04 - Sideswipe,Kanata
3108,LESTER RD btwn ALBION RD & UPLANDS DR,371317.1303,5021354.162,-75.65142061,45.32898391,1/19/2015,13:15,01 - Clear,04 - Slush,10 - No control,01 - Non intersection,01 - Daylight,03 - P.D. only,07 - SMV other,Greenbelt
3109,FLORENCE ST btwn BAY ST & LYON ST N,367441.9617,5030367.734,-75.69970935,45.41044247,1/19/2015,10:45,01 - Clear,03 - Loose snow,10 - No control,01 - Non intersection,01 - Daylight,03 - P.D. only,06 - SMV unattended vehicle,Centretown
3110,REGIONAL ROAD 174 btwn OR174 IC105 RAMP25 & OR174 IC102 RAMP51,380855.8342,5037820.953,-75.52720938,45.47617163,1/19/2015,14:11,01 - Clear,02 - Wet,10 - No control,01 - Non intersection,01 - Daylight,03 - P.D. only,99 - Other,Industrial Park
3111,MAITLAND AVE @ WOODWARD DR,363270.803,5025663.009,-75.75355127,45.36847101,1/21/2015,7:48,01 - Clear,06 - Ice,01 - Traffic signal,03 - At intersection,03 - Dawn,03 - P.D. only,05 - Turning movement,Braemar Park - Bel Air Heights - Copeland Park
3112,GREENLAND RD btwn DAVID KENNEDY DR & THOMAS A. DOLAN PKWY,344329.6495,5033363.357,-75.99472842,45.43908484,1/21/2015,10:57,01 - Clear,05 - Packed snow,10 - No control,01 - Non intersection,01 - Daylight,03 - P.D. only,07 - SMV other,Car
3113,PALLADIUM DR @ SILVER SEVEN RD,351050.6438,5017887.929,-75.91027318,45.2994221,1/26/2015,14:09,01 - Clear,01 - Dry,01 - Traffic signal,03 - At intersection,01 - Daylight,03 - P.D. only,05 - Turning movement,Katimavik - Hazeldean
3114,RENAUD RD btwn MAURICE ST & IDA ST,378462.6725,5031684.042,-75.55873373,45.42121258,1/14/2015,8:35,01 - Clear,06 - Ice,10 - No control,01 - Non intersection,01 - Daylight,03 - P.D. only,06 - SMV unattended vehicle,Greenbelt
3115,LYNDA LANE btwn BILLINGS AVE & SMYTH RD,371591.2727,5029149.89,-75.64686997,45.39910112,3/5/2015,13:50,01 - Clear,01 - Dry,10 - No control,01 - Non intersection,01 - Daylight,03 - P.D. only,06 - SMV unattended vehicle,Alta Vista
3116,CHURCHILL AVE   N btwn CURRELL AVE & ROBIN LANE,363708.7924,5027183.741,-75.7477789,45.38211766,3/5/2015,7:00,01 - Clear,01 - Dry,10 - No control,01 - Non intersection,01 - Daylight,03 - P.D. only,06 - SMV unattended vehicle,Westboro
3117,MARIPOSA AVE @ SPRINGFIELD RD,369063.7914,5034594.706,-75.67843996,45.44832812,1/13/2015,9:07,01 - Clear,06 - Ice,02 - Stop sign,03 - At intersection,01 - Daylight,03 - P.D. only,02 - Angle,Rockcliffe - Manor Park
3118,REGIONAL RD 174 @ TRIM RD,384352.8172,5039988.895,-75.48213699,45.49528704,1/21/2015,8:30,01 - Clear,01 - Dry,01 - Traffic signal,02 - Intersection related,01 - Daylight,03 - P.D. only,03 - Rear end,Chatelaine Village
3119,LEMIEUX ST @ ST. LAURENT BLVD,372389.797,5031743.046,-75.63631596,45.42235655,1/21/2015,9:15,01 - Clear,01 - Dry,01 - Traffic signal,02 - Intersection related,01 - Daylight,03 - P.D. only,03 - Rear end,Overbrook
3120,RIDEAU ST btwn CUMBERLAND ST & KING EDWARD AVE,368405.5653,5032351.27,-75.68714389,45.42820273,1/30/2015,19:23,01 - Clear,04 - Slush,10 - No control,04 - At/near private drive,07 - Dark,03 - P.D. only,05 - Turning movement,Lowe
3121,EAGLESON RD @ 146 N OF ABBEYHILL DR/HAZELDEAN ,353775.2192,5018171.573,-75.87550701,45.30178974,1/30/2015,13:30,01 - Clear,02 - Wet,01 - Traffic signal,02 - Intersection related,01 - Daylight,03 - P.D. only,03 - Rear end,Greenbelt
3122,WOODROFFE AVE btwn HWY417 IC127 RAMP63 & HWY417 IC127 RAMP35,362133.7712,5024816.626,-75.76816383,45.36094926,2/1/2015,17:09,01 - Clear,02 - Wet,10 - No control,07 - Overpass or bridge,01 - Daylight,03 - P.D. only,03 - Rear end,Iris
3123,BERRIGAN DR @ LONGFIELDS DR,364303.31,5015645.868,-75.74157491,45.27825064,2/3/2015,19:10,01 - Clear,01 - Dry,11 - Roundabout,02 - Intersection related,07 - Dark,03 - P.D. only,03 - Rear end,New Barrhaven
3124,CARLING AVE @ PINECREST  RD/GREENVIEW AVE,360008.6034,5024632.046,-75.79530902,45.359459,1/17/2015,18:42,01 - Clear,06 - Ice,01 - Traffic signal,03 - At intersection,07 - Dark,03 - P.D. only,05 - Turning movement,Whitehaven - Queensway Terrace North
3125,BUNCHBERRY WAY btwn ROCKROSE WAY & WILLOWMERE WAY,374020.7176,5019773.803,-75.61715504,45.31450295,7/9/2015,7:00,01 - Clear,01 - Dry,10 - No control,04 - At/near private drive,01 - Daylight,03 - P.D. only,06 - SMV unattended vehicle,Greenbelt
3126,KING EDWARD AVE @ YORK ST,368396.7091,5032622.071,-75.68722208,45.43064011,2/2/2015,8:57,03 - Snow,03 - Loose snow,01 - Traffic signal,02 - Intersection related,01 - Daylight,03 - P.D. only,03 - Rear end,Lower Town
3127,QUEEN MARY ST @ VANIER PKWY,370363.7105,5031958.067,-75.66217449,45.42448404,1/19/2015,15:13,01 - Clear,02 - Wet,01 - Traffic signal,02 - Intersection related,01 - Daylight,03 - P.D. only,03 - Rear end,Overbrook
3128,BANK ST @ FOURTH AVE,368369.644,5029477.048,-75.68797365,45.40234471,1/16/2015,8:10,01 - Clear,03 - Loose snow,02 - Stop sign,03 - At intersection,01 - Daylight,03 - P.D. only,02 - Angle,The Glebe
3129,CAESAR AVE btwn CLEOPATRA DR & CLEOPATRA DR,365772.1072,5021077.718,-75.72218736,45.32700013,1/21/2015,14:03,01 - Clear,03 - Loose snow,10 - No control,01 - Non intersection,01 - Daylight,03 - P.D. only,07 - SMV other,Merivale Gardens - Grenfell Glen - Pineglen - Country Place
3130,HINCHEY AVE @ SCOTT ST,365087.994,5029807.336,-75.72984852,45.40560688,1/26/2015,14:36,01 - Clear,01 - Dry,02 - Stop sign,03 - At intersection,01 - Daylight,03 - P.D. only,02 - Angle,Mechanicsville
3131,AIRPORT PKWY @ HUNT CLUB RD,371017.5641,5023702.516,-75.65492756,45.35014204,1/26/2015,14:35,01 - Clear,01 - Dry,01 - Traffic signal,02 - Intersection related,01 - Daylight,03 - P.D. only,03 - Rear end,Hunt Club East - Western Community
3132,INNES RD btwn INDUSTRIAL AVE & BANTREE ST,373536.0847,5030304.869,-75.62187064,45.40930485,1/15/2015,8:56,01 - Clear,06 - Ice,10 - No control,01 - Non intersection,01 - Daylight,03 - P.D. only,03 - Rear end,Industrial Park
3133,BEARBROOK RD @ CENTREPARK DR N,377788.6717,5033366.162,-75.5670957,45.43641785,1/16/2015,8:27,03 - Snow,04 - Slush,02 - Stop sign,03 - At intersection,01 - Daylight,03 - P.D. only,02 - Angle,Blackburn Hamlet
3134,KENWOOD AVE btwn EDISON AVE & CHURCHILL AVE N,363375.4613,5027924.811,-75.75194698,45.38881365,3/5/2015,16:31,01 - Clear,01 - Dry,10 - No control,01 - Non intersection,01 - Daylight,03 - P.D. only,06 - SMV unattended vehicle,Westboro
3135,BOOTH ST @ OTTAWA RIVER PKWY/WELLINGTON ST,366264.257,5031006.206,-75.71467422,45.41629169,1/5/2015,14:08,01 - Clear,02 - Wet,01 - Traffic signal,02 - Intersection related,01 - Daylight,03 - P.D. only,03 - Rear end,LeBreton Flats
3136,KIRKWOOD AVE N @ CARLING AVE,364275.5559,5027496.103,-75.74050476,45.38488035,1/13/2015,9:12,01 - Clear,03 - Loose snow,01 - Traffic signal,02 - Intersection related,01 - Daylight,03 - P.D. only,04 - Sideswipe,Westboro
3137,BANKFIELD RD btwn PRINCE OF WALES DR & FIRST LINE RD,366640.8947,5009134.904,-75.71259292,45.21946339,1/13/2015,16:31,03 - Snow,03 - Loose snow,10 - No control,01 - Non intersection,05 - Dusk,03 - P.D. only,03 - Rear end,Manotick
3138,RICHMOND RD btwn HIGHFIELD CRES & GRENON AVE,359796.2754,5024016.205,-75.79808751,45.35393436,1/5/2015,13:58,01 - Clear,02 - Wet,10 - No control,04 - At/near private drive,01 - Daylight,03 - P.D. only,02 - Angle,Whitehaven - Queensway Terrace North
3139,NIXON DR @ SNAKE ISLAND RD,373449.7036,5002700.822,-75.62679314,45.16093974,1/31/2015,8:06,01 - Clear,01 - Dry,02 - Stop sign,03 - At intersection,01 - Daylight,03 - P.D. only,02 - Angle,Kars - Osgoode
3140,WEST HUNT CLUB RD WB btwn 545 E OF ROYDON PL/SUNDERLAND ST & ANTARES D,366632.5306,5022543.67,-75.71102896,45.34011527,1/31/2015,9:36,01 - Clear,06 - Ice,10 - No control,01 - Non intersection,01 - Daylight,03 - P.D. only,07 - SMV other,Industrial Park
3141,SPRINGLAND DR btwn RIDGEWOOD AVE & HOBSON RD,368568.7126,5025729.564,-75.6859152,45.36860785,2/4/2015,10:34,03 - Snow,03 - Loose snow,10 - No control,04 - At/near private drive,01 - Daylight,03 - P.D. only,05 - Turning movement,Riverside Park
3142,MALVERN DR btwn VENTNOR WAY & GREENBANK RD,363290.4816,5016183.349,-75.7544199,45.28317189,2/4/2015,14:16,03 - Snow,04 - Slush,10 - No control,01 - Non intersection,01 - Daylight,03 - P.D. only,99 - Other,Barrhaven West - Old Barrhaven
3143,CHAPEL ST btwn SOMERSET ST E & TEMPLETON ST,369393.3752,5031820.467,-75.67459095,45.42333624,1/17/2015,22:30,01 - Clear,04 - Slush,10 - No control,01 - Non intersection,07 - Dark,03 - P.D. only,06 - SMV unattended vehicle,Sandy Hill
3144,MITCH OWENS RD btwn TURN LANE & SALE BARN RD,378192.4859,5016229.548,-75.56447958,45.2821897,1/18/2015,5:01,01 - Clear,05 - Packed snow,10 - No control,01 - Non intersection,07 - Dark,03 - P.D. only,07 - SMV other,Osgoode
3145,CARLING AVE @ CLYDE AVE/COLE AVE,363519.7267,5026851.024,-75.75023249,45.37913979,2/10/2015,17:34,01 - Clear,01 - Dry,01 - Traffic signal,03 - At intersection,07 - Dark,03 - P.D. only,05 - Turning movement,Carlingwood - McKellar Park - Laurentien View
3146,HOG'S BACK RD btwn PRINCE OF WALES DR & COLONEL BY DR,367386.3767,5025699.742,-75.70101143,45.3684461,2/12/2015,10:01,03 - Snow,05 - Packed snow,10 - No control,01 - Non intersection,01 - Daylight,03 - P.D. only,03 - Rear end,Carleton Heights - Rideauview
3147,ACACIA AVE @ GREEN AVE,369557.7436,5034033.114,-75.67219976,45.44322956,1/19/2015,15:40,01 - Clear,02 - Wet,10 - No control,03 - At intersection,01 - Daylight,03 - P.D. only,02 - Angle,Lindenlea