Record,Location,X,Y,lon,lat,Date,Time,Environment,Road_Surface,Traffic_Control,Collision_Location,Light,Collision_Classification,Impact_type,Neighborhood
3560,ALBION RD btwn BANK ST & DES MESANGES DR,371954.97,5024107.217,-75.64291071,45.35369427,2/6/2015,22:32,01 - Clear,02 - Wet,10 - No control,04 - At/near private drive,07 - Dark,03 - P.D. only,02 - Angle,Emerald Woods - Sawmill Creek
3561,NELSON ST btwn YORK ST & RIDEAU ST,368571.945,5032627.626,-75.68498204,45.43067413,2/7/2015,2:42,01 - Clear,05 - Packed snow,10 - No control,04 - At/near private drive,07 - Dark,03 - P.D. only,06 - SMV unattended vehicle,Lower Town
3562,CHAMPAGNE AVE   S btwn BEECH ST & HICKORY ST,366509.9042,5029085.158,-75.71177635,45.398985,4/3/2015,0:00,01 - Clear,01 - Dry,10 - No control,01 - Non intersection,00 - Unknown,03 - P.D. only,06 - SMV unattended vehicle,Centretown West
3563,WAVERLEY ST btwn ELGIN ST & CARTIER ST,368333.3634,5030959.302,-75.68824602,45.41568485,4/24/2015,22:30,01 - Clear,01 - Dry,10 - No control,01 - Non intersection,07 - Dark,03 - P.D. only,03 - Rear end,Golden Triangle
3564,BASELINE RD btwn NAVAHO DR & DEERFIELD DR,363104.9678,5024109.554,-75.75585144,45.354507,5/11/2015,10:56,02 - Rain,02 - Wet,10 - No control,01 - Non intersection,01 - Daylight,03 - P.D. only,04 - Sideswipe,Braemar Park - Bel Air Heights - Copeland Park
3565,MAIN ST btwn HAZEL ST & HERRIDGE ST,369174.6401,5030152.178,-75.6776037,45.40834574,5/10/2015,12:45,01 - Clear,01 - Dry,10 - No control,01 - Non intersection,01 - Daylight,03 - P.D. only,05 - Turning movement,Old Ottawa East
3566,BURNSIDE AVE @ HINCHEY AVE,364937.9499,5030163.044,-75.7317217,45.40882036,5/10/2015,14:23,01 - Clear,01 - Dry,02 - Stop sign,03 - At intersection,01 - Daylight,03 - P.D. only,02 - Angle,Mechanicsville
3567,BANK ST btwn THIRD AVE & FOURTH AVE,368361.5166,5029497.85,-75.68807478,45.40253262,3/31/2015,17:45,01 - Clear,01 - Dry,10 - No control,01 - Non intersection,01 - Daylight,03 - P.D. only,04 - Sideswipe,The Glebe
3568,SLATER ST btwn BANK ST & O'CONNOR ST,367435.3312,5031359.421,-75.69966802,45.41936596,4/1/2015,12:00,01 - Clear,01 - Dry,10 - No control,01 - Non intersection,01 - Daylight,03 - P.D. only,06 - SMV unattended vehicle,Downtown
3569,MACKENZIE AVE @ RIDEAU ST,367870.6631,5032010.062,-75.69402275,45.4251811,3/18/2015,7:24,01 - Clear,01 - Dry,01 - Traffic signal,03 - At intersection,01 - Daylight,03 - P.D. only,02 - Angle,Byward Market - Parliament Hill
3570,HUNT CLUB RD @ RIVERSIDE DR,368038.6307,5021945.017,-75.69316567,45.33460337,3/24/2015,7:50,01 - Clear,01 - Dry,01 - Traffic signal,03 - At intersection,01 - Daylight,03 - P.D. only,05 - Turning movement,Hunt Club Woods - Quintarra - Revelstoke - Riverside South P
3571,RIVERSIDE DR btwn GARDENVIEW PRIV & WALKLEY RD,368404.507,5024805.457,-75.68813022,45.36030789,5/4/2015,17:17,01 - Clear,01 - Dry,10 - No control,01 - Non intersection,01 - Daylight,03 - P.D. only,03 - Rear end,Hunt Club Woods - Quintarra - Revelstoke - Riverside South P
3572,FLAMBOROUGH WAY btwn WOLISTON CRES & WOLISTON CRES,348947.5617,5024025.955,-75.93654024,45.35478904,2/8/2015,0:00,03 - Snow,03 - Loose snow,10 - No control,01 - Non intersection,00 - Unknown,03 - P.D. only,06 - SMV unattended vehicle,Morgan's Grant
3573,BASELINE RD @ GREENBANK RD,360599.3711,5022585.344,-75.7879999,45.34099605,2/8/2015,11:30,03 - Snow,03 - Loose snow,01 - Traffic signal,03 - At intersection,01 - Daylight,03 - P.D. only,02 - Angle,Qualicum - Redwood Park
3574,FEATHERSTON DR @ JEFFERSON ST,371772.8218,5027370.022,-75.64479286,45.38306923,5/7/2015,17:45,01 - Clear,01 - Dry,02 - Stop sign,03 - At intersection,01 - Daylight,03 - P.D. only,02 - Angle,Playfair Park - Lynda Park - Guildwood Estates
3575,FITZGERALD RD btwn ROBERTSON RD & MOODIE DR,356857.366,5020780.641,-75.83593437,45.32504482,5/9/2015,11:20,01 - Clear,01 - Dry,10 - No control,04 - At/near private drive,01 - Daylight,03 - P.D. only,02 - Angle,Bells Corners West
3576,BESSERER ST @ WALLER ST,368316.144,5032193.191,-75.68830693,45.42678852,5/9/2015,16:42,01 - Clear,01 - Dry,01 - Traffic signal,02 - Intersection related,01 - Daylight,03 - P.D. only,04 - Sideswipe,Byward Market - Parliament Hill
3577,CARLING AVE @ BROADVIEW AVE,363181.6505,5026638.06,-75.75457406,45.37725183,5/11/2015,11:30,01 - Clear,01 - Dry,01 - Traffic signal,03 - At intersection,01 - Daylight,03 - P.D. only,05 - Turning movement,Carlingwood - McKellar Park - Laurentien View
3578,GREENBANK RD @ WEST HUNT CLUB RD,361478.9541,5020502.6,-75.7770158,45.32218504,5/12/2015,9:01,01 - Clear,01 - Dry,01 - Traffic signal,02 - Intersection related,01 - Daylight,03 - P.D. only,07 - SMV other,Greenbelt
3579,WALGATE AVE btwn MULVAGH AVE & CHARKAY ST,365316.7556,5024151.679,-75.72761968,45.35469864,5/12/2015,9:24,01 - Clear,01 - Dry,10 - No control,01 - Non intersection,01 - Daylight,03 - P.D. only,06 - SMV unattended vehicle,Borden Farm - Stewart Farm - Parkwood Hills - Fisher Glen
3580,SLATER ST btwn LYON ST N & KENT ST,367241.2298,5031238.071,-75.70216331,45.41829144,5/12/2015,10:07,01 - Clear,01 - Dry,10 - No control,04 - At/near private drive,01 - Daylight,03 - P.D. only,07 - SMV other,Downtown
3581,FERNBANK RD btwn SHEA RD & FERNBANK RD,352429.3521,5013456.295,-75.89311997,45.25945291,4/12/2015,16:37,01 - Clear,01 - Dry,10 - No control,01 - Non intersection,01 - Daylight,03 - P.D. only,03 - Rear end,Stittsville - Basswood
3582,CHAPEL CRES @ WIGGINS PRIV N,369603.6762,5031466.096,-75.67195051,45.42012829,4/16/2015,8:16,01 - Clear,01 - Dry,02 - Stop sign,03 - At intersection,01 - Daylight,03 - P.D. only,02 - Angle,Sandy Hill
3583,CAHILL DR    W btwn UPLANDS DR & TWYFORD ST,370163.2749,5023320.829,-75.66587933,45.34678787,3/27/2015,8:16,03 - Snow,06 - Ice,10 - No control,04 - At/near private drive,01 - Daylight,03 - P.D. only,02 - Angle,Hunt Club East - Western Community
3584,MERIVALE RD/LOTTA AVE @ CLYDE AVE,364522.6622,5024505.116,-75.73771116,45.3579469,5/5/2015,19:01,01 - Clear,01 - Dry,01 - Traffic signal,02 - Intersection related,01 - Daylight,03 - P.D. only,04 - Sideswipe,Crestview - Meadowlands
3585,BASELINE RD @ JOHN SUTHERLAND DR/VALLEY STREAM,359311.631,5021788.045,-75.80451807,45.33392318,2/8/2015,12:00,03 - Snow,03 - Loose snow,01 - Traffic signal,02 - Intersection related,01 - Daylight,03 - P.D. only,02 - Angle,Briar Green - Leslie Park
3586,OGILVIE RD btwn OGILVIE RD & CYRVILLE RD,372401.6944,5031980.358,-75.63613138,45.42449062,2/9/2015,7:43,01 - Clear,04 - Slush,10 - No control,01 - Non intersection,01 - Daylight,03 - P.D. only,04 - Sideswipe,Cummings
3587,WEST HUNT CLUB RD WB btwn KNOXDALE RD & WOODROFFE AVE,363643.9876,5021245.595,-75.74931315,45.32869232,5/7/2015,17:58,01 - Clear,01 - Dry,10 - No control,01 - Non intersection,01 - Daylight,03 - P.D. only,07 - SMV other,Woodvale - Craig Henry - Manordale - Estates of Arlington Wo
3588,HWY417 IC130 RAMP61 btwn HWY417 IC130 RAMP66 & RAMP,359502.3928,5023154.372,-75.80193337,45.34620257,5/9/2015,22:08,01 - Clear,01 - Dry,10 - No control,01 - Non intersection,07 - Dark,03 - P.D. only,04 - Sideswipe,Bayshore
3589,DEAKIN ST @ PRINCE OF WALES DR,367392.6388,5021523.006,-75.70146016,45.33086411,5/11/2015,16:50,01 - Clear,01 - Dry,01 - Traffic signal,03 - At intersection,01 - Daylight,03 - P.D. only,03 - Rear end,Industrial Park
3590,CARLING AVE @ WESTGATE SC E,364800.3166,5027658.776,-75.73378446,45.3862993,5/12/2015,10:09,01 - Clear,01 - Dry,01 - Traffic signal,03 - At intersection,01 - Daylight,03 - P.D. only,02 - Angle,Carlington
3591,NESBITT PL btwn PRINCE OF WALES DR & END,367445.3576,5025588.264,-75.70027268,45.36743777,5/12/2015,0:00,01 - Clear,01 - Dry,10 - No control,01 - Non intersection,00 - Unknown,03 - P.D. only,06 - SMV unattended vehicle,Carleton Heights - Rideauview
3592,BURRIS LANE @ MERIVALE RD,364881.6703,5025067.038,-75.73306095,45.36297232,4/20/2015,14:30,02 - Rain,02 - Wet,01 - Traffic signal,02 - Intersection related,01 - Daylight,03 - P.D. only,03 - Rear end,Cityview - Skyline - Fisher Heights
3593,EDGAR ST btwn FAIRMONT AVE & IRVING AVE,365814.3324,5029246.619,-75.72064012,45.40049875,3/30/2015,19:17,01 - Clear,01 - Dry,10 - No control,04 - At/near private drive,07 - Dark,03 - P.D. only,06 - SMV unattended vehicle,Civi
3594,KIRKWOOD AVE N @ CARLING AVE,364276.5198,5027495.139,-75.74049257,45.38487159,4/2/2015,14:52,01 - Clear,01 - Dry,01 - Traffic signal,03 - At intersection,01 - Daylight,03 - P.D. only,05 - Turning movement,Westboro
3595,HAYES ST btwn BOUTON D'OR WAY & TOMPKINS AVE,382461.2138,5037763.912,-75.50668789,45.47548172,5/6/2015,0:00,01 - Clear,01 - Dry,10 - No control,01 - Non intersection,00 - Unknown,03 - P.D. only,06 - SMV unattended vehicle,Queenswood Heights
3596,CLEARBROOK DR btwn LONGFIELDS DR & SILVERSTONE WAY,364702.4336,5014992.871,-75.73656696,45.27234109,12/1/2015,8:58,01 - Clear,01 - Dry,10 - No control,01 - Non intersection,01 - Daylight,03 - P.D. only,06 - SMV unattended vehicle,New Barrhaven
3597,MOODIE DR @ ROBERTSON RD,357066.1702,5020455.84,-75.83330524,45.32210671,2/9/2015,9:23,03 - Snow,03 - Loose snow,01 - Traffic signal,02 - Intersection related,01 - Daylight,03 - P.D. only,07 - SMV other,Bells Corners West
3598,MAIN ST @ OBLATE AVE,369107.4195,5030312.364,-75.67844147,45.40979322,5/9/2015,18:44,01 - Clear,01 - Dry,01 - Traffic signal,02 - Intersection related,01 - Daylight,03 - P.D. only,03 - Rear end,Old Ottawa East
3599,BRONSON AVE btwn POWELL AVE & CLEMOW AVE,367392.6982,5029466.13,-75.70045312,45.40233451,5/10/2015,9:47,01 - Clear,01 - Dry,10 - No control,01 - Non intersection,01 - Daylight,03 - P.D. only,03 - Rear end,The Glebe
3600,LENESTER AVE @ MAITLAND AVE,363078.6879,5026147.006,-75.75594654,45.37284196,5/11/2015,17:24,02 - Rain,02 - Wet,02 - Stop sign,02 - Intersection related,01 - Daylight,03 - P.D. only,05 - Turning movement,Carlingwood West - Glabar Park - McKellar Heights
3601,GREENBANK RD btwn WEST HUNT CLUB RD & FALLOWFIELD RD,363040.9167,5016828.72,-75.75752509,45.28899967,5/11/2015,21:35,02 - Rain,02 - Wet,10 - No control,01 - Non intersection,07 - Dark,03 - P.D. only,07 - SMV other,Greenbelt
3602,DUNROBIN RD btwn LILLIAN WAY & HARWOOD LANE,345883.6878,5027569.222,-75.97534836,45.3868585,5/11/2015,23:55,01 - Clear,01 - Dry,10 - No control,01 - Non intersection,07 - Dark,03 - P.D. only,07 - SMV other,Carp - Hardwood Plains
3603,SAVAGE DR btwn HAZELDEAN RD & IVA ST,350459.0181,5015344.329,-75.91805051,45.27657271,5/12/2015,16:01,02 - Rain,02 - Wet,10 - No control,01 - Non intersection,01 - Daylight,03 - P.D. only,07 - SMV other,Stittsville
3604,TERRY FOX DR btwn HWY417 IC140 RAMP36 & HWY417 IC140 RAMP61,350730.7906,5018800.986,-75.91426671,45.30765902,5/1/2015,18:20,01 - Clear,01 - Dry,10 - No control,01 - Non intersection,01 - Daylight,03 - P.D. only,04 - Sideswipe,Kanata Lakes - Marchwood Lakeside - Morgan's Grant - Kanata
3605,LOLA ST @ DONALD ST,371094.726,5032361.03,-75.65277978,45.42804083,5/3/2015,21:53,01 - Clear,01 - Dry,01 - Traffic signal,03 - At intersection,07 - Dark,03 - P.D. only,05 - Turning movement,Vanier South
3606,LORRY GREENBERG DR btwn BRAMBLEGROVE CRES & BRAMBLEGROVE CRES,373410.3402,5025717.005,-75.62411471,45.36803761,4/7/2015,21:04,01 - Clear,01 - Dry,10 - No control,01 - Non intersection,07 - Dark,03 - P.D. only,07 - SMV other,Greenboro East
3607,LEITRIM RD btwn HIGH RD & ALBION RD,373473.4887,5020402.394,-75.62404646,45.32021254,5/8/2015,14:44,01 - Clear,01 - Dry,10 - No control,01 - Non intersection,01 - Daylight,03 - P.D. only,03 - Rear end,Greenbelt
3608,BARNSDALE RD @ GREENBANK RD,365590.6887,5010925.949,-75.72574496,45.23567069,2/9/2015,8:50,03 - Snow,04 - Slush,02 - Stop sign,03 - At intersection,01 - Daylight,03 - P.D. only,02 - Angle,New Barrhaven
3609,ORLEANS BLVD btwn JEANNE D'ARC BLVD S & BEAUSEJOUR DR,380998.246,5036071.793,-75.52565933,45.4604186,2/8/2015,8:31,03 - Snow,02 - Wet,10 - No control,04 - At/near private drive,01 - Daylight,03 - P.D. only,02 - Angle,Orleans Village - Chateauneuf
3610,BAYSWATER AVE btwn SOMERSET ST W & LAUREL ST,365860.1995,5029808.252,-75.71998475,45.40554818,1/9/2015,1:00,01 - Clear,05 - Packed snow,10 - No control,01 - Non intersection,07 - Dark,03 - P.D. only,06 - SMV unattended vehicle,Centretow
3611,LISGAR ST btwn O'CONNOR ST & METCALFE ST,367833.7781,5031202.086,-75.69459744,45.41791452,1/25/2015,17:27,01 - Clear,02 - Wet,10 - No control,01 - Non intersection,05 - Dusk,03 - P.D. only,06 - SMV unattended vehicle,Centretown
3612,GLEN PARK DR btwn INNES RD & BEDDOE LANE,377477.3293,5032445.649,-75.57121047,45.42816809,2/22/2015,19:00,01 - Clear,01 - Dry,10 - No control,01 - Non intersection,07 - Dark,03 - P.D. only,06 - SMV unattended vehicle,Blackburn Hamlet
3613,RICHMOND RD @ STONEHAVEN DR,356780.7886,5015893.832,-75.83742358,45.28107829,5/12/2015,23:06,02 - Rain,02 - Wet,01 - Traffic signal,02 - Intersection related,07 - Dark,03 - P.D. only,07 - SMV other,Bridlewood - Emerald Meadows
3614,INNES RD @ TENTH LINE RD,383949.8326,5036159.079,-75.4879094,45.46087577,5/12/2015,23:07,02 - Rain,02 - Wet,01 - Traffic signal,02 - Intersection related,07 - Dark,03 - P.D. only,03 - Rear end,Queenswood Heights
3615,BANK ST @ CECIL AVE,369943.7485,5026989.064,-75.66819691,45.37981398,5/8/2015,2:15,01 - Clear,01 - Dry,02 - Stop sign,02 - Intersection related,07 - Dark,03 - P.D. only,04 - Sideswipe,Alta Vista
3616,KING EDWARD AVE @ LAURIER AVE,368739.7072,5032035.065,-75.68291516,45.42532717,4/8/2015,11:30,01 - Clear,01 - Dry,01 - Traffic signal,03 - At intersection,01 - Daylight,03 - P.D. only,03 - Rear end,Sandy Hill
3617,HAZELDEAN RD btwn CASTLEFRANK RD & 246 E OF CASTLEFRANK RD,352788.6673,5017776.034,-75.88812429,45.29829867,5/8/2015,15:56,01 - Clear,01 - Dry,10 - No control,01 - Non intersection,01 - Daylight,03 - P.D. only,03 - Rear end,Glen Cairn - Kanata South Business Park
3618,OLD TENTH LINE RD @ TENTH LINE RD,383042.0151,5038356.569,-75.49916599,45.48074908,5/8/2015,15:50,01 - Clear,01 - Dry,01 - Traffic signal,03 - At intersection,01 - Daylight,03 - P.D. only,05 - Turning movement,Queenswood Heights
3619,CEDARVIEW RD @ WEST HUNT CLUB RD,359719.6413,5019553.032,-75.79956077,45.31378063,2/8/2015,15:45,01 - Clear,04 - Slush,01 - Traffic signal,02 - Intersection related,01 - Daylight,03 - P.D. only,03 - Rear end,Greenbelt
3620,STITTSVILLE MAIN ST btwn MANCHESTER ST & ABBOTT ST W,350244.7289,5013348.284,-75.92096425,45.2586255,2/8/2015,11:30,03 - Snow,03 - Loose snow,10 - No control,01 - Non intersection,01 - Daylight,03 - P.D. only,03 - Rear end,Crossing Bridge
3621,CARP RD @ WESTHUNT RD,346084.5948,5017296.05,-75.97364008,45.29440553,5/11/2015,16:15,01 - Clear,01 - Dry,02 - Stop sign,03 - At intersection,01 - Daylight,03 - P.D. only,02 - Angle,Stittsville - Basswood
3622,CEDARVIEW RD @ KENNEVALE DR,361873.6745,5014314.93,-75.77269331,45.2664762,5/12/2015,13:07,01 - Clear,01 - Dry,02 - Stop sign,03 - At intersection,01 - Daylight,03 - P.D. only,02 - Angle,Barrhaven West - Old Barrhaven
3623,BANK ST @ DALMENY RD/MARVELVILLE RD,385829.7447,5004366.906,-75.46907536,45.17461791,2/16/2015,18:40,01 - Clear,01 - Dry,02 - Stop sign,03 - At intersection,07 - Dark,03 - P.D. only,07 - SMV other,Metcalfe
3624,INNES RD @ TENTH LINE RD,383952.7242,5036160.043,-75.48787227,45.46088411,2/18/2015,17:56,01 - Clear,01 - Dry,01 - Traffic signal,02 - Intersection related,07 - Dark,03 - P.D. only,03 - Rear end,Queenswood Heights
3625,WILDMINT SQ btwn SHORELINE DR & Continuation of WILDMINT SQ,368659.5926,5015578.644,-75.68606412,45.27726358,2/27/2015,0:00,01 - Clear,05 - Packed snow,10 - No control,01 - Non intersection,00 - Unknown,03 - P.D. only,06 - SMV unattended vehicle,Gloucester
3626,DEBRA AVE btwn BELLAMY ST & END,366948.3198,5025499.261,-75.70662842,45.36668119,2/28/2015,7:40,01 - Clear,01 - Dry,10 - No control,01 - Non intersection,01 - Daylight,03 - P.D. only,06 - SMV unattended vehicle,Carleton Heights - Rideauview
3627,CRAIG HENRY DR btwn WOODVALE GR & KNOXDALE RD,363079.3759,5021721.023,-75.75645945,45.33301731,3/12/2015,0:00,01 - Clear,01 - Dry,10 - No control,01 - Non intersection,00 - Unknown,03 - P.D. only,06 - SMV unattended vehicle,Woodvale - Craig Henry - Manordale - Estates of Arlington Wo
3628,HAZELDEAN RD @ TERRY FOX DR,352206.6471,5017242.933,-75.89559584,45.29354121,5/13/2015,8:44,01 - Clear,01 - Dry,01 - Traffic signal,02 - Intersection related,01 - Daylight,03 - P.D. only,03 - Rear end,Glen Cairn - Kanata South Business Park
3629,KANATA AVE @ TERRY FOX DR,349306.8314,5019212.067,-75.93238795,45.31144973,5/13/2015,8:59,01 - Clear,01 - Dry,01 - Traffic signal,02 - Intersection related,01 - Daylight,03 - P.D. only,03 - Rear end,Kanata Lakes - Marchwood Lakeside - Morgan's Grant - Kanata
3630,RICHMOND RD @ HOLLY ACRES RD/NANAIMO DR,359058.6716,5022748.014,-75.80763993,45.34258062,5/13/2015,7:37,01 - Clear,01 - Dry,01 - Traffic signal,02 - Intersection related,01 - Daylight,03 - P.D. only,03 - Rear end,Greenbelt
3631,CONROY RD @ LORRY GREENBERG DR,373567.4064,5025878.234,-75.62208738,45.36947289,4/17/2015,8:31,01 - Clear,01 - Dry,01 - Traffic signal,02 - Intersection related,01 - Daylight,03 - P.D. only,04 - Sideswipe,Greenboro East
3632,CENTREPOINTE DR @ TALLWOOD DR,362669.0063,5022577.102,-75.76159448,45.34075422,4/19/2015,12:04,01 - Clear,01 - Dry,01 - Traffic signal,02 - Intersection related,01 - Daylight,03 - P.D. only,02 - Angle,Centrepointe
3633,HIGHWAY 417 btwn HWY417 IC117 RAMP36 & HWY417 IC117 RAMP26,370727.2757,5031188.642,-75.65763203,45.4175269,1/10/2015,16:40,01 - Clear,01 - Dry,10 - No control,01 - Non intersection,05 - Dusk,03 - P.D. only,03 - Rear end,Industrial Park
3634,CLEARBROOK DR btwn PIAZZA CIR & SILVERSTONE WAY,364843.9895,5015070.495,-75.73475366,45.27302747,9/16/2015,14:41,01 - Clear,01 - Dry,10 - No control,01 - Non intersection,01 - Daylight,03 - P.D. only,04 - Sideswipe,New Barrhaven
3635,CARP RD @ REIS RD,345276.5636,5018222.023,-75.9838661,45.30278481,2/9/2015,16:11,01 - Clear,02 - Wet,02 - Stop sign,03 - At intersection,01 - Daylight,03 - P.D. only,02 - Angle,Stittsville - Basswood
3636,ROGER STEVENS DR btwn DWYER HILL RD & MALAKOFF RD,356760.8,4991386.957,-75.84022939,45.06055818,5/14/2015,2:15,01 - Clear,01 - Dry,10 - No control,01 - Non intersection,07 - Dark,03 - P.D. only,07 - SMV other,Munster Hamlet - Richmond
3637,BYWARD MARKET @ YORK ST,367944.4633,5032328.7,-75.69303891,45.42804143,5/14/2015,2:59,01 - Clear,01 - Dry,02 - Stop sign,02 - Intersection related,07 - Dark,03 - P.D. only,07 - SMV other,Byward Market
3638,VANIER PKWY SB btwn MONTREAL RD & MCARTHUR AVE,370195.5725,5032750.827,-75.6642176,45.43163271,2/26/2015,10:04,01 - Clear,01 - Dry,10 - No control,01 - Non intersection,01 - Daylight,03 - P.D. only,04 - Sideswipe,Vanier South
3639,HAZELDEAN RD @ TERRY FOX DR,352207.611,5017241.969,-75.89558364,45.29353247,3/10/2015,17:15,01 - Clear,02 - Wet,01 - Traffic signal,02 - Intersection related,01 - Daylight,03 - P.D. only,04 - Sideswipe,Glen Cairn - Kanata South Business Park
3640,RUSSELL AVE btwn LAURIER AVE E & OSGOODE ST,369052.3481,5032192.673,-75.67889978,45.42671662,3/17/2015,19:58,03 - Snow,04 - Slush,10 - No control,01 - Non intersection,07 - Dark,03 - P.D. only,06 - SMV unattended vehicle,Sandy Hill
3641,FIFTH AVE btwn BANK ST & HOWICK PL,368431.4845,5029418.39,-75.68719136,45.40181131,3/7/2015,11:34,01 - Clear,01 - Dry,10 - No control,01 - Non intersection,01 - Daylight,03 - P.D. only,06 - SMV unattended vehicle,The Glebe
3642,CHECKERS RD btwn BEL-AIR DR & IRIS ST,362309.7706,5024628.643,-75.76593934,45.35924339,3/9/2015,7:50,01 - Clear,01 - Dry,10 - No control,01 - Non intersection,01 - Daylight,03 - P.D. only,06 - SMV unattended vehicle,Braemar Park - Bel Air Heights - Copeland Park
3643,BELFAST RD @ ST. LAURENT BLVD,372859.7602,5030578.08,-75.63047221,45.41182917,5/13/2015,9:53,01 - Clear,01 - Dry,01 - Traffic signal,02 - Intersection related,01 - Daylight,03 - P.D. only,03 - Rear end,Industrial Park
3644,FITZGERALD RD btwn ROBERTSON RD & MOODIE DR,356751.2679,5020413.087,-75.83732627,45.32174539,5/13/2015,12:56,01 - Clear,01 - Dry,10 - No control,04 - At/near private drive,01 - Daylight,03 - P.D. only,02 - Angle,Bells Corners West
3645,INNES RD btwn INNES RD & PAGE RD,380708.4719,5034437.904,-75.52961627,45.44574969,5/13/2015,7:45,01 - Clear,01 - Dry,10 - No control,01 - Non intersection,01 - Daylight,03 - P.D. only,03 - Rear end,Orleans Village - Chateauneuf
3646,GREENBANK RD @ 220 N OF STRANDHERD DR,363849.3564,5014983.888,-75.74743921,45.27233241,5/13/2015,9:57,01 - Clear,01 - Dry,01 - Traffic signal,02 - Intersection related,01 - Daylight,03 - P.D. only,03 - Rear end,New Barrhaven
3647,ELGIN ST @ MACLAREN ST,368206.9161,5031127.939,-75.68983975,45.41721366,4/20/2015,18:50,01 - Clear,01 - Dry,01 - Traffic signal,02 - Intersection related,01 - Daylight,03 - P.D. only,06 - SMV unattended vehicle,Centretown
3648,CARLING AVE @ MAITLAND AVE/SHERBOURNE RD,362942.6979,5026488.045,-75.75764245,45.37592188,5/11/2015,13:40,02 - Rain,02 - Wet,01 - Traffic signal,02 - Intersection related,01 - Daylight,03 - P.D. only,03 - Rear end,Carlingwood - McKellar Park - Laurentien View
3649,WEST HUNT CLUB RD @ 354 E OF WOODROFFE AVE/REC,363981.7231,5021424.007,-75.74498362,45.33026926,5/11/2015,14:29,02 - Rain,02 - Wet,01 - Traffic signal,02 - Intersection related,01 - Daylight,03 - P.D. only,04 - Sideswipe,Tanglewood
3650,SOLANDT RD btwn HINES RD & MARCH RD,350465.485,5022688.175,-75.91729135,45.34265421,2/9/2015,17:22,01 - Clear,04 - Slush,10 - No control,04 - At/near private drive,05 - Dusk,03 - P.D. only,05 - Turning movement,South March
3651,WHITEWATER ST btwn GROVEMONT DR & ASHMORE DR,366865.3675,5014648.05,-75.7090469,45.26905083,2/9/2015,15:00,01 - Clear,05 - Packed snow,10 - No control,01 - Non intersection,01 - Daylight,03 - P.D. only,07 - SMV other,Chapman Mills - Rideau Crest - Davidson Heights
3652,BRONSON AVE @ RENFREW AVE,367355.5848,5029553.253,-75.7009161,45.40312173,5/14/2015,7:57,01 - Clear,01 - Dry,02 - Stop sign,03 - At intersection,01 - Daylight,03 - P.D. only,99 - Other,Centretown West
3653,BANK ST @ CATHERINE ST,368039.7054,5030268.332,-75.69208631,45.40949432,5/15/2015,12:09,01 - Clear,01 - Dry,01 - Traffic signal,02 - Intersection related,01 - Daylight,03 - P.D. only,99 - Other,Centretown
3654,HUNT CLUB RD @ RIVERSIDE DR,368036.703,5021944.053,-75.69319038,45.33459487,3/11/2015,9:31,01 - Clear,01 - Dry,01 - Traffic signal,02 - Intersection related,01 - Daylight,03 - P.D. only,03 - Rear end,Hunt Club Woods - Quintarra - Revelstoke - Riverside South P
3655,BANK ST btwn CHAMBERLAIN AVE & ROSEBERY AVE,368116.2573,5030083.328,-75.69113219,45.4078228,3/21/2015,16:45,01 - Clear,02 - Wet,10 - No control,01 - Non intersection,01 - Daylight,03 - P.D. only,06 - SMV unattended vehicle,The Glebe
3656,KINGBROOK DR btwn BRIDGESTONE DR & FOXHALL WAY,355369.7487,5016416.385,-75.85535508,45.28588325,3/7/2015,17:00,01 - Clear,04 - Slush,10 - No control,01 - Non intersection,01 - Daylight,03 - P.D. only,06 - SMV unattended vehicle,Bridlewood - Emerald Meadows
3657,CAMPEAU DR @ HUNTMAR DR,349065,5018039.463,-75.93557669,45.30091357,5/12/2015,7:38,01 - Clear,01 - Dry,11 - Roundabout,03 - At intersection,01 - Daylight,03 - P.D. only,02 - Angle,Stittsville - Basswood
3658,SAULT ST btwn KENNEDY LANE W & MAJOR RD,382206.6895,5037754.252,-75.50994438,45.47542307,5/12/2015,20:00,01 - Clear,01 - Dry,10 - No control,04 - At/near private drive,05 - Dusk,03 - P.D. only,06 - SMV unattended vehicle,Queenswood Heights
3659,INNES RD @ STONEHENGE CRES W,375199.7412,5031215.118,-75.60048939,45.41732941,5/13/2015,16:05,01 - Clear,01 - Dry,01 - Traffic signal,03 - At intersection,01 - Daylight,03 - P.D. only,05 - Turning movement,Industrial Park
3660,INDUSTRIAL AVE @ RIVERSIDE DR,370685.6825,5030592.071,-75.65824317,45.41216311,5/13/2015,14:43,01 - Clear,01 - Dry,01 - Traffic signal,02 - Intersection related,01 - Daylight,03 - P.D. only,04 - Sideswipe,Industrial Park
3661,BANK ST @ SUNNYSIDE AVE,368734.4892,5028581.33,-75.68342976,45.3942521,5/13/2015,18:10,01 - Clear,01 - Dry,01 - Traffic signal,02 - Intersection related,01 - Daylight,03 - P.D. only,03 - Rear end,Old Ottawa South
3662,TISCHART CRES btwn DOYON AVE & KEYROCK DR,349355.7616,5020580.078,-75.9316409,45.32375637,4/24/2015,17:08,01 - Clear,01 - Dry,10 - No control,01 - Non intersection,01 - Daylight,03 - P.D. only,06 - SMV unattended vehicle,Kanata Lakes - Marchwood Lakeside - Morgan's Grant - Kanata