Record,Location,X,Y,lon,lat,Date,Time,Environment,Road_Surface,Traffic_Control,Collision_Location,Light,Collision_Classification,Impact_type,Neighborhood
3663,CAMPEAU DR btwn STONECROFT TER & CONACHER GT,351369.1849,5019673.062,-75.90604405,45.31546414,5/12/2015,9:17,01 - Clear,01 - Dry,10 - No control,01 - Non intersection,01 - Daylight,03 - P.D. only,99 - Other,Kanata
3664,MORRISON DR @ BASELINE RD,360099.433,5022310.724,-75.79440932,45.33856461,5/12/2015,14:34,01 - Clear,01 - Dry,01 - Traffic signal,02 - Intersection related,01 - Daylight,03 - P.D. only,03 - Rear end,Qualicum - Redwood Park
3665,CONROY RD btwn THURSTON DR & JOHNSTON RD,373277.7835,5026612.766,-75.62568256,45.37611027,2/10/2015,8:17,01 - Clear,03 - Loose snow,10 - No control,01 - Non intersection,01 - Daylight,03 - P.D. only,03 - Rear end,Industrial Park
3666,RICHMOND RD btwn BROADVIEW AVE & GOLDEN AVE,362760.7136,5027938.482,-75.75979551,45.3889878,2/10/2015,9:10,01 - Clear,04 - Slush,10 - No control,04 - At/near private drive,01 - Daylight,03 - P.D. only,02 - Angle,Woodroffe - Lincoln Heights
3667,JAMIE AVE @ SUNDERLAND ST,366063.6892,5022023.773,-75.71835095,45.33548722,5/16/2015,10:28,01 - Clear,01 - Dry,02 - Stop sign,03 - At intersection,01 - Daylight,03 - P.D. only,02 - Angle,Industrial Park
3668,COLDWATER CRES/AUTUMNFIELD ST @ MEADOWBREEZE DR,355565.0873,5014996.42,-75.85301036,45.27309203,5/1/2015,7:15,01 - Clear,01 - Dry,02 - Stop sign,03 - At intersection,01 - Daylight,02 - Non-fatal injury,07 - SMV other,Bridlewood - Emerald Meadows
3669,BYRON AVE @ ISLAND PARK DR,364254.7261,5028602.106,-75.74063748,45.39483373,3/22/2015,0:48,01 - Clear,01 - Dry,01 - Traffic signal,02 - Intersection related,07 - Dark,03 - P.D. only,03 - Rear end,Island Park
3670,CARLING AVE WB btwn KIRKWOOD AVE & HWY417 IC124 RAMP67,364303.5077,5027507.67,-75.74014646,45.38498205,3/27/2015,16:10,01 - Clear,01 - Dry,10 - No control,01 - Non intersection,01 - Daylight,03 - P.D. only,04 - Sideswipe,Westboro
3671,HILLCREST DR btwn DRISCOLL DR & DRISCOLL DR,367636.845,5011258.461,-75.69964479,45.23848299,5/12/2015,12:50,01 - Clear,01 - Dry,10 - No control,01 - Non intersection,01 - Daylight,03 - P.D. only,06 - SMV unattended vehicle,Manotick
3672,GREENBANK RD @ STRANDHERD DR,363933.6839,5014783.935,-75.74638839,45.27052614,5/12/2015,14:00,01 - Clear,01 - Dry,01 - Traffic signal,03 - At intersection,01 - Daylight,03 - P.D. only,05 - Turning movement,New Barrhaven
3673,BLACKBURN BYPASS @ NAVAN RD,379617.6942,5033274.668,-75.5437352,45.43540134,5/13/2015,17:14,01 - Clear,01 - Dry,01 - Traffic signal,02 - Intersection related,01 - Daylight,03 - P.D. only,03 - Rear end,Greenbelt
3674,EAGLESON RD @ KATIMAVIK RD/TIMM DR,353214.6241,5019564.024,-75.88251883,45.31435817,5/13/2015,17:55,01 - Clear,01 - Dry,01 - Traffic signal,03 - At intersection,01 - Daylight,03 - P.D. only,02 - Angle,Katimavik - Hazeldean
3675,MEADOWLANDS DR btwn HOGAN ST & NESS ST,366274.8592,5024892.443,-75.71530035,45.36128055,5/15/2015,11:40,01 - Clear,01 - Dry,10 - No control,04 - At/near private drive,01 - Daylight,03 - P.D. only,02 - Angle,Borden Farm - Stewart Farm - Parkwood Hills - Fisher Glen
3676,CHAPMAN MILLS DR btwn CLEARBROOK DR & SUMMERLINE GT,365942.499,5015094.659,-75.72075173,45.27315024,5/15/2015,17:50,01 - Clear,01 - Dry,10 - No control,01 - Non intersection,01 - Daylight,03 - P.D. only,04 - Sideswipe,New Barrhaven
3677,WOODROFFE AVE @ GEORGINA DR/LENESTER AVE,361911.6143,5025370.037,-75.77093535,45.36594695,4/25/2015,13:42,01 - Clear,01 - Dry,01 - Traffic signal,02 - Intersection related,01 - Daylight,03 - P.D. only,99 - Other,Whitehaven - Queensway Terrace North
3678,BLACKBURN BYPASS EB btwn NAVAN RD & INNES RD E,379648.8948,5033286.121,-75.54333473,45.43550104,4/25/2015,20:05,01 - Clear,01 - Dry,10 - No control,01 - Non intersection,05 - Dusk,03 - P.D. only,04 - Sideswipe,Greenbelt
3679,EAGLESON RD @ 146 N OF ABBEYHILL DR/HAZELDEAN ,353772.8096,5018171.212,-75.87553777,45.30178666,5/12/2015,16:42,01 - Clear,01 - Dry,01 - Traffic signal,03 - At intersection,01 - Daylight,03 - P.D. only,05 - Turning movement,Glen Cairn - Kanata South Business Park
3680,PAMILLA ST @ PRESTON ST,366749.6671,5029118.152,-75.70870999,45.3992607,5/13/2015,15:06,01 - Clear,01 - Dry,01 - Traffic signal,02 - Intersection related,01 - Daylight,03 - P.D. only,05 - Turning movement,Little Italy
3681,COMFREY CRES btwn CLUBMOSS AVE N & CLUBMOSS AVE S,386311.4319,5035857.582,-75.45776651,45.45789166,12/19/2015,12:41,01 - Clear,02 - Wet,10 - No control,04 - At/near private drive,01 - Daylight,03 - P.D. only,02 - Angle,Notting Hill
3682,JOCKVALE RD/RIDEAU VALLEY DR @ PRINCE OF WALES,366708.733,5012194.915,-75.71134848,45.24699142,2/10/2015,16:15,01 - Clear,01 - Dry,01 - Traffic signal,02 - Intersection related,01 - Daylight,03 - P.D. only,04 - Sideswipe,New Barrhaven
3683,CHAMPLAIN ST btwn JEANNE D'ARC BLVD N & OR174 IC102 RAMP61,381386.4917,5038702.876,-75.52028549,45.48404842,1/15/2015,15:47,01 - Clear,02 - Wet,10 - No control,01 - Non intersection,01 - Daylight,03 - P.D. only,03 - Rear end,Orleans South West
3684,BRONSON AVE btwn BRONSON AVE SB ON RAMP 43 & SUNNYSIDE AVE/UNIVERSITY ,367901.5053,5028124.8,-75.69412594,45.39021994,4/5/2015,22:36,01 - Clear,01 - Dry,10 - No control,01 - Non intersection,07 - Dark,03 - P.D. only,07 - SMV other,Carleton University
3685,JAMIE AVE @ SUNDERLAND ST,366065.667,5022022.988,-75.71832581,45.33547998,5/12/2015,17:40,01 - Clear,01 - Dry,02 - Stop sign,03 - At intersection,01 - Daylight,03 - P.D. only,02 - Angle,Industrial Park
3686,BLACKBURN BYPASS @ INNES RD E,379788.8099,5033781.06,-75.54147129,45.43993915,1/7/2015,6:34,03 - Snow,03 - Loose snow,01 - Traffic signal,03 - At intersection,07 - Dark,03 - P.D. only,04 - Sideswipe,Greenbelt
3687,GREENBANK RD @ STRANDHERD DR,363933.1205,5014783.854,-75.74639558,45.27052546,5/14/2015,10:46,01 - Clear,01 - Dry,01 - Traffic signal,02 - Intersection related,01 - Daylight,03 - P.D. only,04 - Sideswipe,New Barrhaven
3688,WOODROFFE AVE btwn TURN LANE & GRENFELL CRES,364542.7244,5019250.127,-75.73808945,45.31066133,1/3/2015,15:45,03 - Snow,03 - Loose snow,10 - No control,01 - Non intersection,01 - Daylight,03 - P.D. only,07 - SMV other,Merivale Gardens - Grenfell Glen - Pineglen - Country Place
3689,RIOCAN AVE btwn STRANDHERD DR & MARKETPLACE AVE,364267.4267,5014792.009,-75.74213451,45.27057065,5/15/2015,18:51,01 - Clear,01 - Dry,10 - No control,04 - At/near private drive,01 - Daylight,03 - P.D. only,02 - Angle,New Barrhaven
3690,MEADOWLANDS DR/TALLWOOD DR @ WOODROFFE AVE,363057.6535,5022730.012,-75.75661777,45.34209793,3/28/2015,19:52,01 - Clear,01 - Dry,01 - Traffic signal,02 - Intersection related,07 - Dark,03 - P.D. only,99 - Other,Crestview - Meadowlands
3691,CLARENCE ST btwn WILLIAM ST & DALHOUSIE ST,368025.3501,5032494.441,-75.69198403,45.42952541,4/26/2015,2:16,01 - Clear,01 - Dry,10 - No control,01 - Non intersection,07 - Dark,03 - P.D. only,03 - Rear end,Byward Market
3692,OAKLAWN CRES btwn GARDENWAY DR & GARDENWAY DR,384020.4754,5036605.592,-75.48693427,45.46488508,4/29/2015,17:37,01 - Clear,01 - Dry,10 - No control,04 - At/near private drive,01 - Daylight,03 - P.D. only,06 - SMV unattended vehicle,Fallingbrook
3693,FERNBANK RD @ LIARD ST,351492.7995,5012638.676,-75.90512943,45.25215848,5/13/2015,16:20,01 - Clear,01 - Dry,02 - Stop sign,03 - At intersection,01 - Daylight,03 - P.D. only,03 - Rear end,Stittsville
3694,WEST HUNT CLUB RD @ WOODROFFE AVE,363670.691,5021246.007,-75.74897247,45.32869379,5/13/2015,18:01,01 - Clear,01 - Dry,01 - Traffic signal,02 - Intersection related,01 - Daylight,03 - P.D. only,03 - Rear end,Merivale Gardens - Grenfell Glen - Pineglen - Country Place
3695,STRANDHERD DR @ 215 W OF GREENBANK RD/BARRHAVE,363741.9839,5014678.387,-75.74884377,45.26959251,5/18/2015,18:34,02 - Rain,02 - Wet,01 - Traffic signal,02 - Intersection related,01 - Daylight,03 - P.D. only,03 - Rear end,New Barrhaven
3696,SEDONA ST btwn WOODGATE WAY & ROYAL FIELD CRES,365000.851,5017696.508,-75.73243608,45.29664284,1/21/2015,22:30,01 - Clear,05 - Packed snow,10 - No control,04 - At/near private drive,07 - Dark,03 - P.D. only,06 - SMV unattended vehicle,New Barrhaven
3697,REGIONAL ROAD 174 btwn OR174 IC109 RAMP54 & OR174 IC109 RAMP55,376409.104,5034848.274,-75.58451068,45.44989561,4/23/2015,16:57,01 - Clear,01 - Dry,10 - No control,01 - Non intersection,01 - Daylight,03 - P.D. only,03 - Rear end,Greenbelt
3698,MERIVALE RD btwn 170 N OF WEST HUNT CLUB RD/COSTCO SC & WEST HUNT CLUB,365576.0571,5022034.397,-75.72457065,45.33562522,4/29/2015,19:04,01 - Clear,01 - Dry,10 - No control,01 - Non intersection,01 - Daylight,03 - P.D. only,03 - Rear end,Tanglewood
3699,DWYER HILL RD btwn O'NEIL RD & ROGER STEVENS DR,352403.8503,4992388.605,-75.8954534,45.06987782,2/13/2015,19:37,01 - Clear,05 - Packed snow,10 - No control,01 - Non intersection,07 - Dark,03 - P.D. only,07 - SMV other,Munster Hamlet - Richmond
3700,KING EDWARD AVE @ SUSSEX DR,367664.6639,5033504.079,-75.6964642,45.43864229,4/10/2015,18:00,01 - Clear,02 - Wet,01 - Traffic signal,03 - At intersection,01 - Daylight,03 - P.D. only,02 - Angle,Byward Market - Parliament Hill
3701,CARLING AVE @ PINECREST  RD/GREENVIEW AVE,360006.6292,5024631.646,-75.79533426,45.35945555,4/11/2015,12:34,01 - Clear,01 - Dry,01 - Traffic signal,02 - Intersection related,01 - Daylight,03 - P.D. only,04 - Sideswipe,Whitehaven - Queensway Terrace North
3702,STRANDHERD DR btwn FALLOWFIELD RD & MARAVISTA DR,360813.0969,5014952.166,-75.78613562,45.27229538,1/3/2015,15:57,03 - Snow,03 - Loose snow,10 - No control,01 - Non intersection,01 - Daylight,03 - P.D. only,07 - SMV other,Munster Hamlet - Richmond
3703,GREENBANK RD btwn WEST HUNT CLUB RD & FALLOWFIELD RD,362253.71,5018601.542,-75.76735444,45.30501636,1/4/2015,18:28,01 - Clear,02 - Wet,10 - No control,01 - Non intersection,07 - Dark,03 - P.D. only,99 - Other,Greenbelt
3704,PINECREST RD @ RICHMOND RD,360071.7066,5024471.994,-75.79452152,45.35801388,3/29/2015,17:15,01 - Clear,01 - Dry,01 - Traffic signal,02 - Intersection related,01 - Daylight,03 - P.D. only,03 - Rear end,Whitehaven - Queensway Terrace North
3705,HUNT CLUB RD btwn BLOHM DR & HAWTHORNE RD,375177.9388,5026219.88,-75.60148051,45.37238699,4/2/2015,19:29,01 - Clear,01 - Dry,10 - No control,01 - Non intersection,01 - Daylight,03 - P.D. only,04 - Sideswipe,Hunt Club
3706,MONTREAL RD @ DUCHARME BLVD/CANTIN ST,371017.8022,5033565.832,-75.65360069,45.43888839,4/30/2015,14:27,01 - Clear,01 - Dry,01 - Traffic signal,02 - Intersection related,01 - Daylight,03 - P.D. only,03 - Rear end,Vanier South
3707,ALERT RD/AIRPORT PKWY/UPLANDS DR RAMP 62 @ LES,371314.438,5021365.576,-75.65145342,45.32908686,5/1/2015,8:21,01 - Clear,01 - Dry,01 - Traffic signal,02 - Intersection related,01 - Daylight,03 - P.D. only,03 - Rear end,Greenbelt
3708,HUNT CLUB RD btwn WEST HUNT CLUB RD & TURN LANE,367893.0885,5021899.715,-75.69502817,45.33420886,5/13/2015,19:39,01 - Clear,01 - Dry,10 - No control,01 - Non intersection,01 - Daylight,03 - P.D. only,03 - Rear end,Hunt Club Woods - Quintarra - Revelstoke - Riverside South P
3709,GREENBANK RD @ HWY 417 IC129 RAMP57/IRIS ST,360530.6441,5023313.243,-75.78879478,45.34755114,5/14/2015,7:38,01 - Clear,01 - Dry,01 - Traffic signal,02 - Intersection related,01 - Daylight,03 - P.D. only,03 - Rear end,Iris
3710,ORLEANS BLVD btwn JEANNE D'ARC BLVD S & BEAUSEJOUR DR,380946.7458,5036225.254,-75.52629399,45.46180493,2/3/2015,16:36,03 - Snow,04 - Slush,10 - No control,04 - At/near private drive,01 - Daylight,03 - P.D. only,02 - Angle,Orleans Village - Chateauneuf
3711,CAMPEAU DR @ HAWKSTONE GT,352308.6957,5020329.376,-75.89399899,45.32130686,2/4/2015,15:06,02 - Rain,03 - Loose snow,01 - Traffic signal,03 - At intersection,01 - Daylight,03 - P.D. only,02 - Angle,Beaverbrook
3712,FISHER AVE btwn CRERAR AVE & TUNIS AVE,365492.8437,5027608.582,-75.72494774,45.385788,2/11/2015,8:47,01 - Clear,02 - Wet,10 - No control,01 - Non intersection,01 - Daylight,03 - P.D. only,03 - Rear end,Carlington
3713,LYNDA LANE @ SMYTH RD,371612.6863,5029191.066,-75.64659091,45.39946956,2/13/2015,8:00,03 - Snow,03 - Loose snow,02 - Stop sign,02 - Intersection related,01 - Daylight,03 - P.D. only,03 - Rear end,Alta Vista
3714,BASELINE RD @ GREENBANK RD,360597.6843,5022582.091,-75.78802179,45.34096692,5/1/2015,16:20,01 - Clear,01 - Dry,01 - Traffic signal,02 - Intersection related,01 - Daylight,03 - P.D. only,04 - Sideswipe,Qualicum - Redwood Park
3715,MERIVALE RD @ WEST HUNT CLUB RD,365614.6229,5021942.98,-75.72408988,45.33479932,2/14/2015,11:25,03 - Snow,03 - Loose snow,01 - Traffic signal,02 - Intersection related,01 - Daylight,03 - P.D. only,04 - Sideswipe,Industrial Park
3716,CHAPEL ST @ LAURIER AVE,369118.7092,5032265.067,-75.67804236,45.42736189,4/20/2015,15:01,02 - Rain,02 - Wet,01 - Traffic signal,03 - At intersection,01 - Daylight,03 - P.D. only,02 - Angle,Sandy Hill
3717,MCLEOD ST @ O'CONNOR ST,368117.1734,5030593.6,-75.69105494,45.41241398,4/5/2015,13:59,01 - Clear,01 - Dry,01 - Traffic signal,03 - At intersection,01 - Daylight,03 - P.D. only,02 - Angle,Centretown
3718,BOWESVILLE RD/HIGH RD @ LEITRIM RD,371674.7313,5019287.954,-75.64713807,45.31035876,5/1/2015,9:15,01 - Clear,01 - Dry,02 - Stop sign,02 - Intersection related,01 - Daylight,03 - P.D. only,02 - Angle,Gloucester
3719,HUNT CLUB RD btwn MCCARTHY RD & RAMP,370751.4511,5023548.178,-75.65834393,45.34877843,5/1/2015,17:01,01 - Clear,02 - Wet,10 - No control,01 - Non intersection,01 - Daylight,03 - P.D. only,03 - Rear end,Hunt Club East - Western Community
3720,HERON RD WB btwn HERON RD WB OFF RAMP/VINCENT MASSEY PARK & RIVERSIDE ,368029.2739,5026639.334,-75.69268463,45.3768426,5/14/2015,12:18,01 - Clear,01 - Dry,10 - No control,01 - Non intersection,01 - Daylight,03 - P.D. only,03 - Rear end,Riverside Park
3721,ST. PATRICK ST EB btwn COBOURG ST & VANIER PKWY,368819.9267,5033235.388,-75.68173409,45.43611989,5/14/2015,14:40,01 - Clear,01 - Dry,10 - No control,01 - Non intersection,01 - Daylight,03 - P.D. only,04 - Sideswipe,Lower Town
3722,INDUSTRIAL AVE/INNES RD @ ST. LAURENT BLVD,373099.7274,5030005.085,-75.62748614,45.40665025,2/26/2015,15:07,01 - Clear,01 - Dry,01 - Traffic signal,02 - Intersection related,01 - Daylight,03 - P.D. only,04 - Sideswipe,Industrial Park
3723,MONTREAL RD @ OLMSTEAD ST,370331.5865,5033214.316,-75.66241778,45.43579025,3/3/2015,10:14,01 - Clear,01 - Dry,01 - Traffic signal,02 - Intersection related,01 - Daylight,03 - P.D. only,03 - Rear end,Vanier South
3724,BLACKBURN BYPASS @ INNES RD W,377186.101,5032176.823,-75.57497128,45.42577956,3/3/2015,19:36,03 - Snow,03 - Loose snow,01 - Traffic signal,02 - Intersection related,07 - Dark,03 - P.D. only,03 - Rear end,Greenbelt
3725,STRANDHERD DR btwn MARAVISTA DR & KENNEVALE DR,361468.7275,5014147.26,-75.77787238,45.26500023,5/7/2015,7:30,01 - Clear,01 - Dry,10 - No control,01 - Non intersection,01 - Daylight,03 - P.D. only,04 - Sideswipe,Munster Hamlet - Richmond
3726,WEST HUNT CLUB RD @ CLEOPATRA DR/LANCELOT DR,365236.6639,5021732.012,-75.72893743,45.33293371,3/27/2015,14:40,01 - Clear,01 - Dry,01 - Traffic signal,02 - Intersection related,01 - Daylight,03 - P.D. only,03 - Rear end,Tanglewood
3727,MAITLAND AVE btwn TARA DR & ERINDALE DR,363695.6795,5025213.179,-75.74818131,45.36438792,3/25/2015,16:30,01 - Clear,01 - Dry,10 - No control,04 - At/near private drive,01 - Daylight,03 - P.D. only,02 - Angle,Braemar Park - Bel Air Heights - Copeland Park
3728,BANK ST @ FIFTH AVE,368398.7134,5029399.113,-75.68761241,45.40164084,2/6/2015,17:49,01 - Clear,04 - Slush,01 - Traffic signal,02 - Intersection related,05 - Dusk,03 - P.D. only,04 - Sideswipe,The Glebe
3729,CUMMINGS AVE btwn SNOW ST & BURLEIGH PRIV,372555.6245,5032653.28,-75.63407199,45.43053036,1/15/2015,6:37,"07 - Fog, mist, smoke, dust",05 - Packed snow,10 - No control,04 - At/near private drive,07 - Dark,03 - P.D. only,02 - Angle,Cummings
3730,FISHER AVE btwn 220 S OF TRENT ST & MCCOOEY LANE,365923.6196,5026596.851,-75.71957246,45.3766472,1/16/2015,7:26,05 - Drifting Snow,04 - Slush,10 - No control,04 - At/near private drive,03 - Dawn,03 - P.D. only,07 - SMV other,Civic Hospital - Experimental Farm - Central Park
3731,ARLINGTON AVE @ BANK ST,368007.8306,5030345.006,-75.69248365,45.41018709,5/14/2015,15:12,01 - Clear,01 - Dry,02 - Stop sign,02 - Intersection related,01 - Daylight,03 - P.D. only,02 - Angle,Centretown
3732,INNES RD btwn 260 E OF BELCOURT BLVD/WALMART SC & JEANNE D'ARC BLVD/ME,382353.0116,5035402.241,-75.50844424,45.45424546,5/14/2015,15:30,01 - Clear,01 - Dry,10 - No control,01 - Non intersection,01 - Daylight,03 - P.D. only,04 - Sideswipe,Chapel Hill South
3733,SMYTH RD E/LANCASTER RD @ ST. LAURENT BLVD N/R,373364.7294,5029425.033,-75.62418185,45.4014053,3/30/2015,15:40,02 - Rain,02 - Wet,01 - Traffic signal,02 - Intersection related,01 - Daylight,03 - P.D. only,03 - Rear end,Sheffield Glen
3734,SABLE RIDGE DR btwn HUNT CLUB RD & SABLE RIDGE DR,372837.1211,5024780.074,-75.63156062,45.35966335,4/1/2015,21:16,01 - Clear,01 - Dry,10 - No control,01 - Non intersection,07 - Dark,03 - P.D. only,05 - Turning movement,Greenboro East
3735,LAWLER CRES btwn WINCANTON DR & WINCANTON DR,382904.3226,5039292.478,-75.50077815,45.48918495,3/10/2015,17:45,01 - Clear,04 - Slush,10 - No control,04 - At/near private drive,05 - Dusk,03 - P.D. only,06 - SMV unattended vehicle,Chatelaine Village
3736,ELGIN ST @ LAURIER AVE,367948.7099,5031551.022,-75.69308434,45.42104377,5/7/2015,11:40,01 - Clear,01 - Dry,01 - Traffic signal,03 - At intersection,01 - Daylight,03 - P.D. only,04 - Sideswipe,Downtown
3737,CATHERINE ST/HWY 417 O'CONN IC119BR76 @ O'CONN,368243.9186,5030392.762,-75.68946165,45.41059542,3/30/2015,8:10,02 - Rain,02 - Wet,01 - Traffic signal,02 - Intersection related,01 - Daylight,03 - P.D. only,04 - Sideswipe,Centretown
3738,MERIVALE RD/LOTTA AVE @ CLYDE AVE,364522.0365,5024506.038,-75.73771903,45.35795525,4/30/2015,12:59,01 - Clear,01 - Dry,01 - Traffic signal,02 - Intersection related,01 - Daylight,03 - P.D. only,04 - Sideswipe,Cityview - Skyline - Fisher Heights
3739,WEST HUNT CLUB RD @ CLEOPATRA DR/LANCELOT DR,365236.6639,5021731.048,-75.72893755,45.33292503,2/15/2015,14:52,01 - Clear,02 - Wet,01 - Traffic signal,02 - Intersection related,01 - Daylight,03 - P.D. only,03 - Rear end,Tanglewood
3740,EARL MULLIGAN DR @ WOODROFFE AVE,365249.7373,5017506.942,-75.72928616,45.29491577,1/17/2015,13:22,01 - Clear,01 - Dry,01 - Traffic signal,02 - Intersection related,01 - Daylight,03 - P.D. only,03 - Rear end,Greenbelt
3741,IRIS ST @ PINECREST SC,360638.7391,5023381.563,-75.78740772,45.34815729,2/6/2015,8:12,03 - Snow,05 - Packed snow,01 - Traffic signal,02 - Intersection related,01 - Daylight,03 - P.D. only,03 - Rear end,Iris
3742,BOUNDARY RD @ DEVINE RD,388361.3241,5021455.717,-75.43399943,45.32807535,5/3/2015,3:04,01 - Clear,01 - Dry,02 - Stop sign,03 - At intersection,07 - Dark,03 - P.D. only,07 - SMV other,Navan - Vars
3743,STAGECOACH RD btwn CABIN RD & SNAKE ISLAND RD,378066.0243,5006493.559,-75.56752539,45.19460184,5/3/2015,15:00,01 - Clear,01 - Dry,10 - No control,01 - Non intersection,01 - Daylight,03 - P.D. only,07 - SMV other,Kars - Osgoode
3744,GEORGE ST    W btwn PRESTON ST & END,366540.9064,5029382.381,-75.71134319,45.4016566,5/14/2015,17:28,01 - Clear,01 - Dry,10 - No control,01 - Non intersection,01 - Daylight,03 - P.D. only,06 - SMV unattended vehicle,Little Italy
3745,MACLAREN ST btwn KENT ST & BANK ST,367639.7383,5030786.976,-75.69712943,45.41419695,5/14/2015,11:47,01 - Clear,01 - Dry,10 - No control,01 - Non intersection,01 - Daylight,03 - P.D. only,06 - SMV unattended vehicle,Centretown
3746,COOPER ST @ O'CONNOR ST,367808.7112,5031084.125,-75.69493278,45.4168554,4/2/2015,16:33,01 - Clear,01 - Dry,02 - Stop sign,02 - Intersection related,01 - Daylight,03 - P.D. only,04 - Sideswipe,Centretown
3747,OSGOODE MAIN ST btwn 2ND LINE RD & BLANCHFIELD RD,377784.7927,5002798.139,-75.57164473,45.1613805,6/2/2015,4:50,01 - Clear,01 - Dry,10 - No control,01 - Non intersection,03 - Dawn,03 - P.D. only,07 - SMV other,Kars - Osgoode
3748,WEST HUNT CLUB RD @ ANTARES DR/LASER ST,367106.9906,5022081.862,-75.70503367,45.33591803,6/24/2015,17:27,01 - Clear,01 - Dry,01 - Traffic signal,02 - Intersection related,01 - Daylight,03 - P.D. only,03 - Rear end,Industrial Park
3749,CONFEDERATION PRIV N @ FLANNERY DR,368802.6989,5026192.711,-75.68286837,45.37275379,5/8/2015,13:03,01 - Clear,01 - Dry,02 - Stop sign,02 - Intersection related,01 - Daylight,03 - P.D. only,02 - Angle,Riverside Park
3750,EAGLESON RD btwn AKINS RD & RUSHMORE RD,356736.8854,5010562.229,-75.8385404,45.23310661,2/21/2015,16:03,03 - Snow,03 - Loose snow,10 - No control,01 - Non intersection,01 - Daylight,03 - P.D. only,01 - Approaching,Stittsville - Basswood
3751,CARLING AVE @ ROSEVIEW AVE,359357.3831,5024199.423,-75.80366842,45.35561724,1/26/2015,7:53,01 - Clear,01 - Dry,02 - Stop sign,03 - At intersection,03 - Dawn,03 - P.D. only,02 - Angle,Whitehaven - Queensway Terrace North
3752,GREENBANK RD @ HWY 417 IC129 RAMP57/IRIS ST,360530.3451,5023312.976,-75.78879863,45.34754876,1/26/2015,8:20,01 - Clear,06 - Ice,01 - Traffic signal,02 - Intersection related,01 - Daylight,03 - P.D. only,03 - Rear end,Iris
3753,AMIENS ST @ TENTH LINE RD,383353.6918,5037568.707,-75.49530578,45.47362562,2/26/2015,18:18,01 - Clear,01 - Dry,01 - Traffic signal,02 - Intersection related,07 - Dark,03 - P.D. only,03 - Rear end,Orlans
3754,MER BLEUE RD @ 210 S OF INNES RD,382730.6787,5035374.346,-75.50362072,45.45395247,3/1/2015,13:43,01 - Clear,01 - Dry,01 - Traffic signal,03 - At intersection,01 - Daylight,03 - P.D. only,02 - Angle,Orlans
3755,HUNT CLUB RD @ UPLANDS DR,370156.7272,5023121.974,-75.66598915,45.34499924,1/25/2015,10:13,01 - Clear,01 - Dry,01 - Traffic signal,02 - Intersection related,01 - Daylight,03 - P.D. only,03 - Rear end,Hunt Club East - Western Community
3756,ALTA VISTA DR btwn AYERS AVE & RIDGEMONT AVE,370524.8859,5026515.923,-75.66084029,45.37550254,1/26/2015,11:45,01 - Clear,02 - Wet,10 - No control,01 - Non intersection,01 - Daylight,03 - P.D. only,03 - Rear end,Ledbury - Heron Gate - Ridgemont - Elmwood
3757,BANKFIELD RD @ PRINCE OF WALES DR,366381.6176,5008975.868,-75.71591359,45.21805509,3/7/2015,20:38,01 - Clear,01 - Dry,01 - Traffic signal,03 - At intersection,07 - Dark,03 - P.D. only,05 - Turning movement,Manotick
3758,RUSSELL RD btwn TO BE DETERMINED & LEITRIM RD (2),382632.4282,5026179.252,-75.50632869,45.37123318,3/13/2015,17:13,01 - Clear,02 - Wet,10 - No control,04 - At/near private drive,01 - Daylight,03 - P.D. only,04 - Sideswipe,Greenbelt
3759,CYRVILLE RD @ INNES RD,375046.7608,5031118.118,-75.60245763,45.41647203,1/28/2015,12:06,01 - Clear,01 - Dry,01 - Traffic signal,03 - At intersection,01 - Daylight,03 - P.D. only,02 - Angle,Industrial Park
3760,PETER MORAND CRES btwn ROGER GUINDON AVE & ROGER GUINDON AVE,372037.8521,5029669.647,-75.64109556,45.40373493,1/28/2015,12:10,01 - Clear,01 - Dry,10 - No control,04 - At/near private drive,01 - Daylight,03 - P.D. only,06 - SMV unattended vehicle,Elmvale - Eastway - Riverview - Riverview Park West
3761,RIDEAU VALLEY DR    S btwn KARS RECTORY ST & WASHINGTON ST,371840.5445,5001519.97,-75.6474174,45.1504691,2/6/2015,18:00,01 - Clear,02 - Wet,10 - No control,01 - Non intersection,07 - Dark,03 - P.D. only,06 - SMV unattended vehicle,Kars - Osgoode
3762,PETER MORAND CRES btwn ROGER GUINDON AVE & ROGER GUINDON AVE,372137.4108,5029587.578,-75.63983514,45.40298694,2/9/2015,11:06,03 - Snow,04 - Slush,10 - No control,01 - Non intersection,01 - Daylight,03 - P.D. only,06 - SMV unattended vehicle,Elmvale - Eastway - Riverview - Riverview Park West
3763,GOLDEN AVE btwn BYRON AVE & RAVENHILL AVE,362886.8748,5027973.574,-75.75818033,45.3892931,3/18/2015,7:00,01 - Clear,01 - Dry,10 - No control,01 - Non intersection,01 - Daylight,03 - P.D. only,06 - SMV unattended vehicle,Carlingwood - McKellar Park - Laurentien View
3764,PARKDALE AVE @ SHERWOOD DR,365379.7391,5028745.063,-75.72625243,45.3960236,4/21/2015,12:30,02 - Rain,02 - Wet,01 - Traffic signal,02 - Intersection related,01 - Daylight,03 - P.D. only,03 - Rear end,Civic Hospital - Experimental Farm - Central Park