Record,Location,X,Y,lon,lat,Date,Time,Environment,Road_Surface,Traffic_Control,Collision_Location,Light,Collision_Classification,Impact_type,Neighborhood
4178,HUNTER'S RUN DR @ JEANNE D'ARC BLVD,380564.8556,5036176.018,-75.53118419,45.46140346,2/16/2015,9:34,01 - Clear,06 - Ice,01 - Traffic signal,02 - Intersection related,01 - Daylight,03 - P.D. only,03 - Rear end,Chapel Hill
4179,NAVAN RD @ PAGE RD,381659.76,5032768.14,-75.5177179,45.43062252,3/23/2015,15:01,01 - Clear,01 - Dry,02 - Stop sign,03 - At intersection,01 - Daylight,03 - P.D. only,02 - Angle,Chapel Hill South
4180,SAVILLE ROW @ WOODROFFE AVE,361777.7489,5026186.01,-75.77254997,45.3732999,3/23/2015,15:05,01 - Clear,01 - Dry,01 - Traffic signal,03 - At intersection,01 - Daylight,03 - P.D. only,02 - Angle,Carlingwood West - Glabar Park - McKellar Heights
4181,LISGAR RD btwn ROCKCLIFFE RD & ROCKCLIFFE PKWY,368340.8956,5035128.325,-75.68761173,45.4531955,1/12/2015,8:40,03 - Snow,04 - Slush,10 - No control,04 - At/near private drive,01 - Daylight,03 - P.D. only,05 - Turning movement,Rockcliffe - Manor Park
4182,ROCKCLIFFE PKWY btwn LISGAR RD & ACACIA AVE,368364.992,5035235.313,-75.68728985,45.45415595,1/12/2015,8:32,03 - Snow,03 - Loose snow,10 - No control,01 - Non intersection,00 - Unknown,03 - P.D. only,03 - Rear end,Rockcliffe - Manor Park
4183,OTTAWA RIVER PKWY @ WOODROFFE AVE,361427.6455,5027002.055,-75.7769259,45.38067098,1/13/2015,9:30,01 - Clear,06 - Ice,02 - Stop sign,02 - Intersection related,01 - Daylight,03 - P.D. only,03 - Rear end,Woodroffe - Lincoln Heights
4184,ISLAND PARK DR NB btwn TO BE DETERMINED & ISLAND PARK CRES,364458.4209,5028145.559,-75.7380913,45.39070848,1/1/2015,14:25,01 - Clear,01 - Dry,10 - No control,01 - Non intersection,01 - Daylight,03 - P.D. only,99 - Other,Westboro
4185,TELESAT CRT btwn JAMES NAISMITH DR & MEADOWBROOK RD,374969.8588,5032281.013,-75.60327445,45.42694284,2/10/2015,16:21,01 - Clear,02 - Wet,10 - No control,01 - Non intersection,01 - Daylight,03 - P.D. only,04 - Sideswipe,Pineview
4186,BANK ST @ RIDEAU RD,376946.8692,5017856.469,-75.58011855,45.29695704,2/10/2015,16:36,01 - Clear,01 - Dry,01 - Traffic signal,02 - Intersection related,01 - Daylight,03 - P.D. only,03 - Rear end,Greenbelt
4187,BLAIR RD @ INNES RD,375579.6988,5031437.145,-75.59560331,45.41928875,3/22/2015,22:15,01 - Clear,01 - Dry,01 - Traffic signal,02 - Intersection related,07 - Dark,03 - P.D. only,03 - Rear end,Greenbelt
4188,BRONSON AVE @ FIFTH AVE/MADAWASKA DR,367613.7127,5028939.036,-75.69769733,45.39757207,1/9/2015,19:42,03 - Snow,04 - Slush,01 - Traffic signal,02 - Intersection related,07 - Dark,03 - P.D. only,03 - Rear end,The Glebe
4189,EAGLESON RD btwn MICHAEL COWPLAND DR/STONEHAVEN DR & 240 N OF CADENCE ,354419.6799,5016530.44,-75.86745406,45.28697725,1/10/2015,2:10,01 - Clear,05 - Packed snow,10 - No control,01 - Non intersection,07 - Dark,03 - P.D. only,07 - SMV other,Glen Cairn - Kanata South Business Park
4190,KING EDWARD AVE @ RIDEAU ST,368512.6711,5032413.107,-75.68576725,45.42874937,2/15/2015,14:40,01 - Clear,01 - Dry,01 - Traffic signal,02 - Intersection related,01 - Daylight,03 - P.D. only,04 - Sideswipe,Lowe
4191,SMYTH RD @ GENERAL HOSPITAL E,371517.6814,5029181.07,-75.64780564,45.39938868,2/10/2015,7:43,01 - Clear,01 - Dry,01 - Traffic signal,03 - At intersection,01 - Daylight,03 - P.D. only,05 - Turning movement,Elmvale - Eastway - Riverview - Riverview Park West
4192,ELGIN ST @ GLADSTONE AVE,368383.7521,5030844.086,-75.68761714,45.4146436,2/10/2015,8:18,01 - Clear,04 - Slush,01 - Traffic signal,02 - Intersection related,01 - Daylight,03 - P.D. only,03 - Rear end,Centretown
4193,GREENBANK RD btwn WEST HUNT CLUB RD & FALLOWFIELD RD,362239.0161,5018727.598,-75.76752719,45.30615181,2/12/2015,7:47,01 - Clear,05 - Packed snow,10 - No control,01 - Non intersection,01 - Daylight,03 - P.D. only,07 - SMV other,Greenbelt
4194,CARLING AVE @ MAPLECREST AVE,362600.6896,5026252.042,-75.76203641,45.37382665,2/8/2015,12:30,00 - Unknown,06 - Ice,02 - Stop sign,03 - At intersection,01 - Daylight,03 - P.D. only,07 - SMV other,Carlingwood West - Glabar Park - McKellar Heights
4195,SOMERSET ST @ RUSSELL AVE,369256.7118,5031857.057,-75.67633234,45.42367807,3/24/2015,20:35,01 - Clear,01 - Dry,02 - Stop sign,03 - At intersection,07 - Dark,03 - P.D. only,02 - Angle,Sandy Hill
4196,SWEETNAM DR btwn ORCHARD DR & HARRY DOUGLAS DR,350726.7933,5015212.339,-75.91464996,45.27536758,2/13/2015,8:08,01 - Clear,06 - Ice,10 - No control,01 - Non intersection,01 - Daylight,03 - P.D. only,07 - SMV other,Stittsville
4197,FOREST HILL AVE @ PRINCE OF WALES DR,366818.7996,5026290.833,-75.70818231,45.37381506,2/13/2015,8:23,01 - Clear,03 - Loose snow,02 - Stop sign,02 - Intersection related,01 - Daylight,03 - P.D. only,05 - Turning movement,Civic Hospital - Experimental Farm - Central Park
4198,ALBION RD @ HUNT CLUB RD,371867.7337,5024320.036,-75.6439951,45.35561749,2/15/2015,8:01,01 - Clear,06 - Ice,01 - Traffic signal,02 - Intersection related,01 - Daylight,03 - P.D. only,03 - Rear end,South Keys - Heron Gate - Greenboro West
4199,BELCOURT BLVD @ ST. JOSEPH BLVD,381204.537,5037360.466,-75.52282157,45.47199049,3/27/2015,21:31,01 - Clear,01 - Dry,01 - Traffic signal,02 - Intersection related,07 - Dark,03 - P.D. only,04 - Sideswipe,Orleans Village - Chateauneuf
4200,ISLAND PARK DR btwn RUSKIN ST & DEVONSHIRE AVE,365011.3391,5028159.98,-75.73102875,45.39079092,1/14/2015,9:00,01 - Clear,06 - Ice,10 - No control,01 - Non intersection,01 - Daylight,03 - P.D. only,03 - Rear end,Civic Hospital - Experimental Farm - Central Park
4201,OTTAWA RIVER PKWY @ VIMY PLACE PRIV,365974.0687,5030797.584,-75.71840749,45.41443999,1/14/2015,9:22,01 - Clear,02 - Wet,01 - Traffic signal,02 - Intersection related,01 - Daylight,03 - P.D. only,03 - Rear end,LeBreton Flats
4202,ROCKCLIFFE PKWY btwn ACACIA AVE & HILLSDALE RD,369390.6462,5035535.129,-75.67413833,45.45675951,1/14/2015,9:30,01 - Clear,03 - Loose snow,10 - No control,01 - Non intersection,01 - Daylight,03 - P.D. only,03 - Rear end,Rockcliffe - Manor Park
4203,OTTAWA RIVER PKWY EB btwn TRANSIT & TRANSIT (2),360946.5597,5025526.454,-75.78323611,45.36743234,1/16/2015,7:40,03 - Snow,03 - Loose snow,10 - No control,01 - Non intersection,03 - Dawn,03 - P.D. only,07 - SMV other,Woodroffe - Lincoln Heights
4204,INNES RD @ TENTH LINE RD,383950.7964,5036160.043,-75.48789692,45.46088433,2/10/2015,18:31,01 - Clear,01 - Dry,01 - Traffic signal,02 - Intersection related,07 - Dark,03 - P.D. only,03 - Rear end,Queenswood Heights
4205,BAYCREST DR @ SANDALWOOD DR,371355.0255,5026707.014,-75.65021668,45.37714355,2/10/2015,20:11,01 - Clear,01 - Dry,03 - Yield sign,02 - Intersection related,07 - Dark,03 - P.D. only,99 - Other,Ledbury - Heron Gate - Ridgemont - Elmwood
4206,ROCKDALE RD N @ HIGHWAY 417,395345.3351,5022677.451,-75.34469767,45.33820092,3/25/2015,7:21,01 - Clear,01 - Dry,02 - Stop sign,03 - At intersection,01 - Daylight,03 - P.D. only,02 - Angle,Navan - Vars
4207,REDPATH DR btwn STONEWAY DR & ASTORIA CRES,366368.2094,5016407.015,-75.71516386,45.2849216,1/10/2015,10:40,01 - Clear,06 - Ice,10 - No control,04 - At/near private drive,01 - Daylight,03 - P.D. only,02 - Angle,Chapman Mills - Rideau Crest - Davidson Heights
4208,CARLING AVE EB btwn BAYSHORE DR & CARLING AVE,359167.4501,5024076.753,-75.8061059,45.35452821,1/13/2015,9:21,01 - Clear,02 - Wet,10 - No control,01 - Non intersection,01 - Daylight,03 - P.D. only,03 - Rear end,Bayshore
4209,ELGIN ST @ FRANK ST,368356.7472,5030887.126,-75.68795659,45.41503331,2/2/2015,15:42,01 - Clear,04 - Slush,02 - Stop sign,03 - At intersection,01 - Daylight,03 - P.D. only,05 - Turning movement,Centretown
4210,ALBION RD @ HUNT CLUB RD,371866.7698,5024320.036,-75.6440074,45.35561758,2/2/2015,11:20,03 - Snow,03 - Loose snow,01 - Traffic signal,02 - Intersection related,01 - Daylight,03 - P.D. only,03 - Rear end,South Keys - Heron Gate - Greenboro West
4211,SOUTHMORE DR @ WALKLEY RD,369711.688,5025572.119,-75.67134594,45.36708628,2/17/2015,18:58,01 - Clear,02 - Wet,02 - Stop sign,03 - At intersection,07 - Dark,03 - P.D. only,03 - Rear end,Riverside Park
4212,MONTREAL RD btwn CLOVELLY RD & ELWOOD ST,374251.0455,5034416.934,-75.61215797,45.44623244,2/18/2015,7:30,03 - Snow,06 - Ice,10 - No control,01 - Non intersection,01 - Daylight,03 - P.D. only,03 - Rear end,Gloucester
4213,HINTON AVE @ WELLINGTON ST,365005.659,5029193.076,-75.73097521,45.40008699,2/10/2015,10:05,01 - Clear,02 - Wet,02 - Stop sign,03 - At intersection,01 - Daylight,03 - P.D. only,02 - Angle,Islan
4214,ST. LAURENT BLVD @ COVENTRY RD/OGILVIE RD,372306.6834,5031950.129,-75.63734951,45.42422781,2/6/2015,10:15,03 - Snow,03 - Loose snow,01 - Traffic signal,02 - Intersection related,01 - Daylight,03 - P.D. only,03 - Rear end,Overbrook
4215,CRESTHAVEN DR @ STRANDHERD DR,366812.9423,5015029.516,-75.7096673,45.27248787,2/12/2015,9:25,03 - Snow,03 - Loose snow,01 - Traffic signal,03 - At intersection,01 - Daylight,03 - P.D. only,02 - Angle,Chapman Mills - Rideau Crest - Davidson Heights
4216,QUEENSVIEW DR btwn PINECREST RD & END,360613.9368,5023901.465,-75.78766553,45.35283733,2/12/2015,10:14,01 - Clear,04 - Slush,10 - No control,01 - Non intersection,01 - Daylight,03 - P.D. only,01 - Approaching,Whitehaven - Queensway Terrace North
4217,BASELINE RD @ GREENBANK RD,360595.7566,5022584.982,-75.78804606,45.34099308,3/26/2015,17:28,01 - Clear,01 - Dry,01 - Traffic signal,03 - At intersection,01 - Daylight,03 - P.D. only,03 - Rear end,Qualicum - Redwood Park
4218,HUNT CLUB RD btwn ESSON ST & BLOHM DR,375044.9267,5026137.952,-75.60319012,45.37166318,3/27/2015,7:46,03 - Snow,06 - Ice,10 - No control,01 - Non intersection,01 - Daylight,03 - P.D. only,03 - Rear end,Hunt Club
4219,REGIONAL ROAD 174 btwn OR174 IC109 RAMP86 & OR174 IC109 RAMP64,376546.9353,5035196.225,-75.58269805,45.45301211,2/13/2015,8:28,01 - Clear,06 - Ice,10 - No control,01 - Non intersection,01 - Daylight,03 - P.D. only,07 - SMV other,Greenbelt
4220,BY WARD MARKET SQ btwn YORK ST & GEORGE ST,367977.3306,5032279.536,-75.69262523,45.42759611,2/13/2015,8:55,01 - Clear,05 - Packed snow,10 - No control,01 - Non intersection,01 - Daylight,03 - P.D. only,07 - SMV other,Byward Market
4221,AIRPORT PKWY btwn RAMP & RAMP (2),368849.4588,5026316.545,-75.68225539,45.37386374,2/17/2015,8:01,01 - Clear,06 - Ice,10 - No control,01 - Non intersection,01 - Daylight,03 - P.D. only,03 - Rear end,Riverside Park
4222,HIGHWAY 417 btwn HWY417 IC124 RAMP65 & HWY417 IC122 RAMP51,365141.7584,5028687.545,-75.72929877,45.39552662,9/26/2015,14:15,01 - Clear,01 - Dry,10 - No control,01 - Non intersection,01 - Daylight,03 - P.D. only,03 - Rear end,Civic Hospital - Experimental Farm - Central Park
4223,TERRY FOX DR @ PALLADIUM DR/KATIMAVIK RD,351269.959,5018181.414,-75.90744941,45.30204849,3/28/2015,22:11,01 - Clear,01 - Dry,01 - Traffic signal,02 - Intersection related,07 - Dark,03 - P.D. only,02 - Angle,Katimavik - Hazeldean
4224,ABBOTT ST @ GRANITE RIDGE DR,351484.7175,5014435.215,-75.90506358,45.26832487,3/31/2015,8:00,01 - Clear,01 - Dry,02 - Stop sign,02 - Intersection related,01 - Daylight,03 - P.D. only,03 - Rear end,Stittsville
4225,INDUSTRIAL AVE @ RIVERSIDE DR,370684.7186,5030593.035,-75.65825536,45.41217188,1/23/2015,16:45,01 - Clear,02 - Wet,01 - Traffic signal,02 - Intersection related,05 - Dusk,03 - P.D. only,03 - Rear end,Industrial Park
4226,AVIATION PKWY @ AVIATION/ROCKCLIFFE PKWY WB ON,371684.6351,5035492.088,-75.64481627,45.45615643,1/16/2015,8:45,01 - Clear,02 - Wet,02 - Stop sign,02 - Intersection related,01 - Daylight,03 - P.D. only,02 - Angle,Gloucester
4227,QUEEN ELIZABETH DRWY @ TORRINGTON PL,367984.7056,5028612.107,-75.69300109,45.39459708,1/21/2015,11:00,01 - Clear,01 - Dry,02 - Stop sign,03 - At intersection,01 - Daylight,03 - P.D. only,02 - Angle,The Glebe
4228,COLONEL BY DR btwn UNIVERSITY RD & HOG'S BACK RD,367327.0468,5026470.646,-75.70167119,45.3753878,1/21/2015,18:00,01 - Clear,01 - Dry,10 - No control,01 - Non intersection,07 - Dark,03 - P.D. only,03 - Rear end,Carleton University
4229,RUSSELL RD btwn SMYTH RD & ST. LAURENT BLVD,373396.0155,5029394.735,-75.62378648,45.40112963,2/10/2015,20:40,01 - Clear,99 - Other,10 - No control,01 - Non intersection,07 - Dark,03 - P.D. only,03 - Rear end,Sheffield Glen
4230,LAUDER DR btwn WEMBLEY AVE & BROMLEY RD,362761.8417,5026522.496,-75.75994735,45.37624685,3/27/2015,10:15,03 - Snow,03 - Loose snow,10 - No control,01 - Non intersection,01 - Daylight,03 - P.D. only,07 - SMV other,Carlingwood - McKellar Park - Laurentien View
4231,WOODROFFE AVE btwn TURN LANE & PRINCE OF WALES DR,366712.0259,5014074.86,-75.71107233,45.26390681,3/29/2015,4:00,01 - Clear,06 - Ice,10 - No control,01 - Non intersection,07 - Dark,03 - P.D. only,07 - SMV other,New Barrhaven
4232,HUNT CLUB RD btwn PIKE ST & CONROY RD,373707.7303,5025363.666,-75.62036793,45.36482924,1/13/2015,15:15,01 - Clear,06 - Ice,10 - No control,04 - At/near private drive,01 - Daylight,03 - P.D. only,03 - Rear end,Greenboro East
4233,CONROY RD @ HUNT CLUB RD,373764.0305,5025404.714,-75.61964359,45.36519304,1/13/2015,18:10,01 - Clear,01 - Dry,01 - Traffic signal,02 - Intersection related,07 - Dark,03 - P.D. only,03 - Rear end,Greenboro East
4234,COLONIAL RD @ FRANK KENNY RD,390199.8466,5032045.094,-75.40871828,45.42312668,2/4/2015,20:55,01 - Clear,06 - Ice,02 - Stop sign,03 - At intersection,07 - Dark,03 - P.D. only,02 - Angle,Navan - Vars
4235,LAVERENDRYE DR @ OGILVIE RD,375411.1522,5035189.932,-75.59721838,45.45307118,2/6/2015,7:15,01 - Clear,05 - Packed snow,02 - Stop sign,02 - Intersection related,01 - Daylight,03 - P.D. only,04 - Sideswipe,Beacon Hill North
4236,BANK ST @ LEITRIM RD,375358.7181,5021617.087,-75.59982957,45.33095492,2/18/2015,8:37,06 - Strong wind,02 - Wet,01 - Traffic signal,02 - Intersection related,01 - Daylight,03 - P.D. only,03 - Rear end,Greenbelt
4237,FIELD ST @ WOODROFFE AVE,362417.6923,5024106.025,-75.76462285,45.35453206,2/19/2015,9:30,01 - Clear,02 - Wet,02 - Stop sign,02 - Intersection related,01 - Daylight,03 - P.D. only,03 - Rear end,Iris
4238,RIVERSIDE DR @ SMYTH RD SOUTH SIDE RAMP,369788.4449,5028997.494,-75.66991524,45.39789958,2/10/2015,9:15,01 - Clear,03 - Loose snow,01 - Traffic signal,02 - Intersection related,01 - Daylight,03 - P.D. only,03 - Rear end,Alta Vista
4239,CHURCHILL AVE @ WHITBY AVE,363161.6907,5028443.001,-75.75461547,45.39349408,2/10/2015,16:04,01 - Clear,02 - Wet,02 - Stop sign,02 - Intersection related,01 - Daylight,03 - P.D. only,05 - Turning movement,Westboro
4240,BOOTH ST @ OTTAWA RIVER PKWY/WELLINGTON ST,366263.9075,5031007.62,-75.71467851,45.41630444,2/12/2015,10:10,01 - Clear,04 - Slush,01 - Traffic signal,02 - Intersection related,01 - Daylight,03 - P.D. only,03 - Rear end,LeBreton Flats
4241,BURGUNDY LANE W @ VINEYARD DR W,378810.2464,5036945.618,-75.55350163,45.46851584,2/12/2015,11:31,01 - Clear,05 - Packed snow,02 - Stop sign,03 - At intersection,01 - Daylight,03 - P.D. only,99 - Other,Orleans South West
4242,KIMBERLEY RD @ VIRGIL RD,357811.6236,5020545.001,-75.82378753,45.32285309,3/27/2015,16:39,01 - Clear,02 - Wet,03 - Yield sign,03 - At intersection,01 - Daylight,03 - P.D. only,02 - Angle,Bells Corners East
4243,ATHLONE AVE @ RICHMOND RD,363454.6534,5028442.038,-75.75087424,45.39346094,3/28/2015,11:02,01 - Clear,01 - Dry,01 - Traffic signal,03 - At intersection,01 - Daylight,03 - P.D. only,02 - Angle,Westboro
4244,BAYVIEW RD @ SCOTT ST/ALBERT ST,365520.0009,5030071.082,-75.72429786,45.40794266,2/13/2015,9:25,01 - Clear,02 - Wet,01 - Traffic signal,02 - Intersection related,01 - Daylight,03 - P.D. only,04 - Sideswipe,Mechanicsville
4245,MOODIE DR btwn WEST HUNT CLUB RD & ALTI PL,358283.7909,5017575.603,-75.8180855,45.29609834,2/13/2015,14:12,01 - Clear,06 - Ice,10 - No control,01 - Non intersection,01 - Daylight,03 - P.D. only,07 - SMV other,Greenbelt
4246,AIRPORT PKWY @ HUNT CLUB RD,371018.528,5023702.516,-75.65491526,45.35014195,2/17/2015,17:19,01 - Clear,01 - Dry,01 - Traffic signal,03 - At intersection,07 - Dark,03 - P.D. only,07 - SMV other,Hunt Club East - Western Community
4247,LEES AVE @ KING EDWARD AVE/MANN AVE,369180.7259,5031333.299,-75.67737168,45.41897248,3/31/2015,14:30,01 - Clear,01 - Dry,01 - Traffic signal,03 - At intersection,01 - Daylight,03 - P.D. only,05 - Turning movement,Sandy Hill
4248,CARTIER ST @ MCLEOD ST N,368577.7102,5030873.052,-75.68513553,45.41488657,1/28/2015,8:48,01 - Clear,01 - Dry,02 - Stop sign,03 - At intersection,01 - Daylight,03 - P.D. only,02 - Angle,Golden Triangle
4249,WEST HUNT CLUB RD btwn MOODIE DR & RICHMOND RD,357629.0975,5018387.13,-75.82634574,45.3034501,1/29/2015,7:33,01 - Clear,01 - Dry,10 - No control,01 - Non intersection,03 - Dawn,03 - P.D. only,03 - Rear end,Greenbelt
4250,HAWTHORNE RD/RUSSELL RD @ WALKLEY RD,374674.3428,5028501.831,-75.60758617,45.3929693,2/7/2015,11:40,01 - Clear,04 - Slush,01 - Traffic signal,03 - At intersection,01 - Daylight,03 - P.D. only,02 - Angle,Sheffield Glen
4251,BLAIR PL @ OGILVIE RD,374800.6864,5033371.1,-75.60528113,45.43676779,2/7/2015,14:22,01 - Clear,01 - Dry,01 - Traffic signal,02 - Intersection related,01 - Daylight,03 - P.D. only,03 - Rear end,Beacon Hill South - Cardinal Heights
4252,WISTERIA CRES btwn VINTAGE LANE & MOSSWOOD CRT (1),369850.4625,5022501.641,-75.66997852,45.33944611,2/11/2015,16:00,01 - Clear,05 - Packed snow,10 - No control,04 - At/near private drive,01 - Daylight,03 - P.D. only,02 - Angle,Hunt Club - Ottawa Airport
4253,TENTH LINE RD btwn TOMPKINS AVE & CANOTIA PL,383189.713,5037962.942,-75.49733982,45.47719101,3/29/2015,12:54,01 - Clear,01 - Dry,10 - No control,01 - Non intersection,01 - Daylight,03 - P.D. only,03 - Rear end,Queenswood Heights
4254,HERON RD @ JEFFERSON ST,371808.4462,5027053.856,-75.64438092,45.38022108,3/29/2015,21:14,01 - Clear,01 - Dry,01 - Traffic signal,03 - At intersection,07 - Dark,03 - P.D. only,05 - Turning movement,Ledbury - Heron Gate - Ridgemont - Elmwood
4255,DWYER HILL RD btwn BLEEKS RD & COPELAND RD,346963.4674,5000376.223,-75.96386808,45.14210053,1/14/2015,8:37,01 - Clear,01 - Dry,10 - No control,04 - At/near private drive,01 - Daylight,03 - P.D. only,02 - Angle,Munster Hamlet - Richmond
4256,COBDEN RD @ IRIS ST,361384.511,5023827.992,-75.77784014,45.35211446,1/14/2015,11:44,01 - Clear,04 - Slush,02 - Stop sign,03 - At intersection,01 - Daylight,03 - P.D. only,02 - Angle,Iris
4257,BESSERER ST @ KING EDWARD AVE,368550.8638,5032340.746,-75.68528858,45.42809481,2/9/2015,16:18,03 - Snow,04 - Slush,01 - Traffic signal,02 - Intersection related,01 - Daylight,03 - P.D. only,03 - Rear end,Sand
4258,INNES RD btwn BANTREE ST & STAR TOP RD,374084.1564,5030628.123,-75.61482422,45.41215928,2/10/2015,17:36,01 - Clear,02 - Wet,10 - No control,01 - Non intersection,07 - Dark,03 - P.D. only,03 - Rear end,Industrial Park
4259,HOBART CRES btwn ESTELLE CRES & JANSEN RD (2),360125.6471,5020893.011,-75.79423333,45.32580594,2/20/2015,11:34,01 - Clear,03 - Loose snow,10 - No control,04 - At/near private drive,01 - Daylight,03 - P.D. only,06 - SMV unattended vehicle,Greenbelt
4260,RIVER RD btwn OSGOODE MAIN ST & DALMENY RD,374112.8711,4997536.855,-75.61907461,45.11440986,1/31/2015,16:32,05 - Drifting Snow,03 - Loose snow,10 - No control,01 - Non intersection,01 - Daylight,03 - P.D. only,07 - SMV other,Kars - Osgoode
4261,LEITRIM RD btwn LIMEBANK RD & HIGH RD,369444.0396,5017930.21,-75.67576041,45.29835091,2/11/2015,2:00,01 - Clear,01 - Dry,10 - No control,01 - Non intersection,07 - Dark,03 - P.D. only,07 - SMV other,Gloucester
4262,AMIENS ST @ TENTH LINE RD,383352.0921,5037572.208,-75.49532568,45.4736573,2/12/2015,11:46,01 - Clear,04 - Slush,01 - Traffic signal,02 - Intersection related,01 - Daylight,03 - P.D. only,03 - Rear end,Orlans
4263,ELGIN ST @ SPARKS ST W,367739.6975,5031830.065,-75.69571919,45.42357334,2/12/2015,15:46,03 - Snow,03 - Loose snow,01 - Traffic signal,02 - Intersection related,01 - Daylight,03 - P.D. only,03 - Rear end,Downtown
4264,TERRY FOX DR @ PALLADIUM DR/KATIMAVIK RD,351270.6819,5018182.257,-75.90744011,45.30205602,3/29/2015,15:10,01 - Clear,01 - Dry,01 - Traffic signal,02 - Intersection related,01 - Daylight,03 - P.D. only,03 - Rear end,Katimavik - Hazeldean
4265,DUNROBIN RD @ MARCH RD,347175.5647,5026064.091,-75.9589806,45.37323802,3/29/2015,18:00,01 - Clear,01 - Dry,01 - Traffic signal,03 - At intersection,01 - Daylight,03 - P.D. only,03 - Rear end,Carp - Hardwood Plains
4266,RIVERSIDE DR @ SMYTH RD NORTH SIDE RAMP,369939.4937,5029315.299,-75.66794416,45.40074504,2/13/2015,15:55,01 - Clear,01 - Dry,01 - Traffic signal,02 - Intersection related,01 - Daylight,03 - P.D. only,03 - Rear end,Industrial Park
4267,BRONSON AVE @ THIRD AVE,367550.712,5029088.04,-75.69848299,45.39891842,2/13/2015,16:25,01 - Clear,01 - Dry,02 - Stop sign,03 - At intersection,01 - Daylight,03 - P.D. only,03 - Rear end,The Glebe
4268,EARL ARMSTRONG RD @ LIMEBANK RD,370156.6848,5015959.969,-75.66693441,45.28055711,2/17/2015,19:00,01 - Clear,06 - Ice,01 - Traffic signal,02 - Intersection related,07 - Dark,03 - P.D. only,04 - Sideswipe,Greenbelt
4269,EDGEWARE DR btwn BURNT OAK DR & RAYNER'S LANE,363907.6378,5015518.889,-75.74663281,45.27714146,3/28/2015,16:14,01 - Clear,01 - Dry,10 - No control,04 - At/near private drive,01 - Daylight,03 - P.D. only,06 - SMV unattended vehicle,New Barrhaven
4270,BOWESVILLE RD/EMERALD LINKS DR W @ MITCH OWENS,374181.776,5013708.925,-75.61594926,45.25991712,1/30/2015,17:01,03 - Snow,06 - Ice,02 - Stop sign,02 - Intersection related,05 - Dusk,03 - P.D. only,07 - SMV other,Greely
4271,HAWTHORNE RD @ RIDEAU RD,378619.7406,5018939.033,-75.5586309,45.30652367,2/2/2015,14:30,03 - Snow,03 - Loose snow,02 - Stop sign,02 - Intersection related,01 - Daylight,03 - P.D. only,03 - Rear end,Greenbelt
4272,RIVERSIDE DR @ TREMBLAY RD/HWY417 IC117 RAMP52,370801.1142,5031017.354,-75.65671162,45.41597876,2/7/2015,15:32,01 - Clear,02 - Wet,01 - Traffic signal,02 - Intersection related,01 - Daylight,03 - P.D. only,03 - Rear end,Industrial Park
4273,KILBORN AVE btwn BEAVER AVE & NIAGARA DR,370067.1141,5027715.09,-75.66652586,45.38633504,2/7/2015,17:08,01 - Clear,04 - Slush,10 - No control,01 - Non intersection,01 - Daylight,03 - P.D. only,06 - SMV unattended vehicle,Alta Vista
4274,BILLINGS BRIDGESC RAMP NB @ RIVERSIDE DR EB,369081.3553,5027764.607,-75.67910644,45.38687173,2/11/2015,22:53,03 - Snow,06 - Ice,02 - Stop sign,02 - Intersection related,07 - Dark,03 - P.D. only,07 - SMV other,Alta Vista
4275,RIVERSIDE DR @ TREMBLAY RD/HWY417 IC117 RAMP52,370802.0781,5031016.39,-75.65669944,45.41596999,2/11/2015,18:00,01 - Clear,01 - Dry,01 - Traffic signal,02 - Intersection related,07 - Dark,03 - P.D. only,03 - Rear end,Industrial Park
4276,CARLING AVE btwn BAYFIELD AVE & BURKE RD,352407.5315,5022399.811,-75.89253923,45.33993034,3/30/2015,6:11,03 - Snow,02 - Wet,10 - No control,01 - Non intersection,03 - Dawn,03 - P.D. only,07 - SMV other,Greenbelt
4277,STIRLING AVE btwn ARMSTRONG ST & WELLINGTON ST W,365387.6051,5029491.442,-75.72606029,45.40273867,3/30/2015,15:38,01 - Clear,01 - Dry,10 - No control,01 - Non intersection,01 - Daylight,03 - P.D. only,06 - SMV unattended vehicle,Civi
4278,MERIVALE RD @ WEST HUNT CLUB RD,365613.6591,5021942.98,-75.72410217,45.3347994,3/26/2015,21:30,01 - Clear,01 - Dry,01 - Traffic signal,02 - Intersection related,07 - Dark,03 - P.D. only,03 - Rear end,Industrial Park
4279,TRAINYARDS DR @ RAILMARKET,371754.898,5030716.78,-75.64456743,45.41318371,1/14/2015,18:06,01 - Clear,02 - Wet,01 - Traffic signal,02 - Intersection related,07 - Dark,03 - P.D. only,02 - Angle,Industrial Park
4280,ST. LAURENT BLVD btwn TREMBLAY RD & SHORE ST,372768.9745,5030799.997,-75.63160135,45.4138347,1/14/2015,15:50,01 - Clear,01 - Dry,10 - No control,01 - Non intersection,01 - Daylight,03 - P.D. only,04 - Sideswipe,Industrial Park
4281,EARL ARMSTRONG RD @ SPRATT RD,368395.7452,5015010.947,-75.68949942,45.27217942,2/12/2015,20:30,01 - Clear,03 - Loose snow,01 - Traffic signal,02 - Intersection related,07 - Dark,03 - P.D. only,02 - Angle,Greenbelt
4282,ALTA VISTA DR @ SMYTH RD,370434.6436,5029082.039,-75.66165111,45.39860001,2/13/2015,12:59,01 - Clear,01 - Dry,01 - Traffic signal,02 - Intersection related,01 - Daylight,03 - P.D. only,03 - Rear end,Alta Vista