Record,Location,X,Y,lon,lat,Date,Time,Environment,Road_Surface,Traffic_Control,Collision_Location,Light,Collision_Classification,Impact_type,Neighborhood
4593,MER BLEUE RD @ 210 S OF INNES RD,382729.7148,5035375.31,-75.50363289,45.45396125,2/19/2015,13:57,01 - Clear,01 - Dry,01 - Traffic signal,02 - Intersection related,01 - Daylight,03 - P.D. only,05 - Turning movement,Orlans
4594,MACKENZIE KING BR/WALLER ST @ NICHOLAS ST/WALL,368371.6373,5031993.373,-75.68762363,45.42498559,2/19/2015,16:48,01 - Clear,02 - Wet,01 - Traffic signal,02 - Intersection related,01 - Daylight,03 - P.D. only,03 - Rear end,Sandy Hill
4595,ALBION RD btwn RIDEAU RD & TULLAMORE ST,375139.186,5016521.111,-75.60335321,45.28512523,4/24/2015,7:57,01 - Clear,01 - Dry,10 - No control,01 - Non intersection,01 - Daylight,03 - P.D. only,07 - SMV other,Greenbelt
4596,DONNELLY DR btwn Continuation of DONNELLY DR & MILL POND LANE,359226.6983,4982446.603,-75.8098881,44.97992289,2/4/2015,5:20,01 - Clear,03 - Loose snow,10 - No control,01 - Non intersection,07 - Dark,03 - P.D. only,07 - SMV other,Munster Hamlet - Richmond
4597,MOORVALE ST btwn BARNABY PRIV & END,371469.0031,5032621.252,-75.64796196,45.43034661,4/23/2015,16:47,01 - Clear,01 - Dry,10 - No control,01 - Non intersection,01 - Daylight,03 - P.D. only,06 - SMV unattended vehicle,Castle Heights
4598,PRINCE OF WALES DR @ STRANDHERD DR,367175.2898,5014825.637,-75.70507537,45.27062133,4/27/2015,7:20,01 - Clear,01 - Dry,01 - Traffic signal,02 - Intersection related,01 - Daylight,03 - P.D. only,03 - Rear end,Greenbelt
4599,GALETTA SIDE RD btwn MOHRS RD & MORNING DEW DR,323963.5658,5031756.126,-76.25510845,45.42547712,4/27/2015,14:07,01 - Clear,01 - Dry,10 - No control,01 - Non intersection,01 - Daylight,03 - P.D. only,07 - SMV other,Galetta
4600,BELFAST RD @ TRAINYARDS,371882.7209,5030913.664,-75.64290772,45.41494294,6/26/2015,12:33,01 - Clear,01 - Dry,01 - Traffic signal,02 - Intersection related,01 - Daylight,03 - P.D. only,99 - Other,Industrial Park
4601,REDPATH DR btwn ASTORIA CRES & BREEZEWAY DR,366494.6759,5016383.568,-75.71355481,45.28469954,6/26/2015,0:00,01 - Clear,01 - Dry,10 - No control,01 - Non intersection,00 - Unknown,03 - P.D. only,06 - SMV unattended vehicle,Chapman Mills - Rideau Crest - Davidson Heights
4602,KENT ST @ WELLINGTON ST,367097.6978,5031526.934,-75.70396058,45.42090333,4/28/2015,2:23,01 - Clear,01 - Dry,01 - Traffic signal,02 - Intersection related,07 - Dark,03 - P.D. only,03 - Rear end,Downtown
4603,MITCH OWENS RD btwn HAWTHORNE RD & DAWN TARA DR,379455.7365,5017007.839,-75.54826227,45.28905938,6/15/2015,6:03,01 - Clear,01 - Dry,10 - No control,01 - Non intersection,01 - Daylight,03 - P.D. only,07 - SMV other,Osgoode
4604,CEDARVIEW RD/WILLIAM MCEWEN DR @ BROPHY DR/SEC,364270.0593,5007763.764,-75.74294128,45.20732985,6/15/2015,8:03,01 - Clear,01 - Dry,02 - Stop sign,03 - At intersection,01 - Daylight,03 - P.D. only,05 - Turning movement,Manotick - North Gower
4605,BANK ST btwn CHAMBERLAIN AVE & ROSEBERY AVE,368115.3645,5030086.659,-75.69114316,45.40785285,1/6/2015,12:45,01 - Clear,01 - Dry,10 - No control,01 - Non intersection,01 - Daylight,03 - P.D. only,06 - SMV unattended vehicle,The Glebe
4606,MEADOWLANDS DR btwn KINTYRE PRIV & APELDOORN AVE,366832.1831,5025208.679,-75.70814734,45.36407689,1/9/2015,8:18,03 - Snow,04 - Slush,10 - No control,01 - Non intersection,01 - Daylight,03 - P.D. only,06 - SMV unattended vehicle,Carleton Heights - Rideauview
4607,RANGE RD btwn TEMPLETON ST & MANN AVE,369775.5839,5031798.103,-75.66971035,45.42309962,1/6/2015,13:20,01 - Clear,05 - Packed snow,10 - No control,01 - Non intersection,01 - Daylight,03 - P.D. only,06 - SMV unattended vehicle,Sandy Hill
4608,TUNNEY'S PASTURE DRWY btwn TO BE DETERMINED & SCOTT ST,364720.8752,5029640.264,-75.73455818,45.40413512,7/2/2015,3:34,01 - Clear,01 - Dry,10 - No control,01 - Non intersection,07 - Dark,03 - P.D. only,07 - SMV other,Tunney's Pasture
4609,CASTLEFRANK RD @ TERRY FOX DR,352994.7297,5016303.006,-75.88564018,45.2850299,7/1/2015,14:28,02 - Rain,02 - Wet,01 - Traffic signal,02 - Intersection related,01 - Daylight,03 - P.D. only,03 - Rear end,Glen Cairn - Kanata South Business Park
4610,HIGHWAY 417 btwn HWY417 IC127 RAMP35 & HWY417 IC127 RAMP25,362153.445,5024849.987,-75.76790885,45.36124783,7/10/2015,15:25,01 - Clear,01 - Dry,10 - No control,01 - Non intersection,01 - Daylight,03 - P.D. only,03 - Rear end,Braemar Park - Bel Air Heights - Copeland Park
4611,SPRUCE ST btwn PRESTON ST & ROCHESTER ST,366297.3261,5030208.725,-75.71435124,45.40911327,5/12/2015,20:00,01 - Clear,01 - Dry,10 - No control,01 - Non intersection,05 - Dusk,03 - P.D. only,06 - SMV unattended vehicle,Little Italy
4612,SPRUCE ST btwn CITY CENTRE AVE & TUSCAN PRIV,366084.9259,5030116.599,-75.71707592,45.40830297,5/26/2015,8:00,01 - Clear,01 - Dry,10 - No control,01 - Non intersection,01 - Daylight,03 - P.D. only,06 - SMV unattended vehicle,Little Italy
4613,BANFF AVE btwn KITCHENER AVE & LEDBURY AVE,370727.2737,5025597.674,-75.65837909,45.36722143,5/27/2015,10:30,01 - Clear,01 - Dry,10 - No control,01 - Non intersection,01 - Daylight,03 - P.D. only,06 - SMV unattended vehicle,Ledbury - Heron Gate - Ridgemont - Elmwood
4614,CONROY RD @ WALKLEY RD,372903.7226,5027462.45,-75.63034077,45.38379183,6/18/2015,21:04,02 - Rain,02 - Wet,01 - Traffic signal,02 - Intersection related,05 - Dusk,03 - P.D. only,04 - Sideswipe,Elmvale - Eastway - Riverview - Riverview Park West
4615,BLACKBURN BYPASS @ NAVAN RD,379617.8533,5033274.668,-75.54373317,45.43540132,4/21/2015,11:14,02 - Rain,02 - Wet,01 - Traffic signal,02 - Intersection related,01 - Daylight,03 - P.D. only,03 - Rear end,Greenbelt
4616,CLEROUX CRES W @ INNES RD,379016.7088,5033440.047,-75.55139056,45.43695335,4/21/2015,8:30,02 - Rain,02 - Wet,01 - Traffic signal,02 - Intersection related,01 - Daylight,03 - P.D. only,03 - Rear end,Blackburn Hamlet
4617,BLAIR RD @ INNES RD,375578.7349,5031440.037,-75.59561521,45.41931487,3/23/2015,19:12,01 - Clear,01 - Dry,01 - Traffic signal,02 - Intersection related,07 - Dark,03 - P.D. only,03 - Rear end,Greenbelt
4618,BOREALIS CRES btwn MERGANSER ST & GANNET ST,372644.9369,5033377.927,-75.63283083,45.43704171,3/29/2015,13:55,01 - Clear,01 - Dry,10 - No control,04 - At/near private drive,01 - Daylight,03 - P.D. only,02 - Angle,Carson Grove - Carson Meadows
4619,ALBERT ST btwn METCALFE ST & ELGIN ST,367700.1377,5031618.36,-75.69625169,45.42167205,2/19/2015,19:47,03 - Snow,05 - Packed snow,10 - No control,01 - Non intersection,07 - Dark,03 - P.D. only,04 - Sideswipe,Downtown
4620,LAURIER AVE   W btwn METCALFE ST & ELGIN ST,367932.5952,5031538.103,-75.69329189,45.42092898,2/21/2015,19:09,03 - Snow,03 - Loose snow,10 - No control,04 - At/near private drive,07 - Dark,03 - P.D. only,02 - Angle,Downtown
4621,BASELINE RD/HWY 416 RICHMOND IC75R53 @ RICHMON,358633.7174,5021822.649,-75.81316278,45.33428688,4/26/2015,14:54,01 - Clear,01 - Dry,01 - Traffic signal,02 - Intersection related,01 - Daylight,03 - P.D. only,03 - Rear end,Greenbelt
4622,WHITE ALDER AVE btwn WIDGEON WAY & WIDGEON WAY,375040.4632,5020496.11,-75.60404831,45.32090073,4/24/2015,10:30,01 - Clear,01 - Dry,10 - No control,01 - Non intersection,01 - Daylight,03 - P.D. only,07 - SMV other,Greenbelt
4623,UPPER DWYER HILL RD btwn MARCH RD & OLD ALMONTE RD,334582.5113,5013744.463,-76.12049569,45.26302794,4/27/2015,20:30,02 - Rain,02 - Wet,10 - No control,01 - Non intersection,07 - Dark,03 - P.D. only,07 - SMV other,Carp - Hardwood Plains
4624,CARLING AVE @ BROADVIEW AVE,363180.6866,5026638.06,-75.75458636,45.37725191,4/28/2015,9:15,01 - Clear,01 - Dry,01 - Traffic signal,03 - At intersection,01 - Daylight,03 - P.D. only,05 - Turning movement,Carlingwood - McKellar Park - Laurentien View
4625,RIVERSIDE DR SB btwn BILLINGS BRIDGESC RAMP NB & DATA CENTRE RD,368979.8151,5027762.019,-75.68040335,45.38685776,5/6/2015,15:29,01 - Clear,01 - Dry,10 - No control,01 - Non intersection,01 - Daylight,03 - P.D. only,04 - Sideswipe,Alta Vista
4626,AVIATION PKWY @ MONTREAL RD,372147.4373,5034106.781,-75.63908923,45.44364768,5/7/2015,16:38,01 - Clear,01 - Dry,01 - Traffic signal,02 - Intersection related,01 - Daylight,03 - P.D. only,04 - Sideswipe,Cummings
4627,ISABELLA ST/HWY417 IC119AR75 @ METCALFE ST,368448.7065,5030399.204,-75.68684478,45.41063479,6/15/2015,10:39,01 - Clear,01 - Dry,01 - Traffic signal,03 - At intersection,01 - Daylight,03 - P.D. only,04 - Sideswipe,The Glebe
4628,MALIBU TER btwn COURTLAND PL & AMBRIDGE WAY (2),366295.9371,5026031.242,-75.71488958,45.37152539,1/7/2015,20:30,01 - Clear,05 - Packed snow,10 - No control,04 - At/near private drive,07 - Dark,03 - P.D. only,06 - SMV unattended vehicle,Civic Hospital - Experimental Farm - Central Park
4629,STEVENS AVE btwn EVE ST & CARMEN AVE,370897.9005,5032569.109,-75.65526692,45.42993166,1/12/2015,19:20,01 - Clear,03 - Loose snow,10 - No control,01 - Non intersection,07 - Dark,03 - P.D. only,06 - SMV unattended vehicle,Vanier South
4630,RAMSEY CRES btwn DUMAURIER AVE & DUMAURIER AVE,360095.8606,5023381.054,-75.79433525,45.34819572,1/12/2015,18:30,01 - Clear,02 - Wet,10 - No control,04 - At/near private drive,07 - Dark,03 - P.D. only,06 - SMV unattended vehicle,Whitehaven - Queensway Terrace North
4631,BASELINE RD btwn HWY416 IC75A RAMP53 & TURN LANE,358673.8631,5021804.55,-75.81265259,45.33412095,7/1/2015,3:00,01 - Clear,02 - Wet,10 - No control,01 - Non intersection,07 - Dark,03 - P.D. only,07 - SMV other,Briar Green - Leslie Park
4632,JEANNE D'ARC BLVD  S btwn BEAUSEJOUR DR & BELCOURT BLVD,381717.2372,5035845.016,-75.51650248,45.45829946,1/30/2015,7:14,01 - Clear,03 - Loose snow,10 - No control,01 - Non intersection,03 - Dawn,03 - P.D. only,03 - Rear end,Orleans Village - Chateauneuf
4633,ARGYLE AVE btwn METCALFE ST & METCALFE ST,368391.5706,5030611.942,-75.68754721,45.41255413,5/30/2015,0:00,02 - Rain,02 - Wet,10 - No control,01 - Non intersection,00 - Unknown,03 - P.D. only,06 - SMV unattended vehicle,Centretown
4634,BYRON AVE btwn HIGHLAND AVE & BRIERWOOD AVE,362765.4373,5027891.914,-75.75974066,45.3885684,7/4/2015,19:31,01 - Clear,01 - Dry,10 - No control,01 - Non intersection,01 - Daylight,03 - P.D. only,06 - SMV unattended vehicle,Carlingwood - McKellar Park - Laurentien View
4635,SOMERSET ST    W btwn CARTIER ST & MACDONALD ST,368329.5714,5031298.716,-75.68825071,45.41873912,5/9/2015,0:00,01 - Clear,01 - Dry,10 - No control,01 - Non intersection,00 - Unknown,03 - P.D. only,06 - SMV unattended vehicle,Golden Triangle
4636,ST. JOSEPH BLVD btwn COUSINEAU ST & DUSSERE ST,380724.0604,5037040.77,-75.52901514,45.46916652,6/19/2015,13:00,01 - Clear,01 - Dry,10 - No control,01 - Non intersection,01 - Daylight,03 - P.D. only,03 - Rear end,Orleans Village - Chateauneuf
4637,CUMMINGS AVE @ MONTREAL RD,372006.987,5034039.505,-75.64089361,45.44305588,6/19/2015,14:17,01 - Clear,01 - Dry,01 - Traffic signal,02 - Intersection related,01 - Daylight,03 - P.D. only,03 - Rear end,Cummings
4638,PLACE D'ORLEANS DR W @ ST. JOSEPH BLVD,381601.5548,5037685.745,-75.5176938,45.47487352,4/20/2015,15:56,01 - Clear,02 - Wet,01 - Traffic signal,02 - Intersection related,01 - Daylight,03 - P.D. only,03 - Rear end,Industrial Park
4639,ALESTHER ST btwn DUNBRACK ST & DONALD ST,371979.2265,5032496.728,-75.64145897,45.42917738,4/20/2015,11:07,02 - Rain,02 - Wet,10 - No control,01 - Non intersection,01 - Daylight,03 - P.D. only,04 - Sideswipe,Castle Heights
4640,STRANDHERD DR btwn 210 W OF WOODROFFE AVE & BEATRICE DR,365554.365,5015317.145,-75.72567073,45.27518581,4/9/2015,20:02,01 - Clear,01 - Dry,10 - No control,01 - Non intersection,07 - Dark,03 - P.D. only,04 - Sideswipe,New Barrhaven
4641,MOODIE DR btwn HWY417 IC134 RAMP62 & HWY417 IC134 RAMP36,356360.1088,5022660.774,-75.8420813,45.34199916,4/11/2015,12:07,01 - Clear,01 - Dry,10 - No control,01 - Non intersection,01 - Daylight,03 - P.D. only,04 - Sideswipe,Greenbelt
4642,BELLMAN DR btwn BASIN CRT & GLENCOE ST,360992.1217,5020885.424,-75.78318179,45.32566884,2/24/2015,9:03,01 - Clear,01 - Dry,10 - No control,04 - At/near private drive,01 - Daylight,03 - P.D. only,02 - Angle,Sheahan Estates - Trend Village - Arlington Woods
4643,CATHERINE ST @ KENT ST,367907.7075,5030188.082,-75.69378275,45.40878417,3/1/2015,8:43,01 - Clear,01 - Dry,01 - Traffic signal,03 - At intersection,01 - Daylight,03 - P.D. only,02 - Angle,Centretown
4644,CATHERINE ST/HWY 417 O'CONN IC119BR76 @ O'CONN,368244.3081,5030393.367,-75.6894566,45.41060083,4/26/2015,20:58,01 - Clear,01 - Dry,01 - Traffic signal,03 - At intersection,07 - Dark,03 - P.D. only,07 - SMV other,Centretown
4645,LENA AVE btwn BRAVAR DR & NEILUS LANE,367692.8098,5011574.035,-75.69889213,45.24131752,4/25/2015,13:30,01 - Clear,01 - Dry,10 - No control,01 - Non intersection,01 - Daylight,03 - P.D. only,06 - SMV unattended vehicle,Manotick
4646,CARLING AVE @ BROADVIEW AVE,363182.6143,5026638.06,-75.75456175,45.37725175,4/28/2015,16:48,01 - Clear,01 - Dry,01 - Traffic signal,02 - Intersection related,01 - Daylight,03 - P.D. only,04 - Sideswipe,Carlingwood - McKellar Park - Laurentien View
4647,CEDARVIEW RD @ JOCKVALE RD,361475.5888,5015252.203,-75.77765885,45.27494205,4/28/2015,17:27,01 - Clear,01 - Dry,11 - Roundabout,02 - Intersection related,01 - Daylight,03 - P.D. only,02 - Angle,Barrhaven West - Old Barrhaven
4648,CAMPEAU DR/HWY 417 MARCH IC138R63 @ MARCH RD,352840.9042,5020477.548,-75.88719638,45.32260392,6/26/2015,15:00,01 - Clear,01 - Dry,01 - Traffic signal,02 - Intersection related,01 - Daylight,03 - P.D. only,03 - Rear end,Greenbelt
4649,ST. PIERRE ST btwn ROCQUE ST & ST. JOSEPH BLVD,381295.7421,5037624.847,-75.5216141,45.47435918,6/21/2015,14:00,01 - Clear,01 - Dry,10 - No control,01 - Non intersection,01 - Daylight,03 - P.D. only,06 - SMV unattended vehicle,Industrial Park
4650,MEADOWGLEN DR @ ORLEANS BLVD,380345.752,5034572.487,-75.53423181,45.44699986,6/15/2015,20:17,01 - Clear,01 - Dry,01 - Traffic signal,02 - Intersection related,05 - Dusk,03 - P.D. only,99 - Other,Orleans Village - Chateauneuf
4651,EGRET WAY @ GREENBANK RD,364969.077,5012404.258,-75.73348249,45.24902596,2/27/2015,7:32,01 - Clear,01 - Dry,02 - Stop sign,03 - At intersection,01 - Daylight,03 - P.D. only,02 - Angle,New Barrhaven
4652,RICHMOND RD btwn WINSTON AVE & CHURCHILL AVE N,363136.5477,5028231.837,-75.75496153,45.39159616,1/10/2015,21:30,03 - Snow,04 - Slush,10 - No control,01 - Non intersection,07 - Dark,03 - P.D. only,06 - SMV unattended vehicle,Westboro
4653,WINONA AVE btwn PICTON AVE & RICHMOND RD,363277.3629,5028378.819,-75.75314586,45.39290694,1/21/2015,11:27,01 - Clear,01 - Dry,10 - No control,01 - Non intersection,01 - Daylight,03 - P.D. only,06 - SMV unattended vehicle,Westboro
4654,CEDARVIEW RD @ FALLOWFIELD RD,361293.9465,5015664.802,-75.77992678,45.27866926,7/1/2015,7:35,02 - Rain,02 - Wet,01 - Traffic signal,03 - At intersection,01 - Daylight,03 - P.D. only,02 - Angle,Munster Hamlet - Richmond
4655,BANK ST btwn WALKLEY RD & SURREY AVE,370349.3835,5025914.221,-75.66316068,45.37010506,6/30/2015,20:18,01 - Clear,01 - Dry,10 - No control,01 - Non intersection,01 - Daylight,03 - P.D. only,03 - Rear end,Ledbury - Heron Gate - Ridgemont - Elmwood
4656,GLADSTONE AVE @ METCALFE ST,368231.4324,5030750.208,-75.68957515,45.41381274,2/1/2015,1:05,01 - Clear,02 - Wet,01 - Traffic signal,02 - Intersection related,07 - Dark,03 - P.D. only,03 - Rear end,Centretown
4657,PENNYROYAL CRES btwn ANGELICA AVE & PINNACLE ST,386973.9254,5035998.438,-75.44927353,45.45908134,5/11/2015,18:00,01 - Clear,01 - Dry,10 - No control,01 - Non intersection,01 - Daylight,03 - P.D. only,06 - SMV unattended vehicle,Notting Hill
4658,ESPRIT DR btwn ESPRIT DR N & STORMWIND AVE,385529.7513,5035039.216,-75.46789404,45.45061954,2/2/2015,9:50,03 - Snow,03 - Loose snow,10 - No control,01 - Non intersection,01 - Daylight,03 - P.D. only,06 - SMV unattended vehicle,Avalon
4659,RICARDO ST btwn CHARDONNAY DR & REXTON ST,384979.249,5036317.387,-75.47472252,45.46218269,6/7/2015,1:30,01 - Clear,01 - Dry,10 - No control,01 - Non intersection,07 - Dark,03 - P.D. only,06 - SMV unattended vehicle,Avalon
4660,RIDEAU ST @ WURTEMBURG ST,369357.4269,5032924.508,-75.67490555,45.43327329,6/19/2015,14:18,01 - Clear,01 - Dry,01 - Traffic signal,03 - At intersection,01 - Daylight,03 - P.D. only,05 - Turning movement,Sandy Hill
4661,MONTCREST DR @ WATTERS RD,384864.6925,5038587.814,-75.47581719,45.48262295,6/12/2015,12:15,01 - Clear,01 - Dry,02 - Stop sign,02 - Intersection related,01 - Daylight,03 - P.D. only,03 - Rear end,Cardinal Creek
4662,MURRAY ST btwn DALHOUSIE ST & CUMBERLAND ST,368070.3523,5032619.338,-75.69139292,45.43064512,4/19/2015,14:25,01 - Clear,01 - Dry,10 - No control,01 - Non intersection,01 - Daylight,03 - P.D. only,06 - SMV unattended vehicle,Byward Market
4663,MONTREAL RD btwn MARIER AVE & BEGIN ST,370426.5817,5033264.853,-75.661197,45.43623605,4/15/2015,15:49,01 - Clear,01 - Dry,10 - No control,04 - At/near private drive,01 - Daylight,03 - P.D. only,02 - Angle,Vanier South
4664,MONTREAL RD @ VANIER PKWY,370072.7098,5033065.11,-75.665746,45.43447197,4/21/2015,8:35,02 - Rain,02 - Wet,01 - Traffic signal,02 - Intersection related,01 - Daylight,03 - P.D. only,03 - Rear end,Vanier
4665,ARMSTRONG ST @ PARKDALE AVE,365089.7282,5029404.077,-75.72987567,45.4019783,3/6/2015,17:12,01 - Clear,01 - Dry,01 - Traffic signal,03 - At intersection,01 - Daylight,03 - P.D. only,02 - Angle,Islan
4666,CAMPEAU DR @ TERON RD/COLCHESTER SQ,352560.4689,5020469.887,-75.89077411,45.32255412,2/21/2015,20:19,03 - Snow,03 - Loose snow,01 - Traffic signal,03 - At intersection,07 - Dark,03 - P.D. only,05 - Turning movement,Beaverbrook
4667,MER BLEUE RD btwn 210 S OF INNES RD & INNES RD,382686.508,5035484.848,-75.50416788,45.4549516,4/24/2015,17:56,01 - Clear,01 - Dry,10 - No control,04 - At/near private drive,01 - Daylight,03 - P.D. only,07 - SMV other,Orlans
4668,INNES RD @ WILDFLOWER DR,382937.7191,5035688.146,-75.50092416,45.45675265,4/24/2015,18:08,01 - Clear,01 - Dry,01 - Traffic signal,02 - Intersection related,01 - Daylight,03 - P.D. only,03 - Rear end,Avalon
4669,ST. JOSEPH BLVD @ REGIONAL RD 174/TRANSITWAY,376556.0641,5035057.148,-75.58260164,45.45175985,3/12/2015,11:15,01 - Clear,01 - Dry,01 - Traffic signal,02 - Intersection related,01 - Daylight,03 - P.D. only,03 - Rear end,Greenbelt
4670,LAFONTAINE AVE @ RICHELIEU AVE,370927.1912,5033170.979,-75.6548118,45.43534425,3/13/2015,10:22,03 - Snow,02 - Wet,02 - Stop sign,03 - At intersection,01 - Daylight,03 - P.D. only,02 - Angle,Vanier South
4671,KNOXDALE RD @ WEST HUNT CLUB RD,361862.965,5020584.837,-75.77210836,45.3228939,6/26/2015,19:33,01 - Clear,01 - Dry,01 - Traffic signal,02 - Intersection related,01 - Daylight,03 - P.D. only,03 - Rear end,Woodvale - Craig Henry - Manordale - Estates of Arlington Wo
4672,DOZOIS RD N @ SQUIRE DR N,372219.3745,5010849.645,-75.64133871,45.23438062,6/27/2015,13:04,01 - Clear,01 - Dry,02 - Stop sign,03 - At intersection,01 - Daylight,03 - P.D. only,02 - Angle,Manotick
4673,NEIL WAY @ RIVERSIDE DR,369464.7629,5028289.828,-75.67414189,45.39156221,5/29/2015,9:15,01 - Clear,01 - Dry,02 - Stop sign,02 - Intersection related,01 - Daylight,03 - P.D. only,04 - Sideswipe,Alta Vista
4674,DALHOUSIE ST btwn ST. PATRICK ST & MURRAY ST,367963.7843,5032629.174,-75.69275348,45.43074325,5/29/2015,19:31,01 - Clear,01 - Dry,10 - No control,01 - Non intersection,01 - Daylight,03 - P.D. only,04 - Sideswipe,Byward Market
4675,BARONESS DR btwn HOLITZNER WAY & HOLITZNER WAY,366728.4461,5017048.27,-75.71049216,45.29065991,6/24/2015,18:42,01 - Clear,01 - Dry,10 - No control,04 - At/near private drive,01 - Daylight,03 - P.D. only,06 - SMV unattended vehicle,Greenbelt
4676,MARCOUX DR btwn BROCK PL & LOUISBOURG CRES,382591.1939,5036782.108,-75.50518109,45.46663385,1/26/2015,17:15,01 - Clear,04 - Slush,10 - No control,01 - Non intersection,05 - Dusk,03 - P.D. only,06 - SMV unattended vehicle,Queenswood Heights
4677,ROLLING MEADOW CRES btwn ESTERBROOK DR & KNOTRIDGE ST,381877.0206,5032530.258,-75.51497891,45.42845834,1/24/2015,0:00,03 - Snow,05 - Packed snow,10 - No control,01 - Non intersection,07 - Dark,03 - P.D. only,06 - SMV unattended vehicle,Chapel Hill South
4678,MASON ST btwn LAKES PARK DR & ESTHER ST,377402.1433,5015327.508,-75.57468454,45.27415556,1/27/2015,18:00,01 - Clear,01 - Dry,10 - No control,01 - Non intersection,07 - Dark,03 - P.D. only,06 - SMV unattended vehicle,Greely
4679,CAMPEAU DR btwn GRAY CRES & BELLROCK DR,352118.9037,5020102.583,-75.89644143,45.31927894,6/30/2015,11:42,01 - Clear,01 - Dry,10 - No control,01 - Non intersection,01 - Daylight,03 - P.D. only,03 - Rear end,Kanata
4680,BENTLEY AVE @ SUNDERLAND ST,366151.4208,5021836.858,-75.71725488,45.33379772,6/29/2015,18:10,01 - Clear,01 - Dry,02 - Stop sign,02 - Intersection related,01 - Daylight,03 - P.D. only,99 - Other,Industrial Park
4681,ARGYLE AVE N @ ELGIN ST,368493.8306,5030671.731,-75.68623313,45.41308279,2/11/2015,8:25,01 - Clear,05 - Packed snow,01 - Traffic signal,03 - At intersection,01 - Daylight,03 - P.D. only,04 - Sideswipe,Centretown
4682,ROSLYN AVE btwn POTVIN AVE & BEAUCHAMP AVE,379117.1335,5038461.396,-75.54934818,45.48212106,6/9/2015,12:23,01 - Clear,01 - Dry,10 - No control,01 - Non intersection,01 - Daylight,03 - P.D. only,06 - SMV unattended vehicle,Orleans South West
4683,EVEREST PRIV btwn RUSSELL RD & ST. LAURENT BLVD,372924.6597,5029755.729,-75.62975679,45.40442372,1/1/2015,2:55,01 - Clear,01 - Dry,10 - No control,01 - Non intersection,07 - Dark,03 - P.D. only,07 - SMV other,Industrial Park
4684,ELGIN ST btwn COOPER ST & SOMERSET ST W,368134.1284,5031244.562,-75.69075469,45.41826958,6/11/2015,12:00,01 - Clear,01 - Dry,10 - No control,01 - Non intersection,01 - Daylight,03 - P.D. only,06 - SMV unattended vehicle,Centretown
4685,DALMENY RD @ NIXON DR,375602.2755,4997732.231,-75.60011985,45.11602027,4/10/2015,13:15,01 - Clear,01 - Dry,02 - Stop sign,03 - At intersection,01 - Daylight,03 - P.D. only,02 - Angle,Kars - Osgoode
4686,BRONSON AVE @ HWY 417 BRONSON IC121AR51,367287.7485,5029709.112,-75.70176281,45.40453017,4/9/2015,18:10,02 - Rain,02 - Wet,01 - Traffic signal,03 - At intersection,01 - Daylight,03 - P.D. only,02 - Angle,Centretown West
4687,MACKENZIE KING BR/WALLER ST @ NICHOLAS ST/WALL,368372.3275,5031994.064,-75.68761472,45.42499174,4/24/2015,10:40,01 - Clear,01 - Dry,01 - Traffic signal,03 - At intersection,01 - Daylight,03 - P.D. only,04 - Sideswipe,Sandy Hill
4688,BASELINE RD btwn NAVAHO DR & COLLEGE SQUARE SC,363048.1003,5024072.928,-75.7565815,45.35418217,4/24/2015,15:54,01 - Clear,01 - Dry,10 - No control,04 - At/near private drive,01 - Daylight,03 - P.D. only,02 - Angle,Braemar Park - Bel Air Heights - Copeland Park
4689,BELL ST @ GLADSTONE AVE,366944.7339,5029968.117,-75.70611151,45.40689116,3/13/2015,11:51,03 - Snow,02 - Wet,02 - Stop sign,03 - At intersection,01 - Daylight,03 - P.D. only,02 - Angle,Centretown West
4690,TENTH LINE RD @ TENTH LINE RD,383530.1317,5037156.36,-75.49311555,45.46989583,3/15/2015,15:04,01 - Clear,01 - Dry,01 - Traffic signal,02 - Intersection related,01 - Daylight,03 - P.D. only,03 - Rear end,Orlans
4691,STRANDHERD DR btwn RIOCAN AVE & MCGARRY TER,364268.355,5015009.954,-75.74209658,45.27253164,4/25/2015,17:36,01 - Clear,01 - Dry,10 - No control,01 - Non intersection,01 - Daylight,03 - P.D. only,04 - Sideswipe,New Barrhaven
4692,TAWNEY RD btwn ST. LAURENT BLVD & BALHARRIE AVE,373586.4871,5028852.822,-75.62142934,45.39623506,3/11/2015,17:30,01 - Clear,01 - Dry,10 - No control,01 - Non intersection,05 - Dusk,03 - P.D. only,06 - SMV unattended vehicle,Hawthorne Meadows
4693,BANK ST @ EXHIBITION WAY,368528.3984,5029085.775,-75.68599652,45.39880973,3/14/2015,23:43,03 - Snow,03 - Loose snow,01 - Traffic signal,02 - Intersection related,07 - Dark,03 - P.D. only,03 - Rear end,The Glebe
4694,PALOMINO DR btwn CHICKASAW CRES S & ROTHESAY DR,354236.8963,5017325.667,-75.86970477,45.29414576,6/28/2015,1:31,02 - Rain,02 - Wet,10 - No control,04 - At/near private drive,07 - Dark,03 - P.D. only,06 - SMV unattended vehicle,Bridlewood - Emerald Meadows
4695,WEST HUNT CLUB RD EB btwn 354 E OF WOODROFFE AVE/REC PATH & CLEOPATRA ,364123.9229,5021439.391,-75.74316781,45.33039568,5/30/2015,16:55,02 - Rain,02 - Wet,10 - No control,01 - Non intersection,01 - Daylight,03 - P.D. only,03 - Rear end,Tanglewood