Record,Location,X,Y,lon,lat,Date,Time,Environment,Road_Surface,Traffic_Control,Collision_Location,Light,Collision_Classification,Impact_type,Neighborhood
4696,EARL ARMSTRONG RD @ RIVER RD,367572.7185,5014684.758,-75.70002875,45.26931835,6/25/2015,16:01,01 - Clear,01 - Dry,01 - Traffic signal,02 - Intersection related,01 - Daylight,03 - P.D. only,03 - Rear end,Gloucester
4697,TAWNEY RD btwn HEATON AVE & SUSAN ST,374024.6326,5028414.75,-75.61589529,45.39225031,1/30/2015,17:00,03 - Snow,05 - Packed snow,10 - No control,01 - Non intersection,05 - Dusk,03 - P.D. only,06 - SMV unattended vehicle,Hawthorne Meadows
4698,CATHERINE ST btwn METCALFE ST & ELGIN ST,368429.3694,5030507.286,-75.68707785,45.41160903,1/31/2015,18:00,03 - Snow,02 - Wet,10 - No control,01 - Non intersection,07 - Dark,03 - P.D. only,06 - SMV unattended vehicle,Centretown
4699,BEECHWOOD AVE btwn CHAPLEAU AVE & PUTMAN AVE,369563.5654,5033878.246,-75.67214573,45.44183558,1/30/2015,10:00,01 - Clear,04 - Slush,10 - No control,01 - Non intersection,01 - Daylight,03 - P.D. only,06 - SMV unattended vehicle,Lindenlea
4700,BARNSDALE RD @ PRINCE OF WALES DR,366646.6962,5011531.332,-75.71222122,45.24102596,6/29/2015,17:17,01 - Clear,01 - Dry,02 - Stop sign,03 - At intersection,01 - Daylight,03 - P.D. only,02 - Angle,New Barrhaven
4701,FLEMING AVE @ HAIG DR,372483.2913,5028253.898,-75.63560037,45.3909537,2/13/2015,17:30,01 - Clear,02 - Wet,02 - Stop sign,03 - At intersection,05 - Dusk,03 - P.D. only,99 - Other,Urbandale
4702,KENNEVALE DR btwn WEYBRIDGE DR & HUMMINGBIRD CRES,362393.4759,5014903.631,-75.76600159,45.271731,6/10/2015,0:00,01 - Clear,01 - Dry,10 - No control,01 - Non intersection,07 - Dark,03 - P.D. only,06 - SMV unattended vehicle,Barrhaven West - Old Barrhaven
4703,CORBRIDGE ST btwn ESPRIT DR & CHESTERBROOK ST,385336.8696,5035242.412,-75.47032631,45.45246996,6/19/2015,19:04,01 - Clear,01 - Dry,10 - No control,01 - Non intersection,01 - Daylight,03 - P.D. only,06 - SMV unattended vehicle,Avalon
4704,KIRKSTALL AVE btwn SKIPTON RD & HEADINGLY CRES,362504.0769,5020859.917,-75.763899,45.32531665,6/17/2015,0:00,02 - Rain,02 - Wet,10 - No control,01 - Non intersection,00 - Unknown,03 - P.D. only,06 - SMV unattended vehicle,Woodvale - Craig Henry - Manordale - Estates of Arlington Wo
4705,ARMSTRONG ST @ PARKDALE AVE,365090.6921,5029404.077,-75.72986336,45.40197821,4/6/2015,9:03,01 - Clear,01 - Dry,01 - Traffic signal,03 - At intersection,01 - Daylight,03 - P.D. only,02 - Angle,Islan
4706,OGILVIE RD @ 185 E OF BATHGATE DR/185 E OF CIT,373989.2101,5032896.36,-75.61571854,45.4325771,4/2/2015,20:29,02 - Rain,02 - Wet,01 - Traffic signal,02 - Intersection related,05 - Dusk,03 - P.D. only,03 - Rear end,Industrial Park
4707,MEADOWLANDS DR @ MERIVALE RD,364858.6999,5023725.028,-75.73351718,45.35089907,4/24/2015,18:30,01 - Clear,01 - Dry,01 - Traffic signal,03 - At intersection,05 - Dusk,03 - P.D. only,05 - Turning movement,Cityview - Skyline - Fisher Heights
4708,CARLING AVE @ MERIVALE RD,364895.6677,5027699.098,-75.73256201,45.38665393,4/24/2015,22:09,01 - Clear,01 - Dry,01 - Traffic signal,02 - Intersection related,07 - Dark,03 - P.D. only,03 - Rear end,Carlington
4709,CYRVILLE RD btwn STAR TOP RD & MEADOWBROOK RD,374346.1186,5031330.398,-75.61137868,45.41845201,3/21/2015,12:04,03 - Snow,04 - Slush,10 - No control,04 - At/near private drive,01 - Daylight,03 - P.D. only,02 - Angle,Industrial Park
4710,WALKLEY RD btwn 152 E OF HEATHERINGTON RD & HOLLY LANE,372019.9128,5026943.519,-75.64169607,45.37920806,3/21/2015,13:15,01 - Clear,01 - Dry,10 - No control,01 - Non intersection,01 - Daylight,03 - P.D. only,06 - SMV unattended vehicle,Ledbury - Heron Gate - Ridgemont - Elmwood
4711,SPRINGHILL RD btwn 8TH LINE RD & 9TH LINE RD,388021.5821,5008016.666,-75.44058468,45.2072011,4/26/2015,5:45,01 - Clear,01 - Dry,10 - No control,01 - Non intersection,03 - Dawn,03 - P.D. only,07 - SMV other,Metcalfe
4712,SABLE RUN DR btwn SABLE RUN DR & SABLE RUN DR,348975.3711,5013155.643,-75.93715415,45.25697289,4/27/2015,0:00,01 - Clear,01 - Dry,10 - No control,01 - Non intersection,00 - Unknown,03 - P.D. only,06 - SMV unattended vehicle,Crossing Bridge
4713,LEITRIM RD btwn FENTON RD & BANK ST,374620.7501,5021129.371,-75.60931202,45.32664045,3/23/2015,18:19,01 - Clear,01 - Dry,10 - No control,04 - At/near private drive,05 - Dusk,03 - P.D. only,05 - Turning movement,Greenbelt
4714,PRESTON ST @ SOMERSET ST,366306.7347,5030126.123,-75.71424136,45.40836921,3/31/2015,15:15,01 - Clear,01 - Dry,01 - Traffic signal,02 - Intersection related,01 - Daylight,03 - P.D. only,04 - Sideswipe,Little Italy
4715,MARCH RD @ MORGAN'S GRANT WAY/SHIRLEY'S BROOK ,349660.8885,5023616.429,-75.92747359,45.35105876,6/27/2015,13:45,01 - Clear,01 - Dry,01 - Traffic signal,02 - Intersection related,01 - Daylight,03 - P.D. only,03 - Rear end,Morgan's Grant
4716,RICHMOND RD @ NORTHSIDE RD E,358329.3019,5021226.171,-75.81711089,45.32894303,6/28/2015,14:15,02 - Rain,02 - Wet,01 - Traffic signal,02 - Intersection related,01 - Daylight,03 - P.D. only,03 - Rear end,Bells Corners East
4717,TROTTING WAY btwn EQUESTRIAN DR & FOXLEIGH CRES,354670.469,5016185.7,-75.86429187,45.28385746,6/29/2015,9:51,01 - Clear,01 - Dry,10 - No control,04 - At/near private drive,01 - Daylight,03 - P.D. only,06 - SMV unattended vehicle,Bridlewood - Emerald Meadows
4718,RIOCAN AVE @ STRANDHERD DR,364173.6502,5014945.654,-75.74331115,45.27196107,6/29/2015,17:46,01 - Clear,01 - Dry,01 - Traffic signal,02 - Intersection related,01 - Daylight,03 - P.D. only,03 - Rear end,New Barrhaven
4719,MACLAREN ST btwn BRONSON AVE & PERCY ST,367135.5699,5030482.516,-75.70360881,45.4115026,2/1/2015,21:51,01 - Clear,05 - Packed snow,10 - No control,01 - Non intersection,07 - Dark,03 - P.D. only,06 - SMV unattended vehicle,Chinatown
4720,FIFTH AVE btwn MORRIS ST & RALPH ST,368141.433,5029245.545,-75.69091822,45.40028241,2/1/2015,13:45,01 - Clear,05 - Packed snow,10 - No control,01 - Non intersection,01 - Daylight,03 - P.D. only,06 - SMV unattended vehicle,The Glebe
4721,ROTHWELL DR btwn NASKAPI DR & ROTHWELL CIRC,374817.2236,5034655.446,-75.60488705,45.44832195,2/11/2015,16:10,03 - Snow,03 - Loose snow,10 - No control,01 - Non intersection,01 - Daylight,03 - P.D. only,06 - SMV unattended vehicle,Gloucester
4722,TROJAN AVE btwn QUEBEC ST & END,372101.9713,5033384.91,-75.63976908,45.43715702,6/26/2015,22:52,01 - Clear,01 - Dry,10 - No control,01 - Non intersection,07 - Dark,03 - P.D. only,01 - Approaching,Cummings
4723,WEST HUNT CLUB RD btwn PRINCE OF WALES DR & TURN LANE,367527.8995,5021888.26,-75.69968842,45.33413853,6/22/2015,17:22,01 - Clear,01 - Dry,10 - No control,01 - Non intersection,01 - Daylight,03 - P.D. only,03 - Rear end,Industrial Park
4724,FINDLAY CREEK DR @ WOODBRIAR WAY,374477.431,5019491.043,-75.61137056,45.31191361,12/26/2015,13:47,01 - Clear,01 - Dry,02 - Stop sign,03 - At intersection,01 - Daylight,02 - Non-fatal injury,07 - SMV other,Greenbelt
4725,PORTRUSH AVE btwn HORNCHURCH LANE & LONGFIELDS DR,364301.9997,5015279.99,-75.74163547,45.27495858,6/21/2015,0:00,01 - Clear,01 - Dry,10 - No control,01 - Non intersection,00 - Unknown,03 - P.D. only,06 - SMV unattended vehicle,New Barrhaven
4726,LEATHERWOOD CRES btwn FENCEROW WAY & FENCEROW WAY,365352.6008,5013420.233,-75.72847329,45.25813482,6/23/2015,0:00,01 - Clear,01 - Dry,10 - No control,01 - Non intersection,00 - Unknown,03 - P.D. only,06 - SMV unattended vehicle,New Barrhaven
4727,CYRVILLE RD @ INNES RD,375047.7247,5031119.925,-75.60244506,45.41648819,6/23/2015,15:35,01 - Clear,01 - Dry,01 - Traffic signal,02 - Intersection related,01 - Daylight,03 - P.D. only,04 - Sideswipe,Industrial Park
4728,HAIG DR @ SMYTH RD,372565.4478,5029298.669,-75.63440774,45.40034616,4/2/2015,15:25,01 - Clear,01 - Dry,01 - Traffic signal,03 - At intersection,01 - Daylight,03 - P.D. only,01 - Approaching,Elmvale - Eastway - Riverview - Riverview Park West
4729,BANK ST @ 80 S OF HUNT CLUB RD/TOWNGATE PLAZA ,371689.0149,5024093.698,-75.6463065,45.35359805,3/19/2015,8:40,01 - Clear,01 - Dry,01 - Traffic signal,03 - At intersection,01 - Daylight,03 - P.D. only,05 - Turning movement,South Keys - Heron Gate - Greenboro West
4730,EARL MULLIGAN DR @ WOODROFFE AVE,365250.7012,5017505.014,-75.7292741,45.29489834,4/25/2015,13:06,01 - Clear,01 - Dry,01 - Traffic signal,02 - Intersection related,01 - Daylight,03 - P.D. only,03 - Rear end,Greenbelt
4731,WOODROFFE AVE btwn GEORGINA DR & HWY417 IC127 RAMP36,361923.9035,5025336.664,-75.77078235,45.36564566,4/25/2015,13:20,01 - Clear,01 - Dry,10 - No control,01 - Non intersection,01 - Daylight,03 - P.D. only,03 - Rear end,Whitehaven - Queensway Terrace North
4732,QUEEN MARY ST btwn VERA ST & QUILL ST,370630.2831,5031985.544,-75.65876471,45.42470623,3/20/2015,0:00,01 - Clear,01 - Dry,10 - No control,01 - Non intersection,00 - Unknown,03 - P.D. only,06 - SMV unattended vehicle,Overbrook
4733,GENEST ST btwn ST. CHARLES ST & MARIER AVE,369684.6589,5033721.03,-75.67061872,45.44040979,4/17/2015,10:00,01 - Clear,01 - Dry,10 - No control,01 - Non intersection,01 - Daylight,03 - P.D. only,01 - Approaching,Vanier North
4734,HARDING RD @ WALKLEY RD,373150.6584,5027609.017,-75.62716757,45.38508653,2/3/2015,13:44,01 - Clear,03 - Loose snow,01 - Traffic signal,03 - At intersection,01 - Daylight,03 - P.D. only,07 - SMV other,Urbandale
4735,WOODROFFE AVE @ HWY 417 WOODROFF IC127R26/HWY4,362082.6869,5024939.878,-75.76880155,45.36206245,6/28/2015,16:13,02 - Rain,02 - Wet,01 - Traffic signal,02 - Intersection related,01 - Daylight,03 - P.D. only,03 - Rear end,Whitehaven - Queensway Terrace North
4736,KIRKWOOD AVE N @ CARLING AVE,364276.0248,5027493.585,-75.74049908,45.38485765,6/29/2015,10:29,02 - Rain,02 - Wet,01 - Traffic signal,03 - At intersection,01 - Daylight,03 - P.D. only,04 - Sideswipe,Westboro
4737,BEECHWOOD AVE @ DOUGLAS AVE,369306.9474,5033691.419,-75.67545015,45.44017831,6/9/2015,16:33,01 - Clear,01 - Dry,02 - Stop sign,03 - At intersection,01 - Daylight,03 - P.D. only,05 - Turning movement,Lindenlea
4738,FLAT SEDGE CRES btwn BUTTONBUSH WAY N & WHITE ALDER AVE E,375379.9809,5020789.141,-75.59967637,45.32350326,11/5/2015,10:30,01 - Clear,01 - Dry,10 - No control,01 - Non intersection,01 - Daylight,03 - P.D. only,01 - Approaching,Greenbelt
4739,BASELINE RD @ GREENBANK RD,360598.405,5022583.419,-75.78801244,45.34097881,6/30/2015,12:45,01 - Clear,01 - Dry,01 - Traffic signal,02 - Intersection related,01 - Daylight,03 - P.D. only,03 - Rear end,Qualicum - Redwood Park
4740,CLEMOW AVE btwn CAMBRIDGE ST S & BRONSON AVE,367336.6182,5029346.673,-75.70118456,45.40126468,2/13/2015,11:06,01 - Clear,05 - Packed snow,10 - No control,01 - Non intersection,01 - Daylight,03 - P.D. only,06 - SMV unattended vehicle,The Glebe Annex
4741,BEECHWOOD AVE btwn ST. PATRICK ST & MACKAY ST,369140.8613,5033511.22,-75.67759646,45.43857226,2/13/2015,13:42,01 - Clear,01 - Dry,10 - No control,01 - Non intersection,01 - Daylight,03 - P.D. only,06 - SMV unattended vehicle,Vanier North
4742,HEATHERINGTON RD btwn FAIRLEA CRES & ANGELA PRIV,371847.7519,5026601.865,-75.64394046,45.37615048,1/11/2015,17:00,03 - Snow,03 - Loose snow,10 - No control,01 - Non intersection,05 - Dusk,03 - P.D. only,06 - SMV unattended vehicle,Ledbury - Heron Gate - Ridgemont - Elmwood
4743,PALLADIUM DR @ SILVER SEVEN RD,351052.3284,5017885.645,-75.91025192,45.29940144,6/25/2015,16:12,01 - Clear,01 - Dry,01 - Traffic signal,02 - Intersection related,01 - Daylight,03 - P.D. only,03 - Rear end,Katimavik - Hazeldean
4744,COBOURG ST @ ST. PATRICK ST,368802.4619,5033233.901,-75.68195748,45.43610811,3/11/2015,15:17,01 - Clear,01 - Dry,01 - Traffic signal,02 - Intersection related,01 - Daylight,03 - P.D. only,04 - Sideswipe,Lower Town
4745,KENZIE ST btwn LAPERRIERE AVE & WOODWARD AVE,364614.4937,5026942.594,-75.73624402,45.37987111,6/23/2015,20:31,01 - Clear,01 - Dry,10 - No control,01 - Non intersection,05 - Dusk,03 - P.D. only,06 - SMV unattended vehicle,Carlington
4746,INUVIK CRES btwn CHIMO DR & CHIMO DR,353054.5926,5019306.549,-75.88458483,45.31205238,6/24/2015,0:00,01 - Clear,01 - Dry,10 - No control,01 - Non intersection,00 - Unknown,03 - P.D. only,06 - SMV unattended vehicle,Katimavik - Hazeldean
4747,VALMARIE AVE btwn NORMANDY CRES & FALAISE RD,366995.2824,5024827.542,-75.70611351,45.36063304,6/25/2015,10:05,01 - Clear,01 - Dry,10 - No control,04 - At/near private drive,01 - Daylight,03 - P.D. only,06 - SMV unattended vehicle,Carleton Heights - Rideauview
4748,FALLOWFIELD RD @ HWY 416 FALLOWFI IC66R24,360279.1125,5014852.675,-75.79295163,45.27144248,6/23/2015,17:21,01 - Clear,01 - Dry,02 - Stop sign,03 - At intersection,01 - Daylight,03 - P.D. only,02 - Angle,Munster Hamlet - Richmond
4749,BLAIR RD @ REGIONAL RD 174 N/OR174 IC112 RAMP61,374634.7313,5032990.494,-75.60745603,45.43335991,6/23/2015,19:46,01 - Clear,01 - Dry,01 - Traffic signal,03 - At intersection,01 - Daylight,03 - P.D. only,05 - Turning movement,Industrial Park
4750,TIMBERTRAIL TER btwn RUSTIC HILLS CRES & VALIN ST,386776.6318,5037608.027,-75.45152737,45.47358596,3/18/2015,8:05,01 - Clear,01 - Dry,10 - No control,01 - Non intersection,01 - Daylight,03 - P.D. only,06 - SMV unattended vehicle,Cardinal Creek
4751,PRINCE OF WALES DR @ WEST HUNT CLUB RD,367458.7103,5021891.985,-75.70057061,45.33417823,4/26/2015,7:05,01 - Clear,01 - Dry,01 - Traffic signal,02 - Intersection related,01 - Daylight,03 - P.D. only,04 - Sideswipe,Industrial Park
4752,CARLING AVE @ KIRKWOOD AVE S,364352.6644,5027337.067,-75.73953937,45.38344282,1/3/2015,18:06,03 - Snow,03 - Loose snow,01 - Traffic signal,03 - At intersection,07 - Dark,03 - P.D. only,05 - Turning movement,Carlington
4753,CARLING AVE @ FAIRLAWN AVE/WOODROFFE AVE E,361934.6841,5025830.528,-75.77058762,45.37008852,3/24/2015,12:06,01 - Clear,01 - Dry,01 - Traffic signal,03 - At intersection,01 - Daylight,03 - P.D. only,02 - Angle,Carlingwood West - Glabar Park - McKellar Heights
4754,BANK ST btwn HOPEWELL AVE & GLEN AVE,368776.4191,5028490.54,-75.68290606,45.39343137,3/28/2015,0:08,01 - Clear,01 - Dry,10 - No control,01 - Non intersection,07 - Dark,03 - P.D. only,06 - SMV unattended vehicle,Old Ottawa South
4755,ELGIN ST @ WAVERLEY ST,368318.6706,5030953.05,-75.68843453,45.41562993,4/17/2015,19:26,01 - Clear,01 - Dry,01 - Traffic signal,02 - Intersection related,01 - Daylight,03 - P.D. only,03 - Rear end,Centretown
4756,SCHUBERT CIRC @ AQUAVIEW DR,385390.3082,5035880.325,-75.46953867,45.45820313,4/18/2015,19:59,01 - Clear,01 - Dry,02 - Stop sign,02 - Intersection related,07 - Dark,03 - P.D. only,03 - Rear end,Avalon
4757,LEITRIM RD btwn RAMSAYVILLE RD & ANDERSON RD,379302.2861,5024202.576,-75.54913593,45.35381015,3/3/2015,11:00,01 - Clear,02 - Wet,10 - No control,04 - At/near private drive,01 - Daylight,03 - P.D. only,05 - Turning movement,Greenbelt
4758,ALTA VISTA DR @ ROGER RD,370406.846,5028882.682,-75.66203264,45.39680887,3/5/2015,9:04,01 - Clear,01 - Dry,02 - Stop sign,03 - At intersection,01 - Daylight,03 - P.D. only,02 - Angle,Alta Vista
4759,ST. LAURENT BLVD btwn PLEASANT PARK RD & CONNERY AVE,373605.4387,5028777.719,-75.62119779,45.39555745,4/17/2015,6:48,01 - Clear,01 - Dry,10 - No control,04 - At/near private drive,01 - Daylight,03 - P.D. only,02 - Angle,Urbandale
4760,CANOTEK RD @ RAINBOW ST,376227.9426,5035173.044,-75.58677929,45.45283622,4/17/2015,10:55,01 - Clear,01 - Dry,02 - Stop sign,03 - At intersection,01 - Daylight,03 - P.D. only,99 - Other,Greenbelt
4761,BRONSON AVE @ GLADSTONE AVE,367134.4224,5030079.762,-75.70367439,45.40787884,6/29/2015,11:00,02 - Rain,02 - Wet,01 - Traffic signal,03 - At intersection,01 - Daylight,03 - P.D. only,02 - Angle,Centretown West
4762,PARKDALE AVE/SPENCER ST @ OXFORD ST,365059.6457,5029474.599,-75.73025129,45.40261543,6/29/2015,13:18,01 - Clear,01 - Dry,02 - Stop sign,03 - At intersection,01 - Daylight,03 - P.D. only,02 - Angle,Islan
4763,FERNBANK RD @ ROMINA ST,354467.3967,5015279.679,-75.86697098,45.27571925,6/30/2015,15:02,01 - Clear,01 - Dry,02 - Stop sign,03 - At intersection,01 - Daylight,03 - P.D. only,02 - Angle,Stittsville - Basswood
4764,DONNELLY DR btwn FAIRHURST DR & FAIRMILE RD,370891.5231,4992094.105,-75.6607291,45.06574381,6/30/2015,16:48,01 - Clear,01 - Dry,10 - No control,01 - Non intersection,01 - Daylight,03 - P.D. only,07 - SMV other,Manotick - North Gower
4765,LORRY GREENBERG DR btwn PIKE ST & FINLAND PRIV,373139.9153,5025413.297,-75.62760858,45.36533139,1/22/2015,9:00,01 - Clear,01 - Dry,10 - No control,01 - Non intersection,01 - Daylight,03 - P.D. only,06 - SMV unattended vehicle,Greenboro East
4766,BLACK FOREST LANE btwn RICHMOND RD & END,357467.7104,5019609.741,-75.8282736,45.31446342,2/13/2015,0:00,03 - Snow,03 - Loose snow,10 - No control,01 - Non intersection,00 - Unknown,03 - P.D. only,06 - SMV unattended vehicle,Bells Corners East
4767,SANDHILL RD btwn BILLINGHAM CRES & BILLINGHAM CRES,349864.4598,5023950.022,-75.92484528,45.35404745,2/14/2015,0:00,03 - Snow,03 - Loose snow,10 - No control,01 - Non intersection,00 - Unknown,03 - P.D. only,06 - SMV unattended vehicle,South March
4768,PARKDALE AVE btwn KENILWORTH ST & HUTCHISON AVE,365450.5783,5028584.083,-75.72536752,45.39456901,2/22/2015,9:28,03 - Snow,03 - Loose snow,10 - No control,01 - Non intersection,01 - Daylight,03 - P.D. only,06 - SMV unattended vehicle,Civic Hospital - Experimental Farm - Central Park
4769,ALBION RD btwn LESTER RD & LEITRIM RD,373380.4072,5020701.701,-75.62519216,45.3229147,7/3/2015,3:10,01 - Clear,01 - Dry,10 - No control,01 - Non intersection,07 - Dark,03 - P.D. only,07 - SMV other,Greenbelt
4770,COLE AVE btwn DOVERCOURT AVE & GREENWOOD AVE,363303.2072,5027236.778,-75.75295119,45.38262887,7/2/2015,21:00,01 - Clear,01 - Dry,10 - No control,01 - Non intersection,05 - Dusk,03 - P.D. only,06 - SMV unattended vehicle,Carlingwood - McKellar Park - Laurentien View
4771,GRASSY PLAINS DR @ STONEHAVEN DR,356204.6378,5015965.512,-75.84475961,45.28176565,6/24/2015,7:30,01 - Clear,01 - Dry,01 - Traffic signal,03 - At intersection,01 - Daylight,03 - P.D. only,05 - Turning movement,Bridlewood - Emerald Meadows
4772,REGIONAL ROAD 174 btwn QUIGLEY HILL RD & CAMERON ST,388572.6855,5042421.32,-75.42773842,45.51667736,6/24/2015,3:12,01 - Clear,01 - Dry,10 - No control,01 - Non intersection,07 - Dark,03 - P.D. only,07 - SMV other,Cumberland - Estates
4773,BEECH ST @ PRESTON ST,366684.6963,5029268.475,-75.70952093,45.40061901,4/12/2015,19:59,01 - Clear,01 - Dry,01 - Traffic signal,03 - At intersection,07 - Dark,03 - P.D. only,05 - Turning movement,Little Italy
4774,ROCKCLIFFE PKWY btwn GL/OT BOUNDARY & ST. JOSEPH BLVD,373468.4425,5036195.048,-75.62191308,45.46230825,4/17/2015,12:13,01 - Clear,01 - Dry,10 - No control,01 - Non intersection,01 - Daylight,03 - P.D. only,01 - Approaching,Gloucester
4775,LAVAL ST btwn ST. CHARLES ST & MARIER AVE,369612.4222,5033763.623,-75.67153637,45.44079972,7/4/2015,15:00,01 - Clear,01 - Dry,10 - No control,01 - Non intersection,01 - Daylight,03 - P.D. only,06 - SMV unattended vehicle,Vanier North
4776,RUSSELL RD btwn MILTON RD & SAND RD,390622.1418,5025708.971,-75.40442515,45.3660692,6/23/2015,22:48,01 - Clear,01 - Dry,10 - No control,01 - Non intersection,07 - Dark,03 - P.D. only,07 - SMV other,Navan - Vars
4777,O'CONNOR ST @ SPARKS ST,367457.208,5031653.491,-75.69935111,45.42200994,3/17/2015,19:45,01 - Clear,01 - Dry,01 - Traffic signal,02 - Intersection related,07 - Dark,03 - P.D. only,03 - Rear end,Downtown
4778,CHARLEMAGNE BLVD btwn VALADE CRES & PRINCESS LOUISE DR,383410.1049,5037997.954,-75.49451569,45.47748124,3/3/2015,8:48,01 - Clear,01 - Dry,10 - No control,01 - Non intersection,01 - Daylight,03 - P.D. only,03 - Rear end,Fallingbrook
4779,CORKSTOWN RD btwn MARCH RD & MOODIE DR,354982.9798,5021536.36,-75.85976669,45.3319814,1/12/2015,14:21,01 - Clear,04 - Slush,10 - No control,05 - At railway crossing,01 - Daylight,03 - P.D. only,07 - SMV other,Greenbelt
4780,CARLING AVE/STATION RD @ MARCH RD,350907.6861,5022247.023,-75.91169011,45.3386557,1/13/2015,8:49,01 - Clear,02 - Wet,01 - Traffic signal,03 - At intersection,01 - Daylight,03 - P.D. only,03 - Rear end,South March
4781,CRICHTON ST btwn THE MEWS LANE & ELECTRIC ST,368850.9122,5033585.686,-75.68129251,45.4392689,3/29/2015,19:00,01 - Clear,01 - Dry,10 - No control,04 - At/near private drive,07 - Dark,03 - P.D. only,06 - SMV unattended vehicle,New Edinburgh
4782,BRIDGESTONE DR @ SADDLESMITH CIRC,355450.5378,5015934.353,-75.85437447,45.28154001,4/19/2015,9:58,01 - Clear,01 - Dry,02 - Stop sign,03 - At intersection,01 - Daylight,03 - P.D. only,02 - Angle,Bridlewood - Emerald Meadows
4783,OGILVIE RD @ MATHESON RD/PALMERSTON DR,373380.3292,5032537.076,-75.62354954,45.42940443,4/19/2015,16:15,01 - Clear,01 - Dry,01 - Traffic signal,03 - At intersection,01 - Daylight,03 - P.D. only,99 - Other,Industrial Park
4784,COVENTRY RD btwn ST. LAURENT SC WEST & ST. LAURENT BLVD,372141.9029,5031933.008,-75.6394573,45.42408964,3/9/2015,9:54,01 - Clear,01 - Dry,10 - No control,01 - Non intersection,01 - Daylight,03 - P.D. only,07 - SMV other,Overbrook
4785,ST. LAURENT BLVD btwn SHORE ST & BELFAST RD,372852.0494,5030594.466,-75.63056845,45.41197735,3/11/2015,7:26,01 - Clear,02 - Wet,10 - No control,01 - Non intersection,01 - Daylight,03 - P.D. only,06 - SMV unattended vehicle,Industrial Park
4786,HWY 417 ST.LAURE IC115R51 @ ST. LAURENT BLVD,372530.4365,5031410.5,-75.63456474,45.41935085,4/18/2015,13:03,01 - Clear,01 - Dry,01 - Traffic signal,02 - Intersection related,01 - Daylight,03 - P.D. only,03 - Rear end,Industrial Park
4787,PINECREST RD/HWY 417 PINECRE IC129R63 @ TRANSI,360387.9516,5023678.379,-75.79057456,45.35084795,5/6/2015,15:00,01 - Clear,01 - Dry,01 - Traffic signal,02 - Intersection related,01 - Daylight,03 - P.D. only,04 - Sideswipe,Whitehaven - Queensway Terrace North
4788,KILBIRNIE DR btwn KILMARNOCK WAY & LECANTO TER,365637.9035,5011729.385,-75.7250454,45.24289595,6/29/2015,0:00,01 - Clear,01 - Dry,10 - No control,01 - Non intersection,00 - Unknown,03 - P.D. only,06 - SMV unattended vehicle,New Barrhaven
4789,BLAIR RD @ OGILVIE RD,374508.4444,5033197.494,-75.60904057,45.43523498,6/11/2015,15:15,01 - Clear,01 - Dry,01 - Traffic signal,02 - Intersection related,01 - Daylight,03 - P.D. only,03 - Rear end,Industrial Park
4790,ALTA VISTA DR @ SMYTH RD,370432.7159,5029081.197,-75.66167584,45.39859261,6/30/2015,18:16,01 - Clear,01 - Dry,01 - Traffic signal,03 - At intersection,01 - Daylight,03 - P.D. only,05 - Turning movement,Alta Vista
4791,BAYSHORE DR @ WOODRIDGE CRES S,359232.9483,5023508.425,-75.80533257,45.34940931,6/30/2015,14:00,01 - Clear,01 - Dry,01 - Traffic signal,02 - Intersection related,01 - Daylight,03 - P.D. only,03 - Rear end,Bayshore
4792,STRATHBURY ST btwn SADDLEBROOK ST & CENTREPOINTE DR,361976.6825,5022308.152,-75.77045885,45.33839099,2/14/2015,0:00,03 - Snow,02 - Wet,10 - No control,01 - Non intersection,00 - Unknown,03 - P.D. only,06 - SMV unattended vehicle,Centrepointe
4793,MCLEOD ST btwn CARTIER ST & QUEEN ELIZABETH DRWY,368640.8441,5030874.003,-75.68432885,45.41488937,2/22/2015,21:00,01 - Clear,04 - Slush,10 - No control,01 - Non intersection,07 - Dark,03 - P.D. only,06 - SMV unattended vehicle,Golden Triangle
4794,MUTCHMOR RD btwn MCGILLIVRAY ST & BOWER ST,369193.2282,5029605.376,-75.67743767,45.40342409,2/16/2015,16:50,01 - Clear,05 - Packed snow,10 - No control,01 - Non intersection,05 - Dusk,03 - P.D. only,06 - SMV unattended vehicle,Old Ottawa East
4795,FOURTH LINE RD btwn DILWORTH RD & DONNELLY DR,371358.5016,4993964.556,-75.65455162,45.08253063,7/2/2015,18:43,01 - Clear,01 - Dry,10 - No control,01 - Non intersection,01 - Daylight,03 - P.D. only,07 - SMV other,Manotick - North Gower
4796,MALVERN DR btwn VENTNOR WAY & GREENBANK RD,363296.5513,5016188.307,-75.75434196,45.283216,7/2/2015,11:00,01 - Clear,01 - Dry,10 - No control,01 - Non intersection,01 - Daylight,03 - P.D. only,06 - SMV unattended vehicle,Barrhaven West - Old Barrhaven
4797,THISTLELEAF CRES btwn MEADOWGLEN DR & MONTEREAU AVE,379681.0881,5034402.207,-75.54275351,45.44553933,7/2/2015,0:00,01 - Clear,01 - Dry,10 - No control,01 - Non intersection,00 - Unknown,03 - P.D. only,06 - SMV unattended vehicle,Chapel Hill
4798,OR174 IC109 RAMP65 @ MONTREAL RD,376402.8497,5034982.783,-75.58457105,45.45110648,9/14/2015,16:55,01 - Clear,01 - Dry,01 - Traffic signal,02 - Intersection related,01 - Daylight,03 - P.D. only,03 - Rear end,Beacon Hill South - Cardinal Heights