Record,Location,X,Y,lon,lat,Date,Time,Environment,Road_Surface,Traffic_Control,Collision_Location,Light,Collision_Classification,Impact_type,Neighborhood
4799,DES EPINETTES AVE btwn PRESTWICK DR & DUVAL LANE,383369.2829,5036696.423,-75.49524586,45.46577584,9/14/2015,16:50,01 - Clear,01 - Dry,10 - No control,04 - At/near private drive,01 - Daylight,03 - P.D. only,99 - Other,Queenswood Heights
4800,SLATER ST btwn BAY ST & LYON ST N,367038.0024,5031111.774,-75.70477573,45.41717316,6/25/2015,7:39,01 - Clear,01 - Dry,10 - No control,04 - At/near private drive,01 - Daylight,03 - P.D. only,04 - Sideswipe,Downtown
4801,CARP RD @ STITTSVILLE MAIN ST,349525.5068,5014329.843,-75.93003941,45.26750401,6/25/2015,14:42,01 - Clear,01 - Dry,01 - Traffic signal,02 - Intersection related,01 - Daylight,03 - P.D. only,03 - Rear end,Stittsville
4802,QUEEN ELIZABETH DRWY btwn FOURTH AVE & THIRD AVE,368815.1191,5029754.499,-75.6822478,45.40480053,7/12/2015,19:01,01 - Clear,01 - Dry,10 - No control,04 - At/near private drive,01 - Daylight,03 - P.D. only,03 - Rear end,The Glebe
4803,PARENT AVE @ ST. PATRICK ST,367821.7023,5032557.674,-75.69457829,45.43011274,7/12/2015,23:43,01 - Clear,01 - Dry,01 - Traffic signal,03 - At intersection,07 - Dark,03 - P.D. only,05 - Turning movement,Byward Market
4804,BASELINE RD @ GREENBANK RD,360599.1257,5022583.419,-75.78800325,45.34097875,9/12/2015,11:49,01 - Clear,01 - Dry,01 - Traffic signal,02 - Intersection related,01 - Daylight,03 - P.D. only,03 - Rear end,Qualicum - Redwood Park
4805,MERIVALE RD @ SLACK RD,366019.7003,5020954.412,-75.71904439,45.32586909,9/16/2015,16:12,01 - Clear,01 - Dry,01 - Traffic signal,02 - Intersection related,01 - Daylight,03 - P.D. only,04 - Sideswipe,Merivale Gardens - Grenfell Glen - Pineglen - Country Place
4806,HUNTMAR DR btwn BRADLEY SIDE RD & RICHARDSON SIDE RD,348075.252,5019133.363,-75.94810087,45.3108185,10/11/2015,6:53,02 - Rain,02 - Wet,10 - No control,01 - Non intersection,03 - Dawn,03 - P.D. only,07 - SMV other,Stittsville - Basswood
4807,BILLINGS BRIDGESC RAMP SB @ RIVERSIDE DR EB,369176.3172,5027786.655,-75.677891,45.38706139,10/11/2015,10:01,01 - Clear,01 - Dry,02 - Stop sign,03 - At intersection,01 - Daylight,03 - P.D. only,02 - Angle,Alta Vista
4808,ELGIN ST @ NEPEAN ST,368029.7084,5031409.771,-75.69206757,45.41976552,7/23/2015,7:23,01 - Clear,01 - Dry,01 - Traffic signal,03 - At intersection,01 - Daylight,03 - P.D. only,04 - Sideswipe,Centretown
4809,PRETORIA AVE @ QUEEN ELIZABETH DRWY,368663.9649,5030431.519,-75.6840908,45.41090594,7/23/2015,9:11,01 - Clear,01 - Dry,10 - No control,02 - Intersection related,01 - Daylight,03 - P.D. only,03 - Rear end,The Glebe
4810,DRIVEWAY (THE) @ PRINCE OF WALES DR,366883.7117,5028137.186,-75.70712144,45.39042235,9/24/2015,8:17,01 - Clear,01 - Dry,11 - Roundabout,03 - At intersection,01 - Daylight,03 - P.D. only,04 - Sideswipe,Civic Hospital - Experimental Farm - Central Park
4811,LYON ST @ WELLINGTON ST,366935.9917,5031426.526,-75.70603932,45.42001427,10/13/2015,8:45,02 - Rain,02 - Wet,01 - Traffic signal,03 - At intersection,01 - Daylight,03 - P.D. only,05 - Turning movement,Downtown
4812,BAY ST @ GLADSTONE AVE,367462.7107,5030288.204,-75.69945441,45.40972502,10/13/2015,17:37,01 - Clear,01 - Dry,02 - Stop sign,02 - Intersection related,01 - Daylight,03 - P.D. only,03 - Rear end,Centretown
4813,LAURIER AVE @ NICHOLAS ST,368372.1956,5031797.91,-75.68764172,45.42322683,9/30/2015,11:06,01 - Clear,01 - Dry,01 - Traffic signal,03 - At intersection,01 - Daylight,03 - P.D. only,02 - Angle,Sandy Hill
4814,EASTWOOD PL @ MCARTHUR AVE,371052.4992,5032783.138,-75.65326257,45.43184277,9/18/2015,10:20,01 - Clear,01 - Dry,02 - Stop sign,02 - Intersection related,01 - Daylight,03 - P.D. only,99 - Other,Vanier South
4815,VERNON AVE btwn COTE ST & BEN ST,371526.8693,5033094.618,-75.64715836,45.43460022,9/19/2015,0:00,01 - Clear,01 - Dry,10 - No control,01 - Non intersection,00 - Unknown,03 - P.D. only,06 - SMV unattended vehicle,Vanier South
4816,RIVERSIDE DR @ BROOKFIELD RD/HOG'S BACK RD,368165.7833,5026221.076,-75.69099551,45.37306689,1/18/2015,0:42,01 - Clear,01 - Dry,01 - Traffic signal,03 - At intersection,07 - Dark,03 - P.D. only,05 - Turning movement,Riverside Park
4817,ARCH ST btwn FLEMING AVE & CANTERBURY AVE,372868.2057,5028146.483,-75.63069992,45.38994992,1/18/2015,19:11,03 - Snow,04 - Slush,10 - No control,04 - At/near private drive,07 - Dark,03 - P.D. only,02 - Angle,Urbandale
4818,CARLING AVE @ BROADVIEW AVE,363179.7227,5026636.132,-75.7545989,45.37723464,2/1/2015,14:38,01 - Clear,01 - Dry,01 - Traffic signal,03 - At intersection,01 - Daylight,03 - P.D. only,02 - Angle,Carlingwood - McKellar Park - Laurentien View
4819,MARCH RD @ TERRY FOX DR,349865.5725,5023399.991,-75.92488121,45.34909808,2/1/2015,17:48,01 - Clear,01 - Dry,01 - Traffic signal,03 - At intersection,07 - Dark,03 - P.D. only,05 - Turning movement,South March
4820,LONGFIELDS DR @ WOODROFFE AVE,365421.1699,5017106.463,-75.7271496,45.29129751,2/13/2015,8:16,01 - Clear,01 - Dry,01 - Traffic signal,02 - Intersection related,01 - Daylight,03 - P.D. only,04 - Sideswipe,Greenbelt
4821,CARP RD @ ROTHBOURNE RD,348253.2504,5014875.597,-75.94620392,45.27249467,2/13/2015,8:32,01 - Clear,01 - Dry,02 - Stop sign,02 - Intersection related,01 - Daylight,03 - P.D. only,03 - Rear end,Stittsville
4822,INNES RD @ PORTOBELLO BLVD,385631.7697,5036892.191,-75.46628537,45.46727902,10/9/2015,16:51,01 - Clear,01 - Dry,01 - Traffic signal,02 - Intersection related,01 - Daylight,03 - P.D. only,04 - Sideswipe,Fallingbrook
4823,VANIER PKWY/CRICHTON ST @ BEECHWOOD AVE/ST. PA,369127.797,5033487.494,-75.67776653,45.43835998,10/9/2015,18:58,01 - Clear,01 - Dry,01 - Traffic signal,02 - Intersection related,05 - Dusk,03 - P.D. only,03 - Rear end,Vanier North
4824,ST. JOSEPH BLVD @ FOREST VALLEY DR/YOUVILLE DR,379165.4618,5036156.951,-75.54907882,45.46138227,9/12/2015,14:10,02 - Rain,02 - Wet,01 - Traffic signal,03 - At intersection,01 - Daylight,03 - P.D. only,05 - Turning movement,Chapel Hill
4825,MALAK ST btwn BLOHM DR & BRADLEY COLE PRIV,374144.4378,5025744.86,-75.61474037,45.368216,9/17/2015,0:00,01 - Clear,01 - Dry,10 - No control,01 - Non intersection,00 - Unknown,03 - P.D. only,06 - SMV unattended vehicle,Hunt Club
4826,RUSSELL RD btwn SMYTH RD & ST. LAURENT BLVD,373387.1362,5029399.606,-75.62389921,45.40117433,6/26/2015,12:35,01 - Clear,01 - Dry,10 - No control,01 - Non intersection,01 - Daylight,03 - P.D. only,04 - Sideswipe,Hawthorn
4827,BYRON AVE btwn BROADVIEW AVE & HIGHLAND AVE,362716.0632,5027848.783,-75.76037621,45.38818439,6/27/2015,10:50,01 - Clear,01 - Dry,10 - No control,01 - Non intersection,01 - Daylight,03 - P.D. only,03 - Rear end,Carlingwood - McKellar Park - Laurentien View
4828,BELFAST RD btwn TREMBLAY RD & TRAINYARDS DR,371720.727,5030970.754,-75.64496947,45.41547213,9/14/2015,18:00,01 - Clear,01 - Dry,10 - No control,04 - At/near private drive,01 - Daylight,03 - P.D. only,05 - Turning movement,Industrial Park
4829,REGIONAL RD 174 @ TRIM RD,384351.1326,5039988.539,-75.4821586,45.49528403,9/14/2015,18:51,01 - Clear,01 - Dry,01 - Traffic signal,02 - Intersection related,01 - Daylight,03 - P.D. only,04 - Sideswipe,Chatelaine Village
4830,NEPEAN ST btwn BAY ST & LYON ST N,367196.6092,5030910.832,-75.70277483,45.41535102,6/28/2015,19:22,02 - Rain,02 - Wet,10 - No control,01 - Non intersection,01 - Daylight,03 - P.D. only,06 - SMV unattended vehicle,Centretown
4831,BANK ST @ WALKLEY RD,370337.852,5025947.375,-75.66330348,45.37040445,7/13/2015,7:50,01 - Clear,01 - Dry,01 - Traffic signal,02 - Intersection related,01 - Daylight,03 - P.D. only,04 - Sideswipe,Ledbury - Heron Gate - Ridgemont - Elmwood
4832,OLD INNES RD @ BANTREE ST,373727.3448,5030352.141,-75.6194209,45.40971137,7/13/2015,15:21,01 - Clear,01 - Dry,02 - Stop sign,03 - At intersection,01 - Daylight,03 - P.D. only,02 - Angle,Industrial Park
4833,210 W OF MERIVALE RD @ WEST HUNT CLUB RD,365431.736,5021828.71,-75.72643705,45.33378696,9/17/2015,11:51,01 - Clear,01 - Dry,01 - Traffic signal,02 - Intersection related,01 - Daylight,03 - P.D. only,03 - Rear end,Merivale Gardens - Grenfell Glen - Pineglen - Country Place
4834,NORTH RIVER RD btwn SELKIRK ST & MCARTHUR AVE,369802.4114,5032700.558,-75.66924846,45.43121706,9/18/2015,19:19,01 - Clear,01 - Dry,10 - No control,04 - At/near private drive,05 - Dusk,03 - P.D. only,05 - Turning movement,Vanier South
4835,INNES RD @ BEARBROOK RD/GLEN PARK DR E,377992.323,5032840.046,-75.5645713,45.43166292,10/12/2015,11:43,01 - Clear,01 - Dry,01 - Traffic signal,02 - Intersection related,01 - Daylight,03 - P.D. only,04 - Sideswipe,Blackburn Hamlet
4836,DIANE CRES btwn YORK MILLS DR & YORK MILLS DR,383356.4475,5038366.258,-75.495143,45.48080094,9/27/2015,18:15,01 - Clear,01 - Dry,10 - No control,04 - At/near private drive,01 - Daylight,03 - P.D. only,06 - SMV unattended vehicle,Fallingbrook
4837,BREWER RD @ BRONSON AVE,368109.0471,5027766.796,-75.6915216,45.38697999,7/23/2015,9:36,01 - Clear,01 - Dry,01 - Traffic signal,03 - At intersection,01 - Daylight,03 - P.D. only,05 - Turning movement,Carleto
4838,RICHMOND RD @ 140 E OF POULIN AVE ,360397.6087,5025020.574,-75.79030037,45.36292422,8/20/2015,17:24,01 - Clear,01 - Dry,01 - Traffic signal,03 - At intersection,01 - Daylight,03 - P.D. only,05 - Turning movement,Woodroffe - Lincoln Heights
4839,HAWTHORNE AVE @ MAIN ST,368969.9889,5030632.477,-75.68015536,45.4126861,9/24/2015,11:07,01 - Clear,01 - Dry,01 - Traffic signal,02 - Intersection related,01 - Daylight,03 - P.D. only,07 - SMV other,Old Ottawa East
4840,225 E OF RIVERSIDE DR / T & T SC @ HUNT CLUB RD,368235.6976,5022055.979,-75.69063741,45.335584,9/24/2015,11:37,01 - Clear,01 - Dry,01 - Traffic signal,02 - Intersection related,01 - Daylight,03 - P.D. only,07 - SMV other,Hunt Club - Ottawa Airport
4841,MONTREAL RD @ PARK ST,370513.7144,5033314.947,-75.66007676,45.43667859,10/14/2015,8:53,01 - Clear,01 - Dry,02 - Stop sign,03 - At intersection,01 - Daylight,03 - P.D. only,05 - Turning movement,Vanier South
4842,BRONSON AVE @ SUNNYSIDE AVE/UNIVERSITY RD - CA,367922.7101,5028091.187,-75.69385946,45.38991558,10/14/2015,9:20,01 - Clear,01 - Dry,01 - Traffic signal,02 - Intersection related,01 - Daylight,03 - P.D. only,03 - Rear end,Carleto
4843,ELGIN ST @ LAURIER AVE,367947.9892,5031549.936,-75.69309369,45.42103406,9/21/2015,16:50,01 - Clear,01 - Dry,01 - Traffic signal,02 - Intersection related,01 - Daylight,03 - P.D. only,03 - Rear end,Downtown
4844,MONTREAL RD btwn SINCLAIR ST & SHEFFORD RD,376045.6549,5034805.35,-75.58916283,45.44954655,9/21/2015,18:01,01 - Clear,01 - Dry,10 - No control,04 - At/near private drive,01 - Daylight,03 - P.D. only,02 - Angle,Beacon Hill North
4845,WOODROFFE AVE btwn TURN LANE & NORICE ST,363094.28,5022630.735,-75.75616215,45.3412016,1/19/2015,8:29,01 - Clear,01 - Dry,10 - No control,04 - At/near private drive,01 - Daylight,03 - P.D. only,05 - Turning movement,Crestview - Meadowlands
4846,HAIG DR btwn RAGLAN AVE & SAUNDERSON DR,372547.1679,5029504.527,-75.63461293,45.40220015,1/19/2015,10:59,02 - Rain,04 - Slush,10 - No control,01 - Non intersection,01 - Daylight,03 - P.D. only,06 - SMV unattended vehicle,Elmvale - Eastway - Riverview - Riverview Park West
4847,WEST HUNT CLUB RD EB btwn 354 E OF WOODROFFE AVE/REC PATH & CLEOPATRA ,365092.0855,5021686.711,-75.73078734,45.33253853,2/3/2015,7:02,01 - Clear,06 - Ice,10 - No control,01 - Non intersection,03 - Dawn,03 - P.D. only,04 - Sideswipe,Merivale Gardens - Grenfell Glen - Pineglen - Country Place
4848,BLAIR RD @ OGILVIE RD,374506.7598,5033197.129,-75.60906215,45.43523186,2/13/2015,8:42,01 - Clear,01 - Dry,01 - Traffic signal,02 - Intersection related,01 - Daylight,03 - P.D. only,03 - Rear end,Industrial Park
4849,HAIG DR @ SMYTH RD,372565.4456,5029298.909,-75.63440773,45.40034832,5/12/2015,19:12,01 - Clear,01 - Dry,01 - Traffic signal,03 - At intersection,01 - Daylight,03 - P.D. only,05 - Turning movement,Elmvale - Eastway - Riverview - Riverview Park West
4850,CEDARVIEW RD @ WEST HUNT CLUB RD,359718.6774,5019554.117,-75.79957294,45.31379047,6/15/2015,10:40,01 - Clear,01 - Dry,01 - Traffic signal,03 - At intersection,01 - Daylight,03 - P.D. only,05 - Turning movement,Greenbelt
4851,COLONNADE RD    S btwn CONCOURSE GT & COLONNADE RD N,367003.0218,5022883.035,-75.70625935,45.34313606,1/5/2015,17:23,01 - Clear,06 - Ice,10 - No control,01 - Non intersection,05 - Dusk,03 - P.D. only,06 - SMV unattended vehicle,Industrial Park
4852,TRAIL SIDE CIRC btwn VALIN ST & PINE VISTA DR,387008.4196,5037706.747,-75.44854681,45.47444689,1/12/2015,12:21,01 - Clear,02 - Wet,10 - No control,01 - Non intersection,01 - Daylight,03 - P.D. only,06 - SMV unattended vehicle,Cardinal Creek
4853,EDGE HILL PL btwn ANOKA ST & HERON RD,370251.3215,5026871.136,-75.66428564,45.37872423,1/23/2015,0:00,01 - Clear,04 - Slush,10 - No control,01 - Non intersection,00 - Unknown,03 - P.D. only,06 - SMV unattended vehicle,Alta Vista
4854,BANK ST @ WALKLEY RD,370337.852,5025947.375,-75.66330348,45.37040445,6/16/2015,14:16,01 - Clear,01 - Dry,01 - Traffic signal,02 - Intersection related,01 - Daylight,03 - P.D. only,03 - Rear end,Ledbury - Heron Gate - Ridgemont - Elmwood
4855,INNES RD @ TENTH LINE RD,383952.481,5036158.48,-75.48787563,45.46087008,6/28/2015,12:00,02 - Rain,02 - Wet,01 - Traffic signal,02 - Intersection related,01 - Daylight,03 - P.D. only,03 - Rear end,Queenswood Heights
4856,JEANNE D'ARC BLVD @ FORTUNE DR/VINEYARD DR,379238.0079,5037375.238,-75.54796678,45.47233577,9/15/2015,7:45,01 - Clear,01 - Dry,01 - Traffic signal,03 - At intersection,01 - Daylight,03 - P.D. only,02 - Angle,Orleans South West
4857,JEANNE D'ARC BLVD @ GREY NUNS DR/YOUVILLE DR,379670.7425,5036699.502,-75.542536,45.46620976,9/15/2015,11:22,01 - Clear,01 - Dry,01 - Traffic signal,02 - Intersection related,01 - Daylight,03 - P.D. only,99 - Other,Greenbelt
4858,ATHENA WAY btwn ESCADE DR & AMBIANCE DR,366840.7626,5016924.249,-75.70907592,45.28953407,7/5/2015,0:00,01 - Clear,01 - Dry,10 - No control,01 - Non intersection,00 - Unknown,03 - P.D. only,06 - SMV unattended vehicle,Greenbelt
4859,SMYTH RD @ RIVERSIDE HOSPITAL,369987.1593,5029120.5,-75.66736112,45.39898787,6/30/2015,15:26,01 - Clear,01 - Dry,01 - Traffic signal,03 - At intersection,01 - Daylight,03 - P.D. only,05 - Turning movement,Alta Vista
4860,FREEDOM PRIV @ SMYTH RD,371003.657,5029123.269,-75.65437838,45.39891741,6/6/2015,11:36,01 - Clear,01 - Dry,02 - Stop sign,02 - Intersection related,01 - Daylight,03 - P.D. only,04 - Sideswipe,Alta Vista
4861,YORK ST btwn DALHOUSIE ST & TO BE DETERMINED,368116.5311,5032434.635,-75.69082655,45.42897904,7/14/2015,10:33,01 - Clear,01 - Dry,10 - No control,01 - Non intersection,01 - Daylight,03 - P.D. only,03 - Rear end,Byward Market
4862,TERRY FOX DR btwn HAZELDEAN RD & 135 S OF HAZELDEAN RD/SOBEY'S SC,352234.9984,5017209.658,-75.89523758,45.29323988,9/19/2015,13:00,01 - Clear,01 - Dry,10 - No control,01 - Non intersection,01 - Daylight,03 - P.D. only,99 - Other,Glen Cairn - Kanata South Business Park
4863,FALLOWFIELD RD btwn WOODROFFE AVE & VIA PARK PL/275 W OF WOODROFFE AVE,365060.6455,5017886.974,-75.73165062,45.29835152,8/20/2015,18:13,01 - Clear,01 - Dry,10 - No control,01 - Non intersection,01 - Daylight,03 - P.D. only,04 - Sideswipe,New Barrhaven
4864,MITCH OWENS RD btwn DOWNEY RD & MANOTICK STATION RD,373478.4748,5013247.89,-75.62497327,45.25583784,9/24/2015,12:06,01 - Clear,01 - Dry,10 - No control,04 - At/near private drive,01 - Daylight,03 - P.D. only,02 - Angle,Manotick
4865,CHURCHILL AVE   S btwn LAPERRIERE AVE & END,363923.2287,5026606.065,-75.74511012,45.37690176,9/24/2015,12:07,01 - Clear,01 - Dry,10 - No control,04 - At/near private drive,01 - Daylight,03 - P.D. only,02 - Angle,Carlington
4866,MCCARTHY RD btwn PLANTE DR & PAUL ANKA DR,369610.5562,5024015.536,-75.67284095,45.35308995,2/2/2015,17:30,01 - Clear,05 - Packed snow,10 - No control,01 - Non intersection,07 - Dark,03 - P.D. only,06 - SMV unattended vehicle,Hunt Club East - Western Community
4867,RIVERDALE AVE btwn ECHO DR & GLENVIEW AVE,369231.7491,5029260.08,-75.67699077,45.40031369,2/4/2015,0:00,03 - Snow,03 - Loose snow,10 - No control,01 - Non intersection,00 - Unknown,03 - P.D. only,06 - SMV unattended vehicle,Old Ottawa East
4868,TAYLOR CREEK DR btwn VIMONT CRT & LACOLLE WAY,384407.5426,5039580.687,-75.48150311,45.49160814,2/5/2015,13:56,01 - Clear,02 - Wet,10 - No control,01 - Non intersection,01 - Daylight,03 - P.D. only,06 - SMV unattended vehicle,Industrial Park
4869,INNES RD @ VISENEAU DR,381798.7511,5035071.146,-75.51558152,45.45132783,1/2/2015,18:19,01 - Clear,01 - Dry,01 - Traffic signal,02 - Intersection related,07 - Dark,03 - P.D. only,03 - Rear end,Chapel Hill South
4870,METCALFE ST @ SOMERSET ST,368010.7043,5031103.127,-75.69234971,45.41700816,1/3/2015,17:00,03 - Snow,03 - Loose snow,01 - Traffic signal,03 - At intersection,05 - Dusk,03 - P.D. only,05 - Turning movement,Centretown
4871,GREENBANK RD btwn HIGHBURY PARK DR & WESSEX RD,363681.2721,5015369.437,-75.74953547,45.27581568,1/20/2015,18:00,01 - Clear,01 - Dry,10 - No control,01 - Non intersection,07 - Dark,03 - P.D. only,01 - Approaching,New Barrhaven
4872,TERRY FOX DR S @ DIDSBURY RD/CENTRUM KANATA SC,350625.801,5018916.101,-75.91559488,45.30870172,2/3/2015,20:03,01 - Clear,01 - Dry,01 - Traffic signal,03 - At intersection,07 - Dark,03 - P.D. only,05 - Turning movement,Kanata
4873,STAGECOACH RD btwn CABIN RD & SNAKE ISLAND RD,378123.4147,5005543.058,-75.56693483,45.18604352,2/4/2015,7:29,03 - Snow,03 - Loose snow,10 - No control,01 - Non intersection,01 - Daylight,03 - P.D. only,01 - Approaching,Kars - Osgoode
4874,ANOKA ST @ EDGE HILL PL,370256.7215,5026800.055,-75.66422612,45.37808417,2/13/2015,14:09,01 - Clear,05 - Packed snow,02 - Stop sign,03 - At intersection,01 - Daylight,03 - P.D. only,02 - Angle,Ledbury - Heron Gate - Ridgemont - Elmwood
4875,BILLINGS BRIDGESC RAMP SB @ RIVERSIDE DR SB,369147.1382,5027918.437,-75.67824641,45.38824981,2/13/2015,15:30,01 - Clear,01 - Dry,10 - No control,02 - Intersection related,01 - Daylight,03 - P.D. only,03 - Rear end,Alta Vista
4876,KING EDWARD AVE btwn MARIE CURIE PRIV & TEMPLETON ST,368965.6382,5031658.803,-75.6800773,45.42192101,9/8/2015,17:38,01 - Clear,01 - Dry,10 - No control,01 - Non intersection,01 - Daylight,03 - P.D. only,03 - Rear end,Sandy Hill
4877,LUCILLE WAY btwn MARKWICK CRES & MARKWICK CRES,385830.5437,5036810.428,-75.46375725,45.46652037,1/23/2015,21:00,01 - Clear,05 - Packed snow,10 - No control,01 - Non intersection,07 - Dark,03 - P.D. only,06 - SMV unattended vehicle,Notting Hill
4878,HIGHWAY 417 btwn HWY417 IC104 RAMP15 & HWY417 IC96 RAMP51,383481.4512,5025278.323,-75.49563451,45.36303248,3/21/2015,0:40,01 - Clear,01 - Dry,10 - No control,01 - Non intersection,07 - Dark,03 - P.D. only,07 - SMV other,Greenbelt
4879,ST. JOSEPH BLVD @ TENTH LINE RD,382891.5245,5038664.651,-75.50104171,45.48353777,6/28/2015,14:47,02 - Rain,02 - Wet,01 - Traffic signal,02 - Intersection related,01 - Daylight,03 - P.D. only,03 - Rear end,Industrial Park
4880,TENTH LINE RD @ CHARLEMAGNE BLVD N/TOMPKINS AV,383185.3713,5037976.801,-75.49739314,45.47731619,7/2/2015,7:40,01 - Clear,01 - Dry,01 - Traffic signal,02 - Intersection related,01 - Daylight,03 - P.D. only,03 - Rear end,Queenswood Heights
4881,VALOUR DR @ SMYTH RD,370665.0071,5029087.189,-75.65870831,45.39862471,9/15/2015,13:30,01 - Clear,01 - Dry,01 - Traffic signal,03 - At intersection,01 - Daylight,03 - P.D. only,02 - Angle,Alta Vista
4882,GREENBANK RD btwn JOCKVALE RD & CAMBRIAN RD,364283.2894,5013967.21,-75.74203116,45.26314775,9/15/2015,18:27,01 - Clear,01 - Dry,10 - No control,01 - Non intersection,01 - Daylight,03 - P.D. only,03 - Rear end,New Barrhaven
4883,LYON ST    N btwn SOMERSET ST W & MACLAREN ST,367390.4841,5030682.331,-75.700327,45.41327772,6/30/2015,16:36,01 - Clear,01 - Dry,10 - No control,01 - Non intersection,01 - Daylight,03 - P.D. only,03 - Rear end,Centretown
4884,GREY SEAL CIRC btwn BOOKTON PL & NORTH BLUFF DR,369348.0377,5016317.952,-75.67719415,45.2838529,6/2/2015,17:07,01 - Clear,01 - Dry,10 - No control,04 - At/near private drive,01 - Daylight,03 - P.D. only,06 - SMV unattended vehicle,Gloucester
4885,ELGIN ST btwn LISGAR ST & COOPER ST,368093.4499,5031314.225,-75.69126545,45.41890007,7/18/2015,0:00,01 - Clear,01 - Dry,10 - No control,01 - Non intersection,00 - Unknown,03 - P.D. only,06 - SMV unattended vehicle,Centretown
4886,PADDLER WAY btwn VOYAGEUR DR & LONG BOW GT,379289.2959,5037907.118,-75.54723027,45.47711575,7/22/2015,15:12,01 - Clear,01 - Dry,10 - No control,04 - At/near private drive,01 - Daylight,03 - P.D. only,06 - SMV unattended vehicle,Orleans South West
4887,GABBRO CRES btwn GRAINSTONE WAY & GRAINSTONE WAY,348990.3876,5020010.472,-75.93635226,45.318654,3/20/2015,0:00,01 - Clear,01 - Dry,10 - No control,01 - Non intersection,00 - Unknown,03 - P.D. only,06 - SMV unattended vehicle,Kanata Lakes - Marchwood Lakeside - Morgan's Grant - Kanata
4888,INNES RD btwn 260 E OF BELCOURT BLVD/WALMART SC & JEANNE D'ARC BLVD/ME,382631.0066,5035562.253,-75.50486514,45.45565421,3/6/2015,7:12,01 - Clear,01 - Dry,10 - No control,01 - Non intersection,01 - Daylight,03 - P.D. only,03 - Rear end,Chapel Hill South
4889,CARLING AVE @ KEMPSTER AVE/FAMOUS PLAYERS THEA,359209.951,5024119.869,-75.80555876,45.35491287,9/11/2015,12:30,01 - Clear,01 - Dry,01 - Traffic signal,02 - Intersection related,01 - Daylight,03 - P.D. only,03 - Rear end,Bayshore
4890,WOODROFFE AVE btwn CARLINGWOOD SC & CARLING AVE,361923.7273,5025851.258,-75.77072509,45.37027594,9/24/2015,13:58,01 - Clear,01 - Dry,10 - No control,04 - At/near private drive,01 - Daylight,03 - P.D. only,02 - Angle,Carlingwood West - Glabar Park - McKellar Heights
4891,CRAIG HENRY DR btwn ASHWICK CRT & BAINBRIDGE AVE,361375.8353,5021579.193,-75.77820803,45.33188054,9/24/2015,16:44,01 - Clear,01 - Dry,10 - No control,01 - Non intersection,01 - Daylight,03 - P.D. only,99 - Other,Woodvale - Craig Henry - Manordale - Estates of Arlington Wo
4892,WOODCLIFFE PRIV btwn HIDDEN VALLEY PRIV & HIDDEN VALLEY PRIV,379945.2328,5036149.884,-75.53911027,45.46123525,10/13/2015,0:00,02 - Rain,02 - Wet,10 - No control,01 - Non intersection,00 - Unknown,03 - P.D. only,06 - SMV unattended vehicle,Chapel Hill
4893,ST. JOSEPH BLVD @ FOREST VALLEY DR/YOUVILLE DR,379164.7411,5036156.23,-75.54908814,45.46137586,10/14/2015,12:49,01 - Clear,01 - Dry,01 - Traffic signal,03 - At intersection,01 - Daylight,03 - P.D. only,05 - Turning movement,Chapel Hill
4894,DONALD ST @ VANIER PKWY,370311.1726,5032271.216,-75.66280414,45.42730655,10/1/2015,20:08,01 - Clear,01 - Dry,01 - Traffic signal,03 - At intersection,07 - Dark,03 - P.D. only,05 - Turning movement,Overbrook
4895,FISHER AVE btwn 220 S OF TRENT ST & MCCOOEY LANE,365921.4418,5026596.851,-75.71960027,45.37664739,1/3/2015,22:11,03 - Snow,03 - Loose snow,10 - No control,01 - Non intersection,07 - Dark,03 - P.D. only,03 - Rear end,Civic Hospital - Experimental Farm - Central Park
4896,PRINCE OF WALES DR btwn TURN LANE & WEST HUNT CLUB RD,367454.8549,5021847.648,-75.70062541,45.33377963,1/4/2015,21:54,04 - Freezing Rain,04 - Slush,10 - No control,01 - Non intersection,07 - Dark,03 - P.D. only,05 - Turning movement,Industrial Park
4897,AGINCOURT RD @ NAVAHO DR,363389.7249,5024968.002,-75.75211563,45.36220749,1/21/2015,14:01,01 - Clear,01 - Dry,02 - Stop sign,03 - At intersection,01 - Daylight,03 - P.D. only,02 - Angle,Braemar Park - Bel Air Heights - Copeland Park
4898,FROBISHER LANE W @ RIVERSIDE DR,370119.679,5029599.78,-75.66560514,45.40328791,1/21/2015,14:55,01 - Clear,01 - Dry,01 - Traffic signal,02 - Intersection related,01 - Daylight,03 - P.D. only,03 - Rear end,Industrial Park
4899,FLANNERY DR btwn BROOKFIELD RD & CONFEDERATION PRIV,368769.8085,5026227.768,-75.68328371,45.37307223,2/4/2015,9:05,03 - Snow,05 - Packed snow,10 - No control,01 - Non intersection,01 - Daylight,03 - P.D. only,03 - Rear end,Riverside Park
4900,STONEWAY DR btwn MOUNTAIN ASH DR & REDPATH DR,366377.0029,5016719.052,-75.71501305,45.28772851,2/4/2015,11:43,03 - Snow,03 - Loose snow,10 - No control,01 - Non intersection,01 - Daylight,03 - P.D. only,04 - Sideswipe,Chapman Mills - Rideau Crest - Davidson Heights