Record,Location,X,Y,lon,lat,Date,Time,Environment,Road_Surface,Traffic_Control,Collision_Location,Light,Collision_Classification,Impact_type,Neighborhood
4901,CARLING AVE @ ISLAND PARK DR,365349.6634,5027995.133,-75.72672857,45.38927849,2/13/2015,16:16,01 - Clear,01 - Dry,01 - Traffic signal,03 - At intersection,01 - Daylight,03 - P.D. only,02 - Angle,Civic Hospital - Experimental Farm - Central Park
4902,DES EPINETTES AVE @ JEANNE D'ARC BLVD,382227.712,5035959.053,-75.50995835,45.45926908,2/13/2015,17:16,01 - Clear,01 - Dry,01 - Traffic signal,03 - At intersection,01 - Daylight,03 - P.D. only,02 - Angle,Orleans Village - Chateauneuf
4903,MERIVALE RD btwn BURRIS LANE & OT/NE BOUNDARY,364887.4892,5025083.713,-75.73298465,45.36312186,10/9/2015,15:09,02 - Rain,02 - Wet,10 - No control,01 - Non intersection,01 - Daylight,03 - P.D. only,03 - Rear end,Cityview - Skyline - Fisher Heights
4904,LYON ST @ WELLINGTON ST,366935.271,5031426.526,-75.70604853,45.42001433,10/10/2015,9:20,01 - Clear,01 - Dry,01 - Traffic signal,03 - At intersection,01 - Daylight,03 - P.D. only,05 - Turning movement,Downtown
4905,"BLAKE BLVD btwn BLAKE BLVD & EGLISE, RUE DE L",371327.0961,5033068.797,-75.64971488,45.43438693,2/18/2015,0:00,03 - Snow,03 - Loose snow,10 - No control,01 - Non intersection,00 - Unknown,03 - P.D. only,06 - SMV unattended vehicle,Vanier South
4906,CASABELLA DR btwn RENAISSANCE DR & RENAISSANCE DR,384463.6392,5036360.6,-75.48130773,45.46263047,1/10/2015,19:50,01 - Clear,03 - Loose snow,10 - No control,04 - At/near private drive,07 - Dark,03 - P.D. only,06 - SMV unattended vehicle,Avalon
4907,BANK ST btwn CLAREY AVE & HOLMWOOD AVE,368462.0061,5029244.226,-75.68682401,45.40024146,1/12/2015,22:50,01 - Clear,04 - Slush,10 - No control,01 - Non intersection,07 - Dark,03 - P.D. only,06 - SMV unattended vehicle,The Glebe
4908,FALLOWFIELD RD btwn STEEPLE HILL CRES & MOODIE DR,358649.4602,5014168.753,-75.81379322,45.26541512,7/9/2015,7:51,01 - Clear,01 - Dry,10 - No control,01 - Non intersection,01 - Daylight,03 - P.D. only,03 - Rear end,Greenbelt
4909,EARL ARMSTRONG RD @ BOWESVILLE RD,372560.7397,5017440.465,-75.63609249,45.29365064,9/16/2015,12:08,01 - Clear,01 - Dry,02 - Stop sign,02 - Intersection related,01 - Daylight,03 - P.D. only,02 - Angle,Greenbelt
4910,BESSERER ST @ WALLER ST,368315.9333,5032192.338,-75.68830973,45.42678086,9/16/2015,14:04,01 - Clear,01 - Dry,01 - Traffic signal,02 - Intersection related,01 - Daylight,03 - P.D. only,04 - Sideswipe,Byward Market - Parliament Hill
4911,TRIM RD @ VALIN ST,386438.7347,5037556.201,-75.45585692,45.47315926,7/2/2015,17:58,01 - Clear,01 - Dry,01 - Traffic signal,02 - Intersection related,01 - Daylight,03 - P.D. only,03 - Rear end,Cardinal Creek
4912,BESSERER ST @ KING EDWARD AVE,368551.4259,5032340.222,-75.68528146,45.42809004,7/10/2015,15:30,01 - Clear,01 - Dry,01 - Traffic signal,02 - Intersection related,01 - Daylight,03 - P.D. only,99 - Other,Sand
4913,CONNECTICUT AVE btwn MICHIGAN AVE & RYDER ST,372342.3705,5027351.348,-75.63752341,45.38284653,6/13/2015,12:42,01 - Clear,01 - Dry,10 - No control,01 - Non intersection,01 - Daylight,03 - P.D. only,06 - SMV unattended vehicle,Playfair Park - Lynda Park - Guildwood Estates
4914,OAKLAWN CRES btwn GARDENWAY DR & GARDENWAY DR,383916.2853,5036674.536,-75.48825534,45.46551718,7/11/2015,0:00,01 - Clear,01 - Dry,10 - No control,01 - Non intersection,00 - Unknown,03 - P.D. only,06 - SMV unattended vehicle,Fallingbrook
4915,CLARIDGE DR btwn BEATRICE DR & SLEAFORD GT,365269.7927,5016551.389,-75.72914697,45.28631602,7/16/2015,21:08,01 - Clear,01 - Dry,10 - No control,01 - Non intersection,05 - Dusk,03 - P.D. only,06 - SMV unattended vehicle,Chapman Mills - Rideau Crest - Davidson Heights
4916,CARLING AVE @ WESTGATE SC E,364801.758,5027659.619,-75.73376595,45.38630676,9/24/2015,16:40,01 - Clear,01 - Dry,01 - Traffic signal,03 - At intersection,01 - Daylight,03 - P.D. only,02 - Angle,Carlington
4917,ATHLONE AVE @ RICHMOND RD,363452.9688,5028441.195,-75.75089586,45.3934535,9/16/2015,15:32,01 - Clear,01 - Dry,01 - Traffic signal,03 - At intersection,01 - Daylight,03 - P.D. only,02 - Angle,Westboro
4918,ST. LAURENT BLVD @ WALKLEY RD,373901.3087,5028045.774,-75.61752181,45.38894262,9/17/2015,13:18,01 - Clear,01 - Dry,01 - Traffic signal,03 - At intersection,01 - Daylight,03 - P.D. only,02 - Angle,Hawthorne Meadows
4919,PRINCE OF WALES DR @ RIDEAU HEIGHTS DR/WELLSME,367388.0964,5022361.648,-75.70141205,45.33841047,9/25/2015,6:54,01 - Clear,01 - Dry,02 - Stop sign,02 - Intersection related,01 - Daylight,03 - P.D. only,01 - Approaching,Industrial Park
4920,ISLAND PARK DR @ RICHMOND RD,364131.4074,5028866.476,-75.74218058,45.39722294,10/14/2015,12:46,01 - Clear,01 - Dry,01 - Traffic signal,02 - Intersection related,01 - Daylight,03 - P.D. only,04 - Sideswipe,Island Park
4921,TENTH LINE RD @ CHARLEMAGNE BLVD N/TOMPKINS AV,383183.9299,5037978.242,-75.49741134,45.47732932,10/14/2015,18:46,01 - Clear,01 - Dry,01 - Traffic signal,02 - Intersection related,05 - Dusk,03 - P.D. only,03 - Rear end,Queenswood Heights
4922,GREENBANK RD @ BERRIGAN DR/WESSEX RD,363722.961,5015275.344,-75.74901534,45.27496554,10/3/2015,13:57,01 - Clear,01 - Dry,01 - Traffic signal,02 - Intersection related,01 - Daylight,03 - P.D. only,04 - Sideswipe,New Barrhaven
4923,RICHMOND RD @ STONEHAVEN DR,356783.0825,5015892.518,-75.83739448,45.2810663,10/3/2015,19:58,01 - Clear,01 - Dry,01 - Traffic signal,02 - Intersection related,07 - Dark,03 - P.D. only,04 - Sideswipe,Greenbelt
4924,CANARY ST @ NAVAN RD,386692.9261,5031803.464,-75.45356394,45.42137205,1/5/2015,10:56,04 - Freezing Rain,04 - Slush,02 - Stop sign,03 - At intersection,01 - Daylight,03 - P.D. only,02 - Angle,Navan - Vars
4925,STONEHURST AVE btwn BURNSIDE AVE & LYNDALE AVE,365115.181,5030150.393,-75.72945928,45.40869128,1/4/2015,12:00,03 - Snow,03 - Loose snow,10 - No control,04 - At/near private drive,01 - Daylight,03 - P.D. only,99 - Other,Mechanicsville
4926,ST. LAURENT BLVD @ MCARTHUR AVE,371922.6829,5032887.093,-75.64212829,45.43269513,1/21/2015,16:10,01 - Clear,02 - Wet,01 - Traffic signal,03 - At intersection,05 - Dusk,03 - P.D. only,05 - Turning movement,Cummings
4927,STRANDHERD DR btwn GREENBANK RD & Continuation of STRANDHERD DR,363988.4103,5014819.953,-75.74568672,45.27084563,1/22/2015,7:08,01 - Clear,01 - Dry,10 - No control,04 - At/near private drive,03 - Dawn,03 - P.D. only,02 - Angle,New Barrhaven
4928,ORANGEVILLE ST/HWY 417 ROCHEST IC121BR51 @ ROC,366778.0387,5029521.326,-75.70829697,45.40288584,2/4/2015,14:23,03 - Snow,03 - Loose snow,01 - Traffic signal,02 - Intersection related,01 - Daylight,03 - P.D. only,03 - Rear end,Little Italy
4929,REGIONAL ROAD 174 btwn QUIGLEY HILL RD & REGIONAL ROAD 174 DIVIDED,388175.9302,5042392.142,-75.43282082,45.51646241,2/14/2015,11:35,03 - Snow,03 - Loose snow,10 - No control,01 - Non intersection,01 - Daylight,03 - P.D. only,01 - Approaching,Cumberland - Estates
4930,TENTH LINE RD @ CHARLEMAGNE BLVD S/DES EPINETT,383640.9751,5036900.456,-75.49173924,45.46758093,10/10/2015,11:46,01 - Clear,01 - Dry,01 - Traffic signal,03 - At intersection,01 - Daylight,03 - P.D. only,02 - Angle,Orlans
4931,BEATRICE DR @ STRANDHERD DR,365527.377,5015321.122,-75.72601418,45.27522392,6/10/2015,12:23,01 - Clear,01 - Dry,01 - Traffic signal,02 - Intersection related,01 - Daylight,03 - P.D. only,03 - Rear end,New Barrhaven
4932,STRATHBURY ST btwn SADDLEBROOK ST & CASTLETON ST,361926.1698,5022195.05,-75.77111637,45.33737742,2/19/2015,17:52,01 - Clear,01 - Dry,10 - No control,01 - Non intersection,07 - Dark,03 - P.D. only,06 - SMV unattended vehicle,Centrepointe
4933,GARRITY CRES btwn BALINROAN CRES & LEAMINGTON WAY,364948.5461,5014257.353,-75.73351971,45.26570189,5/4/2015,4:54,01 - Clear,01 - Dry,10 - No control,01 - Non intersection,03 - Dawn,03 - P.D. only,06 - SMV unattended vehicle,New Barrhaven
4934,ALTA VISTA DR btwn PALEN AVE & WESMAR DR,370454.0015,5027126.909,-75.66166399,45.38100663,2/15/2015,12:15,01 - Clear,01 - Dry,10 - No control,01 - Non intersection,01 - Daylight,03 - P.D. only,06 - SMV unattended vehicle,Alta Vista
4935,SPARKMAN AVE btwn MONTMORENCY WAY & HARVEST VALLEY AVE,384855.0844,5034495.266,-75.47660658,45.44580318,7/22/2015,3:51,01 - Clear,02 - Wet,10 - No control,01 - Non intersection,07 - Dark,03 - P.D. only,07 - SMV other,Avalon
4936,AVIATION PKWY @ OGILVIE RD,373110.7142,5032376.135,-75.62701712,45.42798275,8/3/2015,9:40,01 - Clear,01 - Dry,01 - Traffic signal,03 - At intersection,01 - Daylight,03 - P.D. only,07 - SMV other,Industrial Park
4937,LAFONTAINE AVE @ MCARTHUR AVE,370948.9916,5032771.213,-75.6545869,45.43174527,9/17/2015,11:32,01 - Clear,01 - Dry,01 - Traffic signal,03 - At intersection,01 - Daylight,03 - P.D. only,05 - Turning movement,Vanier South
4938,CYRVILLE RD btwn STAR TOP RD & MEADOWBROOK RD,374344.9306,5031328.965,-75.61139406,45.41843923,9/18/2015,13:12,01 - Clear,01 - Dry,10 - No control,01 - Non intersection,01 - Daylight,03 - P.D. only,07 - SMV other,Industrial Park
4939,BRONSON AVE btwn BREWER WAY & RIVERSIDE DR RAMPS 34B & 42A-3,368347.0739,5027320.906,-75.68853962,45.38294644,7/10/2015,20:17,01 - Clear,01 - Dry,10 - No control,01 - Non intersection,05 - Dusk,03 - P.D. only,07 - SMV other,Carleto
4940,DALY AVE @ WALLER ST,368339.7386,5032119.368,-75.68801496,45.42612214,7/10/2015,20:54,01 - Clear,01 - Dry,01 - Traffic signal,02 - Intersection related,05 - Dusk,03 - P.D. only,03 - Rear end,Byward Market - Parliament Hill
4941,BRITANNIA RD btwn CONN ST & PRISCILLA ST,360058.1178,5025007.661,-75.79463506,45.36283487,7/19/2015,7:34,01 - Clear,01 - Dry,10 - No control,01 - Non intersection,01 - Daylight,03 - P.D. only,06 - SMV unattended vehicle,Woodroffe - Lincoln Heights
4942,PRESTWICK DR btwn SUMMERLANDS CRES & SUMMERLANDS CRES,383589.0275,5036326.561,-75.49249546,45.4624234,5/23/2015,23:42,01 - Clear,01 - Dry,10 - No control,01 - Non intersection,07 - Dark,03 - P.D. only,06 - SMV unattended vehicle,Queenswood Heights
4943,MACDONALD-CARTIER BR btwn RAMP & END (1),367358.6199,5033249.245,-75.70040806,45.43637683,9/25/2015,17:13,01 - Clear,01 - Dry,10 - No control,07 - Overpass or bridge,01 - Daylight,03 - P.D. only,03 - Rear end,Bywar
4944,FALLOWFIELD RD btwn HWY416 IC66 RAMP62 & STRANDHERD DR,360527.2033,5014922.334,-75.78978229,45.27204966,9/25/2015,19:23,01 - Clear,01 - Dry,10 - No control,01 - Non intersection,07 - Dark,03 - P.D. only,04 - Sideswipe,Munster Hamlet - Richmond
4945,BLACKBURN BYPASS @ NAVAN RD,379619.1885,5033275.643,-75.54371596,45.43540995,10/13/2015,14:34,01 - Clear,01 - Dry,01 - Traffic signal,02 - Intersection related,01 - Daylight,03 - P.D. only,02 - Angle,Greenbelt
4946,BANK ST btwn SUNNYSIDE AVE & HOPEWELL AVE,368744.7988,5028558.126,-75.68330111,45.39404238,10/14/2015,10:04,01 - Clear,01 - Dry,10 - No control,01 - Non intersection,01 - Daylight,03 - P.D. only,05 - Turning movement,Old Ottawa South
4947,BANK ST @ LEITRIM RD,375358.4749,5021618.416,-75.59983248,45.3309669,9/29/2015,16:20,02 - Rain,02 - Wet,01 - Traffic signal,02 - Intersection related,01 - Daylight,03 - P.D. only,03 - Rear end,Greenbelt
4948,HUNT CLUB RD @ RIVERSIDE DR,368035.9823,5021944.417,-75.69319953,45.33459821,9/29/2015,20:28,02 - Rain,02 - Wet,01 - Traffic signal,02 - Intersection related,07 - Dark,03 - P.D. only,02 - Angle,Hunt Club Woods - Quintarra - Revelstoke - Riverside South P
4949,ST. LAURENT BLVD @ TREMBLAY RD,372594.2725,5031241.216,-75.63377245,45.41782153,10/15/2015,8:38,02 - Rain,02 - Wet,01 - Traffic signal,03 - At intersection,01 - Daylight,03 - P.D. only,05 - Turning movement,Industrial Park
4950,CARP RD @ MARCH RD,342165.5006,5021744.073,-76.02326945,45.33465003,3/4/2015,16:00,01 - Clear,01 - Dry,01 - Traffic signal,03 - At intersection,01 - Daylight,03 - P.D. only,02 - Angle,Carp - Hardwood Plains
4951,WEST HUNT CLUB RD @ ANTARES DR/LASER ST,367108.432,5022079.7,-75.70501556,45.33589844,10/4/2015,9:25,01 - Clear,01 - Dry,01 - Traffic signal,03 - At intersection,01 - Daylight,03 - P.D. only,05 - Turning movement,Industrial Park
4952,BELFAST RD @ ST. LAURENT BLVD,372859.7602,5030578.08,-75.63047221,45.41182917,1/22/2015,11:18,01 - Clear,01 - Dry,01 - Traffic signal,03 - At intersection,01 - Daylight,03 - P.D. only,02 - Angle,Industrial Park
4953,OGILVIE RD @ CITY PARK DR E/CSIS HQ ACCESS,374188.7282,5033009.131,-75.61315299,45.43357199,2/17/2015,17:37,01 - Clear,01 - Dry,01 - Traffic signal,02 - Intersection related,05 - Dusk,03 - P.D. only,03 - Rear end,Industrial Park
4954,LASSITER TER N @ OGILVIE RD,375483.0019,5034959.504,-75.59633299,45.45099066,7/16/2015,17:40,01 - Clear,01 - Dry,02 - Stop sign,03 - At intersection,01 - Daylight,03 - P.D. only,02 - Angle,Beacon Hill North
4955,MCARTHUR AVE btwn CARMEN AVE & LAFONTAINE AVE,370925.0336,5032768.582,-75.65489341,45.43172387,2/21/2015,11:09,01 - Clear,03 - Loose snow,10 - No control,04 - At/near private drive,01 - Daylight,03 - P.D. only,02 - Angle,Vanier South
4956,QUEENSVIEW DR btwn PINECREST RD & END,360660.9033,5023921.593,-75.78706389,45.3530147,2/28/2015,0:00,01 - Clear,01 - Dry,10 - No control,01 - Non intersection,00 - Unknown,03 - P.D. only,06 - SMV unattended vehicle,Whitehaven - Queensway Terrace North
4957,JEANNE D'ARC BLVD btwn HARLEQUIN CRES & HARLEQUIN CRES,382379.4913,5039190.164,-75.50750769,45.48832296,1/1/2015,4:00,01 - Clear,01 - Dry,10 - No control,01 - Non intersection,07 - Dark,03 - P.D. only,06 - SMV unattended vehicle,Chatelaine Village
4958,NEPEAN ST btwn METCALFE ST & ELGIN ST,368011.9018,5031400.53,-75.69229626,45.41968398,1/13/2015,14:54,01 - Clear,01 - Dry,10 - No control,01 - Non intersection,01 - Daylight,03 - P.D. only,06 - SMV unattended vehicle,Centretown
4959,HERON RD @ WALKLEY RD,372268.6165,5027083.815,-75.63850166,45.38044648,8/4/2015,18:00,01 - Clear,01 - Dry,01 - Traffic signal,02 - Intersection related,01 - Daylight,03 - P.D. only,04 - Sideswipe,Ledbury - Heron Gate - Ridgemont - Elmwood
4960,O'TOOLE RD btwn WILHAVEN DR & INNES RD,389078.2351,5038370.214,-75.42196451,45.48016929,8/7/2015,17:46,01 - Clear,01 - Dry,10 - No control,01 - Non intersection,01 - Daylight,03 - P.D. only,07 - SMV other,Cumberland - Estates
4961,CRESTWAY DR btwn STRANDHERD DR & GROVEHURST DR,366343.2992,5015488.07,-75.71559532,45.27665517,9/18/2015,16:57,01 - Clear,01 - Dry,10 - No control,01 - Non intersection,01 - Daylight,03 - P.D. only,04 - Sideswipe,Chapman Mills - Rideau Crest - Davidson Heights
4962,IMPERIAL AVE btwn CHAMBERLAIN AVE & RENFREW AVE,367425.0458,5029680.143,-75.70001278,45.40425724,7/4/2015,16:00,01 - Clear,01 - Dry,10 - No control,01 - Non intersection,01 - Daylight,03 - P.D. only,06 - SMV unattended vehicle,The Glebe
4963,HAWTHORNE AVE btwn COLONEL BY DR & MAIN ST,368955.0799,5030626.266,-75.68034663,45.41263158,5/12/2015,17:05,01 - Clear,01 - Dry,10 - No control,01 - Non intersection,01 - Daylight,03 - P.D. only,06 - SMV unattended vehicle,Old Ottawa East
4964,SATURN CRES btwn GARDENWAY DR & GARDENWAY DR,385154.0408,5037230.994,-75.4723384,45.47038237,6/17/2015,7:57,01 - Clear,01 - Dry,10 - No control,01 - Non intersection,01 - Daylight,03 - P.D. only,06 - SMV unattended vehicle,Fallingbrook
4965,TERRY FOX DR btwn Continuation of TERRY FOX DR & CAMPEAU DR,350222.308,5019039.026,-75.92072899,45.30983404,9/26/2015,14:03,01 - Clear,01 - Dry,10 - No control,04 - At/near private drive,01 - Daylight,03 - P.D. only,02 - Angle,Kanata Lakes - Marchwood Lakeside - Morgan's Grant - Kanata
4966,SOMERSET ST    W btwn BECKINGTON PRIV & BANK ST,367618.3738,5030870.531,-75.69739172,45.41495067,6/30/2015,20:34,01 - Clear,02 - Wet,10 - No control,04 - At/near private drive,05 - Dusk,03 - P.D. only,99 - Other,Centretown
4967,INNES RD btwn BLAIR RD & ANDERSON RD,376191.3717,5031793.636,-75.58773692,45.4224341,9/21/2015,9:39,01 - Clear,01 - Dry,10 - No control,01 - Non intersection,01 - Daylight,03 - P.D. only,03 - Rear end,Greenbelt
4968,GLADSTONE AVE @ LEBRETON ST,366854.9797,5029922.929,-75.70726368,45.40649253,9/21/2015,16:56,01 - Clear,01 - Dry,02 - Stop sign,03 - At intersection,01 - Daylight,03 - P.D. only,02 - Angle,Centretown West
4969,HERON RD @ KALADAR AVE,369686.4441,5026803.457,-75.67150641,45.37816782,9/30/2015,18:23,01 - Clear,01 - Dry,01 - Traffic signal,02 - Intersection related,01 - Daylight,03 - P.D. only,03 - Rear end,Alta Vista
4970,GEORGE ST @ PRESTON ST,366617.8208,5029417.599,-75.71035639,45.40196669,8/20/2015,17:00,01 - Clear,01 - Dry,01 - Traffic signal,02 - Intersection related,01 - Daylight,03 - P.D. only,03 - Rear end,Little Italy
4971,WOODROFFE AVE btwn HWY417 IC127 RAMP26 & HWY417 IC127 RAMP63,362088.4527,5024924.743,-75.76872971,45.3619258,10/6/2015,23:15,01 - Clear,01 - Dry,10 - No control,01 - Non intersection,07 - Dark,03 - P.D. only,04 - Sideswipe,Whitehaven - Queensway Terrace North
4972,PARKDALE AVE btwn WELLINGTON ST W & GLADSTONE AVE,365211.7664,5029132.476,-75.7283502,45.39952397,1/8/2015,17:45,01 - Clear,04 - Slush,10 - No control,04 - At/near private drive,07 - Dark,03 - P.D. only,02 - Angle,Islan
4973,FLOWER AVE @ WOODROFFE AVE,361811.6801,5026116.013,-75.77212488,45.37266731,1/22/2015,11:42,01 - Clear,01 - Dry,02 - Stop sign,02 - Intersection related,01 - Daylight,03 - P.D. only,04 - Sideswipe,Carlingwood - McKellar Park - Laurentien View
4974,BLAIR RD @ OGILVIE RD,374506.7598,5033198.093,-75.60906202,45.43524054,1/23/2015,0:50,01 - Clear,01 - Dry,01 - Traffic signal,02 - Intersection related,07 - Dark,03 - P.D. only,04 - Sideswipe,Industrial Park
4975,INDUSTRIAL AVE/INNES RD @ ST. LAURENT BLVD,373097.7997,5030006.049,-75.62751063,45.40665911,2/5/2015,13:25,03 - Snow,05 - Packed snow,01 - Traffic signal,02 - Intersection related,01 - Daylight,03 - P.D. only,03 - Rear end,Industrial Park
4976,SLOAN AVE btwn HOPEWELL AVE & END,368013.4447,5028022.351,-75.69270962,45.38928803,5/30/2015,0:00,01 - Clear,01 - Dry,10 - No control,01 - Non intersection,00 - Unknown,03 - P.D. only,06 - SMV unattended vehicle,Old Ottawa South
4977,ALTA VISTA DR @ RIDGEMONT AVE,370518.4438,5026672.444,-75.66090171,45.37691147,8/4/2015,13:04,01 - Clear,01 - Dry,01 - Traffic signal,02 - Intersection related,01 - Daylight,03 - P.D. only,03 - Rear end,Ledbury - Heron Gate - Ridgemont - Elmwood
4978,APPLETON DR @ MEADOWBROOK RD,374928.7344,5032231.342,-75.603807,45.42650006,8/7/2015,18:25,01 - Clear,01 - Dry,02 - Stop sign,03 - At intersection,01 - Daylight,03 - P.D. only,02 - Angle,Pineview
4979,FRANK ST btwn METCALFE ST & JACK PURCELL LANE,368203.6987,5030811.094,-75.68992162,45.41436308,1/13/2015,16:20,01 - Clear,01 - Dry,10 - No control,01 - Non intersection,01 - Daylight,03 - P.D. only,06 - SMV unattended vehicle,Centretown
4980,GREYROCK CRES btwn GLENMOUNT AVE & CAMEO DR,363934.2245,5025304.488,-75.74512556,45.36518942,1/14/2015,0:00,01 - Clear,03 - Loose snow,10 - No control,01 - Non intersection,00 - Unknown,03 - P.D. only,06 - SMV unattended vehicle,Braemar Park - Bel Air Heights - Copeland Park
4981,TARQUIN CRES btwn TYBALT CRES & TYBALT CRES,357210.3869,5019990.597,-75.831515,45.31790966,3/2/2015,12:38,01 - Clear,01 - Dry,10 - No control,01 - Non intersection,01 - Daylight,03 - P.D. only,06 - SMV unattended vehicle,Bells Corners West
4982,REGIONAL ROAD 174 btwn OR174 IC101 RAMP63 & OR174 IC101 RAMP45,382763.9551,5038896.119,-75.5026366,45.48563457,8/1/2015,10:42,01 - Clear,01 - Dry,10 - No control,01 - Non intersection,01 - Daylight,03 - P.D. only,99 - Other,Industrial Park
4983,COVENTRY RD @ VANIER PKWY,370676.3849,5031610.622,-75.65822578,45.4213285,9/19/2015,14:41,01 - Clear,01 - Dry,01 - Traffic signal,02 - Intersection related,01 - Daylight,03 - P.D. only,07 - SMV other,Overbrook
4984,MERIVALE RD @ WOODFIELD DR/ROYDON PL,365461.2597,5022298.139,-75.72600286,45.33800827,9/21/2015,16:45,01 - Clear,01 - Dry,01 - Traffic signal,02 - Intersection related,01 - Daylight,03 - P.D. only,03 - Rear end,Tanglewood
4985,AVENUE P btwn AVENUE Q & TREMBLAY RD,371781.5317,5031262.309,-75.64415304,45.41808959,6/14/2015,0:00,01 - Clear,01 - Dry,10 - No control,01 - Non intersection,00 - Unknown,03 - P.D. only,06 - SMV unattended vehicle,Industrial Park
4986,MACKAY ST btwn QUEEN VICTORIA ST & KEEFER ST,368409.5482,5033883.494,-75.68689502,45.44198875,6/18/2015,17:07,01 - Clear,01 - Dry,10 - No control,01 - Non intersection,01 - Daylight,03 - P.D. only,06 - SMV unattended vehicle,New Edinburgh
4987,LAUREL ST btwn BREEZEHILL AVE N & LORETTA AVE N,366054.7706,5029756.766,-75.71750583,45.40506793,6/6/2015,20:00,01 - Clear,01 - Dry,10 - No control,01 - Non intersection,01 - Daylight,03 - P.D. only,06 - SMV unattended vehicle,Centretow
4988,SLATER ST btwn BANK ST & O'CONNOR ST,367438.3961,5031366.469,-75.69962796,45.4194291,7/14/2015,13:21,01 - Clear,01 - Dry,10 - No control,01 - Non intersection,01 - Daylight,03 - P.D. only,04 - Sideswipe,Downtown
4989,BANK ST btwn JOHNSTON RD & SOUTHKEYS SC,370977.8566,5024620.789,-75.65531134,45.35840812,9/27/2015,6:08,01 - Clear,01 - Dry,10 - No control,01 - Non intersection,07 - Dark,03 - P.D. only,07 - SMV other,South Keys - Heron Gate - Greenboro West
4990,KIRKWOOD AVE N @ CARLING AVE,364275.3041,5027495.027,-75.7405081,45.38487069,6/30/2015,21:59,01 - Clear,01 - Dry,01 - Traffic signal,03 - At intersection,07 - Dark,03 - P.D. only,04 - Sideswipe,Westboro
4991,CHAMPLAIN BRIDGE/ISLAND PARK DR btwn BATE ISLAND & OTTAWA RIVER PKWY,363124.0881,5029685.434,-75.75494877,45.40467642,9/7/2015,18:00,01 - Clear,01 - Dry,10 - No control,07 - Overpass or bridge,01 - Daylight,03 - P.D. only,04 - Sideswipe,Westboro
4992,VIEWMOUNT DR btwn OVERLAKE DR & BISCAYNE CRES,365768.2634,5023072.097,-75.72199069,45.34494562,9/22/2015,8:30,01 - Clear,01 - Dry,10 - No control,01 - Non intersection,01 - Daylight,03 - P.D. only,06 - SMV unattended vehicle,Borden Farm - Stewart Farm - Parkwood Hills - Fisher Glen
4993,INDUSTRIAL AVE @ RIVERSIDE DR,370683.9979,5030592.193,-75.65826468,45.41216437,9/30/2015,23:10,01 - Clear,01 - Dry,01 - Traffic signal,03 - At intersection,07 - Dark,03 - P.D. only,04 - Sideswipe,Industrial Park
4994,HUNT CLUB RD btwn TURN LANE & TURN LANE (1),371637.5653,5024177.587,-75.64695173,45.35435776,9/17/2015,8:35,01 - Clear,01 - Dry,10 - No control,01 - Non intersection,01 - Daylight,03 - P.D. only,03 - Rear end,South Keys - Heron Gate - Greenboro West
4995,ST. LAURENT BLVD @ WALKLEY RD,373902.7501,5028047.215,-75.6175032,45.38895544,9/17/2015,14:15,01 - Clear,01 - Dry,01 - Traffic signal,02 - Intersection related,01 - Daylight,03 - P.D. only,03 - Rear end,Hawthorne Meadows
4996,CAMPEAU DR btwn TERRY FOX DR & HERLIHEY WAY,350502.8191,5019159.826,-75.91714068,45.31090283,10/8/2015,17:32,01 - Clear,01 - Dry,10 - No control,04 - At/near private drive,01 - Daylight,03 - P.D. only,02 - Angle,Kanata
4997,MERIVALE RD/LOTTA AVE @ CLYDE AVE,364520.7344,5024507.044,-75.73773553,45.35796441,1/9/2015,8:00,01 - Clear,04 - Slush,01 - Traffic signal,02 - Intersection related,01 - Daylight,03 - P.D. only,05 - Turning movement,Cityview - Skyline - Fisher Heights
4998,HAZELDEAN RD btwn CARP RD & Continuation of HAZELDEAN RD,348843.1301,5014408.147,-75.93872793,45.26825169,1/9/2015,8:13,01 - Clear,03 - Loose snow,10 - No control,01 - Non intersection,01 - Daylight,03 - P.D. only,04 - Sideswipe,Stittsville
4999,PORTOBELLO BLVD btwn NESTING WAY & INNES RD,385626.9504,5036905.564,-75.46634479,45.4673999,1/23/2015,11:20,01 - Clear,01 - Dry,10 - No control,01 - Non intersection,01 - Daylight,03 - P.D. only,05 - Turning movement,Fallingbrook
5000,MERIVALE RD/LOTTA AVE @ CLYDE AVE,364521.6983,5024506.08,-75.73772334,45.35795566,1/23/2015,16:58,01 - Clear,01 - Dry,01 - Traffic signal,02 - Intersection related,05 - Dusk,03 - P.D. only,02 - Angle,Cityview - Skyline - Fisher Heights
5001,GLADSTONE AVE @ ROCHESTER ST,366664.6257,5029788.048,-75.7097121,45.40529576,2/5/2015,19:37,01 - Clear,02 - Wet,01 - Traffic signal,03 - At intersection,07 - Dark,03 - P.D. only,02 - Angle,Centretown West
5002,WOODROFFE AVE btwn HWY417 IC127 RAMP53 & IRIS ST,362212.9342,5024611.642,-75.76717724,45.35909836,2/6/2015,19:06,01 - Clear,02 - Wet,10 - No control,04 - At/near private drive,07 - Dark,03 - P.D. only,03 - Rear end,Iris
5003,MERIVALE RD @ WEST HUNT CLUB RD,365612.6952,5021942.138,-75.72411457,45.33479191,7/8/2015,15:24,01 - Clear,01 - Dry,01 - Traffic signal,02 - Intersection related,01 - Daylight,03 - P.D. only,03 - Rear end,Tanglewood