Record,Location,X,Y,lon,lat,Date,Time,Environment,Road_Surface,Traffic_Control,Collision_Location,Light,Collision_Classification,Impact_type,Neighborhood
5004,SPRUCE ST @ BOOTH ST,366562.0666,5030324.568,-75.7109549,45.41013228,7/8/2015,17:48,01 - Clear,01 - Dry,02 - Stop sign,02 - Intersection related,01 - Daylight,03 - P.D. only,99 - Other,Centretown West
5005,INNES RD @ TENTH LINE RD,383951.0396,5036159.2,-75.48789395,45.46087672,8/13/2015,13:44,01 - Clear,01 - Dry,01 - Traffic signal,02 - Intersection related,01 - Daylight,03 - P.D. only,03 - Rear end,Queenswood Heights
5006,KING EDWARD AVE NB btwn ST. ANDREW ST & GUIGUES AVE,368195.3246,5032947.979,-75.68975359,45.43359079,8/17/2015,9:30,01 - Clear,01 - Dry,10 - No control,01 - Non intersection,01 - Daylight,03 - P.D. only,03 - Rear end,Lower Town
5007,FAIRMONT AVE btwn LAURENTIAN PL & CARLING AVE,366075.9585,5028576.904,-75.71738177,45.39444997,1/15/2015,12:00,01 - Clear,01 - Dry,10 - No control,01 - Non intersection,01 - Daylight,03 - P.D. only,06 - SMV unattended vehicle,Civic Hospital - Experimental Farm - Central Park
5008,VALLEYWOOD PL btwn LONGLEAF DR & RAINTREE DR,380700.9684,5033674.978,-75.52982985,45.43888628,2/22/2015,0:00,01 - Clear,01 - Dry,10 - No control,01 - Non intersection,00 - Unknown,03 - P.D. only,06 - SMV unattended vehicle,Chapel Hill South
5009,GLADSTONE AVE btwn BANK ST & O'CONNOR ST,367995.7071,5030612.571,-75.69260422,45.41259565,2/25/2015,17:50,01 - Clear,04 - Slush,10 - No control,01 - Non intersection,05 - Dusk,03 - P.D. only,06 - SMV unattended vehicle,Centretown
5010,RUSSELL RD btwn CLAYTON RD & RUISSELLET RD,398890.4093,5028940.132,-75.29828197,45.39407773,8/9/2015,21:25,01 - Clear,01 - Dry,10 - No control,01 - Non intersection,07 - Dark,03 - P.D. only,07 - SMV other,Navan - Vars
5011,DALHOUSIE ST btwn CATHCART ST & BRUYERE ST,367821.2664,5032862.985,-75.69454478,45.43285986,5/5/2015,22:15,01 - Clear,01 - Dry,10 - No control,01 - Non intersection,07 - Dark,03 - P.D. only,06 - SMV unattended vehicle,Lower Town
5012,GREENVIEW AVE btwn DON ST & CARLING AVE,359929.5586,5024906.042,-75.79628732,45.36193063,7/12/2015,11:00,01 - Clear,01 - Dry,10 - No control,01 - Non intersection,01 - Daylight,03 - P.D. only,06 - SMV unattended vehicle,Woodroffe - Lincoln Heights
5013,TURNER CRES btwn PRESTONE DR & MOUNTAINSIDE CRES,382777.4359,5038510.446,-75.50252541,45.48216313,8/7/2015,0:00,01 - Clear,01 - Dry,10 - No control,01 - Non intersection,00 - Unknown,03 - P.D. only,06 - SMV unattended vehicle,Queenswood Heights
5014,RIDGEBROOK DR btwn ERIC CRES & ERIC CRES,374713.4143,5031971.487,-75.60659518,45.42418358,7/14/2015,11:00,01 - Clear,01 - Dry,10 - No control,01 - Non intersection,01 - Daylight,03 - P.D. only,06 - SMV unattended vehicle,Pineview
5015,BRONSON AVE btwn RENFREW AVE & POWELL AVE,367371.8906,5029514.186,-75.70071279,45.40276876,7/14/2015,14:52,01 - Clear,01 - Dry,10 - No control,04 - At/near private drive,01 - Daylight,03 - P.D. only,02 - Angle,Centretown West
5016,LEITRIM RD btwn LIMEBANK RD & HIGH RD,370225.7163,5018395.433,-75.66573336,45.30246453,9/28/2015,3:00,01 - Clear,01 - Dry,10 - No control,01 - Non intersection,07 - Dark,03 - P.D. only,07 - SMV other,Gloucester
5017,INDUSTRIAL AVE @ RIVERSIDE DR,370683.9979,5030592.193,-75.65826468,45.41216437,7/14/2015,15:25,01 - Clear,01 - Dry,01 - Traffic signal,02 - Intersection related,01 - Daylight,03 - P.D. only,03 - Rear end,Industrial Park
5018,BANK ST btwn SUNNYSIDE AVE & HOPEWELL AVE,368750.8696,5028544.026,-75.68322541,45.39391496,7/15/2015,0:00,01 - Clear,01 - Dry,10 - No control,01 - Non intersection,00 - Unknown,03 - P.D. only,06 - SMV unattended vehicle,Old Ottawa South
5019,KIRKWOOD AVE btwn CLARE ST & BUELL ST,364084.5507,5027934.32,-75.74289102,45.38883954,9/21/2015,15:05,01 - Clear,01 - Dry,10 - No control,04 - At/near private drive,01 - Daylight,03 - P.D. only,02 - Angle,Westboro
5020,DWYER HILL RD @ MCCAFFREY TR,346150.602,5001344.681,-75.97412355,45.15086337,10/1/2015,9:10,01 - Clear,01 - Dry,02 - Stop sign,03 - At intersection,01 - Daylight,03 - P.D. only,02 - Angle,Munster Hamlet - Richmond
5021,MONTREAL RD btwn BETHAMY LANE & OGILVIE RD,375643.0233,5034548.568,-75.59434659,45.44727711,9/18/2015,8:25,01 - Clear,01 - Dry,10 - No control,01 - Non intersection,01 - Daylight,03 - P.D. only,04 - Sideswipe,Beacon Hill South - Cardinal Heights
5022,ST. PATRICK ST WB btwn MURRAY ST & ST. ANDREW ST,368379.3664,5032975.006,-75.68739813,45.43381726,9/20/2015,15:06,01 - Clear,01 - Dry,10 - No control,01 - Non intersection,01 - Daylight,03 - P.D. only,03 - Rear end,Lower Town
5023,FALLOWFIELD RD btwn EAGLESON RD & RICHMOND RD,357374.3264,5013327.167,-75.83013026,45.25793883,1/9/2015,8:40,03 - Snow,06 - Ice,10 - No control,01 - Non intersection,01 - Daylight,03 - P.D. only,07 - SMV other,Munster Hamlet - Richmond
5024,HUNTMAR DR btwn PALLADIUM DR & MAPLE GROVE RD,350165.4363,5016824.779,-75.92165684,45.28991328,1/9/2015,9:30,01 - Clear,04 - Slush,10 - No control,01 - Non intersection,01 - Daylight,03 - P.D. only,03 - Rear end,Stittsville
5025,CARP RD btwn HWY417 IC144 RAMP25 & WESTBROOK RD,347654.5392,5015531.332,-75.95377732,45.27843197,1/23/2015,17:12,01 - Clear,02 - Wet,10 - No control,01 - Non intersection,05 - Dusk,03 - P.D. only,03 - Rear end,Stittsville - Basswood
5026,TENTH LINE RD @ TENTH LINE RD,383531.0956,5037156.36,-75.49310322,45.46989572,1/26/2015,8:54,01 - Clear,06 - Ice,01 - Traffic signal,02 - Intersection related,01 - Daylight,03 - P.D. only,03 - Rear end,Orlans
5027,CHARLEMAGNE BLVD btwn TENTH LINE RD & VALADE CRES,383281.398,5038014.775,-75.49615901,45.47764706,2/7/2015,16:46,01 - Clear,01 - Dry,10 - No control,01 - Non intersection,01 - Daylight,03 - P.D. only,04 - Sideswipe,Fallingbrook
5028,INDUSTRIAL AVE @ RIVERSIDE DR,370683.2772,5030592.193,-75.65827388,45.41216444,9/10/2015,17:35,01 - Clear,01 - Dry,01 - Traffic signal,02 - Intersection related,01 - Daylight,03 - P.D. only,03 - Rear end,Industrial Park
5029,HUNT CLUB RD btwn MCCARTHY RD & RAMP,370597.284,5023455.014,-75.66032355,45.34795465,8/22/2015,14:00,01 - Clear,01 - Dry,10 - No control,01 - Non intersection,01 - Daylight,03 - P.D. only,04 - Sideswipe,Hunt Club East - Western Community
5030,BANK ST @ HUNT CLUB RD,371608.0158,5024097.587,-75.64733964,45.35364076,9/4/2015,12:07,01 - Clear,01 - Dry,01 - Traffic signal,03 - At intersection,01 - Daylight,03 - P.D. only,05 - Turning movement,South Keys - Heron Gate - Greenboro West
5031,BOAKE ST btwn LEJEUNE DR & LEJEUNE DR,385065.832,5036880.31,-75.47352361,45.46723739,1/5/2015,11:55,03 - Snow,06 - Ice,10 - No control,01 - Non intersection,01 - Daylight,03 - P.D. only,07 - SMV other,Fallingbrook
5032,BOUNDARY RD/GREGOIRE RD @ VICTORIA ST,391389.2974,5013403.587,-75.39678392,45.25526257,1/14/2015,8:24,01 - Clear,01 - Dry,02 - Stop sign,03 - At intersection,01 - Daylight,03 - P.D. only,02 - Angle,Metcalfe
5033,EMOND ST @ MONTREAL RD,370193.99,5033134.949,-75.6641868,45.43508902,8/26/2015,17:00,01 - Clear,01 - Dry,02 - Stop sign,03 - At intersection,01 - Daylight,03 - P.D. only,05 - Turning movement,Vanier
5034,CYRVILLE RD @ ST. LAURENT BLVD,372241.7208,5032111.22,-75.6381575,45.4256835,8/28/2015,8:27,01 - Clear,01 - Dry,01 - Traffic signal,02 - Intersection related,01 - Daylight,03 - P.D. only,03 - Rear end,Overbrook
5035,COLONIAL RD btwn LAFLEUR RD & BIRCHGROVE RD,397193.3435,5034984.232,-75.31881867,45.44868032,9/26/2015,22:49,01 - Clear,01 - Dry,10 - No control,01 - Non intersection,07 - Dark,03 - P.D. only,07 - SMV other,Cumberland - Estates
5036,FALLOWFIELD RD @ WOODROFFE AVE,365083.7086,5017902.83,-75.73135465,45.29849221,9/29/2015,8:05,01 - Clear,01 - Dry,01 - Traffic signal,02 - Intersection related,01 - Daylight,03 - P.D. only,03 - Rear end,New Barrhaven
5037,GEORGE ST btwn DALHOUSIE ST & CUMBERLAND ST,368174.2742,5032328.923,-75.69010228,45.42802266,9/3/2015,16:08,01 - Clear,01 - Dry,10 - No control,01 - Non intersection,01 - Daylight,03 - P.D. only,06 - SMV unattended vehicle,Byward Market
5038,DOUGLAS AVE btwn PUTMAN AVE & BEECHWOOD AVE,369280.9751,5033831.912,-75.6757637,45.44144481,6/5/2015,0:00,01 - Clear,01 - Dry,10 - No control,01 - Non intersection,00 - Unknown,03 - P.D. only,06 - SMV unattended vehicle,Lindenlea
5039,LEVIS AVE btwn ALTHA AVE & LACASSE AVE,370726.4781,5033215.706,-75.65737089,45.43576564,6/5/2015,17:00,01 - Clear,01 - Dry,10 - No control,01 - Non intersection,01 - Daylight,03 - P.D. only,06 - SMV unattended vehicle,Vanier South
5040,KING EDWARD AVE btwn RIDEAU ST & BESSERER ST,368521.7973,5032398.094,-75.68565258,45.42861346,7/14/2015,15:01,01 - Clear,01 - Dry,10 - No control,04 - At/near private drive,01 - Daylight,03 - P.D. only,02 - Angle,Lowe
5041,LEGGET DR @ SCHNEIDER RD,351493.6245,5022494.905,-75.90419085,45.34084744,9/28/2015,14:25,02 - Rain,02 - Wet,02 - Stop sign,02 - Intersection related,01 - Daylight,03 - P.D. only,02 - Angle,South March
5042,BANK ST @ MASON ST,377901.7668,5015639.369,-75.56827175,45.2769098,7/15/2015,16:30,01 - Clear,01 - Dry,02 - Stop sign,03 - At intersection,01 - Daylight,03 - P.D. only,02 - Angle,Greely
5043,BOURASSA ST @ ST. LAURENT BLVD,373235.2906,5029693.196,-75.62579784,45.40383077,7/17/2015,7:44,01 - Clear,01 - Dry,01 - Traffic signal,02 - Intersection related,01 - Daylight,03 - P.D. only,03 - Rear end,Industrial Park
5044,LACROIX AVE btwn TO BE DETERMINED & DUFORD DR (1),382226.9785,5037070.497,-75.50979266,45.46926899,9/23/2015,7:39,01 - Clear,01 - Dry,10 - No control,01 - Non intersection,01 - Daylight,03 - P.D. only,04 - Sideswipe,Queenswood Heights
5045,BOURASSA ST btwn ST. LAURENT BLVD & GLADWIN CRES,373296.2999,5029718.107,-75.62501513,45.40404894,10/5/2015,8:41,01 - Clear,01 - Dry,10 - No control,01 - Non intersection,01 - Daylight,03 - P.D. only,04 - Sideswipe,Industrial Park
5046,HOLMWOOD AVE btwn RALPH ST & MONK ST,368348.5931,5029117.069,-75.68828891,45.39910765,10/5/2015,11:02,01 - Clear,01 - Dry,10 - No control,01 - Non intersection,01 - Daylight,03 - P.D. only,04 - Sideswipe,The Glebe
5047,BANK ST @ SNAKE ISLAND RD/VICTORIA ST,383697.509,5010121.767,-75.49528812,45.22663904,9/21/2015,7:08,01 - Clear,01 - Dry,01 - Traffic signal,02 - Intersection related,01 - Daylight,03 - P.D. only,03 - Rear end,Metcalfe
5048,DEN HAAG DR btwn MERGANSER ST & CARWOOD CIRC,372406.9676,5034181.569,-75.63576173,45.44429554,9/21/2015,0:00,01 - Clear,01 - Dry,10 - No control,01 - Non intersection,00 - Unknown,03 - P.D. only,06 - SMV unattended vehicle,Carson Grove - Carson Meadows
5049,FALLOWFIELD RD btwn STEEPLE HILL CRES & MOODIE DR,358898.3412,5014304.834,-75.81060713,45.2666205,10/14/2015,7:48,01 - Clear,01 - Dry,10 - No control,01 - Non intersection,01 - Daylight,03 - P.D. only,03 - Rear end,Munster Hamlet - Richmond
5050,CAMERON ST @ REGIONAL RD 174,389859.8097,5042616.119,-75.41123284,45.51827411,1/10/2015,13:50,01 - Clear,02 - Wet,01 - Traffic signal,03 - At intersection,01 - Daylight,03 - P.D. only,02 - Angle,Cumberland - Estates
5051,EAGLESON RD @ FALLOWFIELD RD,355960.6702,5012593.924,-75.84821649,45.25144515,1/11/2015,15:08,01 - Clear,02 - Wet,01 - Traffic signal,03 - At intersection,01 - Daylight,03 - P.D. only,02 - Angle,Stittsville - Basswood
5052,HUNTMAR DR @ PALLADIUM DR S,349675.6066,5017364.954,-75.92785227,45.29480539,1/27/2015,16:00,01 - Clear,01 - Dry,01 - Traffic signal,02 - Intersection related,01 - Daylight,03 - P.D. only,03 - Rear end,Stittsville - Basswood
5053,GREENBANK RD @ WEST HUNT CLUB RD,361480.6409,5020501.997,-75.77699435,45.32217948,1/28/2015,18:22,01 - Clear,01 - Dry,01 - Traffic signal,02 - Intersection related,07 - Dark,03 - P.D. only,03 - Rear end,Greenbelt
5054,BANK ST btwn CLAREY AVE & HOLMWOOD AVE,368475.9249,5029215.39,-75.68664996,45.39998074,2/8/2015,14:04,03 - Snow,03 - Loose snow,10 - No control,04 - At/near private drive,01 - Daylight,03 - P.D. only,02 - Angle,The Glebe
5055,BANK ST @ HUNT CLUB RD,371607.7726,5024096.024,-75.64734295,45.35362672,2/8/2015,14:08,03 - Snow,03 - Loose snow,01 - Traffic signal,03 - At intersection,01 - Daylight,03 - P.D. only,02 - Angle,South Keys - Heron Gate - Greenboro West
5056,YORK ST WB btwn BYWARD MARKE SQ & SUSSEX DR,367822.2009,5032276.747,-75.69460786,45.42758501,9/13/2015,15:50,01 - Clear,01 - Dry,10 - No control,01 - Non intersection,01 - Daylight,03 - P.D. only,04 - Sideswipe,Byward Market
5057,MONTREAL RD btwn DEN HAAG DR & CODD'S RD,372602.9076,5034330.255,-75.63323677,45.44561436,9/14/2015,7:50,01 - Clear,01 - Dry,10 - No control,04 - At/near private drive,01 - Daylight,03 - P.D. only,02 - Angle,Carson Grove - Carson Meadows
5058,DUROCHER ST @ MONTREAL RD,370135.9878,5033101.315,-75.66493252,45.43479182,9/4/2015,17:22,01 - Clear,01 - Dry,02 - Stop sign,03 - At intersection,01 - Daylight,03 - P.D. only,05 - Turning movement,Vanier
5059,QUARRY RIDGE DR btwn COPPERWOOD ST & COPPERWOOD ST,380830.3239,5038139.765,-75.52748627,45.47904282,9/4/2015,0:00,01 - Clear,01 - Dry,10 - No control,01 - Non intersection,00 - Unknown,03 - P.D. only,06 - SMV unattended vehicle,Orleans South West
5060,MONTREAL RD btwn BETHAMY LANE & OGILVIE RD,375571.8521,5034503.613,-75.59526279,45.44687984,1/28/2015,7:15,01 - Clear,01 - Dry,10 - No control,01 - Non intersection,03 - Dawn,03 - P.D. only,03 - Rear end,Beacon Hill South - Cardinal Heights
5061,REGIONAL ROAD 174 btwn TRANSIT & OR174 IC109 RAMP54,376330.4152,5034667.268,-75.58554287,45.44827509,2/21/2015,14:26,03 - Snow,03 - Loose snow,10 - No control,01 - Non intersection,01 - Daylight,03 - P.D. only,07 - SMV other,Greenbelt
5062,COOPER ST @ O'CONNOR ST,367809.4319,5031084.49,-75.69492352,45.41685862,8/28/2015,10:50,01 - Clear,01 - Dry,02 - Stop sign,03 - At intersection,01 - Daylight,03 - P.D. only,04 - Sideswipe,Centretown
5063,LONGFIELDS DR btwn MOUNTSHANNON DR & WOODROFFE AVE,365335.4041,5017057.576,-75.72824888,45.29086502,7/25/2015,21:57,02 - Rain,02 - Wet,10 - No control,01 - Non intersection,07 - Dark,03 - P.D. only,06 - SMV unattended vehicle,Greenbelt
5064,HINTON AVE   N btwn ARMSTRONG ST & WELLINGTON ST W,364952.967,5029311.938,-75.7316337,45.40116101,8/14/2015,18:58,01 - Clear,01 - Dry,10 - No control,01 - Non intersection,01 - Daylight,03 - P.D. only,06 - SMV unattended vehicle,Islan
5065,ERNEST AVE btwn DENISON CRES & BROADVIEW AVE,363309.3583,5026182.812,-75.75299754,45.37314491,7/28/2015,0:00,01 - Clear,01 - Dry,10 - No control,01 - Non intersection,00 - Unknown,03 - P.D. only,06 - SMV unattended vehicle,Carlingwood West - Glabar Park - McKellar Heights
5066,LOCKHART AVE btwn PRINCE CHARLES RD & NEEPAWA AVE,361834.7976,5026485.312,-75.77178711,45.37598835,8/6/2015,18:59,01 - Clear,01 - Dry,10 - No control,04 - At/near private drive,01 - Daylight,03 - P.D. only,06 - SMV unattended vehicle,Carlingwood - McKellar Park - Laurentien View
5067,NICHOLAS ST btwn DALY AVE & SB RAMP FROM WALLER/NICHOLAS/MACKENZIE KIN,368280.3136,5031964.051,-75.6887943,45.42473005,10/1/2015,14:13,01 - Clear,01 - Dry,10 - No control,04 - At/near private drive,01 - Daylight,03 - P.D. only,02 - Angle,Sandy Hill
5068,ALTA VISTA DR @ CUNNINGHAM AVE,370344.0022,5028017.905,-75.66295011,45.3890338,10/2/2015,13:40,01 - Clear,01 - Dry,02 - Stop sign,02 - Intersection related,01 - Daylight,03 - P.D. only,03 - Rear end,Alta Vista
5069,KING EDWARD AVE @ OSGOODE ST/THOMAS MORE PRIV,368850.4275,5031852.215,-75.68152419,45.42367182,7/18/2015,9:35,02 - Rain,02 - Wet,01 - Traffic signal,02 - Intersection related,01 - Daylight,03 - P.D. only,03 - Rear end,Sandy Hill
5070,BANK ST btwn CAHILL DR & TURN LANE (1),371484.0518,5024145.155,-75.64891518,45.35408056,7/22/2015,9:44,01 - Clear,01 - Dry,10 - No control,04 - At/near private drive,01 - Daylight,03 - P.D. only,02 - Angle,South Keys - Heron Gate - Greenboro West
5071,RICHMOND RD @ SEYTON DR,357398.9806,5019314.356,-75.82918149,45.31181066,9/23/2015,8:15,01 - Clear,01 - Dry,01 - Traffic signal,02 - Intersection related,01 - Daylight,03 - P.D. only,03 - Rear end,Bells Corners West
5072,TELESAT CRT btwn JAMES NAISMITH DR & MEADOWBROOK RD,374932.6562,5032308.137,-75.60374596,45.42719062,10/5/2015,16:00,01 - Clear,01 - Dry,10 - No control,04 - At/near private drive,01 - Daylight,03 - P.D. only,05 - Turning movement,Pineview
5073,BRIAN COBURN BLVD @ MER BLEUE RD,383150.8189,5034441.164,-75.49839849,45.44550953,9/24/2015,17:33,01 - Clear,01 - Dry,02 - Stop sign,02 - Intersection related,01 - Daylight,03 - P.D. only,03 - Rear end,Orlans
5074,CASTLEFRANK RD btwn CONNELLY PL & GLAMORGAN DR,353214.0762,5016340.927,-75.88284054,45.28535605,10/16/2015,1:04,01 - Clear,01 - Dry,10 - No control,01 - Non intersection,07 - Dark,03 - P.D. only,07 - SMV other,Glen Cairn - Kanata South Business Park
5075,CAHILL DR @ UPLANDS DR,370087.7217,5023246.874,-75.66685315,45.34612948,5/29/2015,7:13,01 - Clear,01 - Dry,03 - Yield sign,02 - Intersection related,01 - Daylight,03 - P.D. only,03 - Rear end,Hunt Club East - Western Community
5076,BELFAST RD btwn TRAINYARDS DR & ST. LAURENT BLVD,372800.0012,5030553.02,-75.63123906,45.4116095,1/13/2015,6:25,01 - Clear,01 - Dry,10 - No control,04 - At/near private drive,07 - Dark,03 - P.D. only,02 - Angle,Industrial Park
5077,ST. LOUIS DR btwn BUCKSKIN WAY & ST. ANDRE DR,379674.8059,5038302.904,-75.54223969,45.48063549,1/13/2015,11:47,01 - Clear,05 - Packed snow,10 - No control,01 - Non intersection,01 - Daylight,03 - P.D. only,06 - SMV unattended vehicle,Orleans South West
5078,WOODROFFE AVE/HWY 417 WOODROFF IC127R25 @ HWY ,362181.0002,5024694.216,-75.76757523,45.35984396,1/29/2015,6:38,01 - Clear,01 - Dry,01 - Traffic signal,03 - At intersection,07 - Dark,03 - P.D. only,02 - Angle,Iris
5079,CARLING AVE btwn MARCH RD & SCHNEIDER RD,350948.0987,5022274.941,-75.91117189,45.33890426,1/29/2015,7:29,01 - Clear,06 - Ice,10 - No control,01 - Non intersection,03 - Dawn,03 - P.D. only,03 - Rear end,South March
5080,INNES RD @ STONEHENGE CRES W,375200.7051,5031216.082,-75.60047693,45.41733799,2/8/2015,15:52,03 - Snow,03 - Loose snow,01 - Traffic signal,03 - At intersection,01 - Daylight,03 - P.D. only,02 - Angle,Industrial Park
5081,HEATH ST btwn NORWOOD AVE & LOGAN AVE,370232.2465,5028949.556,-75.66425362,45.39742692,9/17/2015,0:00,01 - Clear,01 - Dry,10 - No control,01 - Non intersection,00 - Unknown,03 - P.D. only,06 - SMV unattended vehicle,Alta Vista
5082,INDUSTRIAL AVE btwn RUSSELL RD & ST. LAURENT BLVD,372851.1987,5029955.142,-75.63066757,45.40622509,9/17/2015,15:41,01 - Clear,01 - Dry,10 - No control,04 - At/near private drive,01 - Daylight,03 - P.D. only,05 - Turning movement,Industrial Park
5083,MURRAY ST btwn SUSSEX DR & PARENT AVE,367729.1507,5032406.389,-75.69578032,45.42875986,9/4/2015,0:00,01 - Clear,01 - Dry,10 - No control,01 - Non intersection,00 - Unknown,03 - P.D. only,06 - SMV unattended vehicle,Byward Market
5084,DUNNING RD btwn MARKET ST & LOOKOUT DR,390414.2675,5042214.356,-75.40420724,45.51459168,9/5/2015,11:24,01 - Clear,01 - Dry,10 - No control,04 - At/near private drive,01 - Daylight,03 - P.D. only,06 - SMV unattended vehicle,Cumberland - Estates
5085,RUMFORD DR btwn VARENNES BLVD & DUPLANTE AVE,385212.7694,5037958.067,-75.47146844,45.4769171,3/31/2015,20:35,01 - Clear,01 - Dry,10 - No control,04 - At/near private drive,07 - Dark,03 - P.D. only,06 - SMV unattended vehicle,Cardinal Creek
5086,ALBION RD @ ROSEBELLA AVE,372386.7427,5023063.426,-75.63754333,45.34426112,9/2/2015,21:08,01 - Clear,01 - Dry,02 - Stop sign,03 - At intersection,07 - Dark,03 - P.D. only,05 - Turning movement,Emerald Woods - Sawmill Creek
5087,JOCKVALE RD @ STRANDHERD DR,363561.2012,5014578.198,-75.75115933,45.26870614,10/1/2015,12:39,01 - Clear,01 - Dry,01 - Traffic signal,03 - At intersection,01 - Daylight,03 - P.D. only,05 - Turning movement,Barrhaven West - Old Barrhaven
5088,NORFOLK AVE btwn ADELINE ST & CARLING AVE,366861.818,5029026.334,-75.70728917,45.39842461,8/31/2015,0:00,01 - Clear,01 - Dry,10 - No control,01 - Non intersection,00 - Unknown,03 - P.D. only,06 - SMV unattended vehicle,Little Italy
5089,RIDEAU ST btwn 88 W OF WILLIAM ST & WILLIAM ST,368056.6036,5032131.281,-75.6916313,45.42625499,6/25/2015,8:26,01 - Clear,01 - Dry,10 - No control,01 - Non intersection,01 - Daylight,03 - P.D. only,06 - SMV unattended vehicle,Byward Market - Parliament Hill
5090,ST. LAURENT BLVD @ TREMBLAY RD,372595.8941,5031241.126,-75.63375175,45.41782056,7/21/2015,16:35,01 - Clear,01 - Dry,01 - Traffic signal,02 - Intersection related,01 - Daylight,03 - P.D. only,04 - Sideswipe,Industrial Park
5091,BAYSHORE DR @ WOODRIDGE CRES N,359072.1503,5023875.438,-75.80734423,45.35272415,7/22/2015,11:46,01 - Clear,01 - Dry,01 - Traffic signal,02 - Intersection related,01 - Daylight,03 - P.D. only,05 - Turning movement,Bayshore
5092,INNES RD btwn 260 E OF BELCOURT BLVD/WALMART SC & JEANNE D'ARC BLVD/ME,382627.6635,5035563.59,-75.50490767,45.45566661,10/5/2015,21:23,01 - Clear,01 - Dry,10 - No control,04 - At/near private drive,07 - Dark,03 - P.D. only,02 - Angle,Orleans Village - Chateauneuf
5093,HUNTER'S RUN DR @ JEANNE D'ARC BLVD,380567.0265,5036174.933,-75.53115661,45.46139347,9/24/2015,17:48,01 - Clear,01 - Dry,01 - Traffic signal,03 - At intersection,01 - Daylight,03 - P.D. only,07 - SMV other,Chapel Hill
5094,HUNT CLUB RD @ RIVERSIDE DR,368035.9823,5021945.138,-75.69319944,45.3346047,6/26/2015,15:18,01 - Clear,01 - Dry,01 - Traffic signal,02 - Intersection related,01 - Daylight,03 - P.D. only,03 - Rear end,Hunt Club Woods - Quintarra - Revelstoke - Riverside South P
5095,BRONSON AVE @ POWELL AVE,367386.4375,5029477.574,-75.70053164,45.40243804,7/2/2015,9:35,01 - Clear,01 - Dry,01 - Traffic signal,03 - At intersection,01 - Daylight,03 - P.D. only,05 - Turning movement,The Glebe
5096,DALY AVE @ KING EDWARD AVE,368592.6715,5032274.068,-75.68476298,45.42749105,1/13/2015,17:16,01 - Clear,01 - Dry,02 - Stop sign,03 - At intersection,05 - Dusk,03 - P.D. only,02 - Angle,Sandy Hill
5097,CARLING AVE @ CORKSTOWN RD,357998.6978,5023424.029,-75.8210919,45.34874462,1/29/2015,10:40,01 - Clear,01 - Dry,01 - Traffic signal,02 - Intersection related,01 - Daylight,03 - P.D. only,03 - Rear end,Crystal Bay - Lakeview Park - Britannia Village
5098,FISHER AVE @ NORMANDY CRES N,366684.7045,5024782.04,-75.71008317,45.36025111,1/29/2015,14:41,01 - Clear,05 - Packed snow,02 - Stop sign,03 - At intersection,01 - Daylight,03 - P.D. only,07 - SMV other,Carleton Heights - Rideauview
5099,COLONNADE RD    S btwn COLONNADE RD & CONCOURSE GT,366312.9755,5022706.965,-75.71508573,45.34161266,2/10/2015,16:05,01 - Clear,02 - Wet,10 - No control,04 - At/near private drive,01 - Daylight,03 - P.D. only,05 - Turning movement,Industrial Park
5100,ST. JOSEPH BLVD btwn YOUVILLE DR & NOTRE DAME ST W,379214.8616,5036172.494,-75.54844487,45.46151686,2/11/2015,7:35,01 - Clear,01 - Dry,10 - No control,01 - Non intersection,01 - Daylight,03 - P.D. only,04 - Sideswipe,Greenbelt
5101,WOODFIELD DR btwn DOWNSVIEW CRES & MERIVALE RD,365363.9176,5022268.736,-75.72724837,45.33775211,9/18/2015,7:40,01 - Clear,01 - Dry,10 - No control,04 - At/near private drive,01 - Daylight,03 - P.D. only,05 - Turning movement,Tanglewood
5102,BRONSON AVE @ MACLAREN ST,366998.9789,5030399.204,-75.70536422,45.41076514,9/18/2015,8:41,01 - Clear,01 - Dry,02 - Stop sign,02 - Intersection related,01 - Daylight,03 - P.D. only,04 - Sideswipe,Chinatown
5103,ALBION RD @ BANK ST,371945.2865,5024129.139,-75.6430313,45.35389244,9/5/2015,12:09,01 - Clear,01 - Dry,01 - Traffic signal,03 - At intersection,01 - Daylight,03 - P.D. only,05 - Turning movement,Emerald Woods - Sawmill Creek
5104,SCALA AVE btwn LICHEN AVE & ST. BRUNO ST,385126.3184,5036361.758,-75.47283495,45.46256501,9/7/2015,0:00,01 - Clear,01 - Dry,10 - No control,01 - Non intersection,00 - Unknown,03 - P.D. only,06 - SMV unattended vehicle,Avalon
5105,RIVERSIDE DR @ UPLANDS DR/KIMBERWICK CRES N,368193.9953,5022793.14,-75.69107498,45.34222059,5/7/2015,4:22,01 - Clear,01 - Dry,01 - Traffic signal,03 - At intersection,07 - Dark,03 - P.D. only,07 - SMV other,Hunt Club Woods - Quintarra - Revelstoke - Riverside South P
5106,REGIONAL ROAD 174 btwn OR174 IC109 RAMP86 & OR174 IC109 RAMP64,376570.4152,5035242.404,-75.58239115,45.45342519,5/21/2015,17:47,01 - Clear,01 - Dry,10 - No control,01 - Non intersection,01 - Daylight,03 - P.D. only,99 - Other,Greenbelt