Record,Location,X,Y,lon,lat,Date,Time,Environment,Road_Surface,Traffic_Control,Collision_Location,Light,Collision_Classification,Impact_type,Neighborhood
5107,VANIER PKWY SB btwn QUEEN MARY ST & PRESLAND RD,370360.8276,5031906.054,-75.66221825,45.42401632,9/5/2015,11:00,01 - Clear,01 - Dry,10 - No control,01 - Non intersection,01 - Daylight,03 - P.D. only,04 - Sideswipe,Overbrook
5108,ISABELLA ST/HWY 417 O'CONN IC119BR57 @ O'CONNO,368297.7045,5030308.485,-75.68878543,45.40983225,9/7/2015,20:44,02 - Rain,02 - Wet,01 - Traffic signal,02 - Intersection related,07 - Dark,03 - P.D. only,07 - SMV other,The Glebe
5109,HAVENHURST CRES btwn SOUTHPORT DR & SOUTHPORT DR,372383.7002,5024691.944,-75.63735957,45.35891424,8/31/2015,22:00,01 - Clear,01 - Dry,10 - No control,01 - Non intersection,07 - Dark,03 - P.D. only,06 - SMV unattended vehicle,Greenboro East
5110,GARRITY CRES btwn BALINROAN CRES & LEAMINGTON WAY,364948.5461,5014257.353,-75.73351971,45.26570189,7/30/2015,2:04,01 - Clear,01 - Dry,10 - No control,01 - Non intersection,07 - Dark,03 - P.D. only,06 - SMV unattended vehicle,New Barrhaven
5111,PINE BLUFF TR btwn TRAILWAY CIRC & TRAILWAY CIRC,350450.5331,5014245.542,-75.91825967,45.26668601,9/3/2015,20:00,01 - Clear,01 - Dry,10 - No control,01 - Non intersection,07 - Dark,03 - P.D. only,06 - SMV unattended vehicle,Stittsville
5112,BRAMBLEWOOD CRES btwn STONEMEADOW DR & THUNDERBIRD CRES,355775.9422,5016691.006,-75.85014919,45.288325,8/31/2015,19:17,01 - Clear,01 - Dry,10 - No control,04 - At/near private drive,01 - Daylight,03 - P.D. only,06 - SMV unattended vehicle,Bridlewood - Emerald Meadows
5113,STAR TOP RD btwn Continuation of STAR TOP RD & INNES RD,374073.4916,5030853.588,-75.61492877,45.41418896,10/8/2015,13:31,01 - Clear,01 - Dry,10 - No control,01 - Non intersection,01 - Daylight,03 - P.D. only,03 - Rear end,Industrial Park
5114,MANSFIELD AVE @ RICHMOND RD,362425.9706,5027632.457,-75.76410582,45.38626185,7/22/2015,13:27,01 - Clear,01 - Dry,02 - Stop sign,03 - At intersection,01 - Daylight,03 - P.D. only,02 - Angle,Carlingwood - McKellar Park - Laurentien View
5115,MERIVALE RD @ BASIL MACDONALD WAY/MERIVALE MAL,365096.5618,5023171.597,-75.73054929,45.34589897,7/22/2015,14:45,01 - Clear,01 - Dry,01 - Traffic signal,02 - Intersection related,01 - Daylight,03 - P.D. only,03 - Rear end,Crestview - Meadowlands
5116,PRESTON ST @ SOMERSET ST,366306.9779,5030127.208,-75.71423811,45.40837895,9/23/2015,16:11,01 - Clear,01 - Dry,01 - Traffic signal,02 - Intersection related,01 - Daylight,03 - P.D. only,03 - Rear end,Little Italy
5117,HENDERSON AVE btwn OSGOODE ST & SOMERSET ST E,368987.641,5031783.968,-75.67977986,45.42304518,9/23/2015,0:00,01 - Clear,01 - Dry,10 - No control,01 - Non intersection,00 - Unknown,03 - P.D. only,06 - SMV unattended vehicle,Sandy Hill
5118,FAIRBANKS AVE @ SMYTH RD,370628.7207,5029080.476,-75.65917265,45.39856772,10/6/2015,10:11,01 - Clear,01 - Dry,02 - Stop sign,03 - At intersection,01 - Daylight,03 - P.D. only,02 - Angle,Alta Vista
5119,MEADOW DR @ PARKWAY RD,378554.2068,5014087.638,-75.56018757,45.26287983,9/28/2015,16:00,02 - Rain,02 - Wet,02 - Stop sign,03 - At intersection,01 - Daylight,03 - P.D. only,02 - Angle,Greely
5120,COLDREY AVE @ KIRKWOOD AVE,364438.6955,5027136.179,-75.73846516,45.38162795,9/28/2015,16:20,02 - Rain,02 - Wet,01 - Traffic signal,03 - At intersection,01 - Daylight,03 - P.D. only,02 - Angle,Carlington
5121,INNES RD @ STAR TOP RD/WINDMILL LANE,374147.7258,5030666.2,-75.61400679,45.41249558,7/2/2015,6:50,01 - Clear,01 - Dry,01 - Traffic signal,02 - Intersection related,01 - Daylight,03 - P.D. only,03 - Rear end,Industrial Park
5122,BELFAST RD @ ST. LAURENT BLVD,372860.7241,5030578.202,-75.63045988,45.41183017,7/2/2015,12:53,01 - Clear,01 - Dry,01 - Traffic signal,02 - Intersection related,01 - Daylight,03 - P.D. only,03 - Rear end,Industrial Park
5123,INNES RD @ ORCHARDVIEW AVE/ESPRIT DR,384842.8369,5036559.114,-75.47642722,45.46437317,1/14/2015,14:35,01 - Clear,01 - Dry,01 - Traffic signal,03 - At intersection,01 - Daylight,03 - P.D. only,02 - Angle,Fallingbrook
5124,RIVERSIDE DR @ 175 S OF HUNT CLUB  RD/RUNWAY C,368028.5,5021767.746,-75.69331756,45.33300924,1/14/2015,17:32,01 - Clear,01 - Dry,01 - Traffic signal,03 - At intersection,05 - Dusk,03 - P.D. only,05 - Turning movement,Hunt Club Woods - Quintarra - Revelstoke - Riverside South P
5125,ROYDON PL btwn WOODFIELD DR & WEST HUNT CLUB RD,365795.8889,5022397.898,-75.72172132,45.33887687,1/29/2015,14:44,03 - Snow,05 - Packed snow,10 - No control,01 - Non intersection,01 - Daylight,03 - P.D. only,01 - Approaching,Industrial Park
5126,BARNSDALE RD @ GREENBANK RD,365590.6887,5010924.985,-75.72574508,45.23566202,1/29/2015,15:37,03 - Snow,03 - Loose snow,02 - Stop sign,02 - Intersection related,01 - Daylight,03 - P.D. only,02 - Angle,New Barrhaven
5127,STRANDHERD DR @ LONGFIELDS DR,364547.8466,5015171.879,-75.73851539,45.27396495,2/11/2015,9:38,01 - Clear,01 - Dry,01 - Traffic signal,02 - Intersection related,01 - Daylight,03 - P.D. only,03 - Rear end,New Barrhaven
5128,WEST HUNT CLUB RD EB btwn WOODROFFE AVE & 354 E OF WOODROFFE AVE/REC P,363792.1368,5021338.537,-75.74741226,45.32951617,2/11/2015,9:30,01 - Clear,05 - Packed snow,10 - No control,01 - Non intersection,01 - Daylight,03 - P.D. only,03 - Rear end,Tanglewood
5129,ROTHWELL DR btwn GROUSE NEST & AUDUBON PL,373918.3693,5035432.977,-75.61626753,45.4554072,9/18/2015,12:39,01 - Clear,01 - Dry,10 - No control,01 - Non intersection,01 - Daylight,03 - P.D. only,01 - Approaching,Gloucester
5130,GLENCOE ST btwn BELLMAN DR & MIDLAND CRES,361080.9191,5020947.944,-75.78204203,45.32622428,9/16/2015,0:00,01 - Clear,01 - Dry,10 - No control,01 - Non intersection,00 - Unknown,03 - P.D. only,06 - SMV unattended vehicle,Sheahan Estates - Trend Village - Arlington Woods
5131,BRIGITTA ST btwn ROMINA ST & OPUS ST,354607.7319,5015331.05,-75.86517731,45.27617157,9/18/2015,0:00,01 - Clear,01 - Dry,10 - No control,01 - Non intersection,00 - Unknown,03 - P.D. only,06 - SMV unattended vehicle,Stittsville - Basswood
5132,KING EDWARD AVE @ LAURIER AVE,368738.9865,5032034.222,-75.68292448,45.42531965,9/8/2015,10:42,01 - Clear,01 - Dry,01 - Traffic signal,03 - At intersection,01 - Daylight,03 - P.D. only,05 - Turning movement,Sandy Hill
5133,FALLOWFIELD RD @ WOODROFFE AVE,365085.15,5017902.109,-75.73133636,45.2984856,9/8/2015,11:27,01 - Clear,01 - Dry,01 - Traffic signal,02 - Intersection related,01 - Daylight,03 - P.D. only,03 - Rear end,New Barrhaven
5134,MONTREAL RD @ FOXVIEW PL/DESLOGES PRIV,372908.4222,5034447.253,-75.62931546,45.44663734,5/29/2015,18:00,01 - Clear,01 - Dry,02 - Stop sign,03 - At intersection,01 - Daylight,03 - P.D. only,05 - Turning movement,Carson Grove - Carson Meadows
5135,BRONSON AVE @ THIRD AVE,367549.2706,5029089.36,-75.69850123,45.39893043,9/9/2015,18:05,01 - Clear,01 - Dry,02 - Stop sign,03 - At intersection,01 - Daylight,03 - P.D. only,05 - Turning movement,The Glebe
5136,INDUSTRIAL AVE/INNES RD @ ST. LAURENT BLVD,373101.1688,5030005.206,-75.62746772,45.4066512,9/12/2015,13:08,02 - Rain,02 - Wet,01 - Traffic signal,02 - Intersection related,01 - Daylight,03 - P.D. only,03 - Rear end,Industrial Park
5137,INNES RD @ TENTH LINE RD,383951.7603,5036159.2,-75.48788473,45.46087664,5/24/2015,18:36,01 - Clear,01 - Dry,01 - Traffic signal,02 - Intersection related,01 - Daylight,03 - P.D. only,03 - Rear end,Queenswood Heights
5138,LAPERRIERE AVE btwn CHURCHILL AVE S & MCBRIDE ST,363993.5345,5026628.022,-75.7442099,45.37709339,2/4/2015,11:37,03 - Snow,03 - Loose snow,10 - No control,01 - Non intersection,01 - Daylight,03 - P.D. only,06 - SMV unattended vehicle,Carlington
5139,INDUSTRIAL AVE btwn SANDFORD FLEMING AVE & NEIGHBORHOOD WAY,370974.9905,5030539.756,-75.6545544,45.41166511,9/21/2015,0:00,01 - Clear,01 - Dry,10 - No control,01 - Non intersection,00 - Unknown,03 - P.D. only,06 - SMV unattended vehicle,Industrial Park
5140,BOWERCREST CRES btwn JERSEY TEA CIRC & CORAL BERRY AVE,369434.9751,5015955.989,-75.6761332,45.28058803,9/8/2015,8:00,01 - Clear,01 - Dry,10 - No control,04 - At/near private drive,01 - Daylight,03 - P.D. only,06 - SMV unattended vehicle,Gloucester
5141,MCRAE AVE @ RICHMOND RD,363608.9692,5028536.753,-75.74889223,45.39430023,8/29/2015,8:15,01 - Clear,01 - Dry,01 - Traffic signal,02 - Intersection related,01 - Daylight,03 - P.D. only,03 - Rear end,Westboro
5142,INNES RD @ VISENEAU DR,381799.4718,5035073.196,-75.51557199,45.4513462,10/8/2015,15:32,01 - Clear,01 - Dry,01 - Traffic signal,03 - At intersection,01 - Daylight,03 - P.D. only,05 - Turning movement,Chapel Hill South
5143,CONROY RD @ HUNT CLUB RD,373764.4607,5025404.883,-75.61963808,45.36519452,10/8/2015,19:19,01 - Clear,01 - Dry,01 - Traffic signal,03 - At intersection,07 - Dark,03 - P.D. only,05 - Turning movement,Greenboro East
5144,ALTA VISTA DR @ BANK ST,370248.0691,5026201.1,-75.66441597,45.37269577,7/22/2015,15:49,01 - Clear,01 - Dry,01 - Traffic signal,02 - Intersection related,01 - Daylight,03 - P.D. only,03 - Rear end,Ledbury - Heron Gate - Ridgemont - Elmwood
5145,BELFAST RD @ ST. LAURENT BLVD,372860.7241,5030578.202,-75.63045988,45.41183017,7/22/2015,16:16,01 - Clear,01 - Dry,01 - Traffic signal,03 - At intersection,01 - Daylight,03 - P.D. only,05 - Turning movement,Industrial Park
5146,COLONNADE RD @ PRINCE OF WALES DR,367393.9909,5023266.156,-75.7012224,45.34654853,10/7/2015,7:57,01 - Clear,01 - Dry,01 - Traffic signal,03 - At intersection,01 - Daylight,03 - P.D. only,05 - Turning movement,Industrial Park
5147,GREENBANK RD @ LISA AVE,360554.4411,5022893.038,-75.78853849,45.34376825,9/29/2015,7:16,01 - Clear,01 - Dry,01 - Traffic signal,03 - At intersection,01 - Daylight,03 - P.D. only,05 - Turning movement,Iris
5148,COPERNICUS ST @ LAURIER AVE,368666.4322,5031989.218,-75.68385739,45.42492135,9/29/2015,9:49,02 - Rain,02 - Wet,02 - Stop sign,03 - At intersection,01 - Daylight,03 - P.D. only,02 - Angle,Sandy Hill
5149,SMYTH RD @ RIVERSIDE HOSPITAL,369987.88,5029121.221,-75.66735182,45.39899429,7/2/2015,14:00,01 - Clear,01 - Dry,01 - Traffic signal,02 - Intersection related,01 - Daylight,03 - P.D. only,07 - SMV other,Alta Vista
5150,NICHOLAS ST btwn DALY AVE & SB RAMP FROM WALLER/NICHOLAS/MACKENZIE KIN,368270.3828,5031984.623,-75.68891854,45.42491605,7/2/2015,15:30,01 - Clear,01 - Dry,10 - No control,04 - At/near private drive,01 - Daylight,03 - P.D. only,05 - Turning movement,Sandy Hill
5151,COLONNADE RD    S btwn COLONNADE RD & CONCOURSE GT,366235.6694,5022686.35,-75.71607463,45.34143395,1/15/2015,9:54,01 - Clear,02 - Wet,10 - No control,04 - At/near private drive,01 - Daylight,03 - P.D. only,02 - Angle,Industrial Park
5152,MONTGOMERY ST @ MONTREAL RD,369814.6765,5032921.07,-75.66906261,45.4332,1/10/2015,11:05,01 - Clear,04 - Slush,01 - Traffic signal,02 - Intersection related,01 - Daylight,03 - P.D. only,03 - Rear end,Vanier South
5153,AGES DR @ HAWTHORNE RD,374970.7773,5027715.126,-75.60391253,45.38586128,2/12/2015,6:20,03 - Snow,03 - Loose snow,01 - Traffic signal,02 - Intersection related,03 - Dawn,03 - P.D. only,02 - Angle,Industrial Park
5154,BAY ST @ GLADSTONE AVE,367463.6746,5030288.082,-75.69944211,45.40972384,2/12/2015,12:43,01 - Clear,02 - Wet,02 - Stop sign,02 - Intersection related,01 - Daylight,03 - P.D. only,03 - Rear end,Centretown
5155,MEADOWLANDS DR @ MERIVALE RD,364859.4206,5023725.871,-75.73350788,45.3509066,9/19/2015,0:20,01 - Clear,01 - Dry,01 - Traffic signal,03 - At intersection,07 - Dark,03 - P.D. only,05 - Turning movement,Cityview - Skyline - Fisher Heights
5156,GREENBANK RD @ STRANDHERD DR,363932.9632,5014784.057,-75.74639756,45.2705273,9/19/2015,9:45,01 - Clear,01 - Dry,01 - Traffic signal,03 - At intersection,01 - Daylight,03 - P.D. only,05 - Turning movement,New Barrhaven
5157,ANDERSON RD btwn HWY417 IC104 RAMP16 & HWY417 IC104 RAMP15,379987.1927,5026110.508,-75.5401055,45.37090345,9/8/2015,5:00,01 - Clear,01 - Dry,10 - No control,01 - Non intersection,07 - Dark,03 - P.D. only,07 - SMV other,Greenbelt
5158,TENTH LINE RD @ CHARLEMAGNE BLVD N/TOMPKINS AV,383183.9299,5037978.963,-75.49741123,45.47733581,9/10/2015,8:25,01 - Clear,01 - Dry,01 - Traffic signal,02 - Intersection related,01 - Daylight,03 - P.D. only,03 - Rear end,Queenswood Heights
5159,400 E OF TRAINYARDS DR @ INDUSTRIAL AVE,372091.6332,5030434.623,-75.64030422,45.41061269,6/4/2015,9:41,01 - Clear,01 - Dry,01 - Traffic signal,03 - At intersection,01 - Daylight,03 - P.D. only,07 - SMV other,Industrial Park
5160,HAWTHORNE RD btwn DAVIDSON RD & LEITRIM RD,376286.6668,5024498.577,-75.58757612,45.35678733,6/8/2015,11:03,02 - Rain,02 - Wet,10 - No control,01 - Non intersection,01 - Daylight,03 - P.D. only,07 - SMV other,Greenbelt
5161,ST. LAURENT BLVD @ COVENTRY RD/OGILVIE RD,372305.7195,5031951.935,-75.63736158,45.42424415,9/12/2015,12:30,02 - Rain,02 - Wet,01 - Traffic signal,02 - Intersection related,01 - Daylight,03 - P.D. only,03 - Rear end,Overbrook
5162,HUNT CLUB RD @ RIVERSIDE DR,368036.703,5021945.138,-75.69319025,45.33460464,9/13/2015,13:18,02 - Rain,02 - Wet,01 - Traffic signal,02 - Intersection related,01 - Daylight,03 - P.D. only,03 - Rear end,Hunt Club Woods - Quintarra - Revelstoke - Riverside South P
5163,HUNT CLUB RD btwn MOUNTAIN CRES & TURN LANE,371546.0338,5024032.722,-75.64813938,45.35306303,6/24/2015,6:58,01 - Clear,01 - Dry,10 - No control,01 - Non intersection,01 - Daylight,03 - P.D. only,04 - Sideswipe,South Keys - Heron Gate - Greenboro West
5164,COOPER ST @ LYON ST,367322.4264,5030792.923,-75.70118241,45.41427888,6/24/2015,9:06,01 - Clear,01 - Dry,02 - Stop sign,02 - Intersection related,01 - Daylight,03 - P.D. only,05 - Turning movement,Centretown
5165,CAMERON AVE @ LEONARD AVE,368546.2697,5028030.465,-75.68590462,45.38931275,7/11/2015,10:04,01 - Clear,01 - Dry,02 - Stop sign,03 - At intersection,01 - Daylight,03 - P.D. only,02 - Angle,Old Ottawa South
5166,COBOURG ST btwn HENEY ST & BEAUSOLEIL DR,369032.1088,5032931.205,-75.67906206,45.43336351,7/9/2015,22:30,01 - Clear,01 - Dry,10 - No control,01 - Non intersection,07 - Dark,03 - P.D. only,06 - SMV unattended vehicle,Lower Town
5167,CAMEO DR @ MAITLAND AVE,364150.7959,5025145.782,-75.74238023,45.36374311,9/9/2015,16:29,01 - Clear,01 - Dry,02 - Stop sign,02 - Intersection related,01 - Daylight,03 - P.D. only,04 - Sideswipe,Civic Hospital - Experimental Farm - Central Park
5168,CARLING AVE WB btwn CHURCHILL AVE N & SAIGON CRT,363946.5064,5027122.727,-75.74475105,45.38154864,10/9/2015,13:02,02 - Rain,02 - Wet,10 - No control,01 - Non intersection,01 - Daylight,03 - P.D. only,03 - Rear end,Westboro
5169,DALHOUSIE ST @ YORK ST,368093.7071,5032418.509,-75.69112028,45.42883601,10/9/2015,13:58,01 - Clear,01 - Dry,01 - Traffic signal,02 - Intersection related,01 - Daylight,03 - P.D. only,02 - Angle,Byward Market
5170,ELGIN ST @ LAURIER AVE,367948.7099,5031551.378,-75.6930843,45.42104697,7/22/2015,16:20,01 - Clear,01 - Dry,01 - Traffic signal,02 - Intersection related,01 - Daylight,03 - P.D. only,02 - Angle,Downtown
5171,HERON RD @ KALADAR AVE,369685.5432,5026804.628,-75.67151775,45.37817844,7/22/2015,17:32,01 - Clear,01 - Dry,01 - Traffic signal,03 - At intersection,01 - Daylight,03 - P.D. only,05 - Turning movement,Alta Vista
5172,DOMALATCHY PL @ WOODROFFE AVE,362404.4156,5024139.871,-75.76478834,45.35483769,9/23/2015,18:25,01 - Clear,01 - Dry,02 - Stop sign,02 - Intersection related,01 - Daylight,03 - P.D. only,03 - Rear end,Iris
5173,RIDEAU ST @ WURTEMBURG ST,369358.1476,5032924.508,-75.67489634,45.43327323,10/7/2015,20:41,01 - Clear,01 - Dry,01 - Traffic signal,02 - Intersection related,07 - Dark,03 - P.D. only,03 - Rear end,Sandy Hill
5174,ST. JOSEPH BLVD @ REGIONAL RD 174/TRANSITWAY,376555.2801,5035056.458,-75.58261176,45.45175372,10/8/2015,2:51,01 - Clear,01 - Dry,01 - Traffic signal,02 - Intersection related,07 - Dark,03 - P.D. only,07 - SMV other,Greenbelt
5175,REGIONAL RD 174 @ TRIM RD,384351.8533,5039989.26,-75.48214926,45.49529043,9/29/2015,13:06,02 - Rain,02 - Wet,01 - Traffic signal,02 - Intersection related,01 - Daylight,03 - P.D. only,04 - Sideswipe,Chatelaine Village
5176,RIOCAN AVE @ STRANDHERD DR,364171.5616,5014945.018,-75.74333784,45.27195553,9/29/2015,13:50,02 - Rain,02 - Wet,01 - Traffic signal,02 - Intersection related,01 - Daylight,03 - P.D. only,03 - Rear end,New Barrhaven
5177,GRACEWOOD CRES btwn CREEKVIEW WAY E & FINDLAY CREEK DR E,374475.7228,5019643.832,-75.61137085,45.31328852,12/1/2015,19:10,04 - Freezing Rain,06 - Ice,10 - No control,01 - Non intersection,07 - Dark,03 - P.D. only,06 - SMV unattended vehicle,Greenbelt
5178,ORCHARDVIEW AVE btwn GARDENWAY DR & INNES RD,384797.3769,5036657.776,-75.47699241,45.46526604,1/15/2015,17:50,03 - Snow,03 - Loose snow,10 - No control,01 - Non intersection,07 - Dark,03 - P.D. only,04 - Sideswipe,Fallingbrook
5179,CARLING AVE @ KIRKWOOD AVE S,364351.7005,5027335.139,-75.73955191,45.38342555,1/16/2015,23:07,01 - Clear,02 - Wet,01 - Traffic signal,03 - At intersection,07 - Dark,03 - P.D. only,05 - Turning movement,Carlington
5180,ISLAND PARK DR @ SCOTT ST,363834.0435,5029041.726,-75.7459574,45.39882495,1/31/2015,12:54,01 - Clear,01 - Dry,01 - Traffic signal,02 - Intersection related,01 - Daylight,03 - P.D. only,04 - Sideswipe,Island Park
5181,WOODROFFE AVE @ KNOXDALE RD/MEDHURST DR,363419.6899,5021825.041,-75.7521057,45.33392491,1/31/2015,22:59,03 - Snow,03 - Loose snow,01 - Traffic signal,03 - At intersection,07 - Dark,03 - P.D. only,05 - Turning movement,Woodvale - Craig Henry - Manordale - Estates of Arlington Wo
5182,BRONSON AVE @ CATHERINE ST/RAYMOND ST,367250.7808,5029795.121,-75.70222411,45.40530735,2/12/2015,18:31,03 - Snow,03 - Loose snow,01 - Traffic signal,03 - At intersection,07 - Dark,03 - P.D. only,05 - Turning movement,Centretown West
5183,EAGLESON RD @ FALLOWFIELD RD,355961.6341,5012594.766,-75.84820413,45.25145266,9/30/2015,13:05,01 - Clear,01 - Dry,01 - Traffic signal,03 - At intersection,01 - Daylight,03 - P.D. only,05 - Turning movement,Stittsville - Basswood
5184,INDUSTRIAL AVE @ RUSSELL RD,372465.0079,5030279.193,-75.63555599,45.4091782,9/11/2015,15:01,01 - Clear,01 - Dry,01 - Traffic signal,02 - Intersection related,01 - Daylight,03 - P.D. only,03 - Rear end,Industrial Park
5185,CHAMPLAIN ST @ JEANNE D'ARC BLVD,381380.4654,5038721.797,-75.52035962,45.48421932,9/11/2015,15:20,01 - Clear,01 - Dry,01 - Traffic signal,02 - Intersection related,01 - Daylight,03 - P.D. only,03 - Rear end,Orleans South West
5186,PORTOBELLO BLVD @ VALIN ST,385351.4867,5037696.488,-75.46973733,45.47454768,6/14/2015,2:30,01 - Clear,01 - Dry,02 - Stop sign,02 - Intersection related,07 - Dark,03 - P.D. only,03 - Rear end,Fallingbrook
5187,ANDERSON RD @ INNES RD,376281.4618,5031841.924,-75.58657886,45.42285937,9/13/2015,15:04,01 - Clear,01 - Dry,01 - Traffic signal,02 - Intersection related,01 - Daylight,03 - P.D. only,03 - Rear end,Greenbelt
5188,REGIONAL ROAD 174 btwn OR174 IC112 RAMP36 & OR174 IC112 RAMP26,374695.3423,5032766.64,-75.60671324,45.43133974,9/14/2015,6:30,02 - Rain,02 - Wet,10 - No control,01 - Non intersection,03 - Dawn,03 - P.D. only,03 - Rear end,Pineview
5189,BOOTH ST btwn VIMY PLACE PRIV & OTTAWA RIVER PKWY,366246.9597,5031048.129,-75.71488998,45.41667042,6/24/2015,7:40,01 - Clear,01 - Dry,10 - No control,01 - Non intersection,01 - Daylight,03 - P.D. only,04 - Sideswipe,LeBreton Flats
5190,DATA CENTRE RD @ RIVERSIDE DR,368898.8904,5027670.105,-75.68144861,45.38603816,6/24/2015,21:00,01 - Clear,01 - Dry,01 - Traffic signal,02 - Intersection related,05 - Dusk,03 - P.D. only,03 - Rear end,Alta Vista
5191,BLAIR RD @ REGIONAL RD 174 S/OR174 IC112 RAMP15,374907.8845,5032661.845,-75.60401213,45.43037557,7/11/2015,11:47,01 - Clear,01 - Dry,01 - Traffic signal,03 - At intersection,01 - Daylight,03 - P.D. only,05 - Turning movement,Pineview
5192,MARCH RD btwn SOLANDT RD & STATION RD,350836.9862,5022324.706,-75.91258493,45.33935935,7/12/2015,14:54,01 - Clear,01 - Dry,10 - No control,01 - Non intersection,01 - Daylight,03 - P.D. only,04 - Sideswipe,South March
5193,BRONSON AVE @ SUNNYSIDE AVE/UNIVERSITY RD - CA,367922.7101,5028092.628,-75.69385927,45.38992855,9/11/2015,12:30,01 - Clear,01 - Dry,01 - Traffic signal,02 - Intersection related,01 - Daylight,03 - P.D. only,04 - Sideswipe,Carleto
5194,OAK ST btwn PRESTON ST & END,366325.2315,5029947.329,-75.71402739,45.40675884,10/9/2015,16:15,01 - Clear,01 - Dry,10 - No control,04 - At/near private drive,01 - Daylight,03 - P.D. only,06 - SMV unattended vehicle,Little Italy
5195,DALHOUSIE ST @ RIDEAU ST,368206.1686,5032227.491,-75.68970778,45.42710712,10/10/2015,11:51,01 - Clear,01 - Dry,01 - Traffic signal,02 - Intersection related,01 - Daylight,03 - P.D. only,05 - Turning movement,Byward Market - Parliament Hill
5196,MEADOWLANDS DR @ MERIVALE RD,364858.6999,5023725.15,-75.73351717,45.35090017,7/22/2015,20:30,01 - Clear,01 - Dry,01 - Traffic signal,02 - Intersection related,05 - Dusk,03 - P.D. only,03 - Rear end,Cityview - Skyline - Fisher Heights
5197,BEECHWOOD AVE btwn CHAPLEAU AVE & PUTMAN AVE,369522.1029,5033853.9,-75.67267888,45.44162036,7/22/2015,21:36,01 - Clear,01 - Dry,10 - No control,01 - Non intersection,07 - Dark,03 - P.D. only,06 - SMV unattended vehicle,Vanier North
5198,MARCH RD btwn PETER ROBINSON RD & CORKERY RD,335076.1288,5015329.601,-76.11410926,45.27727088,9/23/2015,19:45,01 - Clear,01 - Dry,10 - No control,01 - Non intersection,07 - Dark,03 - P.D. only,07 - SMV other,Carp - Hardwood Plains
5199,MARCH RD btwn DUNROBIN RD & MURPHY CRT,347631.9565,5025842.225,-75.95317323,45.37121387,9/24/2015,7:01,01 - Clear,01 - Dry,10 - No control,01 - Non intersection,01 - Daylight,03 - P.D. only,07 - SMV other,Carp - Hardwood Plains
5200,LYON ST @ SOMERSET ST,367366.7003,5030715.484,-75.70062663,45.41357815,10/11/2015,14:41,01 - Clear,01 - Dry,01 - Traffic signal,03 - At intersection,01 - Daylight,03 - P.D. only,02 - Angle,Centretown
5201,RIDEAU ST @ WURTEMBURG ST,369356.7062,5032925.228,-75.67491466,45.43327984,10/12/2015,15:31,01 - Clear,01 - Dry,01 - Traffic signal,03 - At intersection,01 - Daylight,03 - P.D. only,02 - Angle,Sandy Hill
5202,ALBION RD @ RIDEAU RD,375094.1936,5016672.658,-75.60390521,45.2864933,8/6/2015,13:30,01 - Clear,01 - Dry,01 - Traffic signal,03 - At intersection,01 - Daylight,03 - P.D. only,02 - Angle,Greenbelt
5203,NORBERRY CRES btwn SPRINGLAND DR & SPRINGLAND DR,368694.6261,5025596.953,-75.68432507,45.36740318,8/8/2015,10:45,01 - Clear,01 - Dry,10 - No control,01 - Non intersection,01 - Daylight,03 - P.D. only,04 - Sideswipe,Riverside Park
5204,DONALD ST @ FINDON GT,372422.6877,5032446.173,-75.63579919,45.42867977,1/17/2015,22:06,01 - Clear,02 - Wet,02 - Stop sign,03 - At intersection,07 - Dark,03 - P.D. only,02 - Angle,Cummings
5205,WOODROFFE AVE btwn FIRESTATION & BASELINE RD,362508.2444,5023871.228,-75.76349463,45.35241193,2/1/2015,0:45,03 - Snow,02 - Wet,10 - No control,01 - Non intersection,07 - Dark,03 - P.D. only,03 - Rear end,Iris
5206,MERIVALE RD @ WOODFIELD DR/ROYDON PL,365464.6288,5022297.053,-75.72596001,45.3379982,2/1/2015,13:09,01 - Clear,02 - Wet,01 - Traffic signal,03 - At intersection,01 - Daylight,03 - P.D. only,02 - Angle,Tanglewood
5207,RICHMOND RD @ LYNHAR RD/STAFFORD RD,358137.2369,5021087.15,-75.81957592,45.32770673,2/13/2015,7:46,01 - Clear,01 - Dry,01 - Traffic signal,02 - Intersection related,01 - Daylight,03 - P.D. only,03 - Rear end,Bells Corners East
5208,COLONNADE RD @ MERIVALE RD,365363.695,5022544.978,-75.7272174,45.34023772,2/13/2015,8:03,01 - Clear,01 - Dry,01 - Traffic signal,02 - Intersection related,01 - Daylight,03 - P.D. only,04 - Sideswipe,Tanglewood
5209,ISABELLA ST/HWY 417 O'CONN IC119BR57 @ O'CONNO,368297.7045,5030308.485,-75.68878543,45.40983225,9/11/2015,16:21,01 - Clear,01 - Dry,01 - Traffic signal,02 - Intersection related,01 - Daylight,03 - P.D. only,04 - Sideswipe,The Glebe
5210,RIVERSIDE DR @ TREMBLAY RD/HWY417 IC117 RAMP52,370800.6367,5031016.268,-75.65671787,45.41596903,9/11/2015,18:07,01 - Clear,01 - Dry,01 - Traffic signal,03 - At intersection,01 - Daylight,03 - P.D. only,02 - Angle,Industrial Park
5211,BANK ST btwn ALTA VISTA DR & ERIE AVE,370141.2071,5026466.193,-75.66574507,45.37509097,6/18/2015,14:40,01 - Clear,01 - Dry,10 - No control,01 - Non intersection,01 - Daylight,03 - P.D. only,07 - SMV other,Ledbury - Heron Gate - Ridgemont - Elmwood