Record,Location,X,Y,lon,lat,Date,Time,Environment,Road_Surface,Traffic_Control,Collision_Location,Light,Collision_Classification,Impact_type,Neighborhood
5212,WEST HUNT CLUB RD @ WOODROFFE AVE,363669.9703,5021246.849,-75.74898156,45.32870143,6/26/2015,16:43,01 - Clear,01 - Dry,01 - Traffic signal,02 - Intersection related,01 - Daylight,03 - P.D. only,99 - Other,Woodvale - Craig Henry - Manordale - Estates of Arlington Wo
5213,ST. JEAN ST @ ST. JOSEPH BLVD,380969.0166,5037201.952,-75.52585789,45.47059003,9/14/2015,8:00,01 - Clear,01 - Dry,01 - Traffic signal,02 - Intersection related,01 - Daylight,03 - P.D. only,04 - Sideswipe,Orleans Village - Chateauneuf
5214,DALHOUSIE ST btwn YORK ST & GEORGE ST,368123.4554,5032369.553,-75.69074644,45.42839283,9/14/2015,10:41,01 - Clear,01 - Dry,10 - No control,04 - At/near private drive,01 - Daylight,03 - P.D. only,02 - Angle,Byward Market
5215,DAVIDSON RD btwn CONROY RD & HAWTHORNE RD,374793.8021,5023622.411,-75.60675206,45.34905458,4/5/2015,3:58,01 - Clear,01 - Dry,10 - No control,01 - Non intersection,07 - Dark,03 - P.D. only,07 - SMV other,Greenbelt
5216,RIVER RD btwn OSGOODE MAIN ST & DALMENY RD,373882.8855,4998571.79,-75.6218544,45.12374469,5/1/2015,17:45,01 - Clear,01 - Dry,10 - No control,01 - Non intersection,01 - Daylight,03 - P.D. only,99 - Other,Kars - Osgoode
5217,PALLADIUM DR @ SILVER SEVEN RD,351051.4469,5017888.42,-75.9102629,45.29942647,5/1/2015,17:35,01 - Clear,01 - Dry,01 - Traffic signal,03 - At intersection,01 - Daylight,03 - P.D. only,05 - Turning movement,Katimavik - Hazeldean
5218,RIVERGATE WAY @ RIVERSIDE DR,368115.7478,5023242.032,-75.69201588,45.34626669,3/31/2015,14:57,01 - Clear,01 - Dry,01 - Traffic signal,02 - Intersection related,01 - Daylight,03 - P.D. only,03 - Rear end,Hunt Club Woods - Quintarra - Revelstoke - Riverside South P
5219,MEADOWLANDS DR/TALLWOOD DR @ WOODROFFE AVE,363056.7509,5022730.69,-75.75662921,45.34210411,3/17/2015,15:49,01 - Clear,01 - Dry,01 - Traffic signal,02 - Intersection related,01 - Daylight,03 - P.D. only,03 - Rear end,Crestview - Meadowlands
5220,INDUSTRIAL AVE btwn TRAINYARDS DR & RUSSELL RD,372326.2009,5030352.797,-75.63731901,45.40985386,2/11/2015,7:49,01 - Clear,01 - Dry,10 - No control,04 - At/near private drive,01 - Daylight,03 - P.D. only,02 - Angle,Industrial Park
5221,CONROY RD btwn WALKLEY RD & ST. LAURENT BLVD,372949.9877,5027393.652,-75.62975955,45.38316831,2/16/2015,7:27,01 - Clear,06 - Ice,10 - No control,01 - Non intersection,01 - Daylight,03 - P.D. only,03 - Rear end,Industrial Park
5222,HWY 417 VANIER IC117R36 @ VANIER PKWY,370765.5295,5031470.732,-75.65710554,45.42006142,2/17/2015,6:50,01 - Clear,06 - Ice,10 - No control,02 - Intersection related,03 - Dawn,03 - P.D. only,03 - Rear end,Overbrook
5223,CARLING AVE @ FAIRLAWN AVE/WOODROFFE AVE E,361934.6841,5025830.528,-75.77058762,45.37008852,5/4/2015,19:00,02 - Rain,02 - Wet,01 - Traffic signal,02 - Intersection related,01 - Daylight,03 - P.D. only,07 - SMV other,Carlingwood West - Glabar Park - McKellar Heights
5224,GREENBANK RD @ STRANDHERD DR,363934.6478,5014782.971,-75.74637623,45.27051739,5/5/2015,14:53,01 - Clear,01 - Dry,01 - Traffic signal,03 - At intersection,01 - Daylight,03 - P.D. only,05 - Turning movement,New Barrhaven
5225,COLDREY AVE @ KIRKWOOD AVE,364438.0196,5027138.256,-75.73847353,45.38164669,2/27/2015,9:01,01 - Clear,01 - Dry,01 - Traffic signal,02 - Intersection related,01 - Daylight,03 - P.D. only,03 - Rear end,Carlington
5226,WELLINGTON ST btwn BAY ST & LYON ST N,366890.7824,5031397.378,-75.70662061,45.41975602,3/3/2015,10:09,01 - Clear,01 - Dry,10 - No control,01 - Non intersection,01 - Daylight,03 - P.D. only,05 - Turning movement,Downtown
5227,TENTH LINE RD btwn ST. JOSEPH BLVD & OLD TENTH LINE RD,383026.4251,5038396.024,-75.4993591,45.48110581,1/31/2015,15:37,01 - Clear,01 - Dry,10 - No control,01 - Non intersection,01 - Daylight,03 - P.D. only,03 - Rear end,Queenswood Heights
5228,ST. PATRICK ST btwn SUSSEX DR & PARENT AVE,367807.0003,5032545.175,-75.69476776,45.4300016,2/5/2015,3:56,01 - Clear,03 - Loose snow,10 - No control,01 - Non intersection,07 - Dark,03 - P.D. only,04 - Sideswipe,Byward Market
5229,HUNT CLUB RD @ RIVERSIDE DR,368035.7391,5021945.017,-75.69320256,45.33460363,2/5/2015,8:21,03 - Snow,06 - Ice,01 - Traffic signal,02 - Intersection related,01 - Daylight,03 - P.D. only,03 - Rear end,Hunt Club Woods - Quintarra - Revelstoke - Riverside South P
5230,CUMMINGS AVE @ OGILVIE RD,372749.6841,5032172.031,-75.63165856,45.42618148,3/5/2015,18:05,01 - Clear,01 - Dry,01 - Traffic signal,02 - Intersection related,05 - Dusk,03 - P.D. only,03 - Rear end,Cummings
5231,PARADISE CRES btwn GARDENWAY DR & GARDENWAY DR,385291.798,5037117.044,-75.47059555,45.46934129,2/8/2015,18:00,03 - Snow,03 - Loose snow,10 - No control,04 - At/near private drive,07 - Dark,03 - P.D. only,06 - SMV unattended vehicle,Fallingbrook
5232,DALHOUSIE ST @ MURRAY ST,368002.6268,5032573.113,-75.69226431,45.43023532,4/22/2015,8:52,02 - Rain,02 - Wet,01 - Traffic signal,03 - At intersection,01 - Daylight,03 - P.D. only,04 - Sideswipe,Byward Market
5233,HWY 417 ST.LAURE IC115R25 @ ST. LAURENT BLVD,372576.2154,5031284.202,-75.63399724,45.41821005,3/9/2015,13:16,01 - Clear,01 - Dry,10 - No control,02 - Intersection related,01 - Daylight,03 - P.D. only,03 - Rear end,Industrial Park
5234,BELCOURT BLVD @ INNES RD,382123.5849,5035267.4,-75.51139834,45.4530577,3/4/2015,14:41,01 - Clear,01 - Dry,01 - Traffic signal,02 - Intersection related,01 - Daylight,03 - P.D. only,03 - Rear end,Chapel Hill South
5235,GOLDRIDGE DR @ BLACKDOME CRES E,350268.0954,5020014.467,-75.92005558,45.31860836,1/12/2015,7:01,03 - Snow,03 - Loose snow,02 - Stop sign,02 - Intersection related,03 - Dawn,03 - P.D. only,01 - Approaching,Kanata Lakes - Marchwood Lakeside - Morgan's Grant - Kanata
5236,ALBION RD @ HUNT CLUB RD,371866.8152,5024319.37,-75.64400691,45.35561159,3/20/2015,15:00,01 - Clear,01 - Dry,01 - Traffic signal,02 - Intersection related,01 - Daylight,03 - P.D. only,03 - Rear end,South Keys - Heron Gate - Greenboro West
5237,BRONSON AVE btwn PLYMOUTH ST & RENFREW AVE,367322.3772,5029635.745,-75.7013298,45.40386694,3/27/2015,15:43,01 - Clear,01 - Dry,10 - No control,01 - Non intersection,01 - Daylight,03 - P.D. only,04 - Sideswipe,The Glebe
5238,EAGLESON RD @ MICHAEL COWPLAND DR/STONEHAVEN D,354382.626,5016622.962,-75.86791714,45.2878124,4/7/2015,10:15,01 - Clear,01 - Dry,01 - Traffic signal,03 - At intersection,01 - Daylight,03 - P.D. only,05 - Turning movement,Glen Cairn - Kanata South Business Park
5239,RICHARDSON SIDE RD btwn OAK CREEK RD & HUNTMAR DR,347609.9409,5018433.646,-75.95409525,45.30455074,4/8/2015,22:30,03 - Snow,04 - Slush,10 - No control,01 - Non intersection,07 - Dark,03 - P.D. only,07 - SMV other,Stittsville - Basswood
5240,DONALD B. MUNRO DR btwn FARMLAND RD & THOMAS ARGUE RD,339526.1683,5022630.315,-76.05688032,45.3427604,5/2/2015,7:25,01 - Clear,01 - Dry,10 - No control,01 - Non intersection,01 - Daylight,03 - P.D. only,07 - SMV other,Carp - Hardwood Plains
5241,EAGLESON RD @ 146 N OF ABBEYHILL DR/HAZELDEAN ,353775.2192,5018172.537,-75.87550692,45.30179842,4/7/2015,17:19,01 - Clear,01 - Dry,01 - Traffic signal,03 - At intersection,01 - Daylight,03 - P.D. only,05 - Turning movement,Greenbelt
5242,WOODROFFE AVE @ SPORTSPLEX N,363764.6262,5021067.716,-75.74779545,45.32708166,4/12/2015,15:24,01 - Clear,01 - Dry,01 - Traffic signal,02 - Intersection related,01 - Daylight,03 - P.D. only,03 - Rear end,Merivale Gardens - Grenfell Glen - Pineglen - Country Place
5243,TENTH LINE RD @ CHARLEMAGNE BLVD N/TOMPKINS AV,383182.966,5037977.4,-75.4974238,45.47732185,2/17/2015,7:30,01 - Clear,06 - Ice,01 - Traffic signal,02 - Intersection related,01 - Daylight,03 - P.D. only,07 - SMV other,Queenswood Heights
5244,STITTSVILLE MAIN ST @ HAZELDEAN RD,349558.3981,5014880.163,-75.92957068,45.2724539,5/5/2015,15:39,01 - Clear,01 - Dry,01 - Traffic signal,02 - Intersection related,01 - Daylight,03 - P.D. only,03 - Rear end,Stittsville
5245,EASTPARK DR btwn WEDGEWOOD CRES & INNES RD,378554.1041,5033189.57,-75.55734011,45.43474867,5/7/2015,18:33,01 - Clear,01 - Dry,10 - No control,04 - At/near private drive,01 - Daylight,03 - P.D. only,06 - SMV unattended vehicle,Blackburn Hamlet
5246,WURTEMBURG ST btwn LAFRAMBOISE PL & CLARENCE ST E,369156.5254,5033252.657,-75.67743006,45.43624437,2/15/2015,14:48,03 - Snow,03 - Loose snow,10 - No control,01 - Non intersection,01 - Daylight,03 - P.D. only,06 - SMV unattended vehicle,Lower Town
5247,DOWNPATRICK RD btwn COTTER'S CRES & SHANEGAL CRES,370422.726,5023006.629,-75.66261043,45.34393656,3/1/2015,17:00,03 - Snow,02 - Wet,10 - No control,01 - Non intersection,01 - Daylight,03 - P.D. only,06 - SMV unattended vehicle,Hunt Club - Ottawa Airport
5248,WAVERLEY ST btwn MACDONALD ST & ROBERT ST,368672.2085,5031169.857,-75.68388981,45.4175485,9/15/2015,0:00,01 - Clear,01 - Dry,10 - No control,01 - Non intersection,00 - Unknown,03 - P.D. only,06 - SMV unattended vehicle,Golden Triangle
5249,GREENBANK RD @ STRANDHERD DR,363934.6478,5014782.971,-75.74637623,45.27051739,4/29/2015,13:06,01 - Clear,01 - Dry,01 - Traffic signal,03 - At intersection,01 - Daylight,03 - P.D. only,02 - Angle,New Barrhaven
5250,HERON RD btwn JEFFERSON ST & TURN LANE,371945.9193,5027074.778,-75.6426229,45.38039617,4/30/2015,9:11,01 - Clear,01 - Dry,10 - No control,04 - At/near private drive,01 - Daylight,03 - P.D. only,07 - SMV other,Ledbury - Heron Gate - Ridgemont - Elmwood
5251,OLD TENTH LINE RD @ TENTH LINE RD,383039.7613,5038358.238,-75.49919455,45.48076435,2/1/2015,9:58,01 - Clear,02 - Wet,01 - Traffic signal,03 - At intersection,01 - Daylight,03 - P.D. only,05 - Turning movement,Queenswood Heights
5252,CHAPEL ST btwn RIDEAU ST & END,368866.6063,5032690.143,-75.68120847,45.4312097,2/1/2015,9:35,01 - Clear,05 - Packed snow,10 - No control,01 - Non intersection,01 - Daylight,03 - P.D. only,06 - SMV unattended vehicle,Lower Town
5253,KIRKWOOD AVE @ MERIVALE RD,364854.6653,5026645.097,-75.73321379,45.37717374,2/5/2015,8:27,01 - Clear,04 - Slush,01 - Traffic signal,03 - At intersection,01 - Daylight,03 - P.D. only,04 - Sideswipe,Carlington
5254,HOLLAND AVE @ WELLINGTON ST,364928.7375,5029153.072,-75.73196254,45.39973365,2/5/2015,8:48,01 - Clear,01 - Dry,01 - Traffic signal,02 - Intersection related,01 - Daylight,03 - P.D. only,04 - Sideswipe,Island Park
5255,GREENBANK RD @ JOCKVALE RD,364120.7239,5014329.931,-75.74405916,45.26642525,4/16/2015,20:44,01 - Clear,01 - Dry,01 - Traffic signal,02 - Intersection related,07 - Dark,03 - P.D. only,04 - Sideswipe,New Barrhaven
5256,DALHOUSIE ST btwn CLARENCE ST & YORK ST,368087.924,5032427.782,-75.69119299,45.42891997,1/1/2015,19:58,01 - Clear,03 - Loose snow,10 - No control,01 - Non intersection,07 - Dark,03 - P.D. only,06 - SMV unattended vehicle,Byward Market
5257,WINNEGREEN CRT btwn MAURYA CRT & MAURYA CRT,374945.4279,5026402.845,-75.60442264,45.37405653,2/11/2015,13:54,01 - Clear,01 - Dry,10 - No control,01 - Non intersection,01 - Daylight,03 - P.D. only,06 - SMV unattended vehicle,Hunt Club
5258,GREENBANK RD @ WEST HUNT CLUB RD,361478.6618,5020502.987,-75.77701948,45.32218855,1/12/2015,21:12,01 - Clear,02 - Wet,01 - Traffic signal,02 - Intersection related,07 - Dark,03 - P.D. only,03 - Rear end,Greenbelt
5259,SOMERSET ST @ PERCY ST,367114.69,5030569.838,-75.7038645,45.41229016,1/14/2015,16:07,01 - Clear,02 - Wet,01 - Traffic signal,02 - Intersection related,01 - Daylight,03 - P.D. only,02 - Angle,Chinatown
5260,FRANKTOWN RD btwn MUNSTER RD & GREEN'S RD,350773.847,5000815.542,-75.915379,45.14581604,4/11/2015,19:00,01 - Clear,01 - Dry,10 - No control,01 - Non intersection,01 - Daylight,03 - P.D. only,99 - Other,Munster Hamlet - Richmond
5261,MARCH RD btwn TERRY FOX DR & SOLANDT RD,350216.9581,5023002.704,-75.92043361,45.34550054,4/13/2015,7:29,01 - Clear,01 - Dry,10 - No control,01 - Non intersection,01 - Daylight,03 - P.D. only,07 - SMV other,South March
5262,RIDEAU VALLEY DR    N btwn BOUCHER CRES & SOUTHWICK DR,371318.1288,5007625.752,-75.65324652,45.20545809,4/12/2015,19:00,01 - Clear,01 - Dry,10 - No control,01 - Non intersection,01 - Daylight,03 - P.D. only,07 - SMV other,Manotick
5263,ALBERT ST @ LYON ST,367062.36,5031219.737,-75.7044509,45.41814241,2/20/2015,15:13,01 - Clear,02 - Wet,01 - Traffic signal,02 - Intersection related,01 - Daylight,03 - P.D. only,04 - Sideswipe,Downtown
5264,PLACE D'ORLEANS DR btwn CENTRUM BLVD & ST. JOSEPH BLVD,381968.2381,5038089.931,-75.51294105,45.47846961,2/22/2015,12:30,01 - Clear,02 - Wet,10 - No control,04 - At/near private drive,01 - Daylight,03 - P.D. only,05 - Turning movement,Industrial Park
5265,RIVERSIDE DR @ BROOKFIELD RD/HOG'S BACK RD,368168.6749,5026223.003,-75.69095835,45.37308397,3/22/2015,15:35,01 - Clear,01 - Dry,01 - Traffic signal,02 - Intersection related,01 - Daylight,03 - P.D. only,03 - Rear end,Riverside Park
5266,ST. JOSEPH BLVD btwn MAISONNEUVE ST & GABRIEL ST,381479.1948,5037590.275,-75.51927347,45.47402801,5/8/2015,16:15,01 - Clear,01 - Dry,10 - No control,04 - At/near private drive,01 - Daylight,03 - P.D. only,02 - Angle,Industrial Park
5267,BLAIR RD @ OGILVIE RD,374507.7237,5033197.129,-75.60904983,45.43523177,5/8/2015,17:30,01 - Clear,01 - Dry,01 - Traffic signal,02 - Intersection related,01 - Daylight,03 - P.D. only,04 - Sideswipe,Industrial Park
5268,MICHAEL ST btwn BELFAST RD & NEWMARKET ST,373203.0821,5030473.085,-75.62610103,45.410851,3/6/2015,16:10,01 - Clear,01 - Dry,10 - No control,04 - At/near private drive,01 - Daylight,03 - P.D. only,03 - Rear end,Industrial Park
5269,BEECHWOOD AVE @ CHARLEVOIX ST/MACKAY ST,369185.4658,5033592.895,-75.6770157,45.43930303,3/6/2015,14:45,01 - Clear,01 - Dry,01 - Traffic signal,03 - At intersection,01 - Daylight,03 - P.D. only,01 - Approaching,Lindenlea - New Edinburgh
5270,BEARBROOK RD @ CENTREPARK DR N,377786.744,5033369.053,-75.56711991,45.43644406,1/4/2015,14:46,02 - Rain,04 - Slush,02 - Stop sign,03 - At intersection,01 - Daylight,03 - P.D. only,05 - Turning movement,Blackburn Hamlet
5271,WOODROFFE AVE btwn EARL MULLIGAN DR & LONGFIELDS DR,365400.7451,5017157.002,-75.72740379,45.29175402,1/4/2015,20:30,04 - Freezing Rain,06 - Ice,10 - No control,04 - At/near private drive,07 - Dark,03 - P.D. only,03 - Rear end,Greenbelt
5272,REGIONAL ROAD 174 btwn OR174 IC109 RAMP56 & OR174 IC109 RAMP86,376453.4413,5034988.996,-75.58392342,45.45115719,2/3/2015,5:52,03 - Snow,02 - Wet,10 - No control,01 - Non intersection,07 - Dark,03 - P.D. only,07 - SMV other,Greenbelt
5273,OR174 IC109 RAMP56 @ REGIONAL RD 174,376310.7907,5034669.96,-75.58579333,45.44830132,2/3/2015,7:07,01 - Clear,06 - Ice,10 - No control,02 - Intersection related,03 - Dawn,03 - P.D. only,03 - Rear end,Greenbelt
5274,REGIONAL ROAD 174 btwn Continuation of REGIONAL ROAD 174 & OR174 IC112,374371.0964,5032525.763,-75.61089075,45.42920479,1/7/2015,8:40,03 - Snow,03 - Loose snow,10 - No control,01 - Non intersection,01 - Daylight,03 - P.D. only,04 - Sideswipe,Industrial Park
5275,PRINCE OF WALES DR @ STRANDHERD DR,367177.2175,5014824.673,-75.70505092,45.27061249,5/1/2015,19:52,01 - Clear,01 - Dry,01 - Traffic signal,03 - At intersection,01 - Daylight,03 - P.D. only,02 - Angle,Greenbelt
5276,CARLING AVE WB btwn ALPINE AVE & FOREST ST,360534.0782,5024963.364,-75.78856493,45.36239861,5/1/2015,15:50,01 - Clear,01 - Dry,10 - No control,01 - Non intersection,01 - Daylight,03 - P.D. only,03 - Rear end,Whitehaven - Queensway Terrace North
5277,REGIONAL RD 174 EB btwn REGIONAL RD 174 & TRIM RD,384644.806,5040230.969,-75.47836226,45.49743163,1/15/2015,10:48,03 - Snow,06 - Ice,10 - No control,01 - Non intersection,01 - Daylight,03 - P.D. only,03 - Rear end,Cumberland - Estates
5278,HIGHWAY 7 btwn OVERPASS RD & RAMP,340455.5064,5005107.467,-76.04627975,45.18503399,2/5/2015,6:25,01 - Clear,06 - Ice,10 - No control,01 - Non intersection,07 - Dark,03 - P.D. only,04 - Sideswipe,Munster Hamlet - Richmond
5279,RIVER RD btwn NICOLLS ISLAND RD & RIDEAU RD,367903.5984,5012655.57,-75.69607018,45.25103025,4/18/2015,13:00,01 - Clear,01 - Dry,10 - No control,01 - Non intersection,01 - Daylight,03 - P.D. only,07 - SMV other,Greenbelt
5280,SOMERSET ST    W btwn BECKINGTON PRIV & BANK ST,367679.2812,5030907.372,-75.6966089,45.41527668,5/2/2015,14:12,01 - Clear,01 - Dry,10 - No control,04 - At/near private drive,01 - Daylight,03 - P.D. only,02 - Angle,Centretown
5281,ANDERSON RD @ RIDGE RD,379029.7574,5028507.086,-75.55196679,45.39256846,5/2/2015,15:38,01 - Clear,01 - Dry,02 - Stop sign,03 - At intersection,01 - Daylight,03 - P.D. only,02 - Angle,Greenbelt
5282,BASELINE RD btwn MERIVALE RD & FARLANE BLVD,365275.2281,5025464.208,-75.72798905,45.36651214,4/28/2015,16:01,01 - Clear,01 - Dry,10 - No control,01 - Non intersection,01 - Daylight,03 - P.D. only,03 - Rear end,Cityview - Skyline - Fisher Heights
5283,QUEENSGROVE RD btwn FAIRLAWN AVE & PARKHURST BLVD,362467.323,5025200.386,-75.76386178,45.36437494,3/29/2015,9:39,01 - Clear,01 - Dry,10 - No control,01 - Non intersection,01 - Daylight,03 - P.D. only,06 - SMV unattended vehicle,Glabar Park
5284,HERON RD btwn BANK ST & EDGE HILL PL,370063.1899,5026860.699,-75.66668892,45.37864787,3/31/2015,13:54,02 - Rain,02 - Wet,10 - No control,01 - Non intersection,01 - Daylight,03 - P.D. only,03 - Rear end,Alta Vista
5285,INDUSTRIAL AVE @ RIVERSIDE DR,370685.6825,5030593.035,-75.65824304,45.41217179,4/16/2015,9:09,01 - Clear,01 - Dry,01 - Traffic signal,02 - Intersection related,01 - Daylight,03 - P.D. only,03 - Rear end,Industrial Park
5286,BOTTRIELL WAY @ MERKLEY DR,383751.9487,5037378.837,-75.49024342,45.47187243,3/6/2015,18:56,01 - Clear,01 - Dry,02 - Stop sign,03 - At intersection,07 - Dark,03 - P.D. only,02 - Angle,Fallingbrook
5287,BRIAN COBURN BLVD @ ESPRIT DR,385141.5803,5035343.07,-75.47280626,45.45339806,1/5/2015,8:40,01 - Clear,06 - Ice,02 - Stop sign,03 - At intersection,01 - Daylight,03 - P.D. only,02 - Angle,Avalon
5288,FALLOWFIELD RD btwn MERIVALE RD & WOODROFFE AVE,365655.7524,5018312.597,-75.7240112,45.30212995,2/3/2015,7:10,01 - Clear,06 - Ice,10 - No control,01 - Non intersection,03 - Dawn,03 - P.D. only,03 - Rear end,Greenbelt
5289,BRONSON AVE btwn RIVERSIDE DR RAMPS 34B & 42A-3 & BRONSON AVE RAMP 34,368467.2489,5027086.92,-75.68703539,45.38083019,2/3/2015,6:54,03 - Snow,06 - Ice,10 - No control,01 - Non intersection,03 - Dawn,03 - P.D. only,03 - Rear end,Riverside Park
5290,ALTA VISTA DR @ SMYTH RD,370432.7159,5029083.003,-75.6616756,45.39860886,2/5/2015,10:12,01 - Clear,02 - Wet,01 - Traffic signal,02 - Intersection related,01 - Daylight,03 - P.D. only,03 - Rear end,Alta Vista
5291,OTTAWA RIVER PKWY @ ISLAND PARK DR,363297.7314,5029452.118,-75.75275846,45.4025626,2/5/2015,7:50,01 - Clear,03 - Loose snow,01 - Traffic signal,02 - Intersection related,01 - Daylight,03 - P.D. only,03 - Rear end,Westboro
5292,ALBERT ST @ ELGIN ST/MACKENZIE KING BRIDGE,367850.0302,5031712.675,-75.69432446,45.42250717,5/1/2015,15:29,01 - Clear,01 - Dry,01 - Traffic signal,02 - Intersection related,01 - Daylight,03 - P.D. only,05 - Turning movement,Downtown
5293,NICHOLAS ST NB btwn LAURIER AVE E & WALLER ST,368452.4132,5031733.673,-75.68662506,45.42264155,5/1/2015,10:39,01 - Clear,01 - Dry,10 - No control,01 - Non intersection,01 - Daylight,03 - P.D. only,03 - Rear end,Sandy Hill
5294,BANK ST btwn EUCLID AVE & SUNNYSIDE AVE,368730.8533,5028592.634,-75.68347473,45.39435415,4/20/2015,12:36,02 - Rain,02 - Wet,10 - No control,01 - Non intersection,01 - Daylight,03 - P.D. only,03 - Rear end,Old Ottawa South
5295,DALHOUSIE ST btwn ST. PATRICK ST & MURRAY ST,367965.7098,5032631.178,-75.69272861,45.43076111,4/18/2015,22:05,01 - Clear,01 - Dry,10 - No control,04 - At/near private drive,07 - Dark,03 - P.D. only,02 - Angle,Byward Market
5296,GREENBANK RD btwn WEST HUNT CLUB RD & FALLOWFIELD RD,362842.3363,5017287.229,-75.7600028,45.29314177,1/16/2015,22:56,01 - Clear,06 - Ice,10 - No control,01 - Non intersection,07 - Dark,03 - P.D. only,07 - SMV other,Greenbelt
5297,AVIATION PKWY @ MONTREAL RD,372145.7014,5034109.09,-75.6391111,45.44366862,1/20/2015,7:07,01 - Clear,02 - Wet,01 - Traffic signal,02 - Intersection related,03 - Dawn,03 - P.D. only,03 - Rear end,Cummings
5298,BELFAST RD @ ST. LAURENT BLVD,372861.688,5030576.152,-75.63044785,45.41181163,4/18/2015,18:28,01 - Clear,01 - Dry,01 - Traffic signal,02 - Intersection related,01 - Daylight,03 - P.D. only,03 - Rear end,Industrial Park
5299,HERON RD @ BAYCREST DR,371145.5205,5026981.367,-75.65285451,45.37963195,4/18/2015,18:42,01 - Clear,01 - Dry,01 - Traffic signal,03 - At intersection,01 - Daylight,03 - P.D. only,05 - Turning movement,Ledbury - Heron Gate - Ridgemont - Elmwood
5300,BAYSHORE DR @ WOODRIDGE CRES N,359072.871,5023873.632,-75.80733523,45.35270785,5/2/2015,16:03,01 - Clear,01 - Dry,01 - Traffic signal,03 - At intersection,01 - Daylight,03 - P.D. only,05 - Turning movement,Bayshore
5301,KANATA AVE @ TERRY FOX DR,349304.9036,5019213.03,-75.93241245,45.31145852,5/2/2015,16:05,01 - Clear,01 - Dry,01 - Traffic signal,02 - Intersection related,01 - Daylight,03 - P.D. only,03 - Rear end,Kanata Lakes - Marchwood Lakeside - Morgan's Grant - Kanata
5302,RUSSELL RD btwn SOUTHVALE CRES & WALKLEY RD,374573.858,5028573.619,-75.60885923,45.39362523,4/30/2015,7:12,01 - Clear,01 - Dry,10 - No control,04 - At/near private drive,01 - Daylight,03 - P.D. only,02 - Angle,Sheffield Glen
5303,PADEN RD btwn SETTLER'S WAY & HARNETT RD,364199.1905,4988876.185,-75.74608521,45.03738067,5/2/2015,2:30,01 - Clear,01 - Dry,10 - No control,01 - Non intersection,07 - Dark,03 - P.D. only,07 - SMV other,Munster Hamlet - Richmond
5304,LESTER RD btwn ALBION RD & UPLANDS DR,371491.4488,5021433.785,-75.64918629,45.32968379,3/4/2015,6:10,01 - Clear,03 - Loose snow,10 - No control,01 - Non intersection,03 - Dawn,03 - P.D. only,01 - Approaching,Greenbelt
5305,BANK ST @ WALKLEY RD,370336.8881,5025945.325,-75.66331606,45.37038609,3/7/2015,20:37,01 - Clear,01 - Dry,01 - Traffic signal,02 - Intersection related,07 - Dark,03 - P.D. only,07 - SMV other,Ledbury - Heron Gate - Ridgemont - Elmwood
5306,O'CONNOR ST @ WELLINGTON ST,367413.6992,5031723.064,-75.69989818,45.42263984,4/21/2015,11:06,01 - Clear,01 - Dry,01 - Traffic signal,03 - At intersection,01 - Daylight,03 - P.D. only,05 - Turning movement,Downtown
5307,MAITLAND AVE @ WOODWARD DR,363274.6585,5025662.045,-75.75350217,45.36846201,5/5/2015,16:20,01 - Clear,01 - Dry,01 - Traffic signal,02 - Intersection related,01 - Daylight,03 - P.D. only,03 - Rear end,Braemar Park - Bel Air Heights - Copeland Park
5308,DIDSBURY RD btwn END & END,350146.1448,5018922.759,-75.92171089,45.30879276,5/6/2015,15:16,01 - Clear,01 - Dry,10 - No control,04 - At/near private drive,01 - Daylight,03 - P.D. only,05 - Turning movement,Kanata Lakes - Marchwood Lakeside - Morgan's Grant - Kanata
5309,DONALD ST @ ST. LAURENT BLVD,372092.749,5032471.139,-75.64001183,45.42893623,3/21/2015,21:06,01 - Clear,01 - Dry,01 - Traffic signal,02 - Intersection related,07 - Dark,03 - P.D. only,03 - Rear end,Overbrook
5310,AVIATION PKWY @ MONTREAL RD,372145.7527,5034109.065,-75.63911045,45.44366839,1/6/2015,18:11,01 - Clear,02 - Wet,01 - Traffic signal,02 - Intersection related,07 - Dark,03 - P.D. only,03 - Rear end,Cummings
5311,CARLING AVE WB @ SAIGON CRT,364065.4939,5027195.741,-75.74322305,45.38219555,1/11/2015,11:27,01 - Clear,02 - Wet,01 - Traffic signal,03 - At intersection,01 - Daylight,03 - P.D. only,05 - Turning movement,Westboro
5312,BRONSON AVE @ GILMOUR ST,367030.7391,5030320.121,-75.70496848,45.41005075,2/3/2015,7:15,03 - Snow,03 - Loose snow,10 - No control,02 - Intersection related,01 - Daylight,03 - P.D. only,05 - Turning movement,Centretown West
5313,ST. LAURENT BLVD @ COVENTRY RD/OGILVIE RD,372303.4076,5031951.098,-75.63739123,45.42423684,2/2/2015,18:00,01 - Clear,04 - Slush,01 - Traffic signal,02 - Intersection related,07 - Dark,03 - P.D. only,02 - Angle,Overbrook
5314,MCRAE AVE @ SCOTT ST,363455.941,5028813.212,-75.75081367,45.39680059,2/5/2015,13:15,01 - Clear,02 - Wet,02 - Stop sign,02 - Intersection related,01 - Daylight,03 - P.D. only,02 - Angle,Westboro
5315,HAWTHORNE RD btwn BLAIS RD & RIDEAU RD,377904.0045,5020637.605,-75.56750631,45.32188149,5/1/2015,3:44,01 - Clear,01 - Dry,10 - No control,01 - Non intersection,07 - Dark,03 - P.D. only,07 - SMV other,Greenbelt