Record,Location,X,Y,lon,lat,Date,Time,Environment,Road_Surface,Traffic_Control,Collision_Location,Light,Collision_Classification,Impact_type,Neighborhood
5933,KING EDWARD AVE NB @ MACDONALD-CARTIER BR RAMP,368027.1243,5033249.521,-75.6918644,45.43631919,2/14/2015,22:09,03 - Snow,03 - Loose snow,,02 - Intersection related,07 - Dark,03 - P.D. only,07 - SMV other,Lower Town
5934,HUNT CLUB RD EB btwn 275 E OF HAWTHORNE RD/OC TRANSPO TURNAROUND & HWY417 HUNT CLUB IC108 RAMP25,375621.906,5026465.527,-75.59577784,45.37455247,9/9/2015,7:56,01 - Clear,01 - Dry,10 - No control,01 - Non intersection,01 - Daylight,03 - P.D. only,04 - Sideswipe,Greenbelt
5935,CHAPMAN MILLS DR @ LONGFIELDS DR,364841.826,5014582.921,-75.73484018,45.26864047,1/2/2015,15:52,01 - Clear,01 - Dry,02 - Stop sign,03 - At intersection,01 - Daylight,03 - P.D. only,02 - Angle,New Barrhaven
5936,INNES RD btwn BLAIR RD & ANDERSON RD,375930.4332,5031648.311,-75.59109184,45.42115313,1/10/2015,21:50,01 - Clear,01 - Dry,10 - No control,01 - Non intersection,07 - Dark,03 - P.D. only,04 - Sideswipe,Greenbelt
5937,BEAUSOLEIL DR @ OLD ST. PATRICK ST,368518.6251,5032987.103,-75.68561689,45.43391343,1/11/2015,8:37,03 - Snow,04 - Slush,02 - Stop sign,02 - Intersection related,01 - Daylight,03 - P.D. only,07 - SMV other,Lower Town
5938,BANK ST btwn BANK ST & ALBION RD,371931.3062,5024127.09,-75.64320999,45.35387534,2/17/2015,7:32,01 - Clear,01 - Dry,10 - No control,01 - Non intersection,01 - Daylight,03 - P.D. only,03 - Rear end,Emerald Woods - Sawmill Creek
5939,BILLINGS BRIDGESC RAMP NB @ RIVERSIDE DR EB,369081.5105,5027764.172,-75.67910452,45.38686781,2/17/2015,17:44,01 - Clear,06 - Ice,02 - Stop sign,02 - Intersection related,07 - Dark,03 - P.D. only,02 - Angle,Alta Vista
5940,MCARTHUR AVE @ VANIER PKWY,370218.705,5032691.068,-75.66392992,45.43109286,1/17/2015,22:30,01 - Clear,01 - Dry,01 - Traffic signal,02 - Intersection related,07 - Dark,03 - P.D. only,04 - Sideswipe,Vanier South
5941,ARTHUR ST btwn PRIMROSE AVE & SOMERSET ST W,366786.607,5030486.086,-75.70806623,45.41156572,1/21/2015,15:35,01 - Clear,03 - Loose snow,10 - No control,01 - Non intersection,01 - Daylight,03 - P.D. only,01 - Approaching,Centretown West
5942,REGIONAL ROAD 174 btwn OR174 IC105 RAMP51 & OR174 IC105 RAMP35,379362.0051,5036975.487,-75.54644178,45.46872589,1/4/2015,13:05,04 - Freezing Rain,06 - Ice,10 - No control,01 - Non intersection,01 - Daylight,03 - P.D. only,07 - SMV other,Greenbelt
5943,REGIONAL ROAD 174 btwn OR174 IC105 RAMP25 & OR174 IC102 RAMP51,380756.5571,5037765.049,-75.52848764,45.47567946,1/4/2015,13:08,04 - Freezing Rain,04 - Slush,10 - No control,01 - Non intersection,01 - Daylight,03 - P.D. only,07 - SMV other,Orleans South West
5944,INNOVATION DR btwn FLAMBOROUGH WAY & FLAMBOROUGH WAY,349563.0776,5022453.02,-75.9288271,45.34059639,2/23/2015,18:21,01 - Clear,01 - Dry,10 - No control,01 - Non intersection,07 - Dark,03 - P.D. only,06 - SMV unattended vehicle,South March
5945,DEERCROFT AVE @ LONGFIELDS DR,364479.6248,5015292.771,-75.73937027,45.27505853,2/10/2015,15:40,01 - Clear,01 - Dry,02 - Stop sign,03 - At intersection,01 - Daylight,03 - P.D. only,02 - Angle,New Barrhaven
5946,BOOTH ST @ OTTAWA RIVER PKWY/WELLINGTON ST,366265.2209,5031006.206,-75.7146619,45.4162916,2/13/2015,13:13,01 - Clear,01 - Dry,01 - Traffic signal,02 - Intersection related,01 - Daylight,03 - P.D. only,03 - Rear end,LeBreton Flats
5947,RIVERSIDE DR @ WALKLEY RD,368419.6878,5024854.975,-75.68793009,45.36075207,1/30/2015,6:58,03 - Snow,03 - Loose snow,01 - Traffic signal,03 - At intersection,03 - Dawn,03 - P.D. only,05 - Turning movement,Riverside Park
5948,JEANNE D'ARC BLVD  S btwn BOYER RD & ORLEANS BLVD,380914.4339,5036246.602,-75.52670381,45.46200052,1/30/2015,8:27,01 - Clear,04 - Slush,10 - No control,01 - Non intersection,01 - Daylight,03 - P.D. only,03 - Rear end,Chapel Hill
5949,ST. LAURENT BLVD btwn SHORE ST & BELFAST RD,372820.6065,5030675.772,-75.6309589,45.41271196,3/14/2015,19:26,03 - Snow,02 - Wet,10 - No control,01 - Non intersection,07 - Dark,03 - P.D. only,07 - SMV other,Industrial Park
5950,ST. LAURENT BLVD btwn DUNBARTON CRT & MONTREAL RD,371483.2195,5033959.122,-75.64759907,45.44238279,3/15/2015,0:28,03 - Snow,02 - Wet,10 - No control,01 - Non intersection,07 - Dark,03 - P.D. only,07 - SMV other,Cemetery
5951,PRINCETON AVE btwn EDISON AVE & CHURCHILL AVE N,363424.2721,5027733.094,-75.75134646,45.38708452,3/18/2015,6:30,01 - Clear,01 - Dry,10 - No control,01 - Non intersection,03 - Dawn,03 - P.D. only,06 - SMV unattended vehicle,Westboro
5952,CLYDE AVE btwn CLYDE AVE & STARWOOD RD,364387.0121,5024826.261,-75.7394037,45.36084806,1/30/2015,9:55,03 - Snow,03 - Loose snow,10 - No control,01 - Non intersection,01 - Daylight,03 - P.D. only,07 - SMV other,Crestview - Meadowlands
5953,VANIER PKWY NB btwn VANIER PKWY & DONALD ST,370309.7854,5032290.344,-75.66281932,45.42747878,1/14/2015,16:00,01 - Clear,02 - Wet,10 - No control,01 - Non intersection,01 - Daylight,03 - P.D. only,04 - Sideswipe,Vanier South
5954,INDUSTRIAL AVE btwn RIVERSIDE DR & SANDFORD FLEMING AVE,370784.4828,5030577.329,-75.65698301,45.41202116,1/15/2015,14:26,01 - Clear,02 - Wet,10 - No control,01 - Non intersection,01 - Daylight,03 - P.D. only,04 - Sideswipe,Industrial Park
5955,PLACE D'ORLEANS DR @ OR174 IC102 RAMP51/TRANSI,381390.7739,5038030.11,-75.52033564,45.47799498,1/29/2015,18:05,03 - Snow,03 - Loose snow,01 - Traffic signal,03 - At intersection,07 - Dark,03 - P.D. only,02 - Angle,Industrial Park
5956,CARLING AVE @ ROSEVIEW AVE,359358.6713,5024199.988,-75.80365192,45.35562222,1/29/2015,18:19,03 - Snow,03 - Loose snow,02 - Stop sign,03 - At intersection,07 - Dark,03 - P.D. only,02 - Angle,Whitehaven - Queensway Terrace North
5957,KANATA AVE @ TERRY FOX DR,349296.9388,5019212.274,-75.93251409,45.31145222,3/10/2015,19:06,01 - Clear,01 - Dry,01 - Traffic signal,02 - Intersection related,07 - Dark,03 - P.D. only,04 - Sideswipe,Kanata Lakes - Marchwood Lakeside - Morgan's Grant - Kanata
5958,CARLING AVE @ PARKDALE AVE,365625.0161,5028171.424,-75.72319067,45.39084086,1/26/2015,8:50,01 - Clear,01 - Dry,01 - Traffic signal,02 - Intersection related,01 - Daylight,03 - P.D. only,03 - Rear end,Civic Hospital - Experimental Farm - Central Park
5959,BILLINGS BRIDGESC RAMP NB @ RIVERSIDE DR WB,369021.5359,5027793.245,-75.67986655,45.3871349,1/29/2015,10:20,01 - Clear,01 - Dry,03 - Yield sign,03 - At intersection,01 - Daylight,03 - P.D. only,02 - Angle,Alta Vista
5960,HUNTMAR DR btwn RICHARDSON SIDE RD & HUNTMAR DR,348337.9561,5018837.402,-75.9447767,45.30813911,1/2/2015,16:55,01 - Clear,01 - Dry,10 - No control,01 - Non intersection,05 - Dusk,03 - P.D. only,07 - SMV other,Stittsville - Basswood
5961,ST. LAURENT BLVD @ COVENTRY RD/OGILVIE RD,372304.7556,5031951.093,-75.63737401,45.42423667,1/2/2015,19:42,01 - Clear,01 - Dry,01 - Traffic signal,03 - At intersection,07 - Dark,03 - P.D. only,05 - Turning movement,Overbrook
5962,DES EPINETTES AVE @ JEANNE D'ARC BLVD,382224.5299,5035961.601,-75.50999863,45.45929236,1/13/2015,15:50,01 - Clear,01 - Dry,01 - Traffic signal,02 - Intersection related,01 - Daylight,03 - P.D. only,04 - Sideswipe,Orleans Village - Chateauneuf
5963,GREENBANK RD btwn CAMBRIAN RD & DUNDONALD DR,364807.0951,5012770.736,-75.73550162,45.25233737,1/10/2015,10:40,01 - Clear,02 - Wet,10 - No control,01 - Non intersection,01 - Daylight,03 - P.D. only,01 - Approaching,New Barrhaven
5964,RUSSELL RD @ SOUTHVALE CRES N,373799.2382,5029097.802,-75.61867805,45.39841834,2/18/2015,8:40,01 - Clear,02 - Wet,01 - Traffic signal,02 - Intersection related,01 - Daylight,03 - P.D. only,03 - Rear end,Sheffield Glen
5965,CARLING AVE @ MERIVALE RD,364892.7761,5027701.026,-75.73259869,45.38667153,2/20/2015,13:24,01 - Clear,01 - Dry,01 - Traffic signal,02 - Intersection related,01 - Daylight,03 - P.D. only,04 - Sideswipe,Carlington
5966,HERRIDGE ST btwn GLENORA ST & MAIN ST,369203.2901,5030042.286,-75.67725209,45.40735433,1/5/2015,10:00,01 - Clear,01 - Dry,10 - No control,01 - Non intersection,01 - Daylight,03 - P.D. only,06 - SMV unattended vehicle,Old Ottawa East
5967,DALHOUSIE ST btwn CLARENCE ST & YORK ST,368048.7725,5032494.074,-75.69168477,45.42951999,1/25/2015,15:41,01 - Clear,02 - Wet,10 - No control,01 - Non intersection,01 - Daylight,03 - P.D. only,06 - SMV unattended vehicle,Byward Market
5968,WAXWING DR btwn SPARROW WAY & HAWK CRES,370631.6121,5023967.884,-75.65981724,45.35256608,1/4/2015,13:45,02 - Rain,06 - Ice,10 - No control,01 - Non intersection,01 - Daylight,03 - P.D. only,07 - SMV other,Hunt Club East - Western Community
5969,FALLOWFIELD RD btwn LARKIN DR & BARRAN ST,362024.5377,5016089.069,-75.77056648,45.28242775,2/24/2015,8:08,01 - Clear,01 - Dry,10 - No control,01 - Non intersection,01 - Daylight,03 - P.D. only,03 - Rear end,Barrhaven West - Old Barrhaven
5970,MOODIE DR @ HWY 417 MOODIE IC134R63,356389.8522,5022481.18,-75.84172052,45.34038097,2/24/2015,8:15,01 - Clear,01 - Dry,01 - Traffic signal,02 - Intersection related,01 - Daylight,03 - P.D. only,03 - Rear end,Greenbelt
5971,BLAIS RD @ BANK ST,376154.7563,5019726.992,-75.58994753,45.31386816,2/17/2015,17:03,01 - Clear,01 - Dry,02 - Stop sign,02 - Intersection related,05 - Dusk,03 - P.D. only,03 - Rear end,Greenbelt
5972,HIGHWAY 417 btwn HWY417 IC127 RAMP25 & HWY417 IC126 RAMP51,362724.5308,5025293.687,-75.76056779,45.36519325,7/10/2015,15:43,01 - Clear,01 - Dry,10 - No control,01 - Non intersection,01 - Daylight,03 - P.D. only,04 - Sideswipe,Braemar Park - Bel Air Heights - Copeland Park
5973,HAZELDEAN RD @ CARBROOKE ST/IRWIN GATE,353415.026,5018265.83,-75.88009039,45.30266291,3/19/2015,15:50,01 - Clear,01 - Dry,01 - Traffic signal,02 - Intersection related,01 - Daylight,03 - P.D. only,04 - Sideswipe,Katimavik - Hazeldean
5974,CAMEO DR @ MAITLAND AVE,364151.9942,5025145.66,-75.74236495,45.36374191,3/20/2015,8:10,01 - Clear,01 - Dry,02 - Stop sign,03 - At intersection,01 - Daylight,03 - P.D. only,02 - Angle,Civic Hospital - Experimental Farm - Central Park
5975,HARDING RD @ WALKLEY RD,373147.8968,5027612.311,-75.62720237,45.38511643,1/30/2015,10:59,01 - Clear,03 - Loose snow,01 - Traffic signal,02 - Intersection related,01 - Daylight,03 - P.D. only,03 - Rear end,Urbandale
5976,BRONSON AVE @ CARLING AVE/GLEBE AVE,367447.707,5029333.152,-75.69976741,45.40113309,1/29/2015,15:45,03 - Snow,03 - Loose snow,01 - Traffic signal,02 - Intersection related,01 - Daylight,03 - P.D. only,04 - Sideswipe,The Glebe
5977,MITCH OWENS RD @ DOZOIS RD/LIMEBANK RD,371673.725,5012108.901,-75.64811808,45.24576325,1/15/2015,8:15,01 - Clear,06 - Ice,01 - Traffic signal,02 - Intersection related,01 - Daylight,03 - P.D. only,03 - Rear end,Manotick
5978,BANK ST @ SUNNYSIDE AVE,368734.7087,5028582.031,-75.68342687,45.39425839,1/15/2015,20:34,01 - Clear,04 - Slush,01 - Traffic signal,02 - Intersection related,07 - Dark,03 - P.D. only,04 - Sideswipe,Old Ottawa South
5979,BAYSHORE DR btwn CARLING AVE & WOODRIDGE CRES N,359033.0912,5023941.697,-75.80783542,45.35332338,3/13/2015,17:44,01 - Clear,01 - Dry,10 - No control,04 - At/near private drive,01 - Daylight,03 - P.D. only,05 - Turning movement,Bayshore
5980,TALLWOOD DR @ AVENSHIRE GT/MERIDIAN PL,362815.4345,5022619.819,-75.75972121,45.34112649,3/15/2015,12:04,01 - Clear,02 - Wet,02 - Stop sign,03 - At intersection,01 - Daylight,03 - P.D. only,02 - Angle,Centrepointe
5981,DONWEL DR @ STEPHANIE ANNE DR/ASHLEY CARDILL L,378835.5827,5013128.337,-75.55674556,45.25421887,1/29/2015,11:41,01 - Clear,05 - Packed snow,02 - Stop sign,03 - At intersection,01 - Daylight,03 - P.D. only,07 - SMV other,Greely
5982,JOHNSTON RD @ MACOUN CIRC,372130.42,5025598.581,-75.64046855,45.3670962,1/29/2015,12:15,01 - Clear,02 - Wet,02 - Stop sign,03 - At intersection,01 - Daylight,03 - P.D. only,02 - Angle,South Keys - Heron Gate - Greenboro West
5983,BANK ST @ CATHERINE ST,368038.7415,5030266.126,-75.69209891,45.40947456,1/7/2015,15:39,03 - Snow,05 - Packed snow,01 - Traffic signal,02 - Intersection related,01 - Daylight,03 - P.D. only,04 - Sideswipe,Centretown
5984,HAWTHORNE RD/RUSSELL RD @ WALKLEY RD,374675.7078,5028497.132,-75.60756941,45.39292688,1/12/2015,16:16,01 - Clear,05 - Packed snow,01 - Traffic signal,02 - Intersection related,05 - Dusk,03 - P.D. only,03 - Rear end,Sheffield Glen
5985,BANFF AVE @ KITCHENER AVE,370724.6888,5025603.122,-75.65841136,45.36727069,1/17/2015,10:20,01 - Clear,01 - Dry,02 - Stop sign,02 - Intersection related,01 - Daylight,03 - P.D. only,99 - Other,Ledbury - Heron Gate - Ridgemont - Elmwood
5986,DUCLOS AVE/BARRINGTON ST @ VISENEAU DR,381526.3312,5035524.923,-75.51899307,45.45544051,2/13/2015,15:15,03 - Snow,03 - Loose snow,02 - Stop sign,03 - At intersection,01 - Daylight,03 - P.D. only,01 - Approaching,Orleans Village - Chateauneuf
5987,CONROY RD @ WALKLEY RD,372903.7226,5027463.049,-75.63034069,45.38379722,2/20/2015,14:55,01 - Clear,01 - Dry,01 - Traffic signal,02 - Intersection related,01 - Daylight,03 - P.D. only,03 - Rear end,Elmvale - Eastway - Riverview - Riverview Park West
5988,JEANNE D'ARC BLVD @ FORTUNE DR/VINEYARD DR,379239.6925,5037376.08,-75.54794511,45.47234317,1/27/2015,13:19,01 - Clear,01 - Dry,01 - Traffic signal,03 - At intersection,01 - Daylight,03 - P.D. only,02 - Angle,Orleans South West
5989,FISHER AVE @ MEADOWLANDS DR,366576.9926,5025044,-75.71142517,45.36261767,1/29/2015,16:00,03 - Snow,03 - Loose snow,01 - Traffic signal,03 - At intersection,01 - Daylight,03 - P.D. only,02 - Angle,Carleton Heights - Rideauview
5990,MANN AVE @ RUSSELL AVE,369468.7868,5031504.099,-75.67366893,45.42048271,1/4/2015,14:02,04 - Freezing Rain,06 - Ice,02 - Stop sign,03 - At intersection,01 - Daylight,03 - P.D. only,02 - Angle,Sandy Hill
5991,RIVERSIDE DR @ HERON RD,368121.1049,5026645.775,-75.69151142,45.37689226,1/7/2015,16:20,01 - Clear,05 - Packed snow,01 - Traffic signal,02 - Intersection related,01 - Daylight,03 - P.D. only,03 - Rear end,Riverside Park
5992,BRONSON AVE @ LAKESIDE AVE,367657.6408,5028837.098,-75.6971493,45.39665092,2/24/2015,10:10,01 - Clear,01 - Dry,02 - Stop sign,02 - Intersection related,01 - Daylight,03 - P.D. only,03 - Rear end,The Glebe
5993,PRINCE OF WALES DR @ WATERBRIDGE DR,367315.371,5015945.237,-75.70314932,45.28068296,2/24/2015,7:45,01 - Clear,01 - Dry,01 - Traffic signal,02 - Intersection related,01 - Daylight,03 - P.D. only,03 - Rear end,Greenbelt
5994,BUFFLEHEAD WAY btwn SPARTINA ST & FINDLAY CREEK DR,374730.3892,5019838.977,-75.60809574,45.31501905,2/18/2015,9:31,03 - Snow,05 - Packed snow,10 - No control,04 - At/near private drive,01 - Daylight,03 - P.D. only,02 - Angle,Greenbelt
5995,DUMAURIER AVE @ PINECREST RD,360322.6429,5023834.029,-75.79139051,45.35225366,2/18/2015,15:00,01 - Clear,01 - Dry,01 - Traffic signal,02 - Intersection related,01 - Daylight,03 - P.D. only,04 - Sideswipe,Whitehaven - Queensway Terrace North
5996,EXETER DR btwn CHESTER CRES & BARTLEY CRES,363633.0983,5015109.478,-75.75018022,45.2734806,1/30/2015,8:30,01 - Clear,03 - Loose snow,10 - No control,04 - At/near private drive,01 - Daylight,03 - P.D. only,02 - Angle,Barrhaven West - Old Barrhaven
5997,NASKAPI DR @ OGILVIE RD,375601.6889,5034689.107,-75.59485471,45.44854578,1/30/2015,9:00,01 - Clear,04 - Slush,02 - Stop sign,03 - At intersection,01 - Daylight,03 - P.D. only,05 - Turning movement,Beacon Hill North
5998,HUNT CLUB RD @ BRIDLE PATH DR/DAZE ST,371289.8076,5023864.101,-75.65143183,45.35157017,3/20/2015,8:22,01 - Clear,01 - Dry,01 - Traffic signal,02 - Intersection related,01 - Daylight,03 - P.D. only,03 - Rear end,South Keys - Heron Gate - Greenboro West
5999,CLARE ST @ KIRKWOOD AVE,364065.7324,5027972.105,-75.74312678,45.38918112,3/20/2015,11:30,01 - Clear,01 - Dry,01 - Traffic signal,02 - Intersection related,01 - Daylight,03 - P.D. only,04 - Sideswipe,Westboro
6000,HOLMWOOD AVE btwn MORRIS ST & RALPH ST,368229.2874,5029048.362,-75.68982149,45.39850026,1/18/2015,16:39,01 - Clear,05 - Packed snow,10 - No control,04 - At/near private drive,05 - Dusk,03 - P.D. only,06 - SMV unattended vehicle,The Glebe
6001,HWY 417 VANIER IC117R26 @ VANIER PKWY,370801.8147,5031359.481,-75.65665685,45.41905701,1/20/2015,18:45,01 - Clear,06 - Ice,10 - No control,02 - Intersection related,07 - Dark,03 - P.D. only,03 - Rear end,Overbrook
6002,BASELINE RD @ ROCKWAY CRES,361184.6759,5022932.022,-75.78049249,45.34406865,1/29/2015,18:20,03 - Snow,03 - Loose snow,02 - Stop sign,03 - At intersection,07 - Dark,03 - P.D. only,02 - Angle,Iris
6003,PRINCE OF WALES DR btwn COLONNADE RD & STEPHANIE AVE,367508.8484,5022922.045,-75.69980044,45.34344203,3/15/2015,12:26,01 - Clear,05 - Packed snow,10 - No control,01 - Non intersection,01 - Daylight,03 - P.D. only,07 - SMV other,Industrial Park
6004,WEST HUNT CLUB RD WB btwn LANCELOT DR & 210 W OF MERIVALE RD,365397.7554,5021813.824,-75.72687237,45.33365595,3/16/2015,9:38,01 - Clear,01 - Dry,10 - No control,01 - Non intersection,01 - Daylight,03 - P.D. only,07 - SMV other,Tanglewood
6005,BASELINE RD @ WOODROFFE AVE,362550.6541,5023769.059,-75.76296535,45.35148913,1/26/2015,11:45,01 - Clear,01 - Dry,01 - Traffic signal,02 - Intersection related,01 - Daylight,03 - P.D. only,03 - Rear end,Iris
6006,GOULBOURN FORCED RD btwn TERRY FOX DR & KANATA ROCKERIES PRIV,349337.3569,5021300.843,-75.93181083,45.33024318,1/29/2015,14:50,03 - Snow,03 - Loose snow,10 - No control,01 - Non intersection,01 - Daylight,03 - P.D. only,07 - SMV other,Kanata Lakes - Marchwood Lakeside - Morgan's Grant - Kanata
6007,CEDARVIEW RD btwn CAMBRIAN RD & STRANDHERD DR,362539.0626,5012666.522,-75.76440632,45.2515894,1/9/2015,7:14,03 - Snow,05 - Packed snow,10 - No control,01 - Non intersection,03 - Dawn,03 - P.D. only,07 - SMV other,Munster Hamlet - Richmond
6008,CATHERINE ST/HWY 417 O'CONN IC119BR76 @ O'CONN,368243.6015,5030392.571,-75.68946573,45.41059373,1/16/2015,19:00,01 - Clear,04 - Slush,01 - Traffic signal,02 - Intersection related,07 - Dark,03 - P.D. only,03 - Rear end,Centretown
6009,HWY 417 TERRYFO IC140R61 @ TERRY FOX DR,350809.1681,5018708.157,-75.91327587,45.30681859,1/20/2015,17:59,01 - Clear,06 - Ice,01 - Traffic signal,02 - Intersection related,07 - Dark,03 - P.D. only,03 - Rear end,Kanata Lakes - Marchwood Lakeside - Morgan's Grant - Kanata
6010,MONTREAL RD @ DUCHARME BLVD/CANTIN ST,371018.6671,5033567.036,-75.65358947,45.43889914,2/20/2015,16:23,01 - Clear,01 - Dry,01 - Traffic signal,03 - At intersection,01 - Daylight,03 - P.D. only,02 - Angle,Vanier South
6011,GLADSTONE AVE @ KENT ST,367744.7042,5030461.016,-75.6958301,45.41125463,2/20/2015,18:19,01 - Clear,02 - Wet,01 - Traffic signal,03 - At intersection,07 - Dark,03 - P.D. only,02 - Angle,Centretown
6012,PRINCE OF WALES DR btwn HARTWELL LOCKS/548 N OF RIDEAUVIEW TER & FAIRC,367109.2041,5027089.455,-75.70437419,45.3809751,2/4/2015,16:15,03 - Snow,04 - Slush,10 - No control,04 - At/near private drive,01 - Daylight,03 - P.D. only,02 - Angle,Civic Hospital - Experimental Farm - Central Park
6013,BANK ST @ CATHERINE ST,368041.6331,5030266.126,-75.69206197,45.4094743,2/6/2015,9:30,01 - Clear,01 - Dry,01 - Traffic signal,02 - Intersection related,01 - Daylight,03 - P.D. only,03 - Rear end,Centretown
6014,OGILVIE RD @ 185 E OF BATHGATE DR/185 E OF CIT,373989.31,5032894.558,-75.61571752,45.43256088,1/10/2015,14:33,01 - Clear,01 - Dry,01 - Traffic signal,03 - At intersection,01 - Daylight,03 - P.D. only,05 - Turning movement,Industrial Park
6015,FALLOWFIELD RD @ MERIVALE RD,366890.7487,5018842.06,-75.70819859,45.30678592,1/17/2015,5:52,01 - Clear,05 - Packed snow,01 - Traffic signal,02 - Intersection related,07 - Dark,03 - P.D. only,03 - Rear end,Greenbelt
6016,MARCH RD btwn MARCHURST RD & SECOND LINE RD,345555.2617,5024835.695,-75.97976787,45.36228069,2/24/2015,16:59,01 - Clear,01 - Dry,10 - No control,01 - Non intersection,01 - Daylight,03 - P.D. only,07 - SMV other,Carp - Hardwood Plains
6017,INDUSTRIAL AVE btwn TRAINYARDS DR & RUSSELL RD,371710.6271,5030539.051,-75.64515711,45.41158881,1/2/2015,10:38,01 - Clear,01 - Dry,10 - No control,04 - At/near private drive,01 - Daylight,03 - P.D. only,02 - Angle,Industrial Park
6018,WEST HUNT CLUB RD @ WOODROFFE AVE,363669.7271,5021246.007,-75.74898476,45.32869387,2/19/2015,12:30,01 - Clear,01 - Dry,01 - Traffic signal,02 - Intersection related,01 - Daylight,03 - P.D. only,03 - Rear end,Woodvale - Craig Henry - Manordale - Estates of Arlington Wo
6019,RIVERSIDE DR NB btwn FROBISHER LANE & HINCKS LANE,370160.1609,5029750.142,-75.66506815,45.40463703,2/19/2015,14:34,01 - Clear,01 - Dry,10 - No control,01 - Non intersection,01 - Daylight,03 - P.D. only,04 - Sideswipe,Industrial Park
6020,ST. LAURENT BLVD @ COVENTRY RD/OGILVIE RD,372304.7556,5031950.129,-75.63737414,45.42422799,1/30/2015,12:00,01 - Clear,02 - Wet,01 - Traffic signal,02 - Intersection related,01 - Daylight,03 - P.D. only,03 - Rear end,Overbrook
6021,RIVERSIDE DR @ PLEASANT PARK RD,369561.251,5028413.568,-75.6728935,45.39266666,1/30/2015,15:34,01 - Clear,06 - Ice,01 - Traffic signal,03 - At intersection,01 - Daylight,03 - P.D. only,03 - Rear end,Alta Vista
6022,FALLOWFIELD RD @ GREENBANK RD,363080.6757,5016731.973,-75.75702964,45.28812585,3/20/2015,12:52,01 - Clear,01 - Dry,01 - Traffic signal,02 - Intersection related,01 - Daylight,03 - P.D. only,03 - Rear end,Greenbelt
6023,BLAIR RD @ OGILVIE RD,374507.7237,5033199.057,-75.60904956,45.43524911,3/20/2015,14:22,01 - Clear,01 - Dry,01 - Traffic signal,02 - Intersection related,01 - Daylight,03 - P.D. only,03 - Rear end,Industrial Park
6024,RIVERSIDE DR @ 175 S OF HUNT CLUB  RD/RUNWAY C,368027.5361,5021768.71,-75.69332973,45.333018,1/21/2015,14:01,01 - Clear,01 - Dry,01 - Traffic signal,02 - Intersection related,01 - Daylight,03 - P.D. only,03 - Rear end,Hunt Club Woods - Quintarra - Revelstoke - Riverside South P
6025,BANK ST @ THIRD AVE,368336.7108,5029552.045,-75.68838463,45.4030225,1/21/2015,20:59,01 - Clear,01 - Dry,01 - Traffic signal,03 - At intersection,07 - Dark,03 - P.D. only,04 - Sideswipe,The Glebe
6026,AVIATION PKWY @ MONTREAL RD,372146.7166,5034108.101,-75.63909826,45.44365963,1/29/2015,18:37,03 - Snow,03 - Loose snow,01 - Traffic signal,03 - At intersection,07 - Dark,03 - P.D. only,05 - Turning movement,Cummings
6027,CHAMPLAIN ST @ PLACE D'ORLEANS  SC E/PLACE D'O,381519.7352,5038374.113,-75.51863262,45.48107587,1/30/2015,1:18,03 - Snow,03 - Loose snow,01 - Traffic signal,03 - At intersection,07 - Dark,03 - P.D. only,07 - SMV other,Orleans South West
6028,CARLING AVE @ CROYDON AVE,360658.6806,5025041.072,-75.78696575,45.3630879,3/16/2015,12:10,01 - Clear,01 - Dry,01 - Traffic signal,02 - Intersection related,01 - Daylight,03 - P.D. only,03 - Rear end,Whitehaven - Queensway Terrace North
6029,CARLING AVE @ KIRKWOOD AVE S,364351.7005,5027337.067,-75.73955168,45.3834429,3/16/2015,15:02,01 - Clear,01 - Dry,01 - Traffic signal,02 - Intersection related,01 - Daylight,03 - P.D. only,03 - Rear end,Carlington
6030,FISHER AVE @ MEADOWLANDS DR,366576.0288,5025044.964,-75.71143735,45.36262643,1/29/2015,14:55,03 - Snow,05 - Packed snow,01 - Traffic signal,02 - Intersection related,01 - Daylight,03 - P.D. only,03 - Rear end,Carleton Heights - Rideauview
6031,ALTA VISTA DR btwn SMYTH RD & VALOUR DR,370404.7641,5029230.473,-75.66201297,45.39993836,1/29/2015,9:20,01 - Clear,01 - Dry,10 - No control,01 - Non intersection,01 - Daylight,03 - P.D. only,07 - SMV other,Industrial Park
6032,BRONSON AVE @ POWELL AVE,367386.915,5029476.732,-75.70052564,45.40243042,1/8/2015,14:03,03 - Snow,04 - Slush,01 - Traffic signal,02 - Intersection related,01 - Daylight,03 - P.D. only,03 - Rear end,The Glebe
6033,DAZE ST @ 200 W OF BANK ST/SOUTHKEYS SC,371194.5276,5024143.904,-75.65261012,45.35409678,1/22/2015,17:03,01 - Clear,01 - Dry,01 - Traffic signal,03 - At intersection,05 - Dusk,03 - P.D. only,05 - Turning movement,South Keys - Heron Gate - Greenboro West
6034,STRATHCONA AVE btwn BANK ST & O'CONNOR ST,368163.7384,5030042.035,-75.69053098,45.40744696,1/24/2015,0:38,03 - Snow,03 - Loose snow,10 - No control,01 - Non intersection,07 - Dark,03 - P.D. only,07 - SMV other,The Glebe
6035,GREENBANK RD @ HWY 417 IC129 RAMP57/IRIS ST,360530.3451,5023311.048,-75.78879884,45.34753142,1/2/2015,20:04,01 - Clear,01 - Dry,01 - Traffic signal,03 - At intersection,07 - Dark,03 - P.D. only,03 - Rear end,Iris
6036,ALTA VISTA DR @ KILBORN AVE,370364.7592,5027751.057,-75.66272051,45.38663086,2/10/2015,17:23,01 - Clear,02 - Wet,01 - Traffic signal,02 - Intersection related,07 - Dark,03 - P.D. only,04 - Sideswipe,Alta Vista