Record,Location,X,Y,lon,lat,Date,Time,Environment,Road_Surface,Traffic_Control,Collision_Location,Light,Collision_Classification,Impact_type,Neighborhood
6037,HEMLOCK RD btwn BEECHWOOD AVE & LANSDOWNE RD S,369817.5399,5034462.881,-75.66882234,45.4470723,1/27/2015,3:32,01 - Clear,01 - Dry,10 - No control,01 - Non intersection,07 - Dark,03 - P.D. only,07 - SMV other,Rockcliffe - Manor Park
6038,HIGHWAY 417 btwn HWY417 IC88 RAMP15 & END,395428.3502,5022455.919,-75.34367924,45.33619711,7/10/2015,13:00,01 - Clear,01 - Dry,10 - No control,01 - Non intersection,01 - Daylight,03 - P.D. only,07 - SMV other,Navan - Vars
6039,BASELINE RD @ CLYDE AVE,364359.6672,5024890.995,-75.73974491,45.36143285,1/2/2015,10:30,01 - Clear,01 - Dry,01 - Traffic signal,02 - Intersection related,01 - Daylight,03 - P.D. only,04 - Sideswipe,Civic Hospital - Experimental Farm - Central Park
6040,IRIS ST @ WOODROFFE AVE,362281.7282,5024440.074,-75.76631918,45.35754896,2/19/2015,15:41,01 - Clear,03 - Loose snow,01 - Traffic signal,03 - At intersection,01 - Daylight,03 - P.D. only,02 - Angle,Iris
6041,CLARIDGE DR @ OAKFIELD CRES,364909.3187,5015453.284,-75.73387478,45.27646622,2/19/2015,16:42,01 - Clear,04 - Slush,02 - Stop sign,02 - Intersection related,01 - Daylight,03 - P.D. only,05 - Turning movement,New Barrhaven
6042,PRINCE OF WALES DR @ STRANDHERD DR,367176.2537,5014824.673,-75.7050632,45.27061257,1/29/2015,15:15,03 - Snow,03 - Loose snow,01 - Traffic signal,02 - Intersection related,01 - Daylight,03 - P.D. only,03 - Rear end,Greenbelt
6043,CAHILL DR @ VERDON PRIV,372013.222,5024844.782,-75.64206704,45.36032504,1/30/2015,15:45,01 - Clear,04 - Slush,02 - Stop sign,02 - Intersection related,01 - Daylight,03 - P.D. only,03 - Rear end,Greenboro East
6044,CARLING AVE WB btwn HARE AVE & BROMLEY RD,362480.1647,5026194.521,-75.76358179,45.37331901,3/20/2015,14:54,01 - Clear,01 - Dry,10 - No control,01 - Non intersection,01 - Daylight,03 - P.D. only,03 - Rear end,Carlingwood - McKellar Park - Laurentien View
6045,BANK ST btwn ALTA VISTA DR & WALKLEY RD,370294.7914,5026076.979,-75.66383598,45.37157461,3/20/2015,16:07,01 - Clear,01 - Dry,10 - No control,04 - At/near private drive,01 - Daylight,03 - P.D. only,05 - Turning movement,Ledbury - Heron Gate - Ridgemont - Elmwood
6046,MILTON RD @ NAVAN RD,387267.8249,5031813.003,-75.44621748,45.42139034,1/14/2015,14:04,01 - Clear,01 - Dry,02 - Stop sign,03 - At intersection,01 - Daylight,03 - P.D. only,02 - Angle,Navan - Vars
6047,AVIATION PKWY @ MONTREAL RD,372147.6805,5034108.101,-75.63908594,45.44365954,1/24/2015,15:15,01 - Clear,01 - Dry,01 - Traffic signal,02 - Intersection related,01 - Daylight,03 - P.D. only,03 - Rear end,Cummings
6048,TENTH LINE RD btwn TOMPKINS AVE & CANOTIA PL,383233.0865,5037838.605,-75.49680498,45.47606747,1/26/2015,9:22,01 - Clear,06 - Ice,10 - No control,01 - Non intersection,01 - Daylight,03 - P.D. only,03 - Rear end,Queenswood Heights
6049,COLDREY AVE @ KIRKWOOD AVE,364438.6955,5027135.094,-75.73846529,45.38161818,1/30/2015,7:01,03 - Snow,03 - Loose snow,01 - Traffic signal,02 - Intersection related,03 - Dawn,03 - P.D. only,03 - Rear end,Carlington
6050,NERTA ST btwn ST. LAURENT BLVD & BALHARRIE AVE,373722.2137,5028621.591,-75.61972829,45.3941412,3/14/2015,20:45,03 - Snow,03 - Loose snow,10 - No control,01 - Non intersection,07 - Dark,03 - P.D. only,06 - SMV unattended vehicle,Hawthorne Meadows
6051,ST. PATRICK ST/ST. ANDREW ST @ BEAUSOLEIL DR,368427.0711,5033075.012,-75.68677556,45.43471274,1/29/2015,15:28,03 - Snow,06 - Ice,01 - Traffic signal,02 - Intersection related,01 - Daylight,03 - P.D. only,03 - Rear end,Lower Town
6052,DALY AVE @ WALLER ST,368342.1439,5032120.931,-75.68798403,45.42613599,1/29/2015,15:50,03 - Snow,03 - Loose snow,01 - Traffic signal,02 - Intersection related,01 - Daylight,03 - P.D. only,03 - Rear end,Byward Market - Parliament Hill
6053,FALLOWFIELD RD @ MOODIE DR,359500.692,5014634.003,-75.80289548,45.26953582,1/9/2015,15:10,01 - Clear,02 - Wet,01 - Traffic signal,02 - Intersection related,01 - Daylight,03 - P.D. only,03 - Rear end,Munster Hamlet - Richmond
6054,INNES RD @ ORCHARDVIEW AVE/ESPRIT DR,384843.8007,5036560.078,-75.47641474,45.46438173,1/9/2015,15:20,01 - Clear,04 - Slush,01 - Traffic signal,02 - Intersection related,01 - Daylight,03 - P.D. only,03 - Rear end,Fallingbrook
6055,WOODROFFE AVE @ KNOXDALE RD/MEDHURST DR,363419.9094,5021826.267,-75.75210276,45.33393592,1/27/2015,7:40,01 - Clear,01 - Dry,01 - Traffic signal,02 - Intersection related,03 - Dawn,03 - P.D. only,03 - Rear end,Woodvale - Craig Henry - Manordale - Estates of Arlington Wo
6056,TRIM RD @ DAIRY DR/TAYLOR CREEK DR,384534.1728,5039596.269,-75.47988073,45.49173388,1/27/2015,8:28,01 - Clear,01 - Dry,11 - Roundabout,02 - Intersection related,01 - Daylight,03 - P.D. only,03 - Rear end,Industrial Park
6057,MOODIE DR @ ROBERTSON RD,357066.6521,5020454.032,-75.83329928,45.32209041,1/3/2015,14:53,03 - Snow,03 - Loose snow,01 - Traffic signal,02 - Intersection related,01 - Daylight,03 - P.D. only,02 - Angle,Bells Corners West
6058,WEST HUNT CLUB RD @ ANTARES DR/LASER ST,367108.6752,5022080.056,-75.70501241,45.33590163,1/3/2015,15:44,03 - Snow,03 - Loose snow,01 - Traffic signal,02 - Intersection related,01 - Daylight,03 - P.D. only,03 - Rear end,Industrial Park
6059,BOWESVILLE RD @ RIDEAU RD,373356.6352,5015573.332,-75.62620446,45.27677349,2/13/2015,18:53,01 - Clear,01 - Dry,02 - Stop sign,03 - At intersection,07 - Dark,03 - P.D. only,02 - Angle,Greenbelt
6060,GALLAGHER RD btwn HARNETT RD & MACKEY RD,362601.237,4990911.139,-75.76613118,45.05582411,2/13/2015,20:02,01 - Clear,01 - Dry,10 - No control,01 - Non intersection,07 - Dark,03 - P.D. only,07 - SMV other,Munster Hamlet - Richmond
6061,ST. JOSEPH BLVD @ FOREST VALLEY DR/YOUVILLE DR,379165.8388,5036156.371,-75.54907409,45.46137701,2/2/2015,19:30,01 - Clear,05 - Packed snow,01 - Traffic signal,03 - At intersection,07 - Dark,03 - P.D. only,07 - SMV other,Chapel Hill
6062,RIVER RD btwn LOWEN DR & BALMORAL DR,368015.6921,5019326.144,-75.69379261,45.31104129,1/4/2015,14:34,04 - Freezing Rain,06 - Ice,10 - No control,01 - Non intersection,01 - Daylight,03 - P.D. only,07 - SMV other,Nepean
6063,MERIVALE RD @ CAPILANO DR/WITHROW AVE,364641.7639,5024227.605,-75.73622469,45.35543974,2/18/2015,19:00,01 - Clear,01 - Dry,01 - Traffic signal,02 - Intersection related,07 - Dark,03 - P.D. only,03 - Rear end,Cityview - Skyline - Fisher Heights
6064,CYR AVE @ MONTREAL RD,370219.7455,5033148.108,-75.6638559,45.43520501,2/20/2015,12:03,01 - Clear,02 - Wet,02 - Stop sign,03 - At intersection,01 - Daylight,03 - P.D. only,02 - Angle,Vanier South
6065,BLACKBURN BYPASS WB btwn NAVAN RD & 1700 W OF NAVAN RD,379543.5397,5033208.051,-75.54469297,45.43480989,2/19/2015,7:52,01 - Clear,04 - Slush,10 - No control,01 - Non intersection,01 - Daylight,03 - P.D. only,04 - Sideswipe,Blackburn Hamlet
6066,RICHMOND RD btwn WOODROFFE AVE & LOCKHART AVE,361608.7828,5026694.523,-75.77464854,45.37788917,3/21/2015,12:30,02 - Rain,02 - Wet,10 - No control,04 - At/near private drive,01 - Daylight,03 - P.D. only,05 - Turning movement,Woodroffe - Lincoln Heights
6067,ESSEX ST @ BEAVER AVE,370014.2039,5027624.317,-75.66721346,45.38552322,1/29/2015,5:08,01 - Clear,06 - Ice,10 - No control,02 - Intersection related,07 - Dark,03 - P.D. only,07 - SMV other,Alta Vista
6068,ST. LAURENT BLVD @ COVENTRY RD/OGILVIE RD,372305.7195,5031949.165,-75.63736196,45.42421923,1/26/2015,11:23,01 - Clear,06 - Ice,01 - Traffic signal,02 - Intersection related,01 - Daylight,03 - P.D. only,03 - Rear end,Overbrook
6069,ELGIN ST @ LAURIER AVE,367949.6738,5031549.094,-75.69307227,45.42102633,1/26/2015,12:49,01 - Clear,01 - Dry,01 - Traffic signal,02 - Intersection related,01 - Daylight,03 - P.D. only,04 - Sideswipe,Downtown
6070,MICHAEL ST @ BELFAST RD,373133.6928,5030677.116,-75.62695914,45.41269355,1/30/2015,7:10,01 - Clear,05 - Packed snow,02 - Stop sign,02 - Intersection related,03 - Dawn,03 - P.D. only,03 - Rear end,Industrial Park
6071,ST. LAURENT BLVD @ WALKLEY RD,373902.7501,5028045.409,-75.61750345,45.38893919,1/30/2015,18:11,01 - Clear,01 - Dry,01 - Traffic signal,02 - Intersection related,07 - Dark,03 - P.D. only,04 - Sideswipe,Urbandale
6072,MOODIE DR btwn 325 N OF CORKSTOWN RD/NORTEL S ENTRANCE & CORKSTOWN RD,356328.1143,5022847.809,-75.84247005,45.34368447,3/17/2015,10:12,01 - Clear,01 - Dry,10 - No control,01 - Non intersection,01 - Daylight,03 - P.D. only,07 - SMV other,Crystal Bay - Lakeview Park - Britannia Village
6073,ALPINE AVE @ CARLING AVE,360495.7131,5024942.037,-75.78905702,45.36220976,3/17/2015,12:15,01 - Clear,01 - Dry,01 - Traffic signal,03 - At intersection,01 - Daylight,03 - P.D. only,02 - Angle,Whitehaven - Queensway Terrace North
6074,WOODROFFE AVE btwn PARKGLEN DR & DAVID DR,362899.8587,5023101.702,-75.75858745,45.34545546,1/29/2015,16:07,03 - Snow,03 - Loose snow,10 - No control,01 - Non intersection,05 - Dusk,03 - P.D. only,03 - Rear end,Crestview - Meadowlands
6075,HAWTHORNE RD btwn LOUISEIZE RD & BLAIS RD,377836.8576,5020818.932,-75.56833596,45.32351998,1/13/2015,8:10,01 - Clear,01 - Dry,10 - No control,01 - Non intersection,01 - Daylight,03 - P.D. only,03 - Rear end,Greenbelt
6076,BELFAST RD btwn ST. LAURENT BLVD & TRIOLE ST,372963.2945,5030617.177,-75.62914421,45.41217087,1/28/2015,11:54,01 - Clear,01 - Dry,10 - No control,04 - At/near private drive,01 - Daylight,03 - P.D. only,02 - Angle,Industrial Park
6077,KING EDWARD AVE @ RIDEAU ST,368510.7433,5032413.107,-75.68579189,45.42874954,1/3/2015,15:51,03 - Snow,05 - Packed snow,01 - Traffic signal,02 - Intersection related,01 - Daylight,03 - P.D. only,03 - Rear end,Lowe
6078,HAZELDEAN RD btwn KINCARDINE DR & TERRY FOX DR,352197.9725,5017234.258,-75.89570726,45.29346373,2/14/2015,10:10,03 - Snow,04 - Slush,10 - No control,01 - Non intersection,01 - Daylight,03 - P.D. only,03 - Rear end,Katimavik - Hazeldean
6079,EAGLESON RD @ FERNBANK RD,354799.5932,5015585.979,-75.86270642,45.27845186,2/14/2015,11:04,03 - Snow,04 - Slush,01 - Traffic signal,02 - Intersection related,01 - Daylight,03 - P.D. only,03 - Rear end,Glen Cairn - Kanata South Business Park
6080,MEADOWLANDS DR @ MERIVALE RD,364858.6999,5023725.028,-75.73351718,45.35089907,2/6/2015,9:50,01 - Clear,04 - Slush,01 - Traffic signal,02 - Intersection related,01 - Daylight,03 - P.D. only,03 - Rear end,Cityview - Skyline - Fisher Heights
6081,BLACKBURN BYPASS EB btwn 1700 W OF NAVAN RD & NAVAN RD,379629.8614,5033259.638,-75.543582,45.43526481,1/7/2015,11:09,03 - Snow,03 - Loose snow,10 - No control,01 - Non intersection,01 - Daylight,03 - P.D. only,07 - SMV other,Greenbelt
6082,HUNT CLUB RD @ UPLANDS DR,370156.7272,5023121.01,-75.66598928,45.34499056,2/21/2015,21:09,03 - Snow,03 - Loose snow,01 - Traffic signal,03 - At intersection,07 - Dark,03 - P.D. only,05 - Turning movement,Hunt Club East - Western Community
6083,BRONSON AVE @ CATHERINE ST/RAYMOND ST,367252.7085,5029796.085,-75.70219936,45.40531585,2/20/2015,15:27,01 - Clear,01 - Dry,01 - Traffic signal,03 - At intersection,01 - Daylight,03 - P.D. only,05 - Turning movement,Centretown West
6084,BROPHY DR @ FOURTH LINE RD,360738.6398,5005671.819,-75.78812771,45.18879521,3/22/2015,1:11,01 - Clear,01 - Dry,02 - Stop sign,03 - At intersection,07 - Dark,03 - P.D. only,07 - SMV other,Munster Hamlet - Richmond
6085,JAMES ST @ KENT ST,367658.7496,5030598.092,-75.69691065,45.41249572,1/29/2015,19:32,03 - Snow,03 - Loose snow,02 - Stop sign,03 - At intersection,07 - Dark,03 - P.D. only,02 - Angle,Centretown
6086,WALLER ST btwn DALY AVE & STEWART ST,368356.9671,5032085.102,-75.68779924,45.42581226,1/23/2015,17:00,01 - Clear,02 - Wet,10 - No control,01 - Non intersection,05 - Dusk,03 - P.D. only,04 - Sideswipe,Sandy Hill
6087,LAURIER AVE @ NICHOLAS ST,368373.637,5031796.824,-75.68762344,45.42321692,1/30/2015,18:20,01 - Clear,01 - Dry,01 - Traffic signal,02 - Intersection related,07 - Dark,03 - P.D. only,04 - Sideswipe,Sandy Hill
6088,MONTREAL RD btwn DUROCHER ST & SAVARD AVE,370150.5757,5033108.554,-75.66474513,45.43485559,1/30/2015,18:27,03 - Snow,06 - Ice,10 - No control,04 - At/near private drive,07 - Dark,03 - P.D. only,05 - Turning movement,Vanier
6089,MERIVALE RD @ WOODFIELD DR/ROYDON PL,365459.2484,5022299.496,-75.72602836,45.33802065,3/17/2015,12:50,01 - Clear,01 - Dry,01 - Traffic signal,02 - Intersection related,01 - Daylight,03 - P.D. only,03 - Rear end,Tanglewood
6090,PIMLICO CRES btwn BRIDLE PATH DR & BRIDLE PATH DR,371372.0297,5023819.163,-75.65038865,45.35115804,3/17/2015,13:55,01 - Clear,01 - Dry,10 - No control,01 - Non intersection,01 - Daylight,03 - P.D. only,04 - Sideswipe,Emerald Woods - Sawmill Creek
6091,HUNT CLUB RD btwn MALAK ST & ESSON ST,374210.1205,5025666.529,-75.61391296,45.36750471,1/1/2015,4:51,01 - Clear,01 - Dry,10 - No control,01 - Non intersection,07 - Dark,03 - P.D. only,07 - SMV other,Hunt Club
6092,MEADOWBROOK RD btwn PROGRESS PL & FOXWELL ST,374434.2847,5031621.53,-75.61021114,45.42106269,1/1/2015,10:37,01 - Clear,01 - Dry,10 - No control,01 - Non intersection,01 - Daylight,03 - P.D. only,07 - SMV other,Pineview
6093,WEST HUNT CLUB RD WB btwn 354 E OF WOODROFFE AVE/REC PATH & CLEOPATRA ,364715.1673,5021701.802,-75.73559385,45.3327066,1/1/2015,15:44,03 - Snow,06 - Ice,10 - No control,01 - Non intersection,01 - Daylight,03 - P.D. only,07 - SMV other,Tanglewood
6094,LYNDA LANE @ SMYTH RD,371610.7585,5029191.066,-75.64661553,45.39946975,1/15/2015,17:40,01 - Clear,02 - Wet,02 - Stop sign,03 - At intersection,07 - Dark,03 - P.D. only,02 - Angle,Elmvale - Eastway - Riverview - Riverview Park West
6095,GREENBANK RD btwn HIGHBURY PARK DR & WESSEX RD,363647.5371,5015460.039,-75.74995466,45.27663374,1/29/2015,8:26,01 - Clear,01 - Dry,10 - No control,01 - Non intersection,01 - Daylight,03 - P.D. only,03 - Rear end,New Barrhaven
6096,CAMPEAU DR @ TERRY FOX DR,350456.5646,5019009.009,-75.91774444,45.30954875,1/29/2015,20:31,03 - Snow,03 - Loose snow,01 - Traffic signal,02 - Intersection related,07 - Dark,03 - P.D. only,03 - Rear end,Kanata Lakes - Marchwood Lakeside - Morgan's Grant - Kanata
6097,ORLEANS BLVD btwn BOYER RD & BEAUSEJOUR DR,381054.236,5035588.77,-75.5250184,45.45606663,1/3/2015,16:33,03 - Snow,05 - Packed snow,10 - No control,01 - Non intersection,05 - Dusk,03 - P.D. only,07 - SMV other,Orleans Village - Chateauneuf
6098,DUNNING RD btwn WILHAVEN DR & INNES RD,391185.2309,5040454.389,-75.39465135,45.49866263,1/3/2015,16:35,03 - Snow,03 - Loose snow,10 - No control,01 - Non intersection,05 - Dusk,03 - P.D. only,01 - Approaching,Cumberland - Estates
6099,CALAVERAS AVE @ PALMADEO DR,365047.3401,5015907.03,-75.73206071,45.2805372,2/14/2015,11:07,03 - Snow,03 - Loose snow,02 - Stop sign,03 - At intersection,01 - Daylight,03 - P.D. only,02 - Angle,New Barrhaven
6100,CRESTWAY DR @ STRANDHERD DR,366346.9028,5015470.652,-75.71555156,45.27649813,2/14/2015,11:53,03 - Snow,04 - Slush,01 - Traffic signal,02 - Intersection related,01 - Daylight,03 - P.D. only,04 - Sideswipe,Chapman Mills - Rideau Crest - Davidson Heights
6101,GREENBANK RD @ BERRIGAN DR/WESSEX RD,363723.6817,5015275.943,-75.74900608,45.27497087,2/7/2015,12:25,01 - Clear,02 - Wet,01 - Traffic signal,02 - Intersection related,01 - Daylight,03 - P.D. only,04 - Sideswipe,New Barrhaven
6102,JEANNE D'ARC BLVD @ FORTUNE DR/VINEYARD DR,379239.6925,5037373.189,-75.54794555,45.47231716,2/7/2015,15:50,01 - Clear,03 - Loose snow,01 - Traffic signal,03 - At intersection,01 - Daylight,03 - P.D. only,05 - Turning movement,Orleans South West
6103,SNAKE ISLAND RD @ STAGECOACH RD,378063.7214,5006579.939,-75.567542,45.1953793,1/7/2015,17:45,03 - Snow,06 - Ice,02 - Stop sign,02 - Intersection related,07 - Dark,03 - P.D. only,03 - Rear end,Kars - Osgoode
6104,LONGFIELDS DR @ WOODROFFE AVE,365421.1699,5017104.535,-75.72714983,45.29128016,1/9/2015,12:15,01 - Clear,01 - Dry,01 - Traffic signal,03 - At intersection,01 - Daylight,03 - P.D. only,05 - Turning movement,Greenbelt
6105,CATHERINE ST @ METCALFE ST,368392.7428,5030485.117,-75.6875486,45.41141289,2/21/2015,21:23,03 - Snow,05 - Packed snow,01 - Traffic signal,02 - Intersection related,07 - Dark,03 - P.D. only,03 - Rear end,Centretown
6106,CLAYMOR AVE btwn NORMANDY CRES & FALAISE RD,367195.2204,5024942.689,-75.70354713,45.36165135,2/22/2015,8:45,03 - Snow,04 - Slush,10 - No control,04 - At/near private drive,01 - Daylight,03 - P.D. only,02 - Angle,Carleton Heights - Rideauview
6107,MEADOWLANDS DR @ MERIVALE RD,364858.6999,5023725.992,-75.73351707,45.35090775,3/22/2015,11:15,01 - Clear,01 - Dry,01 - Traffic signal,03 - At intersection,01 - Daylight,03 - P.D. only,05 - Turning movement,Cityview - Skyline - Fisher Heights
6108,WOODWARD DR btwn COURTWOOD CRES & COURTWOOD CRES,363427.9947,5026011.234,-75.75150338,45.37159116,1/29/2015,19:36,03 - Snow,06 - Ice,10 - No control,01 - Non intersection,07 - Dark,03 - P.D. only,01 - Approaching,Carlington
6109,PALLADIUM DR @ SILVER SEVEN RD,351051.6077,5017888.893,-75.9102608,45.29943071,1/29/2015,19:40,03 - Snow,03 - Loose snow,01 - Traffic signal,03 - At intersection,07 - Dark,03 - P.D. only,05 - Turning movement,Katimavik - Hazeldean
6110,INNES RD @ ORLEANS BLVD,380459.8312,5034294.957,-75.53281632,45.44449052,1/27/2015,11:59,01 - Clear,01 - Dry,01 - Traffic signal,02 - Intersection related,01 - Daylight,03 - P.D. only,03 - Rear end,Orleans Village - Chateauneuf
6111,MOODIE DR @ FITZGERALD RD/STAFFORD RD,356917.7239,5020812.987,-75.83516107,45.3253314,1/27/2015,16:49,01 - Clear,01 - Dry,01 - Traffic signal,02 - Intersection related,05 - Dusk,03 - P.D. only,03 - Rear end,Bells Corners West
6112,BRONSON AVE RAMP 34B btwn BRONSON AVE & BRONSON AVE RAMP 34A,368419.2691,5027174.98,-75.68763663,45.38162689,1/30/2015,18:45,05 - Drifting Snow,03 - Loose snow,10 - No control,01 - Non intersection,07 - Dark,03 - P.D. only,04 - Sideswipe,Riverside Park
6113,DAZE ST btwn HUNT CLUB RD & 200 W OF BANK ST,371219.3491,5024006.445,-75.65231183,45.35285762,3/17/2015,15:54,01 - Clear,01 - Dry,10 - No control,04 - At/near private drive,01 - Daylight,03 - P.D. only,05 - Turning movement,South Keys - Heron Gate - Greenboro West
6114,BROOKFIELD RAMP 34 btwn TO BE DETERMINED & AIRPORT PKWY,368757.2448,5026421.774,-75.68341897,45.37481898,3/17/2015,15:54,01 - Clear,06 - Ice,10 - No control,06 - Underpass or tunnel,01 - Daylight,03 - P.D. only,07 - SMV other,Riverside Park
6115,CUMBERLAND ST @ RIDEAU ST,368373.5471,5032329.492,-75.68755584,45.42800969,1/1/2015,20:14,01 - Clear,01 - Dry,01 - Traffic signal,03 - At intersection,07 - Dark,03 - P.D. only,02 - Angle,Byward Market - Parliament Hill
6116,FALLOWFIELD RD @ WOODROFFE AVE,365085.15,5017901.744,-75.73133641,45.29848231,1/2/2015,12:30,01 - Clear,01 - Dry,01 - Traffic signal,02 - Intersection related,01 - Daylight,03 - P.D. only,03 - Rear end,New Barrhaven
6117,CYRVILLE RD @ INNES RD,375047.7247,5031120.046,-75.60244504,45.41648928,2/8/2015,16:59,03 - Snow,05 - Packed snow,01 - Traffic signal,02 - Intersection related,05 - Dusk,03 - P.D. only,02 - Angle,Industrial Park
6118,RUSSELL RD btwn TO BE DETERMINED & SPRING ST,385047.6586,5026588.625,-75.47543228,45.37464399,2/9/2015,9:59,03 - Snow,03 - Loose snow,10 - No control,01 - Non intersection,01 - Daylight,03 - P.D. only,07 - SMV other,Greenbelt
6119,EAGLESON RD @ HAZELDEAN RD/ROBERTSON RD,353672.661,5018423.014,-75.87678989,45.3040594,2/1/2015,0:40,01 - Clear,02 - Wet,01 - Traffic signal,02 - Intersection related,07 - Dark,03 - P.D. only,03 - Rear end,Greenbelt
6120,DONALD ST @ VANIER PKWY,370312.677,5032269.14,-75.66278519,45.42728773,2/2/2015,19:45,03 - Snow,03 - Loose snow,01 - Traffic signal,02 - Intersection related,07 - Dark,03 - P.D. only,03 - Rear end,Overbrook
6121,KENDER AVE @ OGILVIE RD,375256.7206,5035525.118,-75.59914457,45.45610256,1/3/2015,16:48,03 - Snow,05 - Packed snow,02 - Stop sign,02 - Intersection related,05 - Dusk,03 - P.D. only,03 - Rear end,Beacon Hill North
6122,BRONSON AVE @ GLADSTONE AVE,367134.6656,5030081.082,-75.70367112,45.4078907,1/3/2015,17:14,03 - Snow,03 - Loose snow,01 - Traffic signal,03 - At intersection,05 - Dusk,03 - P.D. only,02 - Angle,Centretown West
6123,GREENBANK RD @ STRANDHERD DR,363932.72,5014782.971,-75.74640079,45.27051755,2/14/2015,11:00,03 - Snow,03 - Loose snow,01 - Traffic signal,02 - Intersection related,01 - Daylight,03 - P.D. only,03 - Rear end,New Barrhaven
6124,DAZE ST @ 200 W OF BANK ST/SOUTHKEYS SC,371194.5276,5024143.904,-75.65261012,45.35409678,2/14/2015,14:47,03 - Snow,04 - Slush,01 - Traffic signal,02 - Intersection related,01 - Daylight,03 - P.D. only,03 - Rear end,South Keys - Heron Gate - Greenboro West
6125,MERIVALE RD @ SLACK RD,366020.6642,5020955.011,-75.71903202,45.3258744,2/9/2015,8:25,01 - Clear,04 - Slush,01 - Traffic signal,02 - Intersection related,01 - Daylight,03 - P.D. only,02 - Angle,Merivale Gardens - Grenfell Glen - Pineglen - Country Place
6126,TENTH LINE RD btwn CANOTIA PL & AMIENS ST,383332.792,5037612.099,-75.49556611,45.47401837,2/14/2015,22:45,01 - Clear,03 - Loose snow,10 - No control,01 - Non intersection,07 - Dark,03 - P.D. only,04 - Sideswipe,Orlans
6127,PARKDALE AVE btwn WELLINGTON ST W & GLADSTONE AVE,365163.1946,5029244.05,-75.72895691,45.40053208,1/11/2015,11:22,01 - Clear,04 - Slush,10 - No control,01 - Non intersection,01 - Daylight,03 - P.D. only,03 - Rear end,Islan
6128,RIVERSIDE DR @ TREMBLAY RD/HWY417 IC117 RAMP52,370801.2175,5031015.812,-75.65671051,45.41596488,1/12/2015,7:20,03 - Snow,04 - Slush,01 - Traffic signal,03 - At intersection,03 - Dawn,03 - P.D. only,03 - Rear end,Industrial Park
6129,ORLEANS BLVD @ ST. JOSEPH BLVD,380631.7377,5036980.108,-75.53020504,45.46863076,2/22/2015,14:54,01 - Clear,02 - Wet,01 - Traffic signal,03 - At intersection,01 - Daylight,03 - P.D. only,05 - Turning movement,Orleans Village - Chateauneuf
6130,JEANNE D'ARC BLVD @ VORLAGE DR W/VOYAGEUR WAY,379267.8537,5037741.619,-75.54752958,45.475629,2/23/2015,12:56,01 - Clear,01 - Dry,01 - Traffic signal,03 - At intersection,01 - Daylight,03 - P.D. only,02 - Angle,Orleans South West
6131,GREENBANK RD @ STRANDHERD DR,363932.72,5014784.899,-75.74640056,45.2705349,3/1/2015,17:17,01 - Clear,01 - Dry,01 - Traffic signal,02 - Intersection related,01 - Daylight,03 - P.D. only,07 - SMV other,New Barrhaven
6132,ST. LAURENT BLVD btwn TREMBLAY RD & SHORE ST,372602.4609,5031225.672,-75.63366998,45.41768088,3/9/2015,7:04,01 - Clear,02 - Wet,10 - No control,01 - Non intersection,01 - Daylight,03 - P.D. only,03 - Rear end,Industrial Park
6133,LYON ST    N btwn JAMES ST & FLORENCE ST,367522.2877,5030462.776,-75.69867115,45.41129043,1/12/2015,15:45,01 - Clear,05 - Packed snow,10 - No control,01 - Non intersection,01 - Daylight,03 - P.D. only,04 - Sideswipe,Centretown
6134,MAIN ST @ OBLATE AVE,369107.6972,5030311.44,-75.67843805,45.40978488,1/13/2015,18:02,03 - Snow,06 - Ice,01 - Traffic signal,02 - Intersection related,07 - Dark,03 - P.D. only,04 - Sideswipe,Old Ottawa East
6135,BLACKBURN BYPASS EB btwn 1700 W OF NAVAN RD & INNES RD,377210.3261,5032155.799,-75.57466483,45.4255879,1/29/2015,19:53,03 - Snow,05 - Packed snow,10 - No control,01 - Non intersection,07 - Dark,03 - P.D. only,04 - Sideswipe,Greenbelt
6136,MONAGHAN LANE btwn SECOND LINE RD & TO BE DETERMINED,346708.4771,5025624.592,-75.96498104,45.36931139,1/27/2015,17:30,01 - Clear,01 - Dry,10 - No control,04 - At/near private drive,05 - Dusk,03 - P.D. only,06 - SMV unattended vehicle,Carp - Hardwood Plains
6137,TRIM RD @ VALIN ST,386438.014,5037557.043,-75.455866,45.47316692,1/30/2015,19:20,01 - Clear,04 - Slush,01 - Traffic signal,03 - At intersection,07 - Dark,03 - P.D. only,05 - Turning movement,Cardinal Creek
6138,CHARTWELL AVE @ ROSELAWN CRT,362201.7195,5021673.326,-75.76766138,45.33266048,3/17/2015,19:45,01 - Clear,01 - Dry,10 - No control,03 - At intersection,07 - Dark,03 - P.D. only,06 - SMV unattended vehicle,Woodvale - Craig Henry - Manordale - Estates of Arlington Wo
6139,HWY 417 MAITLAND IC126R63 @ MAITLAND AVE,363165.8731,5025928.862,-75.7548593,45.37087187,3/18/2015,12:58,01 - Clear,01 - Dry,03 - Yield sign,02 - Intersection related,01 - Daylight,03 - P.D. only,03 - Rear end,Carlingwood West - Glabar Park - McKellar Heights
6140,WOODROFFE AVE @ DEERFOX DR/STONEWAY DR,365886.662,5015939.957,-75.72135927,45.28076105,1/2/2015,13:57,01 - Clear,01 - Dry,01 - Traffic signal,03 - At intersection,01 - Daylight,03 - P.D. only,02 - Angle,Chapman Mills - Rideau Crest - Davidson Heights