Record,Location,X,Y,lon,lat,Date,Time,Environment,Road_Surface,Traffic_Control,Collision_Location,Light,Collision_Classification,Impact_type,Neighborhood
6141,KIWANIS CRT btwn JOHNSTON RD & END,372231.5202,5025796.614,-75.63915103,45.36886831,2/13/2015,17:00,01 - Clear,05 - Packed snow,10 - No control,04 - At/near private drive,01 - Daylight,03 - P.D. only,06 - SMV unattended vehicle,South Keys - Heron Gate - Greenboro West
6142,MACKENZIE AVE @ RIDEAU ST,367869.6992,5032009.098,-75.69403519,45.42517251,2/14/2015,11:07,03 - Snow,03 - Loose snow,01 - Traffic signal,03 - At intersection,01 - Daylight,03 - P.D. only,02 - Angle,Byward Market - Parliament Hill
6143,BRONSON AVE @ GLADSTONE AVE,367134.6656,5030080.118,-75.70367124,45.40788202,1/30/2015,19:30,03 - Snow,03 - Loose snow,01 - Traffic signal,02 - Intersection related,07 - Dark,03 - P.D. only,03 - Rear end,Centretown West
6144,BLAIR RD @ REGIONAL RD 174 S/OR174 IC112 RAMP15,374907.2169,5032661.458,-75.60402072,45.43037216,1/3/2015,17:44,03 - Snow,04 - Slush,01 - Traffic signal,03 - At intersection,07 - Dark,03 - P.D. only,05 - Turning movement,Pineview
6145,CARLING AVE @ MELWOOD AVE,362512.7306,5026199.011,-75.76316552,45.37335673,1/3/2015,17:52,03 - Snow,03 - Loose snow,02 - Stop sign,03 - At intersection,07 - Dark,03 - P.D. only,05 - Turning movement,Carlingwood West - Glabar Park - McKellar Heights
6146,SILVER SEVEN RD @ 280 N OF PALLADIUM DR/COSTCO,350865.6638,5018095.288,-75.91261241,45.30130013,2/15/2015,11:10,01 - Clear,04 - Slush,01 - Traffic signal,02 - Intersection related,01 - Daylight,03 - P.D. only,03 - Rear end,Katimavik - Hazeldean
6147,FALLOWFIELD RD @ MERIVALE RD,366891.7126,5018843.987,-75.70818606,45.30680317,2/15/2015,13:04,01 - Clear,03 - Loose snow,01 - Traffic signal,02 - Intersection related,01 - Daylight,03 - P.D. only,02 - Angle,Greenbelt
6148,HUNT CLUB RD WB @ HWY417 HUNT CLUB IC108 RAMP53,376408.4995,5027327.587,-75.58561123,45.3822289,6/14/2015,10:00,01 - Clear,01 - Dry,10 - No control,02 - Intersection related,01 - Daylight,03 - P.D. only,03 - Rear end,Greenbelt
6149,MERIVALE RD btwn MEADOWLANDS DR & 210 S OF MEADOWLANDS DR/MERIVALE PL ,364896.2903,5023635.39,-75.73304838,45.3500893,2/17/2015,12:30,01 - Clear,02 - Wet,10 - No control,01 - Non intersection,01 - Daylight,03 - P.D. only,04 - Sideswipe,Crestview - Meadowlands
6150,HARDING RD @ WALKLEY RD,373148.0721,5027607.877,-75.62720075,45.38507652,1/5/2015,15:30,01 - Clear,06 - Ice,01 - Traffic signal,02 - Intersection related,01 - Daylight,03 - P.D. only,03 - Rear end,Urbandale
6151,LONGFIELDS DR @ WOODROFFE AVE,365422.1338,5017107.427,-75.72713719,45.2913061,1/13/2015,12:34,01 - Clear,01 - Dry,01 - Traffic signal,02 - Intersection related,01 - Daylight,03 - P.D. only,04 - Sideswipe,Greenbelt
6152,INDUSTRIAL AVE @ RUSSELL RD,372466.6925,5030279.071,-75.63553449,45.40917694,2/23/2015,9:45,01 - Clear,01 - Dry,01 - Traffic signal,02 - Intersection related,01 - Daylight,03 - P.D. only,03 - Rear end,Industrial Park
6153,INNES RD btwn BLAIR RD & ANDERSON RD,375831.265,5031604.856,-75.59236512,45.42077223,3/9/2015,7:42,01 - Clear,04 - Slush,10 - No control,01 - Non intersection,01 - Daylight,03 - P.D. only,04 - Sideswipe,Greenbelt
6154,HUNT CLUB RD @ PIKE ST/MAPLE PARK PRIV,373296.7385,5025087.066,-75.62565211,45.36238079,3/9/2015,8:58,01 - Clear,01 - Dry,01 - Traffic signal,03 - At intersection,01 - Daylight,03 - P.D. only,03 - Rear end,Greenboro East
6155,DONALD ST @ ST. LAURENT BLVD,372093.7129,5032472.103,-75.63999938,45.42894481,1/13/2015,18:33,01 - Clear,01 - Dry,01 - Traffic signal,03 - At intersection,07 - Dark,03 - P.D. only,05 - Turning movement,Overbrook
6156,CHAMBERLAIN AVE @ PERCY ST,367557.881,5029825.924,-75.69829753,45.40555704,1/29/2015,20:55,03 - Snow,03 - Loose snow,01 - Traffic signal,02 - Intersection related,07 - Dark,03 - P.D. only,07 - SMV other,The Glebe
6157,BREWER RD @ BRONSON AVE,368109.0471,5027765.954,-75.69152171,45.38697241,1/29/2015,22:23,03 - Snow,05 - Packed snow,01 - Traffic signal,02 - Intersection related,07 - Dark,03 - P.D. only,03 - Rear end,Carleto
6158,GREENBANK RD btwn WEST HUNT CLUB RD & FALLOWFIELD RD,361519.1951,5020409.467,-75.7765132,45.32134378,1/27/2015,18:02,01 - Clear,01 - Dry,10 - No control,01 - Non intersection,07 - Dark,03 - P.D. only,04 - Sideswipe,Greenbelt
6159,WOODROFFE AVE btwn FALLOWFIELD RD & EARL MULLIGAN DR,365101.5355,5017871.865,-75.73113114,45.29821206,1/27/2015,18:02,01 - Clear,01 - Dry,10 - No control,04 - At/near private drive,07 - Dark,03 - P.D. only,05 - Turning movement,Greenbelt
6160,CRESTHAVEN DR btwn VILLANDRY ST & BARNSTONE DR,366919.1773,5015172.23,-75.70829565,45.27376262,1/30/2015,21:03,01 - Clear,01 - Dry,10 - No control,01 - Non intersection,07 - Dark,03 - P.D. only,06 - SMV unattended vehicle,Chapman Mills - Rideau Crest - Davidson Heights
6161,SEABROOKE DR btwn SCHARF LANE & END,352691.2719,5017475.425,-75.88939509,45.29560037,3/18/2015,13:05,01 - Clear,01 - Dry,10 - No control,04 - At/near private drive,01 - Daylight,03 - P.D. only,06 - SMV unattended vehicle,Glen Cairn - Kanata South Business Park
6162,HUNT CLUB RD WB btwn 275 E OF HAWTHORNE RD/OC TRANSPO TURNAROUND & HAWTHORNE RD,375613.234,5026476.798,-75.59588693,45.37465476,9/28/2015,18:25,01 - Clear,02 - Wet,10 - No control,01 - Non intersection,05 - Dusk,03 - P.D. only,05 - Turning movement,Greenbelt
6163,HUNT CLUB RD @ LORRY GREENBERG DR/SABLE RIDGE ,372823.7387,5024806.059,-75.63172784,45.35989845,1/2/2015,14:09,01 - Clear,01 - Dry,01 - Traffic signal,02 - Intersection related,01 - Daylight,03 - P.D. only,03 - Rear end,Greenboro East
6164,CAMPEAU DR @ HUNTMAR DR,349065,5018038.259,-75.93557679,45.30090273,1/4/2015,22:34,04 - Freezing Rain,04 - Slush,11 - Roundabout,03 - At intersection,07 - Dark,03 - P.D. only,04 - Sideswipe,Stittsville - Basswood
6165,MONTREAL RD @ ST. LAURENT BLVD,371544.739,5033816.149,-75.64683216,45.44109052,2/14/2015,15:10,03 - Snow,03 - Loose snow,01 - Traffic signal,02 - Intersection related,01 - Daylight,03 - P.D. only,03 - Rear end,Cummings
6166,QUEEN MARY ST @ VERA ST,370523.6772,5031974.059,-75.6601284,45.42461292,2/14/2015,19:34,03 - Snow,03 - Loose snow,02 - Stop sign,03 - At intersection,07 - Dark,03 - P.D. only,02 - Angle,Overbrook
6167,SLACK RD btwn GRENFELL CRES & MERIVALE RD,365931.5511,5020906.945,-75.72017463,45.32544967,2/2/2015,16:00,03 - Snow,03 - Loose snow,10 - No control,04 - At/near private drive,01 - Daylight,03 - P.D. only,05 - Turning movement,Merivale Gardens - Grenfell Glen - Pineglen - Country Place
6168,ROBERTSON RD btwn MOODIE DR & VANIER RD,357325.9292,5020607.285,-75.82997598,45.32345004,2/6/2015,16:06,01 - Clear,02 - Wet,10 - No control,01 - Non intersection,01 - Daylight,03 - P.D. only,03 - Rear end,Bells Corners East
6169,CYRVILLE RD @ INNES RD,375047.7247,5031120.046,-75.60244504,45.41648928,1/3/2015,19:00,03 - Snow,05 - Packed snow,01 - Traffic signal,02 - Intersection related,07 - Dark,03 - P.D. only,03 - Rear end,Industrial Park
6170,INNES RD @ ORCHARDVIEW AVE/ESPRIT DR,384843.8007,5036560.078,-75.47641474,45.46438173,1/3/2015,19:16,03 - Snow,05 - Packed snow,01 - Traffic signal,03 - At intersection,07 - Dark,03 - P.D. only,05 - Turning movement,Fallingbrook
6171,HWY 416 WESTHUNT IC72R34 @ WEST HUNT CLUB RD,359371.3552,5019361.092,-75.80402359,45.31208069,2/16/2015,19:15,01 - Clear,02 - Wet,01 - Traffic signal,02 - Intersection related,07 - Dark,03 - P.D. only,03 - Rear end,Greenbelt
6172,FALLOWFIELD RD btwn MERIVALE RD & WOODROFFE AVE,366095.2705,5018565.46,-75.71837604,45.30436697,2/17/2015,12:28,01 - Clear,06 - Ice,10 - No control,01 - Non intersection,01 - Daylight,03 - P.D. only,03 - Rear end,Greenbelt
6173,MARCH VALLEY RD @ TERRY FOX DR,350755.5331,5023782.56,-75.91348873,45.35248276,2/17/2015,15:37,01 - Clear,01 - Dry,02 - Stop sign,03 - At intersection,01 - Daylight,03 - P.D. only,02 - Angle,South March
6174,SPRUCE MEADOWS DR btwn TAMARA WAY & STEEPLE CHASE DR,355012.9213,5017197.318,-75.85982445,45.29293583,2/18/2015,9:30,01 - Clear,05 - Packed snow,10 - No control,04 - At/near private drive,01 - Daylight,03 - P.D. only,06 - SMV unattended vehicle,Bridlewood - Emerald Meadows
6175,SUSSEX DR @ 262 N OF KING EDWARD AVE,367767.7461,5033732.484,-75.69511752,45.44068812,1/14/2015,7:50,01 - Clear,06 - Ice,01 - Traffic signal,02 - Intersection related,03 - Dawn,03 - P.D. only,03 - Rear end,Lindenle
6176,RIVERSIDE DR @ HERON RD,368122.0688,5026647.703,-75.69149886,45.37690952,2/24/2015,6:45,01 - Clear,01 - Dry,01 - Traffic signal,02 - Intersection related,07 - Dark,03 - P.D. only,03 - Rear end,Riverside Park
6177,RENAUD RD btwn MAURICE ST & IDA ST,378488.7224,5031695.077,-75.55839926,45.42130912,3/9/2015,9:11,01 - Clear,02 - Wet,10 - No control,01 - Non intersection,01 - Daylight,03 - P.D. only,04 - Sideswipe,Greenbelt
6178,CARLING AVE/STATION RD @ MARCH RD,350905.76,5022246.169,-75.91171476,45.33864814,3/10/2015,7:53,01 - Clear,01 - Dry,01 - Traffic signal,02 - Intersection related,01 - Daylight,03 - P.D. only,03 - Rear end,South March
6179,EAGLESON RD btwn 240 N OF CADENCE GT/COPE DR/LOBLAWS SC & CADENCE GT/C,354580.0408,5016124.21,-75.86545068,45.28331057,1/17/2015,20:00,01 - Clear,01 - Dry,10 - No control,04 - At/near private drive,07 - Dark,03 - P.D. only,03 - Rear end,Bridlewood - Emerald Meadows
6180,REGIONAL ROAD 174 btwn OR174 IC101 RAMP26 & OR174 IC101 RAMP61,383021.07,5039091.53,-75.4993168,45.48736393,1/29/2015,23:01,03 - Snow,03 - Loose snow,10 - No control,01 - Non intersection,07 - Dark,03 - P.D. only,07 - SMV other,Chatelaine Village
6181,GRASSY PLAINS DR btwn SHEPPARD'S GLEN AVE & FLOWERTREE CRES,356053.3116,5015609.401,-75.84672517,45.27857234,3/15/2015,9:00,03 - Snow,04 - Slush,10 - No control,01 - Non intersection,01 - Daylight,03 - P.D. only,01 - Approaching,Bridlewood - Emerald Meadows
6182,MAIN ST @ RIVERDALE AVE,369431.7411,5029531.048,-75.67440096,45.40273334,1/28/2015,12:00,01 - Clear,01 - Dry,01 - Traffic signal,03 - At intersection,01 - Daylight,03 - P.D. only,05 - Turning movement,Old Ottawa East
6183,WIGGINS PRIV btwn CHAPEL CRES & GOULBURN CRES (2),369803.5255,5031448.22,-75.6693995,45.41994891,1/28/2015,18:19,01 - Clear,02 - Wet,10 - No control,01 - Non intersection,07 - Dark,03 - P.D. only,01 - Approaching,Sandy Hill
6184,BANK ST @ SLATER ST,367423.7385,5031356.023,-75.69981656,45.41933642,1/30/2015,23:07,01 - Clear,05 - Packed snow,01 - Traffic signal,03 - At intersection,07 - Dark,03 - P.D. only,02 - Angle,Downtown
6185,KARENDALE ST btwn WOODSON ST & HATHAWAY DR,366704.046,5015713.355,-75.71096974,45.2786506,1/30/2015,23:00,03 - Snow,03 - Loose snow,10 - No control,04 - At/near private drive,07 - Dark,03 - P.D. only,06 - SMV unattended vehicle,Chapman Mills - Rideau Crest - Davidson Heights
6186,MONTREAL RD @ VANIER PKWY,370071.7459,5033064.146,-75.66575845,45.43446339,3/21/2015,14:07,03 - Snow,02 - Wet,01 - Traffic signal,02 - Intersection related,01 - Daylight,03 - P.D. only,03 - Rear end,Vanier
6187,CARLING AVE @ MERIVALE RD,364893.7399,5027699.098,-75.73258662,45.3866541,1/5/2015,14:09,01 - Clear,01 - Dry,01 - Traffic signal,02 - Intersection related,01 - Daylight,03 - P.D. only,03 - Rear end,Carlington
6188,CARLING AVE EB btwn ANNA AVE & STEVENSON AVE,365207.3361,5027899.782,-75.72855771,45.38843284,1/6/2015,8:37,01 - Clear,02 - Wet,10 - No control,01 - Non intersection,01 - Daylight,03 - P.D. only,04 - Sideswipe,Carlington
6189,JOHNSTON RD @ ROWALLEN PL,373107.9262,5026042.238,-75.62792993,45.37099347,2/13/2015,12:35,01 - Clear,06 - Ice,02 - Stop sign,03 - At intersection,01 - Daylight,03 - P.D. only,05 - Turning movement,Greenboro East
6190,KELLY LANE @ RIVER RD,372992.6878,5006077.885,-75.63214413,45.19137055,2/14/2015,10:50,03 - Snow,02 - Wet,02 - Stop sign,03 - At intersection,01 - Daylight,03 - P.D. only,02 - Angle,Manotick
6191,PINECREST RD/HWY 417 PINECRE IC129R63 @ TRANSI,360388.1255,5023678.928,-75.79057228,45.35085288,1/1/2015,17:54,01 - Clear,01 - Dry,01 - Traffic signal,02 - Intersection related,07 - Dark,03 - P.D. only,03 - Rear end,Whitehaven - Queensway Terrace North
6192,UPPER DWYER HILL RD btwn HAMILTON SIDE RD & MCARTON RD,338203.5241,5009677.87,-76.07462925,45.2262717,1/2/2015,15:20,01 - Clear,01 - Dry,10 - No control,01 - Non intersection,01 - Daylight,03 - P.D. only,07 - SMV other,Stittsville - Basswood
6193,GREENBANK RD btwn WEST HUNT CLUB RD & FALLOWFIELD RD,362673.9563,5017673.124,-75.76210431,45.29662795,2/8/2015,3:00,05 - Drifting Snow,05 - Packed snow,10 - No control,01 - Non intersection,07 - Dark,03 - P.D. only,07 - SMV other,Greenbelt
6194,MERIVALE RD btwn BASELINE RD & NE/OT BOUNDARY,365050.841,5025291.313,-75.73087434,45.36497579,1/3/2015,20:10,03 - Snow,03 - Loose snow,10 - No control,01 - Non intersection,07 - Dark,03 - P.D. only,04 - Sideswipe,Cityview - Skyline - Fisher Heights
6195,CHESTERTON DR @ MEADOWLANDS DR,365099.7759,5024009.99,-75.73040604,45.35344243,1/3/2015,20:14,03 - Snow,03 - Loose snow,01 - Traffic signal,02 - Intersection related,07 - Dark,03 - P.D. only,04 - Sideswipe,Borden Farm - Stewart Farm - Parkwood Hills - Fisher Glen
6196,KING EDWARD AVE NB btwn YORK ST & RIDEAU ST,368450.9843,5032530.698,-75.68654032,45.42981303,2/11/2015,17:00,01 - Clear,01 - Dry,10 - No control,01 - Non intersection,01 - Daylight,03 - P.D. only,03 - Rear end,Byward Market
6197,BENLEA DR btwn CARDIGAN DR & BRYDON CRT,364287.3815,5021663.924,-75.74105567,45.33240217,2/17/2015,12:55,01 - Clear,06 - Ice,10 - No control,04 - At/near private drive,01 - Daylight,03 - P.D. only,07 - SMV other,Tanglewood
6198,BASELINE RD @ WOODROFFE AVE,362548.7263,5023769.059,-75.76298995,45.35148928,2/18/2015,9:30,01 - Clear,01 - Dry,01 - Traffic signal,02 - Intersection related,01 - Daylight,03 - P.D. only,03 - Rear end,Iris
6199,BRONSON AVE @ CATHERINE ST/RAYMOND ST,367252.7085,5029796.085,-75.70219936,45.40531585,2/18/2015,16:07,01 - Clear,01 - Dry,01 - Traffic signal,02 - Intersection related,01 - Daylight,03 - P.D. only,04 - Sideswipe,Centretown West
6200,BANNER RD @ GREENBANK RD,361022.6014,5021566.934,-75.78271561,45.33179862,1/17/2015,8:10,03 - Snow,03 - Loose snow,01 - Traffic signal,02 - Intersection related,01 - Daylight,03 - P.D. only,03 - Rear end,Woodvale - Craig Henry - Manordale - Estates of Arlington Wo
6201,BASELINE RD @ MERIVALE RD,365056.6241,5025324.069,-75.73079653,45.36527002,1/18/2015,2:31,01 - Clear,01 - Dry,01 - Traffic signal,03 - At intersection,07 - Dark,03 - P.D. only,02 - Angle,Civic Hospital - Experimental Farm - Central Park
6202,SHEFFIELD RD @ WALKLEY RD,375257.7351,5028783.093,-75.60009602,45.3954415,2/25/2015,7:58,03 - Snow,03 - Loose snow,01 - Traffic signal,02 - Intersection related,01 - Daylight,03 - P.D. only,03 - Rear end,Industrial Park
6203,GREENBANK RD @ 220 N OF STRANDHERD DR,363848.3925,5014983.888,-75.74745149,45.27233249,2/25/2015,8:25,03 - Snow,03 - Loose snow,01 - Traffic signal,03 - At intersection,01 - Daylight,03 - P.D. only,05 - Turning movement,New Barrhaven
6204,ESSON ST @ HUNT CLUB RD,374638.7742,5025906.075,-75.60840758,45.36961745,3/10/2015,18:47,01 - Clear,02 - Wet,02 - Stop sign,03 - At intersection,05 - Dusk,03 - P.D. only,02 - Angle,Hunt Club
6205,MONTREAL RD btwn CENTER ST & BRITTANY DR,371869.5197,5033974.246,-75.64265955,45.44248192,3/11/2015,12:15,01 - Clear,01 - Dry,10 - No control,04 - At/near private drive,01 - Daylight,03 - P.D. only,02 - Angle,Cummings
6206,ROBERTSON RD btwn WESTCLIFFE RD & FITZGERALD RD,356658.1462,5020212.741,-75.838535,45.31994954,1/22/2015,17:21,01 - Clear,01 - Dry,10 - No control,04 - At/near private drive,05 - Dusk,03 - P.D. only,02 - Angle,Bells Corners West
6207,MILLFORD AVE btwn PRITCHARD DR & COX ST,362940.892,5021368.01,-75.75826757,45.32985241,3/15/2015,11:04,01 - Clear,05 - Packed snow,10 - No control,01 - Non intersection,01 - Daylight,03 - P.D. only,01 - Approaching,Woodvale - Craig Henry - Manordale - Estates of Arlington Wo
6208,POLO LANE btwn SPIRITWOOD DR & CEDAR VALLEY DR,355550.2801,5016012.078,-75.85309523,45.2822322,3/15/2015,11:45,03 - Snow,06 - Ice,10 - No control,01 - Non intersection,01 - Daylight,03 - P.D. only,07 - SMV other,Bridlewood - Emerald Meadows
6209,GLADSTONE AVE @ KENT ST,367745.6681,5030459.089,-75.69581803,45.4112372,1/31/2015,17:33,01 - Clear,01 - Dry,01 - Traffic signal,02 - Intersection related,05 - Dusk,03 - P.D. only,04 - Sideswipe,Centretown
6210,LAURIER AVE   E btwn CUMBERLAND ST & COPERNICUS ST,368608.6193,5031954.436,-75.6846006,45.42461367,2/2/2015,19:12,03 - Snow,05 - Packed snow,10 - No control,01 - Non intersection,07 - Dark,03 - P.D. only,06 - SMV unattended vehicle,Sandy Hill
6211,MONTREAL RD btwn PALACE ST & VANIER PKWY,370045.8469,5033049.916,-75.66609131,45.43433777,1/7/2015,15:46,03 - Snow,06 - Ice,10 - No control,04 - At/near private drive,01 - Daylight,03 - P.D. only,05 - Turning movement,Vanier
6212,REGIONAL ROAD 174 EB btwn OR174 IC109 RAMP55 & TRANSIT,376531.0252,5035119.226,-75.58291266,45.45232096,1/1/2015,16:00,01 - Clear,01 - Dry,10 - No control,01 - Non intersection,01 - Daylight,03 - P.D. only,99 - Other,Greenbelt
6213,WELLINGTON ST    W btwn MERTON ST & FAIRMONT AVE,365527.3232,5029654.816,-75.72425559,45.40419656,1/6/2015,13:58,01 - Clear,05 - Packed snow,10 - No control,01 - Non intersection,01 - Daylight,03 - P.D. only,04 - Sideswipe,Mechanicsville
6214,BANK ST btwn RANDALL AVE & 73 N OF EVANS BLVD,369767.0908,5027251.127,-75.67041788,45.38218834,2/17/2015,12:31,01 - Clear,02 - Wet,10 - No control,04 - At/near private drive,01 - Daylight,03 - P.D. only,05 - Turning movement,Alta Vista
6215,OLD TENTH LINE RD @ TENTH LINE RD,383042.979,5038359.461,-75.4991532,45.48077499,1/1/2015,17:30,03 - Snow,02 - Wet,01 - Traffic signal,02 - Intersection related,05 - Dusk,03 - P.D. only,03 - Rear end,Queenswood Heights
6216,CARLING AVE/STATION RD @ MARCH RD,350907.6168,5022246.99,-75.911691,45.33865541,1/3/2015,13:07,03 - Snow,05 - Packed snow,01 - Traffic signal,03 - At intersection,01 - Daylight,03 - P.D. only,05 - Turning movement,South March
6217,CYRVILLE RD btwn STAR TOP RD & MEADOWBROOK RD,374612.3835,5031248.821,-75.60798847,45.4176915,2/11/2015,16:19,05 - Drifting Snow,03 - Loose snow,10 - No control,04 - At/near private drive,01 - Daylight,03 - P.D. only,02 - Angle,Industrial Park
6218,CEDARVIEW RD @ HWY 416 WESTHUNT IC72R42,359597.2836,5019762.571,-75.80109802,45.31567563,2/11/2015,20:58,03 - Snow,03 - Loose snow,10 - No control,03 - At intersection,07 - Dark,03 - P.D. only,01 - Approaching,Greenbelt
6219,JESSIE ST @ THOMAS A. DOLAN PKWY,334653.3536,5024374.05,-76.1189526,45.35867565,1/4/2015,1:00,02 - Rain,05 - Packed snow,02 - Stop sign,02 - Intersection related,07 - Dark,03 - P.D. only,07 - SMV other,Car
6220,EAGLESON RD @ 146 N OF ABBEYHILL DR/HAZELDEAN ,353774.2554,5018169.645,-75.87551949,45.30177246,2/17/2015,14:29,01 - Clear,04 - Slush,01 - Traffic signal,02 - Intersection related,01 - Daylight,03 - P.D. only,05 - Turning movement,Greenbelt
6221,BLAIR RD @ REGIONAL RD 174 N/OR174 IC112 RAMP61,374634.7313,5032990.131,-75.60745608,45.43335664,2/17/2015,18:50,01 - Clear,01 - Dry,01 - Traffic signal,02 - Intersection related,07 - Dark,03 - P.D. only,03 - Rear end,Industrial Park
6222,CARLING AVE @ PINECREST  RD/GREENVIEW AVE,360008.0922,5024633.922,-75.79531533,45.35947592,2/18/2015,16:19,01 - Clear,01 - Dry,01 - Traffic signal,03 - At intersection,01 - Daylight,03 - P.D. only,02 - Angle,Whitehaven - Queensway Terrace North
6223,RICHMOND RD btwn STAFFORD RD & NORTHSIDE RD,358161.3704,5021096.219,-75.8192671,45.3277865,2/18/2015,12:00,01 - Clear,01 - Dry,10 - No control,01 - Non intersection,01 - Daylight,03 - P.D. only,04 - Sideswipe,Bells Corners East
6224,BURRIS LANE @ MERIVALE RD,364880.7064,5025067.038,-75.73307325,45.3629724,1/28/2015,18:49,01 - Clear,01 - Dry,01 - Traffic signal,03 - At intersection,07 - Dark,03 - P.D. only,02 - Angle,Cityview - Skyline - Fisher Heights
6225,HWY417 IC104 RAMP16 btwn ANDERSON RD & HIGHWAY 417,380143.8844,5025985.528,-75.53812441,45.36976213,8/27/2015,23:31,01 - Clear,01 - Dry,10 - No control,01 - Non intersection,07 - Dark,03 - P.D. only,07 - SMV other,Greenbelt
6226,HWY 417 TERRYFO IC140R61 @ TERRY FOX DR,350809.6409,5018709.973,-75.91326967,45.3068349,1/29/2015,16:07,03 - Snow,05 - Packed snow,01 - Traffic signal,02 - Intersection related,01 - Daylight,03 - P.D. only,07 - SMV other,Kanata Lakes - Marchwood Lakeside - Morgan's Grant - Kanata
6227,INNES RD @ TENTH LINE RD,383952.7242,5036159.079,-75.48787243,45.46087544,1/29/2015,16:14,03 - Snow,03 - Loose snow,01 - Traffic signal,02 - Intersection related,05 - Dusk,03 - P.D. only,03 - Rear end,Queenswood Heights
6228,BAY ST @ SLATER ST,366982.7339,5031079.052,-75.70548596,45.41688365,3/11/2015,19:05,01 - Clear,01 - Dry,01 - Traffic signal,03 - At intersection,07 - Dark,03 - P.D. only,05 - Turning movement,Downtown
6229,LORRY GREENBERG DR @ PIKE ST,373115.819,5025400.767,-75.62791788,45.365221,1/22/2015,15:40,01 - Clear,01 - Dry,02 - Stop sign,02 - Intersection related,01 - Daylight,03 - P.D. only,03 - Rear end,Greenboro East
6230,HIGHWAY 417 btwn HWY417 IC96 RAMP61 & HIGHWAY 417,387477.0543,5023869.29,-75.44487494,45.34989537,2/2/2015,9:30,03 - Snow,05 - Packed snow,10 - No control,01 - Non intersection,01 - Daylight,03 - P.D. only,07 - SMV other,Navan - Vars
6231,CEDARVIEW RD @ WEST HUNT CLUB RD,359720.6051,5019554.96,-75.79954827,45.3137979,3/15/2015,13:00,01 - Clear,02 - Wet,01 - Traffic signal,02 - Intersection related,01 - Daylight,03 - P.D. only,99 - Other,Greenbelt
6232,OGILVIE RD @ CITY PARK DR E/CSIS HQ ACCESS,374189.6921,5033011.059,-75.6131404,45.43358924,1/2/2015,15:00,01 - Clear,01 - Dry,01 - Traffic signal,02 - Intersection related,01 - Daylight,03 - P.D. only,03 - Rear end,Industrial Park
6233,BRONSON AVE btwn SECOND AVE & THIRD AVE,367542.2677,5029105.464,-75.69858862,45.39907595,1/28/2015,17:10,01 - Clear,01 - Dry,10 - No control,01 - Non intersection,05 - Dusk,03 - P.D. only,04 - Sideswipe,The Glebe
6234,ELGIN ST @ SOMERSET ST,368164.4676,5031197.969,-75.69037306,45.41784761,1/29/2015,8:30,01 - Clear,01 - Dry,01 - Traffic signal,03 - At intersection,01 - Daylight,03 - P.D. only,05 - Turning movement,Centretown
6235,ALBERT ST btwn BAY ST & LYON ST N,366972.9046,5031162.42,-75.70560102,45.41763465,2/12/2015,9:58,03 - Snow,03 - Loose snow,10 - No control,04 - At/near private drive,01 - Daylight,03 - P.D. only,05 - Turning movement,Downtown
6236,OR174 IC109 RAMP65 @ MONTREAL RD,376401.3932,5034982.249,-75.58458975,45.45110182,1/16/2015,12:32,01 - Clear,02 - Wet,01 - Traffic signal,02 - Intersection related,01 - Daylight,03 - P.D. only,03 - Rear end,Beacon Hill South - Cardinal Heights
6237,MITCH OWENS RD/BRIDGE ST @ RIVER RD,369499.7073,5010768.954,-75.67598354,45.23390972,1/17/2015,10:24,03 - Snow,06 - Ice,01 - Traffic signal,02 - Intersection related,01 - Daylight,03 - P.D. only,03 - Rear end,Manotick
6238,KIRKWOOD AVE N @ CARLING AVE,364274.5921,5027494.176,-75.7405173,45.38486309,1/6/2015,12:30,01 - Clear,01 - Dry,01 - Traffic signal,02 - Intersection related,01 - Daylight,03 - P.D. only,03 - Rear end,Westboro
6239,KING EDWARD AVE @ ST. PATRICK ST,368247.7374,5032822.143,-75.6891,45.43245381,1/6/2015,15:15,01 - Clear,01 - Dry,01 - Traffic signal,02 - Intersection related,01 - Daylight,03 - P.D. only,04 - Sideswipe,Byward Market
6240,HUNT CLUB RD @ LORRY GREENBERG DR/SABLE RIDGE ,372823.7387,5024807.987,-75.63172758,45.3599158,2/17/2015,16:50,01 - Clear,02 - Wet,01 - Traffic signal,02 - Intersection related,01 - Daylight,03 - P.D. only,03 - Rear end,Greenboro East
6241,BEVERLY ST @ STITTSVILLE MAIN ST,349843.5029,5013826.062,-75.92603291,45.26295052,1/3/2015,13:52,01 - Clear,06 - Ice,01 - Traffic signal,02 - Intersection related,01 - Daylight,03 - P.D. only,03 - Rear end,Stittsville
6242,EAGLESON RD @ FALLOWFIELD RD,355961.6341,5012594.888,-75.84820411,45.25145375,1/3/2015,14:00,03 - Snow,03 - Loose snow,01 - Traffic signal,02 - Intersection related,01 - Daylight,03 - P.D. only,05 - Turning movement,Stittsville - Basswood
6243,TENTH LINE RD @ CHARLEMAGNE BLVD N/TOMPKINS AV,383183.9299,5037977.4,-75.49741148,45.47732174,2/13/2015,19:15,01 - Clear,01 - Dry,01 - Traffic signal,02 - Intersection related,07 - Dark,03 - P.D. only,03 - Rear end,Queenswood Heights