Record,Location,X,Y,lon,lat,Date,Time,Environment,Road_Surface,Traffic_Control,Collision_Location,Light,Collision_Classification,Impact_type,Neighborhood
6244,AIRPORT PKWY @ HUNT CLUB RD,371019.4919,5023701.552,-75.65490309,45.35013318,1/4/2015,3:14,04 - Freezing Rain,04 - Slush,01 - Traffic signal,03 - At intersection,07 - Dark,03 - P.D. only,04 - Sideswipe,Hunt Club East - Western Community
6245,REGIONAL ROAD 174 btwn OR174 IC109 RAMP56 & OR174 IC109 RAMP86,376451.329,5034990.393,-75.58395022,45.45116998,1/4/2015,6:45,04 - Freezing Rain,04 - Slush,10 - No control,01 - Non intersection,07 - Dark,03 - P.D. only,03 - Rear end,Greenbelt
6246,OLD TENTH LINE RD @ TENTH LINE RD,383042.979,5038359.461,-75.4991532,45.48077499,2/22/2015,2:30,03 - Snow,03 - Loose snow,01 - Traffic signal,03 - At intersection,07 - Dark,03 - P.D. only,04 - Sideswipe,Queenswood Heights
6247,LONGFIELDS DR @ MOUNTSHANNON DR W,364265.0754,5016433.211,-75.74196787,45.28533838,2/19/2015,7:18,01 - Clear,02 - Wet,02 - Stop sign,02 - Intersection related,01 - Daylight,03 - P.D. only,03 - Rear end,New Barrhaven
6248,FALLOWFIELD RD btwn KOLO DR & BILTMORE CRES,346220.9552,5004256.483,-75.97298733,45.17706134,2/19/2015,7:15,01 - Clear,05 - Packed snow,10 - No control,01 - Non intersection,01 - Daylight,03 - P.D. only,07 - SMV other,Munster Hamlet - Richmond
6249,ST. LAURENT BLVD @ COVENTRY RD/OGILVIE RD,372306.6834,5031950.129,-75.63734951,45.42422781,2/6/2015,12:55,01 - Clear,03 - Loose snow,01 - Traffic signal,02 - Intersection related,01 - Daylight,03 - P.D. only,03 - Rear end,Overbrook
6250,CARLING AVE @ KIRKWOOD AVE S,364351.7005,5027336.103,-75.73955179,45.38343423,2/8/2015,8:01,03 - Snow,06 - Ice,01 - Traffic signal,03 - At intersection,01 - Daylight,03 - P.D. only,07 - SMV other,Carlington
6251,CANAAN RD btwn WILHAVEN DR & Continuation of CANAAN RD,396628.1353,5041615.892,-75.32480315,45.50841703,1/29/2015,16:30,03 - Snow,03 - Loose snow,10 - No control,01 - Non intersection,05 - Dusk,03 - P.D. only,01 - Approaching,Cumberland - Estates
6252,ARLINGTON AVE @ BANK ST,368006.7038,5030345.088,-75.69249804,45.41018793,3/12/2015,10:25,01 - Clear,01 - Dry,02 - Stop sign,03 - At intersection,01 - Daylight,03 - P.D. only,02 - Angle,Centretown
6253,ST. LAURENT BLVD btwn THURSTON DR & WALKLEY RD,374002.028,5027864.962,-75.61626105,45.38730581,3/12/2015,11:36,01 - Clear,01 - Dry,10 - No control,04 - At/near private drive,01 - Daylight,03 - P.D. only,02 - Angle,Industrial Park
6254,CASTLEFRANK RD @ PARSONS RIDGE RD,352228.5757,5018247.943,-75.89522015,45.30258306,1/26/2015,14:02,01 - Clear,01 - Dry,02 - Stop sign,02 - Intersection related,01 - Daylight,03 - P.D. only,03 - Rear end,Katimavik - Hazeldean
6255,CARSON'S RD btwn BERMUDA AVE & CHARLESWOOD AVE,372898.8201,5034093.279,-75.62948719,45.44345341,1/4/2015,10:44,03 - Snow,03 - Loose snow,10 - No control,01 - Non intersection,01 - Daylight,03 - P.D. only,06 - SMV unattended vehicle,Carson Grove - Carson Meadows
6256,SNAKE ISLAND RD btwn 5TH LINE RD & GREY'S CREEK RD,380535.7286,5008175.291,-75.53584168,45.2094725,1/4/2015,13:25,03 - Snow,03 - Loose snow,10 - No control,01 - Non intersection,01 - Daylight,03 - P.D. only,07 - SMV other,Osgoode
6257,KING EDWARD AVE @ LAURIER AVE,368741.6349,5032033.137,-75.68289078,45.42530964,1/29/2015,8:20,01 - Clear,01 - Dry,01 - Traffic signal,02 - Intersection related,01 - Daylight,03 - P.D. only,03 - Rear end,Sandy Hill
6258,BRONSON AVE @ MACLAREN ST,366997.7719,5030399.083,-75.70537965,45.41076416,1/29/2015,17:40,03 - Snow,03 - Loose snow,02 - Stop sign,03 - At intersection,07 - Dark,03 - P.D. only,02 - Angle,Chinatown
6259,INDUSTRIAL AVE/INNES RD @ ST. LAURENT BLVD,373098.7635,5030006.049,-75.62749832,45.40665901,2/14/2015,6:47,03 - Snow,03 - Loose snow,01 - Traffic signal,02 - Intersection related,07 - Dark,03 - P.D. only,07 - SMV other,Industrial Park
6260,LYNDA LANE @ SMYTH RD,371612.6863,5029192.03,-75.64659078,45.39947824,2/23/2015,16:30,01 - Clear,01 - Dry,02 - Stop sign,03 - At intersection,01 - Daylight,03 - P.D. only,02 - Angle,Alta Vista
6261,BANK ST @ ROTARY WAY,375523.5441,5021226.117,-75.59778288,45.32742054,1/22/2015,4:13,01 - Clear,06 - Ice,01 - Traffic signal,03 - At intersection,07 - Dark,03 - P.D. only,07 - SMV other,Greenbelt
6262,TOTTERIDGE AVE @ FAIRLOP WAY,364690.3147,5016226.382,-75.73657256,45.28344123,1/6/2015,19:41,04 - Freezing Rain,06 - Ice,03 - Yield sign,02 - Intersection related,07 - Dark,03 - P.D. only,07 - SMV other,New Barrhaven
6263,MITCH OWENS RD btwn TRANQUIL GT & OLD PRESCOTT RD,376903.7916,5015434.1,-75.58101974,45.27516592,1/8/2015,17:50,01 - Clear,03 - Loose snow,10 - No control,01 - Non intersection,07 - Dark,03 - P.D. only,99 - Other,Greely
6264,GILMOUR ST @ O'CONNOR ST,367943.7114,5030868.088,-75.69323572,45.4148994,1/2/2015,9:07,01 - Clear,01 - Dry,01 - Traffic signal,03 - At intersection,01 - Daylight,03 - P.D. only,02 - Angle,Centretown
6265,CASTLEFRANK RD btwn HAZELDEAN RD & TO BE DETERMINED,352701.0106,5017652.191,-75.88925385,45.29719029,1/2/2015,10:47,01 - Clear,01 - Dry,10 - No control,04 - At/near private drive,01 - Daylight,03 - P.D. only,03 - Rear end,Glen Cairn - Kanata South Business Park
6266,BASELINE RD @ LOBLAWS SC,364744.5788,5025128.051,-75.73480335,45.36353304,1/5/2015,18:49,01 - Clear,01 - Dry,01 - Traffic signal,03 - At intersection,07 - Dark,03 - P.D. only,05 - Turning movement,Civic Hospital - Experimental Farm - Central Park
6267,AGINCOURT RD @ MAITLAND AVE,363447.6505,5025449.081,-75.75131919,45.36653133,1/6/2015,16:43,01 - Clear,04 - Slush,02 - Stop sign,02 - Intersection related,05 - Dusk,03 - P.D. only,07 - SMV other,Braemar Park - Bel Air Heights - Copeland Park
6268,UPLANDS DR @ AIRPORT PKWY RAMP 35,371124.3282,5021375.199,-75.65387715,45.32919144,1/13/2015,15:36,01 - Clear,01 - Dry,01 - Traffic signal,02 - Intersection related,01 - Daylight,03 - P.D. only,03 - Rear end,Greenbelt
6269,CARLING AVE @ OTTAWA RIVER PKWY WB,360856.9212,5025170.791,-75.78442069,45.36423928,1/15/2015,16:20,01 - Clear,01 - Dry,03 - Yield sign,02 - Intersection related,01 - Daylight,03 - P.D. only,03 - Rear end,Woodroffe - Lincoln Heights
6270,QUEEN MARY ST @ VANIER PKWY,370363.7105,5031958.067,-75.66217449,45.42448404,1/4/2015,9:31,04 - Freezing Rain,04 - Slush,01 - Traffic signal,03 - At intersection,01 - Daylight,03 - P.D. only,02 - Angle,Overbrook
6271,WEST HUNT CLUB RD btwn MOODIE DR & RICHMOND RD,357887.4107,5018485.444,-75.82304154,45.30431527,1/4/2015,10:41,02 - Rain,04 - Slush,10 - No control,01 - Non intersection,01 - Daylight,03 - P.D. only,07 - SMV other,Greenbelt
6272,FRASER AVE @ BYRON AVE,362506.2217,5027654.709,-75.76307848,45.38645546,2/19/2015,8:40,01 - Clear,02 - Wet,02 - Stop sign,03 - At intersection,01 - Daylight,03 - P.D. only,02 - Angle,Carlingwood - McKellar Park - Laurentien View
6273,BASELINE RD @ WOODROFFE AVE,362550.6541,5023770.023,-75.76296524,45.3514978,2/19/2015,9:12,01 - Clear,01 - Dry,01 - Traffic signal,02 - Intersection related,01 - Daylight,03 - P.D. only,03 - Rear end,Iris
6274,BASELINE RD @ CLYDE AVE,364359.6672,5024890.031,-75.73974503,45.36142418,2/8/2015,13:06,01 - Clear,06 - Ice,01 - Traffic signal,02 - Intersection related,01 - Daylight,03 - P.D. only,03 - Rear end,Braemar Park - Bel Air Heights - Copeland Park
6275,WALKLEY RD btwn MELFORT ST & RUSSELL RD,374651.6114,5028487.493,-75.60787849,45.39284256,2/8/2015,20:39,01 - Clear,01 - Dry,10 - No control,01 - Non intersection,07 - Dark,03 - P.D. only,07 - SMV other,Hawthorne Meadows
6276,EAGLESON RD @ KATIMAVIK RD/TIMM DR,353213.6602,5019564.024,-75.88253112,45.31435824,1/29/2015,16:53,03 - Snow,05 - Packed snow,01 - Traffic signal,02 - Intersection related,05 - Dusk,03 - P.D. only,03 - Rear end,Katimavik - Hazeldean
6277,RIVERSIDE DR @ HERON RD,368121.1049,5026647.703,-75.69151117,45.37690961,1/29/2015,17:29,03 - Snow,03 - Loose snow,01 - Traffic signal,02 - Intersection related,05 - Dusk,03 - P.D. only,03 - Rear end,Riverside Park
6278,CARLING AVE WB btwn HIGHLAND AVE & COLE AVE,363412.1916,5026781.887,-75.75161365,45.37852671,3/12/2015,17:10,01 - Clear,01 - Dry,10 - No control,01 - Non intersection,01 - Daylight,03 - P.D. only,07 - SMV other,Carlingwood - McKellar Park - Laurentien View
6279,CHAPMAN MILLS DR @ LEAMINGTON WAY/MANCINI WAY,365047.2924,5014686.577,-75.73220942,45.2695556,1/26/2015,14:53,01 - Clear,01 - Dry,02 - Stop sign,02 - Intersection related,01 - Daylight,03 - P.D. only,03 - Rear end,New Barrhaven
6280,BRONSON AVE @ GLOUCESTER ST,366834.0668,5030792.555,-75.70742138,45.41431903,1/5/2015,23:23,01 - Clear,01 - Dry,01 - Traffic signal,03 - At intersection,07 - Dark,03 - P.D. only,02 - Angle,Centretown West
6281,HERZBERG RD @ MARCH RD,352322.6583,5021528.006,-75.89370585,45.33209143,1/6/2015,16:24,01 - Clear,02 - Wet,01 - Traffic signal,02 - Intersection related,05 - Dusk,03 - P.D. only,04 - Sideswipe,Kanata Lakes - Marchwood Lakeside - Morgan's Grant - Kanata
6282,BANK ST @ RIVERSIDE DR N,369224.752,5027984.028,-75.67724677,45.38883284,1/29/2015,17:48,03 - Snow,03 - Loose snow,01 - Traffic signal,03 - At intersection,07 - Dark,03 - P.D. only,02 - Angle,Alta Vista
6283,HIGHWAY 416 btwn HWY416 IC66 RAMP34 & HWY416 IC72 RAMP53,360284.4203,5017895.401,-75.79254375,45.29882077,10/3/2015,10:40,01 - Clear,01 - Dry,10 - No control,01 - Non intersection,01 - Daylight,03 - P.D. only,07 - SMV other,Greenbelt
6284,HIGHWAY 417 btwn HWY417 IC119A RAMP67 & HWY417 IC118 RAMP76,368946.1409,5030715.962,-75.68044915,45.41343945,10/6/2015,11:18,01 - Clear,01 - Dry,10 - No control,01 - Non intersection,01 - Daylight,03 - P.D. only,04 - Sideswipe,Old Ottawa East
6285,BRONSON AVE @ THIRD AVE,367550.712,5029089.968,-75.69848274,45.39893577,1/22/2015,14:33,01 - Clear,01 - Dry,02 - Stop sign,02 - Intersection related,01 - Daylight,03 - P.D. only,04 - Sideswipe,The Glebe
6286,250 W OF STITTSVILLE MAIN ST @ HAZELDEAN RD,349335.7492,5014747.452,-75.93242002,45.27127385,1/25/2015,16:32,01 - Clear,01 - Dry,01 - Traffic signal,02 - Intersection related,01 - Daylight,03 - P.D. only,03 - Rear end,Stittsville
6287,CENTREPOINTE DR btwn PASEO PRIV & 90 N OF EPSILON WAY,362517.0764,5022854.27,-75.7635006,45.34326068,1/9/2015,13:27,03 - Snow,03 - Loose snow,10 - No control,01 - Non intersection,01 - Daylight,03 - P.D. only,04 - Sideswipe,Centrepointe
6288,BANK ST btwn HERON RD & ANOKA ST,370007.2863,5026820.217,-75.667408,45.37828884,1/14/2015,9:22,01 - Clear,02 - Wet,10 - No control,04 - At/near private drive,01 - Daylight,03 - P.D. only,05 - Turning movement,Alta Vista
6289,CARLING AVE @ CONNAUGHT AVE,360770.6762,5025117.033,-75.78552763,45.36376246,1/2/2015,11:41,01 - Clear,01 - Dry,01 - Traffic signal,02 - Intersection related,01 - Daylight,03 - P.D. only,03 - Rear end,Woodroffe - Lincoln Heights
6290,FRASER AVE @ BYRON AVE,362503.3301,5027654.709,-75.7631154,45.3864557,1/2/2015,14:49,01 - Clear,01 - Dry,02 - Stop sign,03 - At intersection,01 - Daylight,03 - P.D. only,02 - Angle,Carlingwood - McKellar Park - Laurentien View
6291,BLAIR RD @ MONTREAL RD,374020.6841,5034438.139,-75.6150995,45.44644608,1/5/2015,16:00,01 - Clear,01 - Dry,01 - Traffic signal,02 - Intersection related,01 - Daylight,03 - P.D. only,07 - SMV other,Carson Grove - Carson Meadows
6292,HAIG DR btwn FAIRDALE AVE & CORK ST,372387.9002,5028666.007,-75.63676204,45.3946709,1/10/2015,13:43,01 - Clear,02 - Wet,10 - No control,04 - At/near private drive,01 - Daylight,03 - P.D. only,02 - Angle,Elmvale - Eastway - Riverview - Riverview Park West
6293,ST. PATRICK ST btwn SUSSEX DR & SUSSEX DR,367637.6547,5032438.646,-75.69694538,45.42905832,2/14/2015,14:00,03 - Snow,03 - Loose snow,10 - No control,01 - Non intersection,01 - Daylight,03 - P.D. only,04 - Sideswipe,Byward Market - Parliament Hill
6294,KENT ST @ LISGAR ST,367437.7018,5030962.123,-75.69968823,45.41579098,2/15/2015,13:11,01 - Clear,02 - Wet,02 - Stop sign,02 - Intersection related,01 - Daylight,03 - P.D. only,04 - Sideswipe,Centretown
6295,ISABELLA ST/HWY417 IC119AR75 @ METCALFE ST,368447.7426,5030400.047,-75.68685699,45.41064246,1/16/2015,17:00,01 - Clear,04 - Slush,01 - Traffic signal,02 - Intersection related,05 - Dusk,03 - P.D. only,03 - Rear end,The Glebe
6296,OTTAWA RIVER PKWY btwn TRANSITWAY - TIME POINT & VIMY PLACE PRIV,365947.724,5030781.381,-75.71874606,45.41429651,1/16/2015,6:45,03 - Snow,05 - Packed snow,10 - No control,01 - Non intersection,07 - Dark,03 - P.D. only,04 - Sideswipe,LeBreto
6297,RIVER RD btwn RYEBURN DR & LEITRIM RD,368029.8011,5016971.538,-75.69391298,45.2898536,1/4/2015,11:31,02 - Rain,06 - Ice,10 - No control,01 - Non intersection,01 - Daylight,03 - P.D. only,01 - Approaching,Gloucester
6298,THORNTON AVE btwn RALPH ST & MONK ST,368281.5787,5029245.961,-75.68912821,45.40027346,1/4/2015,12:48,04 - Freezing Rain,04 - Slush,10 - No control,04 - At/near private drive,01 - Daylight,03 - P.D. only,02 - Angle,The Glebe
6299,FALLOWFIELD RD btwn HWY416 IC66 RAMP34 & HWY416 IC66 RAMP63,359987.1595,5014772.265,-75.79668105,45.27074191,2/19/2015,10:00,01 - Clear,01 - Dry,10 - No control,01 - Non intersection,01 - Daylight,03 - P.D. only,07 - SMV other,Munster Hamlet - Richmond
6300,AIRPORT PKWY/BROOKFIELD RD @ FLANNERY DR/AIRPORT PKWY RAMPS 52A/53,368695.1657,5026295.709,-75.6842278,45.37369035,2/23/2015,15:52,01 - Clear,01 - Dry,03 - Yield sign,03 - At intersection,01 - Daylight,03 - P.D. only,03 - Rear end,Riverside Park
6301,MEADOWLANDS DR btwn DEER PARK RD & HOGAN ST,366109.3753,5024894.13,-75.71741227,45.36131022,2/9/2015,16:13,03 - Snow,06 - Ice,10 - No control,01 - Non intersection,01 - Daylight,03 - P.D. only,03 - Rear end,Cityview - Skyline - Fisher Heights
6302,INDUSTRIAL AVE @ RIVERSIDE DR,370683.7547,5030593.035,-75.65826767,45.41217197,2/11/2015,14:10,01 - Clear,01 - Dry,01 - Traffic signal,02 - Intersection related,01 - Daylight,03 - P.D. only,03 - Rear end,Industrial Park
6303,MARCH RD btwn THOMAS ARGUE RD & CARP RD,341976.2437,5021562.71,-76.02569764,45.33302811,1/29/2015,17:27,03 - Snow,06 - Ice,10 - No control,01 - Non intersection,05 - Dusk,03 - P.D. only,07 - SMV other,Carp - Hardwood Plains
6304,BAY ST @ SLATER ST,366982.8978,5031079.09,-75.70548387,45.41688398,1/29/2015,17:40,03 - Snow,03 - Loose snow,01 - Traffic signal,02 - Intersection related,07 - Dark,03 - P.D. only,03 - Rear end,Downtown
6305,KING EDWARD AVE @ MURRAY ST,368292.6637,5032753.1,-75.68853477,45.43182851,3/12/2015,21:44,01 - Clear,01 - Dry,01 - Traffic signal,03 - At intersection,07 - Dark,03 - P.D. only,02 - Angle,Byward Market
6306,AHEARN AVE @ SCRIVENS ST,359338.4094,5024458.026,-75.80388204,45.35794562,3/13/2015,16:02,01 - Clear,01 - Dry,03 - Yield sign,03 - At intersection,01 - Daylight,03 - P.D. only,02 - Angle,Bayshore
6307,KANATA AVE @ EARL GREY DR,350951.9952,5019284.776,-75.91140089,45.31199779,1/28/2015,17:53,01 - Clear,01 - Dry,01 - Traffic signal,02 - Intersection related,07 - Dark,03 - P.D. only,03 - Rear end,Kanata
6308,GREENBANK RD btwn CAMBRIAN RD & DUNDONALD DR,364849.1661,5012673.004,-75.73497748,45.25145439,1/30/2015,6:09,05 - Drifting Snow,06 - Ice,10 - No control,01 - Non intersection,07 - Dark,03 - P.D. only,07 - SMV other,New Barrhaven
6309,OTHELLO AVE btwn WESTON DR & PLEASANT PARK RD,373408.8589,5028840.366,-75.62369955,45.39614041,1/7/2015,15:50,03 - Snow,06 - Ice,10 - No control,04 - At/near private drive,01 - Daylight,03 - P.D. only,03 - Rear end,Elmvale - Eastway - Riverview - Riverview Park West
6310,BAY ST @ LAURIER AVE,367034.7054,5030997.693,-75.70483226,45.41614699,1/8/2015,10:01,03 - Snow,06 - Ice,01 - Traffic signal,03 - At intersection,01 - Daylight,03 - P.D. only,05 - Turning movement,Downtown
6311,FALLOWFIELD RD btwn O'KEEFE CRT & CEDARVIEW RD,361281.1732,5015657.575,-75.78009039,45.27860526,1/29/2015,17:52,03 - Snow,03 - Loose snow,10 - No control,01 - Non intersection,07 - Dark,03 - P.D. only,07 - SMV other,Munster Hamlet - Richmond
6312,PRINCE OF WALES DR btwn FISHER AVE & NE/OT BOUNDARY,367164.829,5024030.083,-75.70405016,45.35344261,1/29/2015,17:54,03 - Snow,03 - Loose snow,10 - No control,04 - At/near private drive,07 - Dark,03 - P.D. only,02 - Angle,Borden Farm - Stewart Farm - Parkwood Hills - Fisher Glen
6313,RAFTUS SQ btwn PHEASANT RUN DR & OTTEN DR,361785.6572,5015452.687,-75.77368427,45.27672096,3/8/2015,18:43,01 - Clear,01 - Dry,10 - No control,04 - At/near private drive,07 - Dark,03 - P.D. only,06 - SMV unattended vehicle,Barrhaven West - Old Barrhaven
6314,ST. JOSEPH BLVD @ TENTH LINE RD,382889.8399,5038668.862,-75.50106259,45.48357585,1/27/2015,8:12,01 - Clear,01 - Dry,01 - Traffic signal,02 - Intersection related,01 - Daylight,03 - P.D. only,03 - Rear end,Industrial Park
6315,FOREST VALLEY DR @ ORLEANS BLVD,380258.7487,5034819.09,-75.53530607,45.449228,2/5/2015,17:54,01 - Clear,01 - Dry,01 - Traffic signal,03 - At intersection,05 - Dusk,03 - P.D. only,02 - Angle,Chapel Hill
6316,HUNT CLUB RD btwn CAHILL DR & LORRY GREENBERG DR,372656.9917,5024693.288,-75.63387148,45.35889994,2/13/2015,15:18,01 - Clear,01 - Dry,10 - No control,01 - Non intersection,01 - Daylight,03 - P.D. only,03 - Rear end,Greenboro East
6317,REGIONAL ROAD 174 btwn MORIN RD & OLD MONTREAL RD,392474.9395,5042744.461,-75.37774254,45.51910483,1/3/2015,16:33,03 - Snow,06 - Ice,10 - No control,01 - Non intersection,05 - Dusk,03 - P.D. only,07 - SMV other,Cumberland - Estates
6318,CATHERINE ST/HWY 417 O'CONN IC119BR76 @ O'CONN,368243.2822,5030392.891,-75.68946976,45.41059664,1/4/2015,18:43,01 - Clear,04 - Slush,01 - Traffic signal,03 - At intersection,07 - Dark,03 - P.D. only,02 - Angle,Centretown
6319,ROXDALE AVE btwn PAYETTE DR & AMIENS ST,383303.9067,5037502.21,-75.49595305,45.47303294,1/2/2015,11:27,02 - Rain,06 - Ice,10 - No control,01 - Non intersection,01 - Daylight,03 - P.D. only,06 - SMV unattended vehicle,Queenswood Heights
6320,SMYTH RD btwn MAIN ST & RAMP,369550.4922,5029271.679,-75.67291825,45.40038865,1/4/2015,23:22,03 - Snow,05 - Packed snow,10 - No control,01 - Non intersection,07 - Dark,03 - P.D. only,07 - SMV other,Old Ottawa East
6321,WOODROFFE AVE btwn 260 N OF FALLOWFIELD RD/TRANSITWAY & FALLOWFIELD RD,365012.6575,5018092.187,-75.73223751,45.30020213,1/5/2015,2:33,04 - Freezing Rain,06 - Ice,10 - No control,01 - Non intersection,07 - Dark,03 - P.D. only,04 - Sideswipe,Greenbelt
6322,CARLING AVE @ CONNAUGHT AVE,360771.6401,5025117.997,-75.78551522,45.36377106,1/4/2015,13:03,04 - Freezing Rain,02 - Wet,01 - Traffic signal,02 - Intersection related,01 - Daylight,03 - P.D. only,04 - Sideswipe,Woodroffe - Lincoln Heights
6323,DONALD ST @ OKEE ST,371885.7233,5032446.137,-75.64266068,45.42873116,1/4/2015,19:01,01 - Clear,06 - Ice,02 - Stop sign,02 - Intersection related,07 - Dark,03 - P.D. only,07 - SMV other,Overbrook
6324,BASELINE RD @ FISHER AVE,366167.6575,5026027.087,-75.71652767,45.37149925,1/4/2015,19:50,04 - Freezing Rain,06 - Ice,01 - Traffic signal,02 - Intersection related,07 - Dark,03 - P.D. only,99 - Other,Civic Hospital - Experimental Farm - Central Park
6325,BANK ST @ RANDALL AVE,369740.6891,5027282.062,-75.67075091,45.38246913,1/4/2015,21:34,03 - Snow,03 - Loose snow,01 - Traffic signal,02 - Intersection related,07 - Dark,03 - P.D. only,03 - Rear end,Alta Vista
6326,ST. LAURENT BLVD btwn HEMLOCK RD & MEADOW PARK PL,371153.4197,5034765.694,-75.65170561,45.44967133,2/23/2015,12:40,01 - Clear,02 - Wet,10 - No control,01 - Non intersection,01 - Daylight,03 - P.D. only,04 - Sideswipe,Cemetery
6327,MOODIE DR @ WEST HUNT CLUB RD,357907.6517,5018497.974,-75.82278211,45.30442648,1/6/2015,8:40,01 - Clear,05 - Packed snow,01 - Traffic signal,02 - Intersection related,01 - Daylight,03 - P.D. only,03 - Rear end,Greenbelt
6328,CLARIDGE DR @ RODEO DR,364766.4521,5015636.548,-75.73567339,45.27812743,1/6/2015,8:15,01 - Clear,06 - Ice,02 - Stop sign,03 - At intersection,01 - Daylight,03 - P.D. only,03 - Rear end,New Barrhaven
6329,BANK ST btwn COUNCILLOR'S WAY & ST. BERNARD ST,372933.9604,5023766.595,-75.63046436,45.35053504,1/26/2015,13:16,01 - Clear,01 - Dry,10 - No control,04 - At/near private drive,01 - Daylight,03 - P.D. only,03 - Rear end,Blossom Park - Blossom Park West - Sawmill Creek/ Timbermill
6330,MAPLE GROVE RD @ SILVER SEVEN RD,351284.1585,5017621.321,-75.90732087,45.29700768,1/30/2015,16:48,01 - Clear,02 - Wet,02 - Stop sign,03 - At intersection,05 - Dusk,03 - P.D. only,02 - Angle,Katimavik - Hazeldean
6331,MONTREAL RD @ DUCHARME BLVD/CANTIN ST,371018.6671,5033565.108,-75.65358973,45.43888179,1/8/2015,9:52,03 - Snow,06 - Ice,01 - Traffic signal,02 - Intersection related,01 - Daylight,03 - P.D. only,03 - Rear end,Vanier South
6332,ROBERTSON RD btwn MOODIE DR & VANIER RD,357211.4808,5020538.145,-75.83144311,45.32283647,1/7/2015,18:00,03 - Snow,02 - Wet,10 - No control,01 - Non intersection,07 - Dark,03 - P.D. only,04 - Sideswipe,Bells Corners East
6333,REGIONAL ROAD 174 btwn OR174 IC109 RAMP54 & OR174 IC109 RAMP55,376407.1763,5034844.418,-75.58453588,45.44986111,1/7/2015,17:51,01 - Clear,02 - Wet,10 - No control,01 - Non intersection,07 - Dark,03 - P.D. only,03 - Rear end,Greenbelt
6334,LEGGET DR @ TERRY FOX DR,350174.4593,5023446.15,-75.92093522,45.34949352,1/9/2015,8:33,03 - Snow,06 - Ice,02 - Stop sign,02 - Intersection related,01 - Daylight,03 - P.D. only,03 - Rear end,South March
6335,WOODROFFE AVE btwn GRENFELL CRES & 260 N OF FALLOWFIELD RD/TRANSITWAY ,364852.5089,5018492.744,-75.73423083,45.30382002,1/14/2015,8:57,01 - Clear,06 - Ice,10 - No control,01 - Non intersection,01 - Daylight,03 - P.D. only,03 - Rear end,Greenbelt
6336,MARKLAND CRES btwn NEWBOROUGH CRES & MAYFORD AVE,366265.5228,5016351.181,-75.71647964,45.28442819,1/14/2015,9:22,01 - Clear,05 - Packed snow,10 - No control,04 - At/near private drive,01 - Daylight,03 - P.D. only,02 - Angle,Chapman Mills - Rideau Crest - Davidson Heights
6337,RIVER RD btwn RIDEAU RD & KNOTT CRES,368056.4151,5012358.366,-75.69416133,45.24834231,2/23/2015,15:16,01 - Clear,01 - Dry,10 - No control,01 - Non intersection,01 - Daylight,03 - P.D. only,99 - Other,Manotick
6338,ANDERSON RD @ INNES RD,376281.705,5031843.974,-75.58657545,45.42287779,2/23/2015,15:55,01 - Clear,01 - Dry,01 - Traffic signal,02 - Intersection related,01 - Daylight,03 - P.D. only,03 - Rear end,Greenbelt
6339,WOODROFFE AVE btwn KNOXDALE RD/MEDHURST DR & NORICE ST,363245.8533,5022265.909,-75.75427132,45.33790631,1/6/2015,9:47,01 - Clear,06 - Ice,10 - No control,01 - Non intersection,01 - Daylight,03 - P.D. only,07 - SMV other,Tanglewood
6340,RIVERSIDE DR @ HERON RD,368121.3459,5026648.064,-75.69150805,45.37691283,1/6/2015,10:15,01 - Clear,01 - Dry,01 - Traffic signal,02 - Intersection related,01 - Daylight,03 - P.D. only,03 - Rear end,Riverside Park
6341,COOPER ST @ BANK ST,367648.7103,5030989.126,-75.69698903,45.41601502,1/8/2015,12:40,03 - Snow,02 - Wet,02 - Stop sign,03 - At intersection,01 - Daylight,03 - P.D. only,02 - Angle,Centretown
6342,MONTREAL RD @ VANIER PKWY,370071.7459,5033066.435,-75.66575814,45.43448398,1/8/2015,13:30,01 - Clear,05 - Packed snow,01 - Traffic signal,03 - At intersection,01 - Daylight,03 - P.D. only,02 - Angle,Vanier
6343,INDUSTRIAL AVE/INNES RD @ ST. LAURENT BLVD,373098.7635,5030004.121,-75.62749859,45.40664167,1/7/2015,18:39,01 - Clear,01 - Dry,01 - Traffic signal,02 - Intersection related,07 - Dark,03 - P.D. only,03 - Rear end,Industrial Park
6344,DUMAURIER AVE btwn RAMSEY CRES & WATSON ST,360180.7444,5023703.662,-75.79321595,45.35109184,1/7/2015,18:59,01 - Clear,06 - Ice,10 - No control,04 - At/near private drive,07 - Dark,03 - P.D. only,03 - Rear end,Whitehaven - Queensway Terrace North
6345,CASSIDY RD btwn BRUIN LANE & GRANGEMILL AVE,359000.0837,5021071.509,-75.80857108,45.32749989,1/9/2015,10:00,03 - Snow,03 - Loose snow,10 - No control,01 - Non intersection,01 - Daylight,03 - P.D. only,07 - SMV other,Bells Corners East
6346,PINECREST RD @ RICHMOND RD,360072.6705,5024470.067,-75.79450943,45.35799647,1/9/2015,10:10,01 - Clear,06 - Ice,01 - Traffic signal,02 - Intersection related,01 - Daylight,03 - P.D. only,03 - Rear end,Whitehaven - Queensway Terrace North
6347,CARLING AVE @ CLYDE AVE/COLE AVE,363520.6906,5026850.06,-75.7502203,45.37913104,1/5/2015,17:51,01 - Clear,02 - Wet,01 - Traffic signal,02 - Intersection related,07 - Dark,03 - P.D. only,04 - Sideswipe,Carlingwood - McKellar Park - Laurentien View