Record,Location,X,Y,lon,lat,Date,Time,Environment,Road_Surface,Traffic_Control,Collision_Location,Light,Collision_Classification,Impact_type,Neighborhood
6348,ISABELLA ST btwn CHAMBERLAIN AVE & O'CONNOR ST,368103.0458,5030193.939,-75.69128675,45.40881923,1/5/2015,19:15,01 - Clear,02 - Wet,10 - No control,01 - Non intersection,07 - Dark,03 - P.D. only,04 - Sideswipe,The Glebe
6349,ST. JOSEPH BLVD @ TENTH LINE RD,382889.8399,5038666.935,-75.50106289,45.48355851,2/24/2015,8:25,01 - Clear,06 - Ice,01 - Traffic signal,02 - Intersection related,01 - Daylight,03 - P.D. only,07 - SMV other,Industrial Park
6350,BANK ST btwn ALTA VISTA DR & ERIE AVE,370209.5149,5026292.788,-75.664896,45.37352435,2/24/2015,10:15,01 - Clear,01 - Dry,10 - No control,04 - At/near private drive,01 - Daylight,03 - P.D. only,02 - Angle,Ledbury - Heron Gate - Ridgemont - Elmwood
6351,KIRKWOOD AVE btwn COLDREY AVE & LAPERRIERE AVE,364455.1157,5027097.82,-75.73826014,45.3812814,1/6/2015,12:28,03 - Snow,04 - Slush,10 - No control,01 - Non intersection,01 - Daylight,03 - P.D. only,04 - Sideswipe,Carlington
6352,FINDLAY CREEK DR @ BANK ST,375846.5095,5020459.483,-75.59377333,45.32049007,1/6/2015,13:43,01 - Clear,02 - Wet,01 - Traffic signal,02 - Intersection related,01 - Daylight,03 - P.D. only,03 - Rear end,Greenbelt
6353,SAUNDERSON DR @ SMYTH RD,372794.6952,5029323.069,-75.63147645,45.40054347,2/13/2015,8:19,01 - Clear,06 - Ice,01 - Traffic signal,02 - Intersection related,01 - Daylight,03 - P.D. only,05 - Turning movement,Elmvale - Eastway - Riverview - Riverview Park West
6354,MEADOWLANDS DR    W btwn TURN LANE & MERIVALE RD,364840.3867,5023716.354,-75.73375193,45.3508226,1/8/2015,13:49,03 - Snow,04 - Slush,10 - No control,01 - Non intersection,01 - Daylight,03 - P.D. only,03 - Rear end,Crestview - Meadowlands
6355,WOODROFFE AVE btwn TURN LANE & GRENFELL CRES,364284.4818,5019868.451,-75.74130834,45.31624689,1/7/2015,20:57,06 - Strong wind,06 - Ice,10 - No control,01 - Non intersection,07 - Dark,03 - P.D. only,04 - Sideswipe,Greenbelt
6356,ST. LAURENT BLVD @ COVENTRY RD/OGILVIE RD,372304.7556,5031953.02,-75.63737375,45.42425401,1/7/2015,21:59,01 - Clear,02 - Wet,01 - Traffic signal,03 - At intersection,07 - Dark,03 - P.D. only,05 - Turning movement,Overbrook
6357,EVANS BLVD btwn WILLOWDALE AVE & EVANS PL,370041.857,5027008.309,-75.66694178,45.37997801,1/9/2015,11:04,01 - Clear,06 - Ice,10 - No control,01 - Non intersection,01 - Daylight,03 - P.D. only,02 - Angle,Alta Vista
6358,PARKDALE AVE @ TYNDALL ST,365263.7006,5029015.971,-75.72770118,45.3984712,1/9/2015,12:24,01 - Clear,02 - Wet,02 - Stop sign,03 - At intersection,01 - Daylight,03 - P.D. only,02 - Angle,Civi
6359,MONTREAL RD @ VANIER PKWY,370072.7098,5033066.074,-75.66574587,45.43448065,1/5/2015,19:29,01 - Clear,01 - Dry,01 - Traffic signal,02 - Intersection related,07 - Dark,03 - P.D. only,04 - Sideswipe,Vanier
6360,DONALD ST @ VANIER PKWY,370310.7492,5032270.103,-75.6628097,45.42729657,1/5/2015,19:35,01 - Clear,05 - Packed snow,01 - Traffic signal,03 - At intersection,07 - Dark,03 - P.D. only,05 - Turning movement,Overbrook
6361,TRIM RD @ DAIRY DR/TAYLOR CREEK DR,384535.051,5039594.669,-75.47986976,45.49171938,1/6/2015,13:56,01 - Clear,06 - Ice,11 - Roundabout,03 - At intersection,01 - Daylight,03 - P.D. only,07 - SMV other,Industrial Park
6362,INDUSTRIAL AVE @ ALTA VISTA DR/SANDFORD FLEMIN,370884.7238,5030558.052,-75.65570506,45.41183826,1/5/2015,15:15,01 - Clear,01 - Dry,01 - Traffic signal,02 - Intersection related,01 - Daylight,03 - P.D. only,04 - Sideswipe,Industrial Park
6363,ALBION RD @ LESTER RD,372681.2426,5022337.111,-75.63388538,45.33769755,2/14/2015,11:23,03 - Snow,03 - Loose snow,01 - Traffic signal,02 - Intersection related,01 - Daylight,03 - P.D. only,04 - Sideswipe,Emerald Woods - Sawmill Creek
6364,MARLOWE CRES btwn BELGRAVE RD & ELLIOT AVE,369499.2928,5029578.209,-75.67353196,45.40315143,1/7/2015,17:30,05 - Drifting Snow,05 - Packed snow,10 - No control,04 - At/near private drive,05 - Dusk,03 - P.D. only,06 - SMV unattended vehicle,Old Ottawa East
6365,BANK ST @ RIVERSIDE DR S,369304.7171,5027893.107,-75.67623754,45.3880074,1/8/2015,15:07,01 - Clear,04 - Slush,01 - Traffic signal,02 - Intersection related,01 - Daylight,03 - P.D. only,03 - Rear end,Alta Vista
6366,WEST HUNT CLUB RD EB btwn 545 E OF ROYDON PL/SUNDERLAND ST & ANTARES D,367022.892,5022209.213,-75.70609056,45.33707137,1/7/2015,22:48,01 - Clear,05 - Packed snow,10 - No control,01 - Non intersection,07 - Dark,03 - P.D. only,07 - SMV other,Industrial Park
6367,HUNTLEY RD btwn GARVIN RD & MOORE ST,356311.6143,5007020.601,-75.84432259,45.20126924,1/7/2015,23:04,03 - Snow,06 - Ice,10 - No control,01 - Non intersection,07 - Dark,03 - P.D. only,07 - SMV other,Munster Hamlet - Richmond
6368,MAIN ST @ RIVERDALE AVE,369433.6688,5029532.976,-75.67437608,45.40275051,1/8/2015,0:31,03 - Snow,03 - Loose snow,01 - Traffic signal,02 - Intersection related,07 - Dark,03 - P.D. only,07 - SMV other,Old Ottawa East
6369,SCHARFIELD RD @ MAPLE AVE,368637.2858,5009743.67,-75.68709775,45.22476297,1/9/2015,12:28,01 - Clear,02 - Wet,02 - Stop sign,02 - Intersection related,01 - Daylight,03 - P.D. only,03 - Rear end,Manotick
6370,LYON ST @ NEPEAN ST,367232.7665,5030934.094,-75.70230995,45.4155571,1/9/2015,12:36,01 - Clear,02 - Wet,02 - Stop sign,02 - Intersection related,01 - Daylight,03 - P.D. only,05 - Turning movement,Centretown
6371,YORK ST WB btwn BYWARD MARKE SQ & SUSSEX DR,367865.2002,5032302.333,-75.69405513,45.42781134,1/5/2015,19:52,01 - Clear,02 - Wet,10 - No control,01 - Non intersection,07 - Dark,03 - P.D. only,02 - Angle,Byward Market
6372,GLADWIN CRES @ LANCASTER RD,373460.6974,5029474.11,-75.62294931,45.40183747,2/25/2015,20:10,01 - Clear,02 - Wet,02 - Stop sign,03 - At intersection,07 - Dark,03 - P.D. only,02 - Angle,Industrial Park
6373,HUNT CLUB RD @ RIVERSIDE DR,368037.6669,5021945.98,-75.69317784,45.33461213,2/26/2015,6:25,01 - Clear,01 - Dry,01 - Traffic signal,02 - Intersection related,03 - Dawn,03 - P.D. only,03 - Rear end,Hunt Club Woods - Quintarra - Revelstoke - Riverside South P
6374,PRINCE OF WALES DR @ WEST HUNT CLUB RD,367459.6742,5021889.094,-75.70055868,45.33415213,1/5/2015,13:05,01 - Clear,01 - Dry,01 - Traffic signal,02 - Intersection related,01 - Daylight,03 - P.D. only,03 - Rear end,Industrial Park
6375,MCINTOSH PL @ MCCURDY DR,351639.6139,5018061.909,-75.90274739,45.3009486,1/6/2015,15:22,01 - Clear,04 - Slush,02 - Stop sign,02 - Intersection related,01 - Daylight,03 - P.D. only,02 - Angle,Katimavik - Hazeldean
6376,KING EDWARD AVE @ SUSSEX DR,367662.7361,5033502.151,-75.69648909,45.43862512,1/8/2015,16:44,01 - Clear,04 - Slush,01 - Traffic signal,02 - Intersection related,05 - Dusk,03 - P.D. only,03 - Rear end,Byward Market - Parliament Hill
6377,CARIBOU AVE btwn EVELYN ST & CARLETON CATHCART ST,351011.7376,5013339.056,-75.91119275,45.2584925,1/8/2015,16:45,03 - Snow,03 - Loose snow,10 - No control,01 - Non intersection,05 - Dusk,03 - P.D. only,07 - SMV other,Stittsville
6378,SHEA RD btwn BROWNLEE RD & GARVIN RD,356652.9789,5008012.939,-75.83987447,45.21017357,1/8/2015,2:36,05 - Drifting Snow,06 - Ice,10 - No control,01 - Non intersection,07 - Dark,03 - P.D. only,07 - SMV other,Munster Hamlet - Richmond
6379,HAWTHORNE RD btwn AGES DR & STEVENAGE DR,374982.3313,5027690.472,-75.60376851,45.38563829,1/8/2015,5:03,03 - Snow,05 - Packed snow,10 - No control,01 - Non intersection,07 - Dark,03 - P.D. only,07 - SMV other,Industrial Park
6380,MAGLADRY RD btwn RUISSELLET RD & BIRCHGROVE RD,398359.0797,5032135.624,-75.30446019,45.42289754,1/9/2015,15:06,01 - Clear,06 - Ice,10 - No control,01 - Non intersection,01 - Daylight,03 - P.D. only,01 - Approaching,Navan - Vars
6381,ROSEBELLA AVE @ SIXTH ST,373543.7427,5023750.057,-75.62268544,45.35032673,1/9/2015,15:23,03 - Snow,06 - Ice,02 - Stop sign,02 - Intersection related,01 - Daylight,03 - P.D. only,03 - Rear end,Blossom Park - Blossom Park West - Sawmill Creek/ Timbermill
6382,VALLEY STREAM DR btwn BASELINE RD & SHADOW CRT,359317.767,5021775.002,-75.80444122,45.33380534,1/5/2015,16:30,03 - Snow,04 - Slush,10 - No control,01 - Non intersection,01 - Daylight,03 - P.D. only,06 - SMV unattended vehicle,Briar Green - Leslie Park
6383,RAVEN AVE btwn CHURCHILL AVE S & MCBRIDE ST,364136.1507,5026426.818,-75.7424133,45.37527092,1/5/2015,22:33,01 - Clear,06 - Ice,10 - No control,04 - At/near private drive,07 - Dark,03 - P.D. only,06 - SMV unattended vehicle,Carlington
6384,BANK ST @ ROSEBELLA AVE,373205.7431,5023550.032,-75.62702619,45.34856003,1/3/2015,13:00,01 - Clear,01 - Dry,01 - Traffic signal,02 - Intersection related,01 - Daylight,03 - P.D. only,03 - Rear end,Blossom Park - Blossom Park West - Sawmill Creek/ Timbermill
6385,ASSALY RD @ RICHMOND RD,360731.6016,5025528.053,-75.78597986,45.36746392,1/6/2015,15:29,03 - Snow,06 - Ice,01 - Traffic signal,02 - Intersection related,01 - Daylight,03 - P.D. only,03 - Rear end,Woodroffe - Lincoln Heights
6386,MCARTHUR AVE btwn MAY ST & ST. LAURENT BLVD,371877.4073,5032875.12,-75.64270851,45.43259175,1/6/2015,15:31,01 - Clear,02 - Wet,10 - No control,04 - At/near private drive,01 - Daylight,03 - P.D. only,02 - Angle,Castle Heights
6387,BANNER RD @ GREENBANK RD,361020.3693,5021566.977,-75.78274408,45.33179919,1/7/2015,10:15,06 - Strong wind,04 - Slush,01 - Traffic signal,03 - At intersection,01 - Daylight,03 - P.D. only,05 - Turning movement,Woodvale - Craig Henry - Manordale - Estates of Arlington Wo
6388,COVENTRY RD btwn BELFAST RD & ST. LAURENT SC WEST,371551.6997,5031642.174,-75.6470379,45.42152942,1/8/2015,14:20,03 - Snow,05 - Packed snow,10 - No control,01 - Non intersection,01 - Daylight,03 - P.D. only,04 - Sideswipe,Overbrook
6389,LAURIER AVE   E btwn COPERNICUS ST & RING LANE,368681.7003,5031999.03,-75.68366103,45.42500824,1/8/2015,17:02,01 - Clear,06 - Ice,10 - No control,01 - Non intersection,05 - Dusk,03 - P.D. only,03 - Rear end,Sandy Hill
6390,BANK ST/PRETORIA AVE @ CHAMBERLAIN AVE S,368107.1674,5030105.129,-75.6912455,45.40801978,1/8/2015,6:27,01 - Clear,03 - Loose snow,02 - Stop sign,03 - At intersection,07 - Dark,03 - P.D. only,02 - Angle,The Glebe
6391,BASELINE RD btwn ZENA ST & MARSON ST,365641.2271,5025695.759,-75.72328872,45.36856392,1/8/2015,6:33,03 - Snow,06 - Ice,10 - No control,01 - Non intersection,07 - Dark,03 - P.D. only,03 - Rear end,Cityview - Skyline - Fisher Heights
6392,QUEEN ST btwn METCALFE ST & ELGIN ST,367676.9001,5031699.644,-75.69653822,45.4224055,1/8/2015,16:00,01 - Clear,04 - Slush,10 - No control,04 - At/near private drive,01 - Daylight,03 - P.D. only,02 - Angle,Downtown
6393,ALBION RD @ BANK ST,371946.7279,5024128.054,-75.64301306,45.35388254,1/9/2015,17:06,03 - Snow,03 - Loose snow,01 - Traffic signal,02 - Intersection related,05 - Dusk,03 - P.D. only,03 - Rear end,Emerald Woods - Sawmill Creek
6394,KILBORN AVE btwn PROSPECT AVE & FEATHERSTON DR,371015.0669,5027821.054,-75.65440742,45.38719949,1/10/2015,9:17,01 - Clear,03 - Loose snow,10 - No control,01 - Non intersection,01 - Daylight,03 - P.D. only,06 - SMV unattended vehicle,Alta Vista
6395,REGIONAL ROAD 174 btwn OR174 IC112 RAMP15 & TRANSIT,375471.0307,5033329.721,-75.59672008,45.43632806,1/4/2015,13:44,02 - Rain,02 - Wet,10 - No control,01 - Non intersection,01 - Daylight,03 - P.D. only,07 - SMV other,Greenbelt
6396,REGIONAL ROAD 174 EB btwn HWY417 IC113 RAMP65 & OR174 BLAIR IC112 RAMP51,374379.3454,5032506.866,-75.61078801,45.42903394,1/6/2015,17:02,03 - Snow,04 - Slush,10 - No control,01 - Non intersection,05 - Dusk,03 - P.D. only,03 - Rear end,Pineview
6397,HUNT CLUB RD @ BRIDLE PATH DR/DAZE ST,371290.765,5023864.022,-75.65141962,45.35156937,1/6/2015,17:08,03 - Snow,03 - Loose snow,01 - Traffic signal,03 - At intersection,05 - Dusk,03 - P.D. only,05 - Turning movement,South Keys - Heron Gate - Greenboro West
6398,CHATELAIN AVE @ LARKIN ST,364407.9131,5026498.208,-75.7389352,45.37589021,1/7/2015,10:22,01 - Clear,03 - Loose snow,02 - Stop sign,03 - At intersection,01 - Daylight,03 - P.D. only,02 - Angle,Carlington
6399,WOODROFFE AVE btwn STRANDHERD DR & CHAPMAN MILLS DR,366161.9531,5015260.879,-75.71793455,45.27462677,1/7/2015,7:10,01 - Clear,06 - Ice,10 - No control,01 - Non intersection,03 - Dawn,03 - P.D. only,99 - Other,Chapman Mills - Rideau Crest - Davidson Heights
6400,TRANSITWAY - LINCOLN FIEL @ OTTAWA RIVER PKWY ,360926.6204,5025500.107,-75.78349363,45.36719687,1/8/2015,8:20,05 - Drifting Snow,06 - Ice,01 - Traffic signal,02 - Intersection related,01 - Daylight,03 - P.D. only,03 - Rear end,Woodroffe - Lincoln Heights
6401,BEECHWOOD AVE btwn PUTMAN AVE & ACACIA AVE,369617.6759,5033923.201,-75.6714482,45.44223505,1/8/2015,15:45,01 - Clear,04 - Slush,10 - No control,04 - At/near private drive,01 - Daylight,03 - P.D. only,02 - Angle,Lindenlea
6402,INNES RD btwn BLAIR RD & ANDERSON RD,375750.3012,5031559.555,-75.59340606,45.42037285,1/8/2015,6:36,"07 - Fog, mist, smoke, dust",06 - Ice,10 - No control,01 - Non intersection,07 - Dark,03 - P.D. only,04 - Sideswipe,Greenbelt
6403,INNES RD btwn PRESTWICK DR & TENTH LINE RD,383813.929,5036102.211,-75.48965607,45.46037951,1/8/2015,6:44,03 - Snow,06 - Ice,10 - No control,01 - Non intersection,07 - Dark,03 - P.D. only,03 - Rear end,Queenswood Heights
6404,GREENBANK RD btwn BATEMAN DR/BELLMAN DR & GREENBANK SQUARE SC,361329.9688,5020847.239,-75.77887673,45.32529812,1/9/2015,17:13,03 - Snow,03 - Loose snow,10 - No control,04 - At/near private drive,05 - Dusk,03 - P.D. only,05 - Turning movement,Nepean
6405,HOLLY ACRES RD @ CARLING AVE,358234.6563,5023496.073,-75.81807309,45.34937493,1/11/2015,9:33,01 - Clear,02 - Wet,01 - Traffic signal,02 - Intersection related,01 - Daylight,03 - P.D. only,07 - SMV other,Crystal Bay - Lakeview Park - Britannia Village
6406,BANNER RD @ GREENBANK RD,361021.6726,5021565.046,-75.78272767,45.33178171,1/9/2015,18:00,03 - Snow,05 - Packed snow,01 - Traffic signal,02 - Intersection related,07 - Dark,03 - P.D. only,03 - Rear end,Woodvale - Craig Henry - Manordale - Estates of Arlington Wo
6407,EAGLESON RD @ HAZELDEAN RD/ROBERTSON RD,353674.5888,5018423.978,-75.87676521,45.30406794,1/5/2015,8:43,01 - Clear,06 - Ice,01 - Traffic signal,02 - Intersection related,01 - Daylight,03 - P.D. only,03 - Rear end,Greenbelt
6408,BANK ST @ THORNTON AVE,368432.6789,5029322.006,-75.68718854,45.40094397,1/5/2015,9:12,01 - Clear,03 - Loose snow,02 - Stop sign,02 - Intersection related,01 - Daylight,03 - P.D. only,04 - Sideswipe,The Glebe
6409,BEARBROOK RD/ROCKCLIFFE PKWY @ ST. JOSEPH BLVD,377128.7343,5035237.182,-75.57525455,45.45332064,1/6/2015,22:11,03 - Snow,05 - Packed snow,01 - Traffic signal,02 - Intersection related,07 - Dark,03 - P.D. only,07 - SMV other,Greenbelt
6410,KLONDIKE RD @ MARCH RD,349262.971,5024062.103,-75.93251158,45.35509438,1/7/2015,10:00,01 - Clear,06 - Ice,01 - Traffic signal,03 - At intersection,01 - Daylight,03 - P.D. only,07 - SMV other,South March
6411,INNES RD @ STAR TOP RD/WINDMILL LANE,374147.7258,5030667.042,-75.61400668,45.41250316,1/8/2015,18:07,02 - Rain,06 - Ice,01 - Traffic signal,02 - Intersection related,07 - Dark,03 - P.D. only,03 - Rear end,Industrial Park
6412,STITTSVILLE MAIN ST @ HAZELDEAN RD,349558.88,5014879.078,-75.92956464,45.2724441,1/8/2015,19:05,01 - Clear,04 - Slush,01 - Traffic signal,02 - Intersection related,07 - Dark,03 - P.D. only,03 - Rear end,Stittsville
6413,BLACKBURN BYPASS WB btwn NAVAN RD & 1700 W OF NAVAN RD,379542.6777,5033208.663,-75.54470389,45.43481549,1/8/2015,6:59,03 - Snow,06 - Ice,10 - No control,01 - Non intersection,07 - Dark,03 - P.D. only,07 - SMV other,Blackburn Hamlet
6414,MCCARTHY RD btwn SOUTHMORE DR W & PLANTE DR,369505.6261,5024704.034,-75.67408989,45.35929455,1/9/2015,17:29,05 - Drifting Snow,03 - Loose snow,10 - No control,01 - Non intersection,05 - Dusk,03 - P.D. only,07 - SMV other,Hunt Club Woods - Quintarra - Revelstoke - Riverside South P
6415,RIVERSIDE DR @ QUESNEL DR,368059.0113,5024100.133,-75.69263006,45.35399281,1/9/2015,17:31,03 - Snow,03 - Loose snow,02 - Stop sign,03 - At intersection,05 - Dusk,03 - P.D. only,07 - SMV other,Hunt Club Woods - Quintarra - Revelstoke - Riverside South P
6416,FISHER AVE btwn TRENT ST & 220 S OF TRENT ST,365823.1327,5026847.353,-75.72082441,45.37890992,1/12/2015,17:23,03 - Snow,03 - Loose snow,10 - No control,01 - Non intersection,05 - Dusk,03 - P.D. only,04 - Sideswipe,Civic Hospital - Experimental Farm - Central Park
6417,FALLOWFIELD RD @ MOODIE DR,359501.6559,5014634.967,-75.8028831,45.26954442,1/5/2015,9:20,01 - Clear,02 - Wet,01 - Traffic signal,02 - Intersection related,01 - Daylight,03 - P.D. only,05 - Turning movement,Munster Hamlet - Richmond
6418,REGIONAL ROAD 174 btwn OR174 IC102 RAMP36 & OR174 IC102 RAMP26,381490.2675,5038205.81,-75.51903578,45.47956486,1/5/2015,11:19,02 - Rain,06 - Ice,10 - No control,01 - Non intersection,01 - Daylight,03 - P.D. only,03 - Rear end,Orleans South West
6419,TERMINAL AVE @ TRAINYARDS DR,371845.334,5030815.443,-75.64339871,45.41406278,1/7/2015,0:34,03 - Snow,03 - Loose snow,01 - Traffic signal,02 - Intersection related,07 - Dark,03 - P.D. only,02 - Angle,Industrial Park
6420,WOODROFFE AVE btwn SPORTSPLEX S/TRANSIT & VAAN DR,363969.9436,5020589.462,-75.74523362,45.32276108,1/7/2015,6:31,01 - Clear,02 - Wet,10 - No control,01 - Non intersection,07 - Dark,03 - P.D. only,07 - SMV other,Merivale Gardens - Grenfell Glen - Pineglen - Country Place
6421,JEANNE D'ARC BLVD  S btwn CEDAR MILLS RD & BEAUSEJOUR DR,381412.0724,5036071.656,-75.52036856,45.46037211,1/7/2015,7:45,01 - Clear,06 - Ice,10 - No control,01 - Non intersection,03 - Dawn,03 - P.D. only,03 - Rear end,Orleans Village - Chateauneuf
6422,PRINCE OF WALES DR @ WEST HUNT CLUB RD,367459.6742,5021889.094,-75.70055868,45.33415213,1/5/2015,18:30,01 - Clear,05 - Packed snow,01 - Traffic signal,02 - Intersection related,07 - Dark,03 - P.D. only,03 - Rear end,Industrial Park
6423,MONTREAL RD @ VANIER PKWY,370072.7098,5033064.146,-75.66574613,45.4344633,1/8/2015,19:40,03 - Snow,03 - Loose snow,01 - Traffic signal,02 - Intersection related,07 - Dark,03 - P.D. only,03 - Rear end,Vanier
6424,BRITTANY DR @ MONTREAL RD,371909.8202,5033995.064,-75.64214161,45.44266536,1/8/2015,22:15,03 - Snow,03 - Loose snow,01 - Traffic signal,03 - At intersection,07 - Dark,03 - P.D. only,03 - Rear end,Cummings
6425,BANTREE ST btwn OLD INNES RD & EDINBURGH PL,373734.2964,5030339.936,-75.6193338,45.40960087,1/8/2015,7:10,01 - Clear,06 - Ice,10 - No control,01 - Non intersection,03 - Dawn,03 - P.D. only,03 - Rear end,Industrial Park
6426,MERIVALE RD btwn SLACK RD & CAPITAL DR,366052.2041,5020872.596,-75.71863991,45.32513008,1/9/2015,17:37,03 - Snow,05 - Packed snow,10 - No control,04 - At/near private drive,05 - Dusk,03 - P.D. only,05 - Turning movement,Merivale Gardens - Grenfell Glen - Pineglen - Country Place
6427,CAMBRIAN RD btwn RICHMOND RD & END,359032.9559,5009433.256,-75.80942314,45.22277478,1/15/2015,8:30,01 - Clear,01 - Dry,10 - No control,07 - Overpass or bridge,01 - Daylight,03 - P.D. only,01 - Approaching,Munster Hamlet - Richmond
6428,CYRVILLE RD btwn STAR TOP RD & MEADOWBROOK RD,374294.5952,5031333.943,-75.61203644,45.41848902,1/28/2015,16:55,01 - Clear,01 - Dry,10 - No control,04 - At/near private drive,05 - Dusk,03 - P.D. only,02 - Angle,Industrial Park
6429,FALLOWFIELD RD @ GREENBANK RD,363081.6396,5016731.01,-75.75701747,45.2881171,1/5/2015,11:28,04 - Freezing Rain,06 - Ice,01 - Traffic signal,02 - Intersection related,01 - Daylight,03 - P.D. only,03 - Rear end,Barrhaven West - Old Barrhaven
6430,GREENBANK RD @ MONTEREY DR,360652.9592,5022454.064,-75.78733099,45.33981053,1/7/2015,6:54,03 - Snow,03 - Loose snow,02 - Stop sign,03 - At intersection,07 - Dark,03 - P.D. only,07 - SMV other,Briar Green - Leslie Park
6431,HUNT CLUB RD @ CANADAIR PRIV,368661.0039,5022310.798,-75.68517868,45.33783823,1/7/2015,6:30,01 - Clear,06 - Ice,01 - Traffic signal,02 - Intersection related,07 - Dark,03 - P.D. only,03 - Rear end,Hunt Club - Ottawa Airport
6432,CARP RD btwn BAIRD SIDE RD & THOMAS A. DOLAN PKWY,334547.0494,5028037.387,-76.12008877,45.39164447,1/7/2015,14:44,05 - Drifting Snow,03 - Loose snow,10 - No control,01 - Non intersection,01 - Daylight,03 - P.D. only,07 - SMV other,Car
6433,MACASSA CIRC btwn Continuation of MACASSA CIRC & KANATA AVE,350393.1503,5019408.92,-75.91851632,45.31315138,1/7/2015,14:30,01 - Clear,05 - Packed snow,10 - No control,04 - At/near private drive,01 - Daylight,03 - P.D. only,06 - SMV unattended vehicle,Kanata Lakes - Marchwood Lakeside - Morgan's Grant - Kanata
6434,UPPER DWYER HILL RD btwn GALETTA SIDE RD & RITCHIE SIDE RD,320932.6213,5028754.028,-76.29393893,45.39853917,1/7/2015,14:30,03 - Snow,03 - Loose snow,10 - No control,01 - Non intersection,01 - Daylight,03 - P.D. only,07 - SMV other,Mississipp
6435,OR174 IC102 RAMP61 btwn CHAMPLAIN ST & REGIONAL ROAD 174,381770.533,5038390.592,-75.51542241,45.48119652,1/8/2015,23:19,03 - Snow,03 - Loose snow,10 - No control,01 - Non intersection,07 - Dark,03 - P.D. only,07 - SMV other,Chatelaine Village
6436,INDUSTRIAL AVE @ RUSSELL RD,372467.8668,5030283.946,-75.63551882,45.40922068,1/26/2015,19:00,01 - Clear,01 - Dry,01 - Traffic signal,03 - At intersection,07 - Dark,03 - P.D. only,05 - Turning movement,Industrial Park
6437,FRANK ST @ METCALFE ST,368202.7428,5030792.127,-75.68993627,45.41419251,1/8/2015,7:43,03 - Snow,04 - Slush,02 - Stop sign,03 - At intersection,03 - Dawn,03 - P.D. only,05 - Turning movement,Centretown
6438,WOODROFFE AVE btwn LONGFIELDS DR & CLARIDGE DR,365561.2779,5016736.84,-75.72540882,45.28795956,1/8/2015,6:50,01 - Clear,06 - Ice,10 - No control,01 - Non intersection,07 - Dark,03 - P.D. only,03 - Rear end,Greenbelt
6439,HAZELDEAN RD @ JOHNWOODS ST/VICTOR ST,350184.6623,5015395.964,-75.92154243,45.2770551,1/9/2015,17:30,03 - Snow,03 - Loose snow,01 - Traffic signal,03 - At intersection,05 - Dusk,03 - P.D. only,02 - Angle,Stittsville
6440,SNAKE ISLAND RD btwn MCGUIRE RD & BLANCHFIELD RD,376765.3938,5005419.385,-75.58423171,45.1850706,1/9/2015,18:59,03 - Snow,03 - Loose snow,10 - No control,01 - Non intersection,07 - Dark,03 - P.D. only,07 - SMV other,Kars - Osgoode
6441,HIGHBURY PARK DR @ LONGFIELDS DR,364162.5328,5015915.687,-75.74333682,45.28069037,1/15/2015,20:35,01 - Clear,05 - Packed snow,02 - Stop sign,02 - Intersection related,07 - Dark,03 - P.D. only,02 - Angle,New Barrhaven
6442,MARCH RD btwn OLD CARP RD & KLONDIKE RD,349211.8749,5024120.48,-75.93315846,45.35562291,1/16/2015,16:33,01 - Clear,01 - Dry,10 - No control,01 - Non intersection,01 - Daylight,03 - P.D. only,03 - Rear end,South March
6443,MITCH OWENS RD/BRIDGE ST @ RIVER RD,369499.7073,5010769.918,-75.67598341,45.23391839,2/12/2015,21:33,01 - Clear,05 - Packed snow,01 - Traffic signal,03 - At intersection,07 - Dark,03 - P.D. only,05 - Turning movement,Manotick
6444,LYON ST @ WELLINGTON ST,366934.3071,5031424.72,-75.70606107,45.41999817,2/13/2015,17:15,01 - Clear,01 - Dry,01 - Traffic signal,03 - At intersection,01 - Daylight,03 - P.D. only,04 - Sideswipe,Downtown
6445,REGIONAL ROAD 174 btwn QUIGLEY HILL RD & REGIONAL ROAD 174 DIVIDED,384798.7653,5040753.993,-75.47630734,45.50211964,1/5/2015,14:02,01 - Clear,01 - Dry,10 - No control,01 - Non intersection,01 - Daylight,03 - P.D. only,99 - Other,Cumberland - Estates
6446,BRAEMAR ST @ HEMLOCK RD,370889.9917,5034759.949,-75.65507381,45.4496446,1/7/2015,8:11,03 - Snow,05 - Packed snow,02 - Stop sign,03 - At intersection,01 - Daylight,03 - P.D. only,03 - Rear end,Manor Park
6447,CARLING AVE btwn MOODIE DR & GRANDVIEW RD,355861.8959,5023994.86,-75.84830046,45.35403983,1/7/2015,8:17,01 - Clear,05 - Packed snow,10 - No control,01 - Non intersection,01 - Daylight,03 - P.D. only,07 - SMV other,Greenbelt
6448,D'AOUST AVE btwn ALBION RD & CHILLIWACK WAY,372227.4198,5023475.768,-75.63951996,45.34798656,1/7/2015,15:07,01 - Clear,05 - Packed snow,10 - No control,01 - Non intersection,01 - Daylight,03 - P.D. only,04 - Sideswipe,Blossom Park - Blossom Park West - Sawmill Creek/ Timbermill
6449,MONTREAL RD btwn OGILVIE RD & LAPORTE ST,375677.7356,5034571.804,-75.59389954,45.44748265,1/7/2015,15:16,01 - Clear,02 - Wet,10 - No control,04 - At/near private drive,01 - Daylight,03 - P.D. only,05 - Turning movement,Beacon Hill South - Cardinal Heights
6450,WALKLEY RD btwn DON REID DR/RYDER ST & 160 W OF CONROY RD,372725.9634,5027360.86,-75.63262441,45.38289502,1/31/2015,10:50,01 - Clear,01 - Dry,10 - No control,01 - Non intersection,01 - Daylight,03 - P.D. only,03 - Rear end,Elmvale - Eastway - Riverview - Riverview Park West