Record,Location,X,Y,lon,lat,Date,Time,Environment,Road_Surface,Traffic_Control,Collision_Location,Light,Collision_Classification,Impact_type,Neighborhood
6451,RICHMOND RD btwn WEST HUNT CLUB RD & STONEHAVEN DR,356767.1833,5015933.365,-75.83759285,45.28143502,1/8/2015,7:25,01 - Clear,03 - Loose snow,10 - No control,01 - Non intersection,03 - Dawn,03 - P.D. only,03 - Rear end,Greenbelt
6452,RAMSAYVILLE RD @ MITCH OWENS RD,381142.8637,5018037.026,-75.52659885,45.29813821,1/8/2015,8:38,03 - Snow,06 - Ice,02 - Stop sign,03 - At intersection,01 - Daylight,03 - P.D. only,03 - Rear end,Metcalfe
6453,HUNT CLUB RD @ RIVERSIDE DR,368036.703,5021943.089,-75.69319051,45.3345862,1/9/2015,19:54,01 - Clear,05 - Packed snow,01 - Traffic signal,02 - Intersection related,07 - Dark,03 - P.D. only,03 - Rear end,Hunt Club Woods - Quintarra - Revelstoke - Riverside South P
6454,MERIVALE RD @ SHILLINGTON AVE,364842.7665,5026810.984,-75.73334553,45.37866739,1/10/2015,17:12,03 - Snow,04 - Slush,01 - Traffic signal,02 - Intersection related,05 - Dusk,03 - P.D. only,03 - Rear end,Carlington
6455,LAURIER AVE   E btwn LAURIER AVE W & NICHOLAS ST,368303.8591,5031755.06,-75.68852039,45.42284748,1/22/2015,21:07,01 - Clear,02 - Wet,10 - No control,01 - Non intersection,07 - Dark,03 - P.D. only,05 - Turning movement,Sandy Hill
6456,HUNT CLUB RD WB btwn 275 E OF HAWTHORNE RD/OC TRANSPO TURNAROUND & HWY417 HUNT CLUB IC108 RAMP53,375613.234,5026476.798,-75.59588693,45.37465476,2/13/2015,8:01,01 - Clear,03 - Loose snow,10 - No control,01 - Non intersection,01 - Daylight,02 - Non-fatal injury,04 - Sideswipe,Greenbelt
6457,HUNT CLUB RD WB btwn 275 E OF HAWTHORNE RD/OC TRANSPO TURNAROUND & HWY417 HUNT CLUB IC108 RAMP53,375613.234,5026476.798,-75.59588693,45.37465476,7/20/2015,17:15,01 - Clear,01 - Dry,10 - No control,01 - Non intersection,01 - Daylight,03 - P.D. only,01 - Approaching,Greenbelt
6458,DONALD ST @ ST. LAURENT BLVD,372094.6768,5032471.139,-75.63998719,45.42893604,1/5/2015,15:50,03 - Snow,04 - Slush,01 - Traffic signal,02 - Intersection related,01 - Daylight,03 - P.D. only,03 - Rear end,Overbrook
6459,MACKENZIE AVE btwn RIDEAU ST & COLONEL BY DR,367970.2206,5031942.847,-75.69275926,45.42456734,1/7/2015,8:18,01 - Clear,04 - Slush,10 - No control,01 - Non intersection,01 - Daylight,03 - P.D. only,04 - Sideswipe,Byward Market - Parliament Hill
6460,ASHTON STATION RD btwn FOSTER RD (BECKWITH TWP) & ORMROD RD,341204.254,5002366.891,-76.03695206,45.16033423,1/7/2015,8:41,03 - Snow,06 - Ice,10 - No control,01 - Non intersection,01 - Daylight,03 - P.D. only,07 - SMV other,Munster Hamlet - Richmond
6461,BANK ST @ ROCKINGHAM AVE,369713.8165,5027323.416,-75.67108858,45.38284371,1/7/2015,15:31,03 - Snow,06 - Ice,02 - Stop sign,02 - Intersection related,01 - Daylight,03 - P.D. only,99 - Other,Alta Vista
6462,LEIKIN DR btwn HOLITZNER WAY & CRESTWAY DR,366795.2113,5017336.918,-75.709605,45.29325125,1/7/2015,15:31,03 - Snow,05 - Packed snow,10 - No control,01 - Non intersection,01 - Daylight,03 - P.D. only,99 - Other,Greenbelt
6463,DALY AVE @ WALLER ST,368341.1736,5032120.637,-75.68799646,45.42613343,1/8/2015,9:08,01 - Clear,03 - Loose snow,01 - Traffic signal,02 - Intersection related,01 - Daylight,03 - P.D. only,03 - Rear end,Byward Market - Parliament Hill
6464,METCALFE ST @ SLATER ST,367730.7327,5031549.094,-75.69586963,45.42104606,1/3/2015,20:45,03 - Snow,06 - Ice,01 - Traffic signal,03 - At intersection,07 - Dark,03 - P.D. only,05 - Turning movement,Downtown
6465,PAMILLA ST btwn PRESTON ST & ROCHESTER ST,366761.4879,5029124.628,-75.70855821,45.39931792,1/10/2015,10:30,01 - Clear,05 - Packed snow,10 - No control,01 - Non intersection,01 - Daylight,03 - P.D. only,04 - Sideswipe,Little Italy
6466,GREENBANK RD @ BERRIGAN DR/WESSEX RD,363723.6817,5015276.907,-75.74900597,45.27497954,1/10/2015,17:30,01 - Clear,01 - Dry,01 - Traffic signal,02 - Intersection related,05 - Dusk,03 - P.D. only,03 - Rear end,New Barrhaven
6467,BOOTH ST @ NORMAN ST,366999.4751,5029321.127,-75.70549388,45.40106486,1/23/2015,9:15,01 - Clear,02 - Wet,01 - Traffic signal,02 - Intersection related,01 - Daylight,03 - P.D. only,03 - Rear end,The Glebe Annex
6468,RUSSELL RD btwn HAIG DR & CUBA AVE,372953.1449,5029520.829,-75.62942542,45.40230742,1/23/2015,17:10,01 - Clear,02 - Wet,10 - No control,04 - At/near private drive,05 - Dusk,03 - P.D. only,05 - Turning movement,Elmvale - Eastway - Riverview - Riverview Park West
6469,MONTGOMERY ST @ MONTREAL RD,369813.7126,5032919.142,-75.66907518,45.43318274,2/17/2015,16:56,01 - Clear,02 - Wet,01 - Traffic signal,03 - At intersection,01 - Daylight,03 - P.D. only,05 - Turning movement,Vanier South
6470,CEDARVIEW RD btwn BASELINE RD & BRUIN RD,359165.3218,5021100.521,-75.80646011,45.32774816,2/19/2015,4:30,01 - Clear,01 - Dry,10 - No control,04 - At/near private drive,07 - Dark,03 - P.D. only,03 - Rear end,Greenbelt
6471,PERCY ST @ GLOUCESTER ST,366941.6974,5030856.087,-75.70603836,45.41488113,1/5/2015,20:53,03 - Snow,05 - Packed snow,02 - Stop sign,03 - At intersection,07 - Dark,03 - P.D. only,02 - Angle,Downtown
6472,APOLLO WAY E @ MERKLEY DR E,384176.3377,5037642.731,-75.48477391,45.4741986,1/7/2015,8:30,03 - Snow,03 - Loose snow,02 - Stop sign,02 - Intersection related,01 - Daylight,03 - P.D. only,03 - Rear end,Fallingbrook
6473,BAYVIEW RD @ SCOTT ST/ALBERT ST,365519.037,5030071.082,-75.72431017,45.40794274,1/7/2015,17:20,01 - Clear,05 - Packed snow,01 - Traffic signal,03 - At intersection,05 - Dusk,03 - P.D. only,05 - Turning movement,Mechanicsville
6474,MACKENZIE AVE @ RIDEAU ST,367868.7353,5032010.062,-75.69404739,45.42518127,1/8/2015,14:59,03 - Snow,05 - Packed snow,01 - Traffic signal,02 - Intersection related,01 - Daylight,03 - P.D. only,03 - Rear end,Byward Market - Parliament Hill
6475,BOTELER ST @ KING EDWARD AVE,367976.679,5033246.872,-75.69250944,45.43629991,1/9/2015,0:02,03 - Snow,03 - Loose snow,03 - Yield sign,02 - Intersection related,07 - Dark,03 - P.D. only,03 - Rear end,Lower Town
6476,REGIONAL ROAD 174 btwn OR174 IC102 RAMP15 & OR174 IC101 RAMP63,382455.4058,5038723.657,-75.50661043,45.4841173,1/10/2015,18:06,01 - Clear,01 - Dry,10 - No control,01 - Non intersection,07 - Dark,03 - P.D. only,07 - SMV other,Chatelaine Village
6477,ELGIN ST btwn LEWIS ST & WAVERLEY ST,368284.4151,5031005.526,-75.68886541,45.4161052,1/10/2015,23:28,01 - Clear,03 - Loose snow,10 - No control,01 - Non intersection,07 - Dark,03 - P.D. only,05 - Turning movement,Centretown
6478,WOODROFFE AVE @ KNOXDALE RD/MEDHURST DR,363419.6899,5021826.969,-75.75210547,45.33394226,1/23/2015,18:11,01 - Clear,01 - Dry,01 - Traffic signal,02 - Intersection related,07 - Dark,03 - P.D. only,04 - Sideswipe,Woodvale - Craig Henry - Manordale - Estates of Arlington Wo
6479,PICCADILLY AVE @ RICHMOND RD,364217.5515,5028918.732,-75.7410741,45.39768583,2/20/2015,12:24,01 - Clear,04 - Slush,02 - Stop sign,02 - Intersection related,01 - Daylight,03 - P.D. only,03 - Rear end,Island Park
6480,BASELINE RD btwn COLLEGE SQUARE SC & WOODROFFE AVE,362596.9191,5023797.011,-75.76237168,45.35173682,2/20/2015,15:30,01 - Clear,01 - Dry,10 - No control,01 - Non intersection,01 - Daylight,03 - P.D. only,04 - Sideswipe,Braemar Park - Bel Air Heights - Copeland Park
6481,HWY 417 INNES IC112R68 @ INNES RD,374641.8752,5030922.282,-75.60765797,45.41475053,1/6/2015,6:18,01 - Clear,04 - Slush,01 - Traffic signal,03 - At intersection,07 - Dark,03 - P.D. only,04 - Sideswipe,Industrial Park
6482,TARTAN DR btwn CEDARVIEW RD & HOULAHAN ST,362292.6566,5013563.458,-75.7674415,45.25968028,1/6/2015,7:33,01 - Clear,02 - Wet,10 - No control,01 - Non intersection,03 - Dawn,03 - P.D. only,06 - SMV unattended vehicle,New Barrhaven
6483,LONGFIELDS DR btwn HIGHBURY PARK DR & NORTH HARROW DR,364167.1941,5015910.007,-75.74327809,45.28063887,1/7/2015,9:06,05 - Drifting Snow,06 - Ice,10 - No control,01 - Non intersection,01 - Daylight,03 - P.D. only,07 - SMV other,New Barrhaven
6484,BANK ST @ HERON RD,369996.6839,5026852.024,-75.66753916,45.37857601,1/7/2015,9:11,01 - Clear,06 - Ice,01 - Traffic signal,02 - Intersection related,01 - Daylight,03 - P.D. only,03 - Rear end,Alta Vista
6485,CARLING AVE @ CIVIC HOSPITAL,365791.6095,5028277.574,-75.72105015,45.39178149,1/7/2015,17:30,01 - Clear,05 - Packed snow,01 - Traffic signal,03 - At intersection,05 - Dusk,03 - P.D. only,05 - Turning movement,Civic Hospital - Experimental Farm - Central Park
6486,NEPEAN ST @ O'CONNOR ST,367721.6738,5031225.139,-75.69602674,45.41813204,1/2/2015,7:42,01 - Clear,01 - Dry,02 - Stop sign,02 - Intersection related,03 - Dawn,03 - P.D. only,02 - Angle,Centretown
6487,KING EDWARD AVE @ RIDEAU ST,368510.7433,5032413.107,-75.68579189,45.42874954,1/12/2015,7:16,03 - Snow,04 - Slush,01 - Traffic signal,02 - Intersection related,03 - Dawn,03 - P.D. only,03 - Rear end,Lowe
6488,MARCH RD @ SOLANDT RD,350488.6446,5022709.057,-75.91699391,45.3428406,1/12/2015,7:20,03 - Snow,03 - Loose snow,01 - Traffic signal,03 - At intersection,03 - Dawn,03 - P.D. only,05 - Turning movement,South March
6489,ARLINGTON AVE btwn LYON ST N & KENT ST,367791.8118,5030209.476,-75.69526046,45.40898711,1/14/2015,14:45,01 - Clear,01 - Dry,10 - No control,04 - At/near private drive,01 - Daylight,03 - P.D. only,02 - Angle,Centretown
6490,YORK ST btwn WILLIAM ST & DALHOUSIE ST,368003.2903,5032362.678,-75.69228284,45.42834184,1/23/2015,22:57,01 - Clear,01 - Dry,10 - No control,01 - Non intersection,07 - Dark,03 - P.D. only,02 - Angle,Byward Market
6491,WEST HUNT CLUB RD @ WOODROFFE AVE,363672.6187,5021245.043,-75.74894799,45.32868496,2/20/2015,15:10,01 - Clear,06 - Ice,01 - Traffic signal,03 - At intersection,01 - Daylight,03 - P.D. only,03 - Rear end,Woodvale - Craig Henry - Manordale - Estates of Arlington Wo
6492,MCARTHUR AVE btwn LACASSE AVE & CARMEN AVE,370865.0344,5032761.789,-75.65566106,45.43166842,2/20/2015,17:43,01 - Clear,02 - Wet,10 - No control,04 - At/near private drive,05 - Dusk,03 - P.D. only,02 - Angle,Vanier South
6493,BEATRICE DR @ STRANDHERD DR,365527.377,5015321.964,-75.72601408,45.2752315,1/6/2015,8:22,01 - Clear,02 - Wet,01 - Traffic signal,03 - At intersection,01 - Daylight,03 - P.D. only,05 - Turning movement,New Barrhaven
6494,DONALD B. MUNRO DR btwn PANMURE RD & THOMAS A. DOLAN PKWY,333749.3934,5023576.555,-76.13053718,45.35153732,1/7/2015,8:45,03 - Snow,03 - Loose snow,10 - No control,01 - Non intersection,01 - Daylight,03 - P.D. only,07 - SMV other,Carp - Hardwood Plains
6495,MONTREAL RD btwn MONTGOMERY ST & PALACE ST,369886.1488,5032961.387,-75.66814391,45.43355611,1/7/2015,20:28,01 - Clear,03 - Loose snow,10 - No control,04 - At/near private drive,07 - Dark,03 - P.D. only,02 - Angle,Vanier South
6496,FRANK KENNY RD @ ROCKDALE RD,395188.6446,5023340.206,-75.34657546,45.34418383,1/4/2015,8:45,03 - Snow,06 - Ice,02 - Stop sign,03 - At intersection,01 - Daylight,03 - P.D. only,07 - SMV other,Navan - Vars
6497,BLEEKS RD btwn BUTTERFIELD RD & CONLEY RD,350136.2106,5003995.455,-75.92319837,45.17447176,1/4/2015,12:25,04 - Freezing Rain,06 - Ice,10 - No control,04 - At/near private drive,01 - Daylight,03 - P.D. only,02 - Angle,Munster Hamlet - Richmond
6498,FLEWELLYN RD btwn POPLARWOOD AVE & SHEA RD,352007.9799,5011271.373,-75.89869617,45.23982065,1/9/2015,6:41,01 - Clear,06 - Ice,10 - No control,01 - Non intersection,07 - Dark,03 - P.D. only,07 - SMV other,Stittsville - Basswood
6499,GOLDRIDGE DR btwn AFTON PL & KINMOUNT PRIV,350016.8879,5019482.268,-75.92330814,45.31383571,1/12/2015,9:33,01 - Clear,04 - Slush,10 - No control,01 - Non intersection,01 - Daylight,03 - P.D. only,07 - SMV other,Kanata Lakes - Marchwood Lakeside - Morgan's Grant - Kanata
6500,GIANT CEDARS CRES @ SHORELINE DR S,368769.0429,5015409.351,-75.68469105,45.27573036,1/13/2015,8:52,01 - Clear,01 - Dry,02 - Stop sign,03 - At intersection,01 - Daylight,03 - P.D. only,02 - Angle,Gloucester
6501,REGIONAL ROAD 174 btwn OR174 IC112 RAMP61 & TRANSIT,375299.506,5033226.277,-75.59892696,45.43541464,1/24/2015,12:53,01 - Clear,01 - Dry,10 - No control,01 - Non intersection,01 - Daylight,03 - P.D. only,04 - Sideswipe,Beacon Hill South - Cardinal Heights
6502,UPLANDS DR btwn TO BE DETERMINED & RAMP,371061.6167,5021388.102,-75.65467537,45.32931346,2/23/2015,7:57,01 - Clear,01 - Dry,10 - No control,01 - Non intersection,01 - Daylight,03 - P.D. only,05 - Turning movement,Greenbelt
6503,VALIN ST @ FRENETTE ST,385490.6245,5037660.171,-75.467964,45.47420488,2/23/2015,8:00,01 - Clear,06 - Ice,02 - Stop sign,03 - At intersection,01 - Daylight,03 - P.D. only,05 - Turning movement,Cardinal Creek
6504,CHAPMAN MILLS DR @ LEAMINGTON WAY/MANCINI WAY,365046.8534,5014687.455,-75.73221491,45.26956353,1/6/2015,8:21,01 - Clear,06 - Ice,02 - Stop sign,02 - Intersection related,01 - Daylight,03 - P.D. only,03 - Rear end,New Barrhaven
6505,OR174 IC112 RAMP61 btwn OR174 IC112 RAMP36 & REGIONAL ROAD 174,374736.3237,5033037.926,-75.60615102,45.43377652,1/6/2015,8:29,01 - Clear,06 - Ice,10 - No control,01 - Non intersection,01 - Daylight,03 - P.D. only,03 - Rear end,Beacon Hill South - Cardinal Heights
6506,ALESTHER ST @ DONALD ST,371993.6844,5032461.066,-75.64127909,45.42885512,1/7/2015,20:47,03 - Snow,03 - Loose snow,02 - Stop sign,03 - At intersection,07 - Dark,03 - P.D. only,03 - Rear end,Overbrook
6507,BRONSON AVE btwn RIVERSIDE DR RAMPS 34B & 42A-3 & BRONSON AVE RAMP 34,368462.9521,5027094.984,-75.68708921,45.38090314,1/8/2015,7:11,01 - Clear,06 - Ice,10 - No control,01 - Non intersection,07 - Dark,03 - P.D. only,04 - Sideswipe,Riverside Park
6508,DUNROBIN RD @ KINBURN SIDE RD,338030.5627,5035929.147,-76.07506814,45.46250028,1/6/2015,10:59,03 - Snow,04 - Slush,02 - Stop sign,03 - At intersection,01 - Daylight,03 - P.D. only,02 - Angle,Woodlawn
6509,ELGIN ST @ MACLAREN ST,368208.7134,5031126.093,-75.68981703,45.41719688,1/7/2015,9:19,03 - Snow,03 - Loose snow,01 - Traffic signal,03 - At intersection,01 - Daylight,03 - P.D. only,07 - SMV other,Centretown
6510,EAGLESON RD @ HAZELDEAN RD/ROBERTSON RD,353672.661,5018424.942,-75.8767897,45.30407675,1/9/2015,7:54,01 - Clear,06 - Ice,01 - Traffic signal,02 - Intersection related,03 - Dawn,03 - P.D. only,03 - Rear end,Greenbelt
6511,CARLING AVE btwn MOODIE DR & JAMES CUMMINGS AVE,356146.2332,5023876.306,-75.84468403,45.35295231,1/9/2015,8:07,01 - Clear,03 - Loose snow,10 - No control,01 - Non intersection,03 - Dawn,03 - P.D. only,03 - Rear end,Crystal Bay - Lakeview Park - Britannia Village
6512,RIOCAN AVE @ STRANDHERD DR,364173.1727,5014945.055,-75.7433173,45.27195572,1/13/2015,12:29,01 - Clear,01 - Dry,01 - Traffic signal,02 - Intersection related,01 - Daylight,03 - P.D. only,03 - Rear end,New Barrhaven
6513,WEST HUNT CLUB RD @ WOODROFFE AVE,363672.6187,5021245.043,-75.74894799,45.32868496,1/13/2015,20:00,01 - Clear,03 - Loose snow,01 - Traffic signal,02 - Intersection related,07 - Dark,03 - P.D. only,03 - Rear end,Woodvale - Craig Henry - Manordale - Estates of Arlington Wo
6514,PAUL METIVIER DR btwn TAPESTRY DR & CLEARBROOK DR,366024.7124,5014756.862,-75.71974568,45.27010361,1/24/2015,21:11,03 - Snow,04 - Slush,10 - No control,01 - Non intersection,07 - Dark,03 - P.D. only,01 - Approaching,New Barrhaven
6515,WOODROFFE AVE btwn FIRESTATION & BASELINE RD,362544.8709,5023781.589,-75.76303769,45.35160235,1/10/2015,13:25,01 - Clear,01 - Dry,10 - No control,01 - Non intersection,01 - Daylight,03 - P.D. only,03 - Rear end,Iris
6516,BASELINE RD @ WOODROFFE AVE,362548.7263,5023770.023,-75.76298984,45.35149796,1/11/2015,1:55,01 - Clear,02 - Wet,01 - Traffic signal,02 - Intersection related,07 - Dark,03 - P.D. only,03 - Rear end,Iris
6517,TRIM RD btwn TAYLOR CREEK DR & ST. JOSEPH BLVD,384663.5664,5039323.905,-75.47826985,45.48926862,1/14/2015,7:25,01 - Clear,01 - Dry,10 - No control,01 - Non intersection,03 - Dawn,03 - P.D. only,03 - Rear end,Industrial Park
6518,CLERMONT CRES E @ AQUAVIEW DR,385513.8211,5035962.827,-75.46794609,45.45893115,1/14/2015,9:19,01 - Clear,03 - Loose snow,02 - Stop sign,02 - Intersection related,01 - Daylight,03 - P.D. only,04 - Sideswipe,Avalon
6519,RIVERSIDE DR NB btwn RIVERSIDE DR SPLIT & DATA CENTRE RD,368697.9372,5027483.626,-75.68403869,45.38437863,2/21/2015,16:26,03 - Snow,03 - Loose snow,10 - No control,04 - At/near private drive,01 - Daylight,03 - P.D. only,03 - Rear end,Alta Vista
6520,IVANHOE AVE btwn CARLING AVE & ELMHURST ST,360477.0138,5024770.675,-75.789315,45.36066933,2/21/2015,18:08,03 - Snow,03 - Loose snow,10 - No control,04 - At/near private drive,05 - Dusk,03 - P.D. only,06 - SMV unattended vehicle,Whitehaven - Queensway Terrace North
6521,EARL ARMSTRONG RD @ RIVER RD,367572.7185,5014684.879,-75.70002873,45.26931944,2/13/2015,7:30,01 - Clear,01 - Dry,01 - Traffic signal,02 - Intersection related,01 - Daylight,03 - P.D. only,03 - Rear end,Gloucester
6522,MEADOWLANDS DR/TALLWOOD DR @ WOODROFFE AVE,363058.6173,5022730.012,-75.75660548,45.34209785,2/19/2015,11:56,01 - Clear,03 - Loose snow,01 - Traffic signal,02 - Intersection related,01 - Daylight,03 - P.D. only,03 - Rear end,Crestview - Meadowlands
6523,LAURIER AVE @ NICHOLAS ST,368372.6731,5031798.752,-75.68763551,45.42323436,2/14/2015,7:00,03 - Snow,03 - Loose snow,01 - Traffic signal,02 - Intersection related,03 - Dawn,03 - P.D. only,03 - Rear end,Sandy Hill
6524,CAMPEAU DR/HWY 417 MARCH IC138R63 @ MARCH RD,352843.5526,5020474.057,-75.88716294,45.32257233,2/26/2015,18:35,01 - Clear,01 - Dry,01 - Traffic signal,03 - At intersection,07 - Dark,03 - P.D. only,05 - Turning movement,Greenbelt
6525,HUNTMAR DR btwn CAMPEAU DR & RICHARDSON SIDE RD,348638.2837,5018512.054,-75.9409757,45.30519285,2/4/2015,12:53,03 - Snow,04 - Slush,10 - No control,01 - Non intersection,01 - Daylight,03 - P.D. only,04 - Sideswipe,Stittsville - Basswood
6526,ST. LAURENT BLVD btwn COVENTRY RD & LEMIEUX ST,372353.2541,5031837.252,-75.63676994,45.4232077,2/23/2015,20:25,01 - Clear,01 - Dry,10 - No control,01 - Non intersection,07 - Dark,03 - P.D. only,03 - Rear end,Overbrook
6527,FALLOWFIELD RD btwn EAGLESON RD & RICHMOND RD,357610.7922,5013463.392,-75.82710309,45.2591469,1/6/2015,17:03,01 - Clear,01 - Dry,10 - No control,01 - Non intersection,05 - Dusk,03 - P.D. only,99 - Other,Munster Hamlet - Richmond
6528,BLAIR RD @ REGIONAL RD 174 N/OR174 IC112 RAMP61,374633.7674,5032991.093,-75.60746826,45.43336539,1/6/2015,15:40,01 - Clear,06 - Ice,01 - Traffic signal,02 - Intersection related,01 - Daylight,03 - P.D. only,03 - Rear end,Industrial Park
6529,RIDEAU RD btwn BANK ST & DONCASTER RD,377834.7122,5018359.58,-75.56872583,45.30139208,1/9/2015,15:15,01 - Clear,01 - Dry,10 - No control,01 - Non intersection,01 - Daylight,03 - P.D. only,99 - Other,Greenbelt
6530,CARLING AVE @ ISLAND PARK DR,365348.265,5027998.547,-75.72674601,45.38930933,1/8/2015,7:42,03 - Snow,03 - Loose snow,01 - Traffic signal,02 - Intersection related,03 - Dawn,03 - P.D. only,03 - Rear end,Civic Hospital - Experimental Farm - Central Park
6531,MARIER AVE @ MONTREAL RD,370421.636,5033261.109,-75.66126071,45.43620283,1/8/2015,8:32,01 - Clear,04 - Slush,01 - Traffic signal,02 - Intersection related,01 - Daylight,03 - P.D. only,03 - Rear end,Vanier South
6532,WELLINGTON ST @ LETT ST,366355.4444,5031110.069,-75.71349626,45.4172182,1/14/2015,15:28,01 - Clear,01 - Dry,01 - Traffic signal,02 - Intersection related,01 - Daylight,03 - P.D. only,03 - Rear end,LeBreton Flats
6533,TRIM RD btwn TAYLOR CREEK DR & ST. JOSEPH BLVD,384608.9025,5039432.648,-75.47895139,45.49025323,1/14/2015,8:20,01 - Clear,06 - Ice,10 - No control,01 - Non intersection,01 - Daylight,03 - P.D. only,03 - Rear end,Industrial Park
6534,ASSALY RD @ REGINA ST,360662.615,5025599.365,-75.78685241,45.36811108,1/15/2015,11:51,01 - Clear,05 - Packed snow,02 - Stop sign,02 - Intersection related,01 - Daylight,03 - P.D. only,02 - Angle,Woodroffe - Lincoln Heights
6535,PRESTON ST btwn PAMILLA ST & ADELINE ST,366760.3908,5029093.877,-75.70857608,45.39904133,1/15/2015,12:03,05 - Drifting Snow,02 - Wet,10 - No control,01 - Non intersection,01 - Daylight,03 - P.D. only,99 - Other,Little Italy
6536,BANK ST @ LEITRIM RD,375357.7542,5021619.015,-75.59984159,45.33097236,2/21/2015,14:19,03 - Snow,03 - Loose snow,01 - Traffic signal,02 - Intersection related,01 - Daylight,03 - P.D. only,03 - Rear end,Greenbelt
6537,ROYDON PL btwn WOODFIELD DR & WEST HUNT CLUB RD,365915.0078,5022265.832,-75.72021787,45.3376782,2/23/2015,9:59,01 - Clear,02 - Wet,10 - No control,04 - At/near private drive,01 - Daylight,03 - P.D. only,02 - Angle,Industrial Park
6538,HUNT CLUB RD btwn UPLANDS DR & MCCARTHY RD,370387.2525,5023309.425,-75.6630229,45.34666435,1/11/2015,16:15,01 - Clear,01 - Dry,10 - No control,01 - Non intersection,05 - Dusk,03 - P.D. only,07 - SMV other,Hunt Club East - Western Community
6539,INNES RD @ TAUVETTE ST/GLEN PARK DR W,377348.6651,5032464.118,-75.57285181,45.42834762,1/11/2015,18:00,01 - Clear,02 - Wet,02 - Stop sign,03 - At intersection,07 - Dark,03 - P.D. only,03 - Rear end,Greenbelt
6540,WOODROFFE AVE btwn 260 N OF FALLOWFIELD RD/TRANSITWAY & FALLOWFIELD RD,365009.9693,5018088.732,-75.7322722,45.30017127,1/14/2015,8:20,01 - Clear,06 - Ice,10 - No control,01 - Non intersection,01 - Daylight,03 - P.D. only,03 - Rear end,Greenbelt
6541,GALETTA SIDE RD btwn MORNING DEW DR & LOGGERS WAY,324982.2667,5032541.941,-76.24205837,45.43251959,1/14/2015,17:16,01 - Clear,01 - Dry,10 - No control,01 - Non intersection,05 - Dusk,03 - P.D. only,07 - SMV other,Galetta
6542,LONE MEADOW TR btwn TRAILWAY CIRC & HOLLY RDG (2),350932.8683,5014220.803,-75.91211573,45.26643193,2/22/2015,11:43,03 - Snow,05 - Packed snow,10 - No control,04 - At/near private drive,01 - Daylight,03 - P.D. only,06 - SMV unattended vehicle,Stittsville
6543,PARKDALE AVE @ HWY 417 PARKDAL IC122R15/HWY 41,365335.7343,5028844.109,-75.72680227,45.3969186,2/23/2015,10:30,01 - Clear,02 - Wet,01 - Traffic signal,02 - Intersection related,01 - Daylight,03 - P.D. only,03 - Rear end,Civic Hospital - Experimental Farm - Central Park
6544,BRONSON AVE @ CATHERINE ST/RAYMOND ST,367252.7085,5029795.121,-75.70219948,45.40530718,2/19/2015,11:25,01 - Clear,01 - Dry,01 - Traffic signal,02 - Intersection related,01 - Daylight,03 - P.D. only,03 - Rear end,Centretown West
6545,HIGHWAY 417 btwn HWY417 IC118 RAMP67 & HWY417 IC117 RAMP36,370249.7315,5031121.323,-75.66374201,45.41696602,9/29/2015,8:55,01 - Clear,02 - Wet,10 - No control,01 - Non intersection,01 - Daylight,03 - P.D. only,03 - Rear end,Sand
6546,BAYSHORE DR btwn WOODRIDGE CRES S & BAYSHORE CS,359219.2112,5023531.193,-75.80550536,45.34961524,2/16/2015,13:17,01 - Clear,02 - Wet,10 - No control,01 - Non intersection,01 - Daylight,03 - P.D. only,04 - Sideswipe,Bayshore
6547,INDUSTRIAL AVE @ RIVERSIDE DR,370685.6825,5030591.108,-75.6582433,45.41215445,2/17/2015,8:18,01 - Clear,01 - Dry,01 - Traffic signal,02 - Intersection related,01 - Daylight,03 - P.D. only,03 - Rear end,Industrial Park
6548,BASELINE RD @ WOODROFFE AVE,362548.7263,5023769.059,-75.76298995,45.35148928,2/27/2015,7:49,01 - Clear,01 - Dry,01 - Traffic signal,02 - Intersection related,01 - Daylight,03 - P.D. only,03 - Rear end,Iris
6549,L'ALLEMAND ST @ MONTREAL RD,370570.7445,5033348.107,-75.65934347,45.43697159,2/26/2015,17:00,01 - Clear,01 - Dry,02 - Stop sign,03 - At intersection,01 - Daylight,03 - P.D. only,02 - Angle,Vanier North
6550,DOVER CRES @ MERIVALE RD,364848.9002,5026996.114,-75.7332447,45.38033263,2/18/2015,12:29,01 - Clear,01 - Dry,02 - Stop sign,02 - Intersection related,01 - Daylight,03 - P.D. only,03 - Rear end,Carlington
6551,MARCH RD btwn HERZBERG RD & CORKSTOWN RD,352448.6588,5021376.173,-75.89211305,45.33071666,2/26/2015,8:25,01 - Clear,01 - Dry,10 - No control,01 - Non intersection,01 - Daylight,03 - P.D. only,03 - Rear end,Greenbelt
6552,CLEMOW AVE @ BRONSON AVE,367420.7102,5029398.04,-75.70010398,45.40171935,1/11/2015,17:45,01 - Clear,01 - Dry,02 - Stop sign,02 - Intersection related,07 - Dark,03 - P.D. only,04 - Sideswipe,The Glebe
6553,MCBEAN ST btwn BURKE ST & OTTAWA ST,357465.1034,5005451.823,-75.82980685,45.18706767,1/13/2015,14:15,01 - Clear,01 - Dry,10 - No control,01 - Non intersection,01 - Daylight,03 - P.D. only,06 - SMV unattended vehicle,Richmond