Record,Location,X,Y,lon,lat,Date,Time,Environment,Road_Surface,Traffic_Control,Collision_Location,Light,Collision_Classification,Impact_type,Neighborhood
6864,RIDGEWOOD AVE @ RIVERSIDE DR,368282.6324,5025610.014,-75.68958235,45.36755814,1/28/2015,19:05,01 - Clear,02 - Wet,01 - Traffic signal,02 - Intersection related,07 - Dark,03 - P.D. only,04 - Sideswipe,Riverside Park
6865,CAMPEAU DR @ CONACHER GT,351580.1457,5019754.418,-75.90334586,45.31618218,2/26/2015,18:25,01 - Clear,01 - Dry,02 - Stop sign,03 - At intersection,07 - Dark,03 - P.D. only,02 - Angle,Kanata
6866,MOODIE DR @ WEST HUNT CLUB RD,357906.6878,5018497.01,-75.8227945,45.30441788,2/26/2015,18:34,01 - Clear,01 - Dry,01 - Traffic signal,03 - At intersection,07 - Dark,03 - P.D. only,05 - Turning movement,Greenbelt
6867,DES EPINETTES AVE @ JEANNE D'ARC BLVD,382226.7481,5035956.162,-75.50997112,45.45924318,2/14/2015,13:41,03 - Snow,03 - Loose snow,01 - Traffic signal,02 - Intersection related,01 - Daylight,03 - P.D. only,02 - Angle,Orleans Village - Chateauneuf
6868,HIGHWAY 417 btwn Continuation of HIGHWAY 417 & HWY417 IC134 RAMP51,355622.077,5021773.284,-75.8515893,45.33406728,9/29/2015,17:54,02 - Rain,02 - Wet,10 - No control,01 - Non intersection,01 - Daylight,03 - P.D. only,04 - Sideswipe,Greenbelt
6869,HILLIARD AVE @ SUNNYCREST DR,366124.0926,5025888.104,-75.71710106,45.37025252,1/6/2015,8:54,01 - Clear,06 - Ice,10 - No control,03 - At intersection,01 - Daylight,03 - P.D. only,02 - Angle,Cityview - Skyline - Fisher Heights
6870,SECOND AVE btwn BANK ST & O'CONNOR ST,368573.8467,5029791.433,-75.68532481,45.40515488,1/7/2015,9:48,01 - Clear,03 - Loose snow,10 - No control,01 - Non intersection,01 - Daylight,03 - P.D. only,04 - Sideswipe,The Glebe
6871,BRONSON AVE btwn UNIVERSITY RD & BREWER WAY,367943.9149,5028051.547,-75.69359375,45.389557,1/7/2015,17:26,01 - Clear,01 - Dry,10 - No control,01 - Non intersection,05 - Dusk,03 - P.D. only,07 - SMV other,Carleto
6872,MAITLAND AVE btwn AMESBROOKE DR & HENRY FARM DR,363791.1852,5025172.478,-75.74696712,45.36401367,1/14/2015,15:00,01 - Clear,06 - Ice,10 - No control,01 - Non intersection,01 - Daylight,03 - P.D. only,03 - Rear end,Braemar Park - Bel Air Heights - Copeland Park
6873,TRIM RD btwn RAMP & SOUTH FRONTAGE,384447.275,5039778.774,-75.48096271,45.4933858,1/14/2015,15:26,01 - Clear,06 - Ice,10 - No control,01 - Non intersection,01 - Daylight,03 - P.D. only,03 - Rear end,Industrial Park
6874,ST. JOSEPH BLVD @ TENTH LINE RD,382891.7677,5038665.971,-75.50103839,45.48354962,1/14/2015,17:27,01 - Clear,06 - Ice,01 - Traffic signal,02 - Intersection related,05 - Dusk,03 - P.D. only,03 - Rear end,Industrial Park
6875,CLARE ST @ TWEEDSMUIR AVE,363776.7278,5027849.067,-75.746832,45.38809844,2/20/2015,10:56,01 - Clear,03 - Loose snow,02 - Stop sign,02 - Intersection related,01 - Daylight,03 - P.D. only,99 - Other,Westboro
6876,HIGHWAY 417 btwn HWY417 IC118 RAMP67 & HWY417 IC117 RAMP36,370202.8001,5031115.547,-75.66434236,45.41691844,9/29/2015,8:55,01 - Clear,01 - Dry,10 - No control,01 - Non intersection,01 - Daylight,03 - P.D. only,03 - Rear end,Sandy Hill
6877,REGIONAL ROAD 174 EB btwn HWY417 IC113 RAMP65 & OR174 BLAIR IC112 RAMP51,374760.7108,5032794.47,-75.60587396,45.4315836,1/8/2015,17:30,03 - Snow,03 - Loose snow,10 - No control,01 - Non intersection,05 - Dusk,03 - P.D. only,03 - Rear end,Pineview
6878,SPRINGHURST AVE btwn MAIN ST & ROSEMERE AVE,369179.0563,5030428.628,-75.67751119,45.41083273,1/10/2015,10:25,01 - Clear,05 - Packed snow,10 - No control,04 - At/near private drive,01 - Daylight,03 - P.D. only,02 - Angle,Old Ottawa East
6879,RENAUD RD @ NAVAN RD,381813.0618,5032767.945,-75.51575899,45.4306039,3/4/2015,7:29,01 - Clear,04 - Slush,01 - Traffic signal,02 - Intersection related,01 - Daylight,03 - P.D. only,03 - Rear end,Chapel Hill South
6880,INNES RD @ TENTH LINE RD,383951.7603,5036160.043,-75.4878846,45.46088422,3/7/2015,9:30,01 - Clear,01 - Dry,01 - Traffic signal,02 - Intersection related,01 - Daylight,03 - P.D. only,03 - Rear end,Queenswood Heights
6881,KENT ST @ QUEEN ST,367177.7667,5031387.062,-75.70295526,45.41963767,3/27/2015,12:43,01 - Clear,02 - Wet,01 - Traffic signal,02 - Intersection related,01 - Daylight,03 - P.D. only,04 - Sideswipe,Downtown
6882,GARDENWAY DR @ NORTHLANDS DR,384939.1019,5036990.892,-75.475126,45.46824686,3/27/2015,8:25,01 - Clear,01 - Dry,02 - Stop sign,02 - Intersection related,01 - Daylight,03 - P.D. only,03 - Rear end,Fallingbrook
6883,TRAINYARDS DR @ RAILMARKET,371754.7642,5030716.603,-75.64456917,45.41318213,7/31/2015,13:44,01 - Clear,01 - Dry,01 - Traffic signal,03 - At intersection,01 - Daylight,03 - P.D. only,02 - Angle,Industrial Park
6884,BRONSON AVE btwn RENFREW AVE & POWELL AVE,367363.9188,5029531.743,-75.70081239,45.40292745,7/31/2015,11:30,01 - Clear,01 - Dry,10 - No control,01 - Non intersection,01 - Daylight,03 - P.D. only,04 - Sideswipe,The Glebe
6885,MONTREAL RD btwn RIDEAU ST & NORTH RIVER RD,369714.1837,5032894.237,-75.67035039,45.4329679,5/5/2015,18:03,01 - Clear,01 - Dry,10 - No control,01 - Non intersection,01 - Daylight,03 - P.D. only,04 - Sideswipe,Vanier
6886,CARLING AVE @ KIRKWOOD AVE S,364353.1419,5027337.909,-75.73953317,45.38345036,5/5/2015,17:27,01 - Clear,01 - Dry,01 - Traffic signal,03 - At intersection,01 - Daylight,03 - P.D. only,05 - Turning movement,Carlington
6887,RIVERSIDE DR SB btwn BILLINGS BRIDGE SC RAMP SB & BANK ST,369210.5808,5027973.726,-75.67742907,45.38874145,8/14/2015,12:57,01 - Clear,02 - Wet,10 - No control,01 - Non intersection,01 - Daylight,03 - P.D. only,03 - Rear end,Alta Vista
6888,HUNT CLUB RD @ RIVERSIDE DR,368036.703,5021944.417,-75.69319034,45.33459815,8/16/2015,2:05,01 - Clear,01 - Dry,01 - Traffic signal,02 - Intersection related,07 - Dark,03 - P.D. only,05 - Turning movement,Hunt Club Woods - Quintarra - Revelstoke - Riverside South P
6889,GEORGE ST btwn WILLIAM ST & DALHOUSIE ST,368071.2111,5032256.851,-75.69142851,45.42738351,8/15/2015,23:43,01 - Clear,01 - Dry,10 - No control,04 - At/near private drive,07 - Dark,03 - P.D. only,05 - Turning movement,Byward Market
6890,CYCLONE TAYLOR BLVD @ PALLADIUM DR,350163.6019,5017572.096,-75.92161187,45.29663798,8/20/2015,0:07,01 - Clear,01 - Dry,01 - Traffic signal,03 - At intersection,07 - Dark,03 - P.D. only,03 - Rear end,Kanata Lakes - Marchwood Lakeside - Morgan's Grant - Kanata
6891,JOHNWOODS ST @ MAPLE GROVE RD,349581.3067,5016088.362,-75.92916974,45.28332422,8/19/2015,22:50,01 - Clear,01 - Dry,02 - Stop sign,02 - Intersection related,07 - Dark,03 - P.D. only,07 - SMV other,Stittsville
6892,RIVERSIDE DR @ TREMBLAY RD/HWY417 IC117 RAMP52,370802.7988,5031014.827,-75.65669044,45.41595586,7/24/2015,9:55,01 - Clear,01 - Dry,01 - Traffic signal,02 - Intersection related,01 - Daylight,03 - P.D. only,03 - Rear end,Industrial Park
6893,CYRVILLE RD btwn LABRIE AVE & STAR TOP RD,373668.6073,5031575.94,-75.62000019,45.42072829,7/23/2015,19:26,01 - Clear,01 - Dry,10 - No control,04 - At/near private drive,01 - Daylight,03 - P.D. only,03 - Rear end,Industrial Park
6894,SHEFFIELD RD btwn TO BE DETERMINED & WALKLEY RD,375164.3205,5028954.01,-75.60126461,45.39698872,8/27/2015,17:43,01 - Clear,01 - Dry,10 - No control,04 - At/near private drive,01 - Daylight,03 - P.D. only,02 - Angle,Industrial Park
6895,MERIVALE RD @ FAMILY BROWN LANE,365004.4442,5023385.67,-75.73169864,45.34783308,8/26/2015,18:25,01 - Clear,01 - Dry,01 - Traffic signal,02 - Intersection related,01 - Daylight,03 - P.D. only,03 - Rear end,Borden Farm - Stewart Farm - Parkwood Hills - Fisher Glen
6896,ST. LAURENT BLVD btwn COVENTRY RD & LEMIEUX ST,372314.5136,5031928.157,-75.63725247,45.42402936,8/15/2015,10:23,01 - Clear,01 - Dry,10 - No control,01 - Non intersection,01 - Daylight,03 - P.D. only,04 - Sideswipe,Overbrook
6897,BRONSON AVE @ SUNNYSIDE AVE/UNIVERSITY RD - CA,367921.7462,5028091.065,-75.69387178,45.38991457,1/30/2015,11:34,03 - Snow,04 - Slush,01 - Traffic signal,03 - At intersection,01 - Daylight,03 - P.D. only,02 - Angle,Carleto
6898,RICHMOND RD @ STINSON AVE,357874.6243,5020927.998,-75.8229429,45.32629457,1/30/2015,17:00,01 - Clear,01 - Dry,01 - Traffic signal,02 - Intersection related,05 - Dusk,03 - P.D. only,03 - Rear end,Bells Corners East
6899,BRONSON AVE btwn UNIVERSITY RD & BREWER WAY,367971.8667,5028004.318,-75.69324286,45.38912953,1/14/2015,17:42,01 - Clear,02 - Wet,10 - No control,01 - Non intersection,07 - Dark,03 - P.D. only,03 - Rear end,Carleto
6900,BLAIR RD @ REGIONAL RD 174 N/OR174 IC112 RAMP61,374634.2048,5032992.904,-75.60746242,45.43338164,3/18/2015,8:35,01 - Clear,01 - Dry,01 - Traffic signal,02 - Intersection related,01 - Daylight,03 - P.D. only,03 - Rear end,Industrial Park
6901,CYCLONE TAYLOR BLVD @ PALLADIUM DR,350164.6422,5017572.716,-75.92159855,45.29664349,3/19/2015,11:20,01 - Clear,06 - Ice,01 - Traffic signal,02 - Intersection related,01 - Daylight,03 - P.D. only,04 - Sideswipe,Kanata Lakes - Marchwood Lakeside - Morgan's Grant - Kanata
6902,WOODROFFE AVE btwn KNOXDALE RD/MEDHURST DR & NORICE ST,363291.0558,5022150.672,-75.75370824,45.33686565,3/25/2015,9:53,01 - Clear,01 - Dry,10 - No control,01 - Non intersection,01 - Daylight,03 - P.D. only,03 - Rear end,Woodvale - Craig Henry - Manordale - Estates of Arlington Wo
6903,GREENBANK RD @ CANFIELD RD/CRAIG HENRY DR,361105.7159,5021362.083,-75.78167862,45.32994871,3/25/2015,10:54,01 - Clear,01 - Dry,01 - Traffic signal,02 - Intersection related,01 - Daylight,03 - P.D. only,04 - Sideswipe,Sheahan Estates - Trend Village - Arlington Woods
6904,LEONARD AVE btwn AYLMER AVE & WOODBINE PL,368301.596,5028448.832,-75.68897516,45.39309932,2/2/2015,8:30,03 - Snow,03 - Loose snow,10 - No control,04 - At/near private drive,01 - Daylight,03 - P.D. only,06 - SMV unattended vehicle,Old Ottawa South
6905,ALBERT ST btwn KENT ST & BANK ST,367330.2976,5031385.289,-75.70100669,45.4196081,3/16/2015,13:45,01 - Clear,01 - Dry,10 - No control,01 - Non intersection,01 - Daylight,03 - P.D. only,06 - SMV unattended vehicle,Downtown
6906,ALTA VISTA DR @ CUNNINGHAM AVE,370343.8349,5028018.238,-75.6629522,45.38903682,3/21/2015,8:19,03 - Snow,03 - Loose snow,02 - Stop sign,02 - Intersection related,01 - Daylight,03 - P.D. only,07 - SMV other,Alta Vista
6907,CEDARVIEW RD @ HWY 416 WESTHUNT IC72R24,359608.9274,5019743.866,-75.80095159,45.31550641,3/28/2015,1:08,01 - Clear,01 - Dry,02 - Stop sign,03 - At intersection,07 - Dark,03 - P.D. only,99 - Other,Greenbelt
6908,SHADY GROVE ST btwn WOODROFFE AVE & STONELEIGH ST,366403.2467,5014786.925,-75.71491832,45.27034106,4/10/2015,0:00,01 - Clear,01 - Dry,10 - No control,01 - Non intersection,00 - Unknown,03 - P.D. only,06 - SMV unattended vehicle,Chapman Mills - Rideau Crest - Davidson Heights
6909,ALTA VISTA DR @ SMYTH RD,370432.7159,5029079.756,-75.66167603,45.39857965,7/31/2015,10:08,01 - Clear,01 - Dry,01 - Traffic signal,03 - At intersection,01 - Daylight,03 - P.D. only,05 - Turning movement,Alta Vista
6910,LYON ST @ WELLINGTON ST,366935.271,5031426.526,-75.70604853,45.42001433,7/29/2015,13:40,01 - Clear,01 - Dry,01 - Traffic signal,03 - At intersection,01 - Daylight,03 - P.D. only,05 - Turning movement,Downtown
6911,CARLING AVE @ CARLING RMP 56,360875.5258,5025163.255,-75.78418408,45.36416999,5/4/2015,18:55,01 - Clear,01 - Dry,10 - No control,02 - Intersection related,01 - Daylight,03 - P.D. only,03 - Rear end,Whitehaven - Queensway Terrace North
6912,MERIVALE RD btwn CLYDE AVE & GILBEY DR,364551.9686,5024525.184,-75.7373347,45.35812497,8/15/2015,20:12,01 - Clear,01 - Dry,10 - No control,01 - Non intersection,05 - Dusk,03 - P.D. only,04 - Sideswipe,Cityview - Skyline - Fisher Heights
6913,CARLING AVE EB btwn HARE AVE & MELWOOD AVE,362457.1055,5026163.072,-75.76387984,45.37303793,8/15/2015,7:39,01 - Clear,01 - Dry,10 - No control,01 - Non intersection,01 - Daylight,03 - P.D. only,07 - SMV other,Carlingwood West - Glabar Park - McKellar Heights
6914,BRONSON AVE @ POWELL AVE,367387.1582,5029477.574,-75.70052243,45.40243797,8/19/2015,21:39,01 - Clear,01 - Dry,01 - Traffic signal,02 - Intersection related,07 - Dark,03 - P.D. only,03 - Rear end,The Glebe
6915,HWY 417 VANIER IC117R63 @ VANIER PKWY,370799.6889,5031397.983,-75.65667885,45.41940364,7/21/2015,12:25,01 - Clear,01 - Dry,01 - Traffic signal,02 - Intersection related,01 - Daylight,03 - P.D. only,03 - Rear end,Overbrook
6916,ST. CHARLES ST btwn LAVAL ST & GENEST ST,369550.7876,5033652.842,-75.6723387,45.43980867,8/25/2015,12:30,01 - Clear,01 - Dry,10 - No control,01 - Non intersection,01 - Daylight,03 - P.D. only,06 - SMV unattended vehicle,Vanier North
6917,FALLOWFIELD RD @ MERIVALE RD,366890.9919,5018844.109,-75.70819523,45.30680434,8/25/2015,8:00,01 - Clear,01 - Dry,01 - Traffic signal,02 - Intersection related,01 - Daylight,03 - P.D. only,03 - Rear end,Greenbelt
6918,INNES RD @ JEANNE D'ARC BLVD/MER BLEUE RD,382638.4743,5035569.356,-75.50476855,45.45571728,8/14/2015,17:15,01 - Clear,01 - Dry,01 - Traffic signal,03 - At intersection,01 - Daylight,03 - P.D. only,03 - Rear end,Queenswood Heights
6919,KANATA AVE btwn EARL GREY DR & MARITIME WAY,350966.212,5019287.066,-75.91121937,45.31201746,1/31/2015,14:20,01 - Clear,06 - Ice,10 - No control,01 - Non intersection,01 - Daylight,03 - P.D. only,03 - Rear end,Kanata
6920,INNES RD @ ORLEANS BLVD,380460.7951,5034295.921,-75.53280385,45.44449908,1/31/2015,14:30,01 - Clear,01 - Dry,01 - Traffic signal,02 - Intersection related,01 - Daylight,03 - P.D. only,03 - Rear end,Orleans Village - Chateauneuf
6921,INDUSTRIAL AVE btwn RUSSELL RD & ST. LAURENT BLVD,372789.1521,5029978.725,-75.63145685,45.40644331,1/21/2015,16:02,01 - Clear,01 - Dry,10 - No control,01 - Non intersection,01 - Daylight,03 - P.D. only,03 - Rear end,Industrial Park
6922,SLADEN AVE btwn MALARTIC AVE & NORANDA AVE,371801.9677,5033709.836,-75.64355896,45.44010936,1/23/2015,17:21,01 - Clear,01 - Dry,10 - No control,04 - At/near private drive,05 - Dusk,03 - P.D. only,02 - Angle,Cummings
6923,WALKLEY RD btwn HEATHERINGTON RD & 152 E OF HEATHERINGTON RD,371794.8647,5026811.002,-75.64458727,45.37803728,3/20/2015,11:50,01 - Clear,01 - Dry,10 - No control,04 - At/near private drive,01 - Daylight,03 - P.D. only,02 - Angle,Ledbury - Heron Gate - Ridgemont - Elmwood
6924,DUNROBIN RD btwn HARWOOD LANE & KERWIN RD,346177.8326,5027283.941,-75.97161611,45.38427416,3/20/2015,14:00,01 - Clear,01 - Dry,10 - No control,01 - Non intersection,01 - Daylight,03 - P.D. only,07 - SMV other,Carp - Hardwood Plains
6925,BRONSON AVE btwn UNIVERSITY RD & BREWER WAY,368076.276,5027827.641,-75.69193225,45.38753042,1/13/2015,9:45,01 - Clear,01 - Dry,10 - No control,01 - Non intersection,01 - Daylight,03 - P.D. only,04 - Sideswipe,Carleto
6926,MAITLAND AVE @ TERREBONNE DR,364011.6459,5025135.998,-75.74415752,45.36366684,1/13/2015,16:15,01 - Clear,05 - Packed snow,02 - Stop sign,02 - Intersection related,01 - Daylight,03 - P.D. only,03 - Rear end,Civic Hospital - Experimental Farm - Central Park
6927,CARLING AVE @ KIRKWOOD AVE S,364352.6644,5027337.067,-75.73953937,45.38344282,2/23/2015,10:50,01 - Clear,02 - Wet,01 - Traffic signal,02 - Intersection related,01 - Daylight,03 - P.D. only,03 - Rear end,Carlington
6928,HIGHWAY 417 btwn HWY417 IC117 RAMP26 & HWY417 IC117 RAMP61,370917.6016,5031258.507,-75.65519108,45.41813756,10/2/2015,8:50,01 - Clear,01 - Dry,10 - No control,01 - Non intersection,01 - Daylight,03 - P.D. only,03 - Rear end,Industrial Park
6929,FALLOWFIELD RD @ MOODIE DR,359501.6559,5014636.895,-75.80288288,45.26956176,2/2/2015,12:22,05 - Drifting Snow,05 - Packed snow,01 - Traffic signal,02 - Intersection related,01 - Daylight,03 - P.D. only,03 - Rear end,Munster Hamlet - Richmond
6930,HWY 417 VANIER IC117R36 @ VANIER PKWY,370765.6661,5031471.314,-75.65710372,45.42006665,2/2/2015,12:36,03 - Snow,05 - Packed snow,10 - No control,02 - Intersection related,01 - Daylight,03 - P.D. only,03 - Rear end,Overbrook
6931,HUNT CLUB RD @ RIVERSIDE DR,368036.703,5021945.017,-75.69319026,45.33460355,3/22/2015,14:35,01 - Clear,01 - Dry,01 - Traffic signal,02 - Intersection related,01 - Daylight,03 - P.D. only,03 - Rear end,Hunt Club Woods - Quintarra - Revelstoke - Riverside South P
6932,BRONSON PL @ COLONEL BY DR,367807.7473,5028522.035,-75.69527249,45.39380259,3/23/2015,16:18,01 - Clear,01 - Dry,02 - Stop sign,02 - Intersection related,01 - Daylight,03 - P.D. only,03 - Rear end,Old Ottawa South
6933,CARSON'S RD btwn CHARLESWOOD AVE & DEN HAAG DR,373008.5109,5033847.538,-75.62811923,45.44123166,3/2/2015,22:10,01 - Clear,02 - Wet,10 - No control,01 - Non intersection,07 - Dark,03 - P.D. only,06 - SMV unattended vehicle,Carson Grove - Carson Meadows
6934,DESJARDINS AVE btwn COBOURG ST & CHARLOTTE ST,368953.5945,5033164.758,-75.680035,45.43547213,2/27/2015,17:04,01 - Clear,03 - Loose snow,10 - No control,01 - Non intersection,01 - Daylight,03 - P.D. only,06 - SMV unattended vehicle,Lower Town
6935,EAGLE LANE btwn BEAVER RDG & MEADOWLANDS DR E,365265.2778,5024442.457,-75.72824107,45.35731946,1/27/2015,13:19,01 - Clear,06 - Ice,10 - No control,01 - Non intersection,01 - Daylight,03 - P.D. only,06 - SMV unattended vehicle,Cityview - Skyline - Fisher Heights
6936,INNES RD @ TENTH LINE RD,383951.7603,5036159.2,-75.48788473,45.46087664,7/28/2015,17:59,01 - Clear,01 - Dry,01 - Traffic signal,02 - Intersection related,01 - Daylight,03 - P.D. only,03 - Rear end,Queenswood Heights
6937,WOODROFFE AVE btwn WOODROFFE AVE & NAVAHO DR,362700.805,5023499.425,-75.7610808,45.3490506,7/9/2015,19:15,01 - Clear,01 - Dry,10 - No control,01 - Non intersection,01 - Daylight,03 - P.D. only,03 - Rear end,Crestview - Meadowlands
6938,BISHOPS MILLS WAY btwn CAMBRAY LANE & KETTLEBY ST,352409.2467,5019968.369,-75.89275118,45.31805163,7/24/2015,0:00,01 - Clear,01 - Dry,10 - No control,01 - Non intersection,00 - Unknown,03 - P.D. only,06 - SMV unattended vehicle,Kanata
6939,COYOTE CRES btwn WEST RIDGE DR & BLACK BEAR WAY (1),350277.5139,5012104.45,-75.92066035,45.24743091,8/19/2015,0:00,01 - Clear,01 - Dry,10 - No control,01 - Non intersection,00 - Unknown,03 - P.D. only,06 - SMV unattended vehicle,Stittsville
6940,CUMBERLAND ST @ RIDEAU ST,368375.2317,5032329.614,-75.6875343,45.42801064,8/14/2015,18:12,01 - Clear,01 - Dry,01 - Traffic signal,03 - At intersection,01 - Daylight,03 - P.D. only,05 - Turning movement,Byward Market - Parliament Hill
6941,RICHMOND RD @ LYNHAR RD/STAFFORD RD,358137.6643,5021085.395,-75.81957066,45.3276909,8/14/2015,12:25,02 - Rain,02 - Wet,01 - Traffic signal,02 - Intersection related,01 - Daylight,03 - P.D. only,03 - Rear end,Bells Corners East
6942,BOOTH ST @ OTTAWA RIVER PKWY/WELLINGTON ST,366264.3243,5031006.743,-75.71467329,45.41629651,7/20/2015,16:15,01 - Clear,01 - Dry,01 - Traffic signal,03 - At intersection,01 - Daylight,03 - P.D. only,03 - Rear end,LeBreton Flats
6943,HWY417 HUNT CLUB IC108 RAMP63 btwn HIGHWAY 417 WB & HWY417 HUNT CLUB IC108 RAMP52,376588.9651,5027751.497,-75.58324546,45.38602455,2/21/2015,14:09,03 - Snow,03 - Loose snow,10 - No control,01 - Non intersection,01 - Daylight,03 - P.D. only,07 - SMV other,Greenbelt
6944,REGIONAL ROAD 174 btwn QUIGLEY HILL RD & REGIONAL ROAD 174 DIVIDED,386711.7382,5042173.232,-75.45159529,45.51466643,1/31/2015,3:09,01 - Clear,01 - Dry,10 - No control,01 - Non intersection,07 - Dark,03 - P.D. only,07 - SMV other,Cumberland - Estates
6945,BILBERRY DR btwn DU BOIS AVE S & JEANNE D'ARC BLVD N,380891.6798,5038008.256,-75.52672195,45.47785292,1/31/2015,14:05,01 - Clear,01 - Dry,10 - No control,04 - At/near private drive,01 - Daylight,03 - P.D. only,06 - SMV unattended vehicle,Orleans South West
6946,PLACE D'ORLEANS DR @ PLACE D'ORLEANS SC N,381412.0935,5037941.497,-75.5200768,45.47719538,1/31/2015,16:02,01 - Clear,01 - Dry,01 - Traffic signal,03 - At intersection,01 - Daylight,03 - P.D. only,02 - Angle,Industrial Park
6947,INDUSTRIAL AVE btwn TRAINYARDS DR & RUSSELL RD,371790.0515,5030523.575,-75.64414461,45.41144197,1/29/2015,8:32,01 - Clear,01 - Dry,10 - No control,01 - Non intersection,01 - Daylight,03 - P.D. only,07 - SMV other,Industrial Park
6948,OTTAWA RIVER PKWY @ RIVER ST/SLIDELL ST,365157.6673,5030377.091,-75.7288888,45.4107274,1/26/2015,8:52,01 - Clear,01 - Dry,01 - Traffic signal,02 - Intersection related,01 - Daylight,03 - P.D. only,03 - Rear end,Mechanicsville
6949,BASSETT LANE @ ISLAND PARK DR,364236.1474,5028647.613,-75.74086926,45.39524477,1/29/2015,16:12,03 - Snow,03 - Loose snow,02 - Stop sign,02 - Intersection related,05 - Dusk,03 - P.D. only,07 - SMV other,Island Park
6950,COLONEL BY DR btwn UNIVERSITY RD & COLONEL BY DR SB ON RAMP 43,367570.2866,5028374.807,-75.69832374,45.39249919,1/29/2015,19:01,03 - Snow,03 - Loose snow,10 - No control,04 - At/near private drive,07 - Dark,03 - P.D. only,07 - SMV other,Carleton University
6951,BYRON AVE @ ISLAND PARK DR,364254.7261,5028603.069,-75.74063736,45.3948424,2/2/2015,15:15,01 - Clear,03 - Loose snow,01 - Traffic signal,03 - At intersection,01 - Daylight,03 - P.D. only,07 - SMV other,Island Park
6952,WOODROFFE AVE @ CRESTHAVEN DR/PAUL METIVIER,366328.079,5014852.922,-75.71586801,45.27094147,1/14/2015,10:19,01 - Clear,03 - Loose snow,01 - Traffic signal,03 - At intersection,01 - Daylight,03 - P.D. only,02 - Angle,Chapman Mills - Rideau Crest - Davidson Heights
6953,MARCH RD @ TERRY FOX DR,349865.5725,5023398.063,-75.92488139,45.34908073,1/14/2015,15:14,01 - Clear,01 - Dry,01 - Traffic signal,02 - Intersection related,01 - Daylight,03 - P.D. only,03 - Rear end,South March
6954,BLAIR RD btwn BEAVERPOND DR & INNES RD,375551.747,5031499.796,-75.59595143,45.41985528,2/23/2015,15:30,01 - Clear,01 - Dry,10 - No control,01 - Non intersection,01 - Daylight,03 - P.D. only,03 - Rear end,Pineview
6955,BANNING RD btwn BRADLEY FARM CRT & DESMOND AVE,353129.8255,5017912.593,-75.88376132,45.29950408,2/2/2015,13:11,03 - Snow,02 - Wet,10 - No control,01 - Non intersection,01 - Daylight,03 - P.D. only,01 - Approaching,Glen Cairn - Kanata South Business Park
6956,ST. LAURENT BLVD btwn TO BE DETERMINED & DWELLINGHAM PRIV,373503.711,5029039.631,-75.62246045,45.39792401,2/2/2015,13:12,03 - Snow,03 - Loose snow,10 - No control,04 - At/near private drive,01 - Daylight,03 - P.D. only,02 - Angle,Hawthorne Meadows
6957,EAGLESON RD @ 146 N OF ABBEYHILL DR/HAZELDEAN ,353773.2915,5018170.609,-75.87553169,45.3017812,3/23/2015,16:53,01 - Clear,01 - Dry,01 - Traffic signal,03 - At intersection,01 - Daylight,03 - P.D. only,05 - Turning movement,Glen Cairn - Kanata South Business Park
6958,GLOUCESTER ST @ KENT ST,367356.7374,5031097.126,-75.70070546,45.41701294,3/18/2015,12:20,01 - Clear,01 - Dry,01 - Traffic signal,02 - Intersection related,01 - Daylight,03 - P.D. only,03 - Rear end,Centretown
6959,INGERSOLL CRES btwn HUNTSVILLE DR & INGERSOLL CRES,349170.4716,5019516.26,-75.93409967,45.31419558,5/5/2015,13:56,01 - Clear,01 - Dry,10 - No control,04 - At/near private drive,01 - Daylight,03 - P.D. only,06 - SMV unattended vehicle,Kanata Lakes - Marchwood Lakeside - Morgan's Grant - Kanata
6960,CLEOPATRA DR btwn WEST HUNT CLUB RD & CAMELOT DR,365309.1771,5021516.066,-75.72803878,45.3309844,2/28/2015,10:13,01 - Clear,01 - Dry,10 - No control,01 - Non intersection,01 - Daylight,03 - P.D. only,06 - SMV unattended vehicle,Merivale Gardens - Grenfell Glen - Pineglen - Country Place
6961,BARRETTE ST @ ST. CHARLES ST,369471.4352,5033728.805,-75.67334292,45.4404995,7/15/2015,9:00,01 - Clear,01 - Dry,02 - Stop sign,03 - At intersection,01 - Daylight,03 - P.D. only,02 - Angle,Vanier North
6962,TRIM RD @ VALIN ST,386438.014,5037556.921,-75.45586602,45.47316582,2/12/2015,6:40,03 - Snow,05 - Packed snow,01 - Traffic signal,02 - Intersection related,03 - Dawn,03 - P.D. only,06 - SMV unattended vehicle,Cardinal Creek
6963,DUNELM ST btwn ELSETT DR & VALLEY DR,373387.1041,5028468.533,-75.62402907,45.39279696,8/6/2015,17:39,01 - Clear,01 - Dry,10 - No control,01 - Non intersection,01 - Daylight,03 - P.D. only,06 - SMV unattended vehicle,Urbandale
6964,SOMERSET ST @ SPADINA AVE,365711.6998,5029869.203,-75.72187406,45.40610954,8/8/2015,14:04,01 - Clear,01 - Dry,02 - Stop sign,03 - At intersection,01 - Daylight,03 - P.D. only,05 - Turning movement,Centretow
6965,BESSERER ST @ KING EDWARD AVE,368551.4259,5032340.942,-75.68528137,45.42809652,7/26/2015,11:17,01 - Clear,01 - Dry,01 - Traffic signal,02 - Intersection related,01 - Daylight,03 - P.D. only,03 - Rear end,Sand