Record,Location,X,Y,lon,lat,Date,Time,Environment,Road_Surface,Traffic_Control,Collision_Location,Light,Collision_Classification,Impact_type,Neighborhood
7069,COLONEL BY DR btwn OTTAWA UNIV. PED. XING & MAIN ST,368762.4786,5031467.034,-75.68269795,45.42021415,2/8/2015,3:20,03 - Snow,03 - Loose snow,10 - No control,01 - Non intersection,07 - Dark,03 - P.D. only,07 - SMV other,Sandy Hill
7070,OTTAWA RIVER PKWY EB btwn RAMP & RAMP,364664.2353,5030421.15,-75.73518682,45.41116621,2/8/2015,7:11,03 - Snow,03 - Loose snow,10 - No control,01 - Non intersection,03 - Dawn,03 - P.D. only,07 - SMV other,Mechanicsville
7071,OTTAWA RIVER PKWY @ WOODROFFE AVE,361424.7539,5027003.019,-75.77696271,45.38067988,2/9/2015,14:25,01 - Clear,02 - Wet,02 - Stop sign,03 - At intersection,01 - Daylight,03 - P.D. only,05 - Turning movement,Woodroffe - Lincoln Heights
7072,KING EDWARD AVE @ MURRAY ST,368291.6998,5032752.136,-75.68854721,45.43181993,1/31/2015,10:45,01 - Clear,02 - Wet,01 - Traffic signal,02 - Intersection related,01 - Daylight,03 - P.D. only,03 - Rear end,Byward Market
7073,WOODROFFE AVE @ SPORTSPLEX N,363764.6262,5021066.752,-75.74779557,45.32707298,3/3/2015,7:43,01 - Clear,01 - Dry,01 - Traffic signal,03 - At intersection,01 - Daylight,03 - P.D. only,05 - Turning movement,Merivale Gardens - Grenfell Glen - Pineglen - Country Place
7074,CARLING AVE btwn ROCKY POINT RD & HARBOUR LANDING PRIV,357045.3467,5023782.425,-75.83321962,45.35204115,3/3/2015,7:35,01 - Clear,01 - Dry,10 - No control,01 - Non intersection,01 - Daylight,03 - P.D. only,03 - Rear end,Crystal Bay - Lakeview Park - Britannia Village
7075,RIVERSIDE DR btwn HUNT CLUB RD & KIMBERWICK CRES,368040.5584,5022063.571,-75.69312593,45.33566993,2/2/2015,15:49,01 - Clear,03 - Loose snow,10 - No control,01 - Non intersection,01 - Daylight,03 - P.D. only,03 - Rear end,Hunt Club Woods - Quintarra - Revelstoke - Riverside South P
7076,RIVERSIDE DR @ HERON RD,368122.0688,5026644.811,-75.69149923,45.3768835,2/2/2015,13:30,01 - Clear,06 - Ice,01 - Traffic signal,02 - Intersection related,01 - Daylight,03 - P.D. only,03 - Rear end,Riverside Park
7077,EAGLESON RD @ HAZELDEAN RD/ROBERTSON RD,353673.6249,5018423.014,-75.87677759,45.30405934,2/4/2015,14:45,03 - Snow,06 - Ice,01 - Traffic signal,02 - Intersection related,01 - Daylight,03 - P.D. only,04 - Sideswipe,Greenbelt
7078,HUNT CLUB RD btwn CONROY RD & MALAK ST,374020.0797,5025551.87,-75.61635479,45.36649185,3/12/2015,8:00,01 - Clear,01 - Dry,10 - No control,01 - Non intersection,01 - Daylight,03 - P.D. only,07 - SMV other,Hunt Club
7079,SOUTHGATE RD btwn FONTENAY CRES & ALBION RD S,371492.6581,5024319.624,-75.64878182,45.35564956,3/26/2015,0:00,03 - Snow,02 - Wet,10 - No control,01 - Non intersection,00 - Unknown,03 - P.D. only,06 - SMV unattended vehicle,South Keys - Heron Gate - Greenboro West
7080,OSGOODE ST btwn NELSON ST & SWEETLAND AVE,369047.3923,5031976.385,-75.67899131,45.42477099,3/31/2015,14:36,01 - Clear,01 - Dry,10 - No control,01 - Non intersection,01 - Daylight,03 - P.D. only,06 - SMV unattended vehicle,Sandy Hill
7081,FIFTH AVE btwn GORDON ST & CHRYSLER ST,367791.2864,5029041.511,-75.69541637,45.39847816,4/12/2015,1:30,01 - Clear,01 - Dry,10 - No control,01 - Non intersection,07 - Dark,03 - P.D. only,06 - SMV unattended vehicle,The Glebe
7082,MONTREAL RD @ OLMSTEAD ST,370332.5331,5033214.217,-75.66240569,45.43578927,6/5/2015,16:20,02 - Rain,02 - Wet,01 - Traffic signal,03 - At intersection,01 - Daylight,03 - P.D. only,02 - Angle,Vanier South
7083,MCARTHUR AVE btwn VANIER PKWY & ENFIELD AVE,370263.9734,5032696.438,-75.66335073,45.43113694,6/5/2015,7:41,01 - Clear,01 - Dry,10 - No control,04 - At/near private drive,01 - Daylight,03 - P.D. only,04 - Sideswipe,Vanier South
7084,AMIENS ST @ TENTH LINE RD,383352.7279,5037567.865,-75.49531824,45.47361815,8/24/2015,13:58,02 - Rain,02 - Wet,01 - Traffic signal,02 - Intersection related,01 - Daylight,03 - P.D. only,03 - Rear end,Orlans
7085,ALBION RD @ BRIDLE PATH DR,372107.4495,5023740.862,-75.64101472,45.35038331,8/18/2015,0:04,01 - Clear,01 - Dry,01 - Traffic signal,03 - At intersection,07 - Dark,03 - P.D. only,03 - Rear end,Blossom Park - Blossom Park West - Sawmill Creek/ Timbermill
7086,METCALFE ST @ SOMERSET ST,368011.425,5031104.212,-75.69234037,45.41701786,6/2/2015,21:30,01 - Clear,01 - Dry,01 - Traffic signal,03 - At intersection,07 - Dark,03 - P.D. only,05 - Turning movement,Centretown
7087,PARKDALE AVE @ KENILWORTH ST,365445.6998,5028595.911,-75.72542837,45.39467586,8/18/2015,16:02,01 - Clear,01 - Dry,02 - Stop sign,03 - At intersection,01 - Daylight,03 - P.D. only,02 - Angle,Civic Hospital - Experimental Farm - Central Park
7088,MER BLEUE RD btwn NAVAN RD & MER BLEUE RD,384020.6807,5032284.91,-75.48762729,45.42601139,7/15/2015,16:39,01 - Clear,01 - Dry,10 - No control,01 - Non intersection,01 - Daylight,03 - P.D. only,03 - Rear end,Chapel Hill South
7089,BLAIR RD @ REGIONAL RD 174 N/OR174 IC112 RAMP61,374634.0811,5032992.225,-75.60746409,45.43337555,7/15/2015,12:15,01 - Clear,01 - Dry,01 - Traffic signal,03 - At intersection,01 - Daylight,03 - P.D. only,05 - Turning movement,Industrial Park
7090,REGIONAL ROAD 174 btwn WEST ST & FAUBERT ST,390017.4447,5042640.865,-75.40921118,45.51847749,8/23/2015,1:41,"07 - Fog, mist, smoke, dust",01 - Dry,10 - No control,01 - Non intersection,07 - Dark,03 - P.D. only,03 - Rear end,Cumberland - Estates
7091,MERIVALE RD @ ANNA AVE/LAPERRIERE AVE,364859.5865,5027165.348,-75.73308767,45.38185445,2/4/2015,20:10,03 - Snow,04 - Slush,01 - Traffic signal,02 - Intersection related,07 - Dark,03 - P.D. only,04 - Sideswipe,Carlington
7092,ELMSMERE RD @ MONTREAL RD,374929.6558,5034314.091,-75.60349853,45.44523936,2/4/2015,15:30,03 - Snow,03 - Loose snow,01 - Traffic signal,02 - Intersection related,01 - Daylight,03 - P.D. only,03 - Rear end,Beacon Hill South - Cardinal Heights
7093,MERIVALE RD/LOTTA AVE @ CLYDE AVE,364522.6622,5024507.044,-75.73771092,45.35796425,2/1/2015,21:15,01 - Clear,05 - Packed snow,01 - Traffic signal,02 - Intersection related,07 - Dark,03 - P.D. only,07 - SMV other,Cityview - Skyline - Fisher Heights
7094,BRONSON AVE btwn FINDLAY AVE & BRONSON AVE SB OFF RAMP 34,367747.2884,5028500.704,-75.69604731,45.39361609,2/2/2015,17:30,01 - Clear,03 - Loose snow,10 - No control,01 - Non intersection,07 - Dark,03 - P.D. only,04 - Sideswipe,Carleton University
7095,MOODIE DR btwn BARNSDALE RD & BROPHY DR,361953.2171,5008815.821,-75.77231172,45.21698812,2/2/2015,18:20,05 - Drifting Snow,03 - Loose snow,10 - No control,01 - Non intersection,07 - Dark,03 - P.D. only,07 - SMV other,Munster Hamlet - Richmond
7096,OTTAWA RIVER PKWY @ WOODROFFE AVE,361428.6093,5027002.055,-75.77691359,45.3806709,2/13/2015,18:30,03 - Snow,03 - Loose snow,02 - Stop sign,02 - Intersection related,07 - Dark,03 - P.D. only,03 - Rear end,Woodroffe - Lincoln Heights
7097,COLONEL BY DR btwn ECHO DR & CLEGG ST (2),368978.7386,5029707.644,-75.68016398,45.40436396,2/14/2015,3:45,03 - Snow,05 - Packed snow,10 - No control,01 - Non intersection,07 - Dark,03 - P.D. only,07 - SMV other,Old Ottawa East
7098,AVIATION PKWY btwn OGILVIE RD & TO BE DETERMINED,373147.3407,5032290.321,-75.62656101,45.42720706,2/14/2015,20:42,03 - Snow,05 - Packed snow,10 - No control,01 - Non intersection,07 - Dark,03 - P.D. only,07 - SMV other,Industrial Park
7099,BOTELER ST @ SUSSEX DR,367452.5654,5032953.689,-75.69924503,45.43370911,2/21/2015,8:35,03 - Snow,05 - Packed snow,01 - Traffic signal,02 - Intersection related,01 - Daylight,03 - P.D. only,07 - SMV other,Byward Market - Parliament Hill
7100,WOODROFFE AVE btwn HWY417 IC127 RAMP63 & HWY417 IC127 RAMP35,362124.0507,5024840.727,-75.7682851,45.36116692,1/31/2015,15:42,01 - Clear,01 - Dry,10 - No control,07 - Overpass or bridge,01 - Daylight,03 - P.D. only,04 - Sideswipe,Carlingwood West - Glabar Park - McKellar Heights
7101,HIGHWAY 417 btwn HWY417 IC115 RAMP25 & REGIONAL ROAD 174,373252.5683,5031694.317,-75.62529924,45.42183422,8/29/2015,13:15,01 - Clear,01 - Dry,10 - No control,01 - Non intersection,01 - Daylight,03 - P.D. only,99 - Other,Industrial Park
7102,TERRY FOX DR @ PALLADIUM DR/KATIMAVIK RD,351269.718,5018182.257,-75.9074524,45.30205609,3/3/2015,8:49,01 - Clear,01 - Dry,01 - Traffic signal,02 - Intersection related,01 - Daylight,03 - P.D. only,03 - Rear end,Katimavik - Hazeldean
7103,BAYSHORE DR @ RICHMOND RD,359372.6852,5023367.08,-75.80356499,45.34812662,3/3/2015,7:35,01 - Clear,01 - Dry,01 - Traffic signal,02 - Intersection related,01 - Daylight,03 - P.D. only,03 - Rear end,Bayshore
7104,PRINCE OF WALES DR @ MEADOWLANDS DR/HOG'S BACK,367370.955,5025692.031,-75.70120927,45.36837809,2/2/2015,17:00,03 - Snow,03 - Loose snow,01 - Traffic signal,03 - At intersection,05 - Dusk,03 - P.D. only,05 - Turning movement,Carleton Heights - Rideauview
7105,BALSAM ST @ BOOTH ST,366742.4738,5029910.98,-75.70870228,45.40639498,3/15/2015,14:44,01 - Clear,02 - Wet,02 - Stop sign,03 - At intersection,01 - Daylight,03 - P.D. only,02 - Angle,Centretown West
7106,RIDEAU ST btwn CHARLOTTE ST & WURTEMBURG ST,369276.0958,5032873.339,-75.67595161,45.4328204,3/16/2015,18:10,01 - Clear,01 - Dry,10 - No control,01 - Non intersection,05 - Dusk,03 - P.D. only,06 - SMV unattended vehicle,Sandy Hill
7107,BERTONA ST btwn CRAIG HENRY DR & CHARING RD,362613.0328,5021739.899,-75.76240645,45.33322573,4/16/2015,1:00,01 - Clear,01 - Dry,10 - No control,01 - Non intersection,07 - Dark,03 - P.D. only,06 - SMV unattended vehicle,Woodvale - Craig Henry - Manordale - Estates of Arlington Wo
7108,FIFTH AVE btwn O'CONNOR ST & QUEEN ELIZABETH DRWY,368767.6341,5029617.935,-75.68287205,45.40357612,3/9/2015,17:35,01 - Clear,01 - Dry,10 - No control,01 - Non intersection,01 - Daylight,03 - P.D. only,06 - SMV unattended vehicle,The Glebe
7109,LAURIER AVE   W btwn METCALFE ST & ELGIN ST,367882.444,5031507.23,-75.69393661,45.42065572,3/26/2015,0:00,01 - Clear,01 - Dry,10 - No control,01 - Non intersection,00 - Unknown,03 - P.D. only,06 - SMV unattended vehicle,Downtown
7110,BAY ST btwn SPARKS ST & QUEEN ST,366874.7165,5031251.121,-75.7068443,45.41844147,6/2/2015,14:07,01 - Clear,01 - Dry,10 - No control,01 - Non intersection,01 - Daylight,03 - P.D. only,04 - Sideswipe,Downtown
7111,BRONSON AVE btwn CARLING AVE & FIRST AVE,367468.6079,5029289.076,-75.69950606,45.40073464,6/1/2015,19:53,01 - Clear,01 - Dry,10 - No control,01 - Non intersection,01 - Daylight,03 - P.D. only,04 - Sideswipe,The Glebe
7112,PRESTON ST btwn GLADSTONE AVE & LOUISA ST,366496.1925,5029696.342,-75.71187501,45.40448548,6/12/2015,16:40,02 - Rain,02 - Wet,10 - No control,01 - Non intersection,01 - Daylight,03 - P.D. only,03 - Rear end,Little Italy
7113,MONTEREY DR btwn COSTELLO AVE & ABINGDON DR,360108.9485,5022148.949,-75.794306,45.3371082,6/18/2015,11:00,01 - Clear,01 - Dry,10 - No control,04 - At/near private drive,01 - Daylight,03 - P.D. only,06 - SMV unattended vehicle,Leslie Park
7114,PAUL ANKA DR btwn UPLANDS DR & MCCARTHY RD,369647.0571,5023806.55,-75.67240256,45.35120617,6/2/2015,15:43,01 - Clear,01 - Dry,10 - No control,04 - At/near private drive,01 - Daylight,03 - P.D. only,03 - Rear end,Hunt Club East - Western Community
7115,OGILVIE RD btwn JASMINE CRES & ELMRIDGE DR,375414.2436,5034032.11,-75.59734505,45.44265348,7/11/2015,15:46,01 - Clear,01 - Dry,10 - No control,01 - Non intersection,01 - Daylight,03 - P.D. only,04 - Sideswipe,Beacon Hill South - Cardinal Heights
7116,MACKENZIE AVE @ RIDEAU ST,367868.9785,5032010.661,-75.6940442,45.42518664,8/22/2015,23:01,01 - Clear,01 - Dry,01 - Traffic signal,03 - At intersection,07 - Dark,03 - P.D. only,04 - Sideswipe,Byward Market - Parliament Hill
7117,PLEASANT PARK RD btwn LEMAY CRES & SAUNDERSON DR,373131.402,5028666.35,-75.62726703,45.39460183,8/22/2015,20:50,01 - Clear,01 - Dry,10 - No control,01 - Non intersection,05 - Dusk,03 - P.D. only,06 - SMV unattended vehicle,Elmvale - Eastway - Riverview - Riverview Park West
7118,HUNTER'S RUN DR @ JEANNE D'ARC BLVD,380566.8024,5036173.369,-75.53115971,45.46137942,2/4/2015,21:04,03 - Snow,05 - Packed snow,01 - Traffic signal,02 - Intersection related,07 - Dark,03 - P.D. only,03 - Rear end,Chapel Hill
7119,WOODROFFE AVE btwn HWY417 IC127 RAMP63 & HWY417 IC127 RAMP35,362116.4218,5024857.108,-75.76838057,45.36131494,2/4/2015,22:31,03 - Snow,04 - Slush,10 - No control,01 - Non intersection,07 - Dark,03 - P.D. only,99 - Other,Whitehaven - Queensway Terrace North
7120,MONTREAL RD btwn PALACE ST & VANIER PKWY,370029.3363,5033043.905,-75.66630311,45.43428523,2/3/2015,16:24,03 - Snow,04 - Slush,10 - No control,01 - Non intersection,01 - Daylight,03 - P.D. only,04 - Sideswipe,Vanier
7121,INNES RD @ JEANNE D'ARC BLVD/MER BLEUE RD,382636.7897,5035568.999,-75.50479014,45.45571426,2/2/2015,11:05,03 - Snow,03 - Loose snow,01 - Traffic signal,02 - Intersection related,01 - Daylight,03 - P.D. only,07 - SMV other,Orleans Village - Chateauneuf
7122,STITTSVILLE MAIN ST @ HAZELDEAN RD,349560.3258,5014878.235,-75.92954629,45.27243642,2/4/2015,20:45,02 - Rain,04 - Slush,01 - Traffic signal,03 - At intersection,07 - Dark,03 - P.D. only,05 - Turning movement,Stittsville
7123,CARLING AVE @ ISLAND PARK DR,365348.6995,5027998.989,-75.7267404,45.38931327,2/1/2015,18:07,01 - Clear,01 - Dry,01 - Traffic signal,03 - At intersection,07 - Dark,03 - P.D. only,05 - Turning movement,Civic Hospital - Experimental Farm - Central Park
7124,COLONEL BY DR btwn BRONSON PL & SENECA ST,368058.3681,5028517.144,-75.69207253,45.39373598,2/5/2015,20:20,01 - Clear,01 - Dry,10 - No control,01 - Non intersection,07 - Dark,03 - P.D. only,07 - SMV other,Old Ottawa South
7125,OTTAWA RIVER PKWY OFFR-EB @ PARKDALE AVE,364683.5124,5030331.512,-75.73495145,45.41035802,2/12/2015,6:31,03 - Snow,02 - Wet,03 - Yield sign,02 - Intersection related,03 - Dawn,03 - P.D. only,03 - Rear end,Tunney's Pasture
7126,RIVERSIDE DR @ TREMBLAY RD/HWY417 IC117 RAMP52,370800.1504,5031015.426,-75.65672419,45.4159615,1/31/2015,16:13,01 - Clear,06 - Ice,01 - Traffic signal,02 - Intersection related,01 - Daylight,03 - P.D. only,03 - Rear end,Industrial Park
7127,CONROY RD @ WALKLEY RD,372903.7226,5027464.013,-75.63034056,45.38380589,1/31/2015,16:16,01 - Clear,01 - Dry,01 - Traffic signal,02 - Intersection related,01 - Daylight,03 - P.D. only,03 - Rear end,Elmvale - Eastway - Riverview - Riverview Park West
7128,MERIVALE RD @ BASIL MACDONALD WAY/MERIVALE MAL,365098.2464,5023171.719,-75.73052778,45.34589992,3/3/2015,10:30,01 - Clear,01 - Dry,01 - Traffic signal,02 - Intersection related,01 - Daylight,03 - P.D. only,03 - Rear end,Crestview - Meadowlands
7129,ARLINGTON AVE @ KENT ST,367869.6734,5030258.053,-75.69425964,45.40941718,3/3/2015,11:27,01 - Clear,01 - Dry,01 - Traffic signal,02 - Intersection related,01 - Daylight,03 - P.D. only,05 - Turning movement,Centretown
7130,BANK ST @ THORNTON AVE,368431.715,5029319.115,-75.68720123,45.40091804,2/3/2015,14:34,01 - Clear,04 - Slush,02 - Stop sign,02 - Intersection related,01 - Daylight,03 - P.D. only,02 - Angle,The Glebe
7131,BUCKLAND RD btwn DEVINE RD & FARWEL ST,394532.3063,5024125.627,-75.35480662,45.35133443,2/3/2015,14:56,01 - Clear,02 - Wet,10 - No control,04 - At/near private drive,01 - Daylight,03 - P.D. only,06 - SMV unattended vehicle,Navan - Vars
7132,GLADSTONE AVE btwn O'CONNOR ST & METCALFE ST,368090.1329,5030671.582,-75.69139037,45.41311808,3/18/2015,11:20,01 - Clear,01 - Dry,10 - No control,01 - Non intersection,01 - Daylight,03 - P.D. only,04 - Sideswipe,Centretown
7133,MANCHESTER AVE @ SCOTT ST,365360.6926,5029975.092,-75.72634464,45.40709277,3/18/2015,15:18,01 - Clear,01 - Dry,02 - Stop sign,02 - Intersection related,01 - Daylight,03 - P.D. only,03 - Rear end,Mechanicsville
7134,QUEEN ST btwn BANK ST & O'CONNOR ST,367410.8459,5031532.65,-75.69995884,45.42092681,4/15/2015,5:25,02 - Rain,02 - Wet,10 - No control,01 - Non intersection,07 - Dark,03 - P.D. only,06 - SMV unattended vehicle,Downtown
7135,TEESWATER ST btwn BIRKENDALE DR & EDENVALE DR,352506.7591,5020276.791,-75.89147779,45.32082026,4/18/2015,12:34,01 - Clear,01 - Dry,10 - No control,01 - Non intersection,01 - Daylight,03 - P.D. only,06 - SMV unattended vehicle,Kanata
7136,APPLETON DR btwn ROYAL GALA PRIV & ROYAL GALA PRIV,375231.5766,5031979.677,-75.59997337,45.42420529,4/20/2015,0:00,01 - Clear,01 - Dry,10 - No control,01 - Non intersection,00 - Unknown,03 - P.D. only,06 - SMV unattended vehicle,Pineview
7137,COLONIAL RD btwn ROCKDALE RD & HEUVELMANS RD,392050.3982,5032925.316,-75.38491954,45.43081755,5/30/2015,18:15,02 - Rain,02 - Wet,10 - No control,04 - At/near private drive,01 - Daylight,03 - P.D. only,03 - Rear end,Navan - Vars
7138,ISLAND PARK DR @ MERIVALE RD,364654.4251,5028023.185,-75.73560316,45.38959066,6/1/2015,8:50,01 - Clear,01 - Dry,01 - Traffic signal,02 - Intersection related,01 - Daylight,03 - P.D. only,03 - Rear end,Westboro
7139,BELGREEN DR btwn STEVENAGE DR & END,375601.7358,5027225.8,-75.59592632,45.38139507,8/17/2015,17:31,01 - Clear,01 - Dry,10 - No control,01 - Non intersection,01 - Daylight,03 - P.D. only,07 - SMV other,Greenbelt
7140,BEAUSEJOUR DR @ JEANNE D'ARC BLVD,381421.4678,5036060.932,-75.52025011,45.46027459,8/17/2015,13:33,01 - Clear,01 - Dry,01 - Traffic signal,03 - At intersection,01 - Daylight,03 - P.D. only,02 - Angle,Orleans Village - Chateauneuf
7141,HUNT CLUB RD btwn DAZE ST & TURN LANE,371564.0518,5024029.119,-75.64790993,45.3530289,5/2/2015,13:11,01 - Clear,01 - Dry,10 - No control,04 - At/near private drive,01 - Daylight,03 - P.D. only,07 - SMV other,South Keys - Heron Gate - Greenboro West
7142,ALBION RD btwn LESTER RD & LEITRIM RD,372705.554,5022308.352,-75.63357916,45.33743643,2/21/2015,13:09,03 - Snow,03 - Loose snow,10 - No control,01 - Non intersection,01 - Daylight,03 - P.D. only,99 - Other,Greenbelt
7143,DALHOUSIE ST @ RIDEAU ST,368205.9884,5032227.221,-75.68971012,45.4271047,8/14/2015,18:40,01 - Clear,01 - Dry,01 - Traffic signal,02 - Intersection related,01 - Daylight,03 - P.D. only,05 - Turning movement,Byward Market - Parliament Hill
7144,DORIS AVE btwn ELMA ST & ORVILLE KEMP ST,374862.1265,5021816.178,-75.606136,45.33279601,8/22/2015,16:52,01 - Clear,01 - Dry,10 - No control,04 - At/near private drive,01 - Daylight,03 - P.D. only,06 - SMV unattended vehicle,Greenbelt
7145,FRANK ST @ METCALFE ST,368205.1481,5030793.212,-75.68990541,45.41420205,8/22/2015,14:40,01 - Clear,01 - Dry,02 - Stop sign,02 - Intersection related,01 - Daylight,03 - P.D. only,03 - Rear end,Centretown
7146,OTHELLO AVE @ WINGATE DR,373270.9337,5029211.07,-75.62540952,45.39948934,2/5/2015,14:53,03 - Snow,05 - Packed snow,02 - Stop sign,02 - Intersection related,01 - Daylight,03 - P.D. only,02 - Angle,Elmvale - Eastway - Riverview - Riverview Park West
7147,CHECKERS RD btwn CALDER AVE & FIELD ST,362507.082,5024146.618,-75.76347732,45.35488996,2/6/2015,16:08,03 - Snow,05 - Packed snow,10 - No control,01 - Non intersection,01 - Daylight,03 - P.D. only,06 - SMV unattended vehicle,Braemar Park - Bel Air Heights - Copeland Park
7148,BEARBROOK RD/ROCKCLIFFE PKWY @ ST. JOSEPH BLVD,377128.5853,5035244.069,-75.57525544,45.45338262,2/5/2015,16:49,01 - Clear,04 - Slush,01 - Traffic signal,02 - Intersection related,01 - Daylight,03 - P.D. only,03 - Rear end,Greenbelt
7149,BRONSON AVE @ GLADSTONE AVE,367133.7017,5030082.046,-75.70368331,45.40789946,2/5/2015,18:04,01 - Clear,01 - Dry,01 - Traffic signal,02 - Intersection related,05 - Dusk,03 - P.D. only,04 - Sideswipe,Centretown West
7150,ELGIN ST @ MACLAREN ST,368208.7134,5031127.057,-75.6898169,45.41720556,2/21/2015,13:15,03 - Snow,05 - Packed snow,01 - Traffic signal,02 - Intersection related,01 - Daylight,03 - P.D. only,99 - Other,Centretown
7151,OTTAWA RIVER PKWY @ REMIC RAPIDS ENT/TUNNEY'S ,364262.3075,5030245.729,-75.74034247,45.40962208,2/14/2015,10:30,03 - Snow,03 - Loose snow,01 - Traffic signal,02 - Intersection related,01 - Daylight,03 - P.D. only,03 - Rear end,Island Park
7152,COLONEL BY DR @ ECHO DR S,368540.7849,5028770.102,-75.68587911,45.39596828,2/18/2015,15:25,01 - Clear,02 - Wet,10 - No control,02 - Intersection related,01 - Daylight,03 - P.D. only,03 - Rear end,Old Ottawa South
7153,OTTAWA RIVER PKWY WB btwn WOODROFFE AVE & TRANSIT,362385.8846,5027964.528,-75.76457893,45.38925308,2/20/2015,6:33,01 - Clear,03 - Loose snow,10 - No control,01 - Non intersection,03 - Dawn,03 - P.D. only,07 - SMV other,Woodroffe - Lincoln Heights
7154,CEDARVIEW RD @ HWY 416 WESTHUNT IC72R42,359596.3197,5019762.571,-75.80111031,45.31567571,1/31/2015,18:35,01 - Clear,06 - Ice,10 - No control,02 - Intersection related,07 - Dark,03 - P.D. only,03 - Rear end,Greenbelt
7155,ST. JOSEPH BLVD/OLD MONTREAL RD @ TRIM RD,384679.9907,5039282.845,-75.47806644,45.48889732,2/1/2015,13:33,01 - Clear,06 - Ice,11 - Roundabout,03 - At intersection,01 - Daylight,03 - P.D. only,02 - Angle,Cardinal Creek
7156,SOMERSET ST    W btwn ROCHESTER ST & BOOTH ST,366532.7019,5030224.911,-75.71134249,45.40923818,2/26/2015,19:00,01 - Clear,02 - Wet,10 - No control,01 - Non intersection,07 - Dark,03 - P.D. only,07 - SMV other,Chinatown
7157,CEDAROCK DR @ STONEHAVEN DR,354727.123,5016853.64,-75.86350252,45.28986371,3/3/2015,16:38,03 - Snow,03 - Loose snow,02 - Stop sign,03 - At intersection,01 - Daylight,03 - P.D. only,02 - Angle,Bridlewood - Emerald Meadows
7158,BANK ST @ HERON RD,369997.6477,5026851.06,-75.66752698,45.37856725,2/3/2015,15:11,01 - Clear,02 - Wet,01 - Traffic signal,02 - Intersection related,01 - Daylight,03 - P.D. only,04 - Sideswipe,Alta Vista
7159,AIRPORT PKWY btwn BROOKFIELD RAMP 34 & BROOKFIELD RAMP 52B,368809.1148,5026388.799,-75.68276106,45.37451755,2/3/2015,15:17,03 - Snow,06 - Ice,10 - No control,07 - Overpass or bridge,01 - Daylight,03 - P.D. only,07 - SMV other,Riverside Park
7160,BANK ST @ RIVERSIDE DR S,369303.7532,5027895.035,-75.6762496,45.38802484,3/17/2015,10:15,01 - Clear,01 - Dry,01 - Traffic signal,02 - Intersection related,01 - Daylight,03 - P.D. only,03 - Rear end,Alta Vista
7161,HWY 417 INNES IC112R57 @ INNES RD,374299.3104,5030756.036,-75.6120577,45.41328884,3/24/2015,5:46,01 - Clear,01 - Dry,01 - Traffic signal,02 - Intersection related,03 - Dawn,03 - P.D. only,03 - Rear end,Industrial Park
7162,CHURCHILL AVE   N btwn WHITBY AVE & MADISON AVE,363177.7527,5028405.137,-75.75441483,45.39315205,3/9/2015,17:30,01 - Clear,01 - Dry,10 - No control,01 - Non intersection,01 - Daylight,03 - P.D. only,06 - SMV unattended vehicle,Westboro
7163,JACK PURCELL LANE btwn LEWIS ST & WAVERLEY ST,368249.6346,5030979.797,-75.68931306,45.41587685,6/1/2015,8:45,01 - Clear,01 - Dry,10 - No control,01 - Non intersection,01 - Daylight,03 - P.D. only,02 - Angle,Centretown
7164,ALTA VISTA DR @ SMYTH RD,370432.7159,5029081.287,-75.66167583,45.39859342,5/29/2015,16:58,01 - Clear,01 - Dry,01 - Traffic signal,02 - Intersection related,01 - Daylight,03 - P.D. only,03 - Rear end,Alta Vista
7165,MACDONALD-CARTIER BR btwn RAMP & END (1),367385.7986,5033237.785,-75.70006216,45.43627129,8/17/2015,8:00,01 - Clear,01 - Dry,10 - No control,07 - Overpass or bridge,01 - Daylight,03 - P.D. only,03 - Rear end,Bywar
7166,COVENTRY RD @ VANIER PKWY,370676.5651,5031610.892,-75.65822345,45.42133091,8/16/2015,23:41,01 - Clear,01 - Dry,01 - Traffic signal,02 - Intersection related,07 - Dark,03 - P.D. only,04 - Sideswipe,Overbrook
7167,RAMSAYVILLE RD btwn LOUISEIZE RD & NINTH LINE RD,379878.0145,5021099.579,-75.54225985,45.32582975,8/20/2015,18:57,02 - Rain,02 - Wet,10 - No control,01 - Non intersection,01 - Daylight,03 - P.D. only,07 - SMV other,Greenbelt
7168,VANIER PKWY/CRICHTON ST @ BEECHWOOD AVE/ST. PA,369126.7719,5033487.486,-75.67777963,45.43836,8/11/2015,15:20,01 - Clear,01 - Dry,01 - Traffic signal,02 - Intersection related,01 - Daylight,03 - P.D. only,03 - Rear end,Vanier North
7169,MEADOWLANDS DR @ MERIVALE RD,364859.4206,5023724.429,-75.73350806,45.35089362,8/10/2015,16:20,01 - Clear,01 - Dry,01 - Traffic signal,02 - Intersection related,01 - Daylight,03 - P.D. only,04 - Sideswipe,Cityview - Skyline - Fisher Heights
7170,COVENTRY RD @ VANIER PKWY,370675.6642,5031610.622,-75.65823499,45.42132856,7/9/2015,18:50,01 - Clear,01 - Dry,01 - Traffic signal,02 - Intersection related,01 - Daylight,03 - P.D. only,03 - Rear end,Overbrook
7171,KING EDWARD AVE @ RIDEAU ST,368511.7072,5032412.508,-75.68577965,45.42874407,7/6/2015,0:15,01 - Clear,01 - Dry,01 - Traffic signal,03 - At intersection,07 - Dark,03 - P.D. only,04 - Sideswipe,Lowe