Record,Location,X,Y,lon,lat,Date,Time,Environment,Road_Surface,Traffic_Control,Collision_Location,Light,Collision_Classification,Impact_type,Neighborhood
7378,NAVAN RD @ PAGE RD,381659.76,5032771.032,-75.51771744,45.43064854,3/25/2015,12:06,01 - Clear,01 - Dry,02 - Stop sign,03 - At intersection,01 - Daylight,03 - P.D. only,07 - SMV other,Chapel Hill South
7379,ELGIN ST @ SOMERSET ST,368166.6363,5031198.09,-75.69034534,45.4178485,3/28/2015,12:29,01 - Clear,01 - Dry,01 - Traffic signal,03 - At intersection,01 - Daylight,03 - P.D. only,04 - Sideswipe,Centretown
7380,DALHOUSIE ST @ MURRAY ST,367998.7714,5032573.113,-75.69231357,45.43023567,2/9/2015,10:10,01 - Clear,02 - Wet,01 - Traffic signal,02 - Intersection related,01 - Daylight,03 - P.D. only,04 - Sideswipe,Byward Market
7381,HUNT CLUB RD @ DOWNPATRICK RD/MCCARTHY RD,370506.7705,5023400.027,-75.66148583,45.34746837,2/26/2015,19:29,01 - Clear,01 - Dry,01 - Traffic signal,03 - At intersection,07 - Dark,03 - P.D. only,03 - Rear end,Hunt Club East - Western Community
7382,BANK ST @ WALKLEY RD,370337.852,5025948.217,-75.66330337,45.37041202,3/4/2015,18:24,01 - Clear,01 - Dry,01 - Traffic signal,02 - Intersection related,07 - Dark,03 - P.D. only,04 - Sideswipe,Ledbury - Heron Gate - Ridgemont - Elmwood
7383,REGIONAL ROAD 174 btwn OR174 IC101 RAMP63 & OR174 IC101 RAMP45,382762.8249,5038899.778,-75.50265047,45.48566762,3/3/2015,22:09,03 - Snow,04 - Slush,10 - No control,01 - Non intersection,07 - Dark,03 - P.D. only,07 - SMV other,Chatelaine Village
7384,NIXON DR btwn RIVER RD & SNAKE ISLAND RD,373310.1045,5002745.934,-75.62856241,45.16135921,2/25/2015,7:23,03 - Snow,03 - Loose snow,10 - No control,01 - Non intersection,01 - Daylight,03 - P.D. only,07 - SMV other,Kars - Osgoode
7385,BARRETTE ST @ LOYER ST,369357.7043,5033625.088,-75.67481013,45.43957681,2/24/2015,23:34,01 - Clear,03 - Loose snow,02 - Stop sign,02 - Intersection related,07 - Dark,03 - P.D. only,07 - SMV other,Vanier North
7386,PRINCE OF WALES DR btwn TURN LANE & RIDEAU SHORE CRT,367186.5288,5023744.969,-75.70380921,45.35087528,4/2/2015,9:00,02 - Rain,02 - Wet,10 - No control,04 - At/near private drive,01 - Daylight,03 - P.D. only,05 - Turning movement,Industrial Park
7387,FOOTHILLS DR btwn REDFIELD AVE & REDFIELD AVE,358733.1989,5020986.218,-75.81198477,45.32675299,3/6/2015,10:36,01 - Clear,01 - Dry,10 - No control,01 - Non intersection,01 - Daylight,03 - P.D. only,01 - Approaching,Bells Corners East
7388,CARLING AVE EB btwn CHURCHILL AVE N & SAIGON CRT,364058.2939,5027114.74,-75.7433247,45.38146732,3/6/2015,2:20,01 - Clear,01 - Dry,10 - No control,01 - Non intersection,07 - Dark,03 - P.D. only,07 - SMV other,Westboro
7389,CAMPEAU DR/HWY 417 MARCH IC138R63 @ MARCH RD,352840.845,5020476.285,-75.88719726,45.32259256,1/14/2015,16:14,01 - Clear,06 - Ice,01 - Traffic signal,03 - At intersection,01 - Daylight,03 - P.D. only,03 - Rear end,Greenbelt
7390,EAGLESON RD @ PALOMINO DR S/ROTHESAY DR,354124.6344,5017288.931,-75.87113961,45.29382309,1/5/2015,11:32,01 - Clear,06 - Ice,01 - Traffic signal,02 - Intersection related,01 - Daylight,03 - P.D. only,02 - Angle,Bridlewood - Emerald Meadows
7391,PRINCE OF WALES DR @ WATERBRIDGE DR,367316.3349,5015946.201,-75.70313692,45.28069155,4/7/2015,9:46,01 - Clear,01 - Dry,01 - Traffic signal,02 - Intersection related,01 - Daylight,03 - P.D. only,03 - Rear end,Greenbelt
7392,TENTH LINE RD @ CHARLEMAGNE BLVD N/TOMPKINS AV,383182.966,5037977.4,-75.4974238,45.47732185,3/23/2015,13:42,01 - Clear,01 - Dry,01 - Traffic signal,03 - At intersection,01 - Daylight,03 - P.D. only,07 - SMV other,Queenswood Heights
7393,WELLINGTON ST btwn BAY ST & LYON ST N,366894.623,5031401.219,-75.70657106,45.41979024,3/22/2015,20:32,01 - Clear,01 - Dry,10 - No control,01 - Non intersection,07 - Dark,03 - P.D. only,04 - Sideswipe,Downtown
7394,TERRY FOX DR @ EDGEWATER ST/WALTER BAKER PL,351777.6082,5017613.932,-75.90103036,45.29690837,3/14/2015,22:01,03 - Snow,02 - Wet,01 - Traffic signal,02 - Intersection related,07 - Dark,03 - P.D. only,07 - SMV other,Katimavik - Hazeldean
7395,PRINCE OF WALES DR @ MEADOWLANDS DR/HOG'S BACK,367370.955,5025692.995,-75.70120914,45.36838677,2/18/2015,17:21,03 - Snow,04 - Slush,01 - Traffic signal,02 - Intersection related,05 - Dusk,03 - P.D. only,03 - Rear end,Carleton Heights - Rideauview
7396,WALKLEY EXTENSION RD btwn WALKLEY RD & HWY417 IC110 RAMP55,375396.5303,5028861.165,-75.59831234,45.39612997,2/17/2015,7:23,01 - Clear,06 - Ice,10 - No control,01 - Non intersection,01 - Daylight,03 - P.D. only,04 - Sideswipe,Greenbelt
7397,BRONSON AVE btwn HWY417 IC121A RAMP51 & PLYMOUTH ST,367314.8453,5029650.18,-75.70142417,45.40399749,3/9/2015,17:58,01 - Clear,01 - Dry,10 - No control,01 - Non intersection,01 - Daylight,03 - P.D. only,04 - Sideswipe,Centretown West
7398,BASELINE RD @ MERIVALE RD,365053.7325,5025325.997,-75.7308332,45.36528762,3/9/2015,18:01,01 - Clear,01 - Dry,01 - Traffic signal,02 - Intersection related,05 - Dusk,03 - P.D. only,03 - Rear end,Civic Hospital - Experimental Farm - Central Park
7399,AIRPORT PKWY btwn AIRPORT PKWY/WALKLEY RD SOUTHBOUND ON RAMP          ,370182.9176,5025347.112,-75.6653607,45.36501794,3/27/2015,7:47,03 - Snow,06 - Ice,10 - No control,01 - Non intersection,01 - Daylight,03 - P.D. only,07 - SMV other,Hunt Club Woods - Quintarra - Revelstoke - Riverside South P
7400,HERON RD @ WALKLEY RD,372267.1751,5027083.937,-75.63852005,45.38044772,3/27/2015,7:58,03 - Snow,02 - Wet,01 - Traffic signal,03 - At intersection,01 - Daylight,03 - P.D. only,04 - Sideswipe,Ledbury - Heron Gate - Ridgemont - Elmwood
7401,IRIS ST @ WOODROFFE AVE,362281.7282,5024442.001,-75.76631895,45.3575663,4/15/2015,16:29,01 - Clear,01 - Dry,01 - Traffic signal,02 - Intersection related,01 - Daylight,03 - P.D. only,03 - Rear end,Iris
7402,ELTERWATER AVE btwn ULLSWATER DR & GAYNOR PL,356690.6582,5023721.047,-75.83775246,45.3515152,4/15/2015,17:10,01 - Clear,01 - Dry,10 - No control,04 - At/near private drive,01 - Daylight,03 - P.D. only,99 - Other,Crystal Bay - Lakeview Park - Britannia Village
7403,BRONSON AVE @ SOMERSET ST,366966.7322,5030476.09,-75.70576646,45.4114598,3/29/2015,13:54,01 - Clear,01 - Dry,01 - Traffic signal,03 - At intersection,01 - Daylight,03 - P.D. only,02 - Angle,Chinatown
7404,HWY417 IC117 RAMP25 btwn RIVERSIDE DR & HIGHWAY 417,371215.0745,5031355.258,-75.65137754,45.41897991,10/10/2015,12:00,01 - Clear,01 - Dry,10 - No control,01 - Non intersection,01 - Daylight,03 - P.D. only,03 - Rear end,Industrial Park
7405,HERON RD @ ALTA VISTA DR,370491.979,5026904.743,-75.66120867,45.37900409,3/3/2015,16:15,01 - Clear,01 - Dry,01 - Traffic signal,02 - Intersection related,01 - Daylight,03 - P.D. only,04 - Sideswipe,Alta Vista
7406,NAVAN RD @ TENTH LINE RD,385758.9208,5031855.568,-75.46548823,45.42194954,3/25/2015,5:30,01 - Clear,01 - Dry,01 - Traffic signal,02 - Intersection related,07 - Dark,03 - P.D. only,07 - SMV other,Navan - Vars
7407,COOPER ST @ O'CONNOR ST,367808.7112,5031084.125,-75.69493278,45.4168554,3/2/2015,19:32,01 - Clear,01 - Dry,02 - Stop sign,03 - At intersection,07 - Dark,03 - P.D. only,05 - Turning movement,Centretown
7408,PERTH ST btwn FRANKTOWN RD & ROCHELLE DR,356047.4412,5005619.3,-75.84782901,45.18867912,3/2/2015,19:05,03 - Snow,06 - Ice,10 - No control,01 - Non intersection,07 - Dark,03 - P.D. only,07 - SMV other,Munster Hamlet - Richmond
7409,CHAMBERLAIN AVE btwn PERCY ST & GLENDALE AVE,367580.7535,5029839.811,-75.6980036,45.40567994,2/24/2015,15:14,01 - Clear,02 - Wet,10 - No control,01 - Non intersection,01 - Daylight,03 - P.D. only,03 - Rear end,The Glebe
7410,ST. LAURENT BLVD btwn CONROY RD & THURSTON DR,373413.7537,5027341.562,-75.62384543,45.38265436,2/24/2015,12:26,01 - Clear,01 - Dry,10 - No control,04 - At/near private drive,01 - Daylight,03 - P.D. only,02 - Angle,Industrial Park
7411,ROGER STEVENS DR btwn SECOND LINE RD S & DORACK DR,371046.4908,5002162.389,-75.65742944,45.15632453,3/23/2015,8:59,01 - Clear,01 - Dry,10 - No control,01 - Non intersection,01 - Daylight,03 - P.D. only,07 - SMV other,Manotick - North Gower
7412,CUMBERLAND ST @ GEORGE ST,368325.9658,5032417.977,-75.68815243,45.42881017,3/5/2015,23:09,01 - Clear,01 - Dry,01 - Traffic signal,03 - At intersection,07 - Dark,03 - P.D. only,04 - Sideswipe,Byward Market
7413,INNES RD btwn HWY417 IC112 RAMP65 & HWY417 IC112 RAMP56,374449.411,5030843.118,-75.6101279,45.41405744,1/14/2015,7:00,01 - Clear,06 - Ice,10 - No control,07 - Overpass or bridge,03 - Dawn,03 - P.D. only,03 - Rear end,Industrial Park
7414,RICHARDSON SIDE RD @ TERRY FOX DR,348803.086,5019506.072,-75.93878598,45.31412702,1/20/2015,16:27,01 - Clear,01 - Dry,01 - Traffic signal,03 - At intersection,01 - Daylight,03 - P.D. only,05 - Turning movement,Kanata Lakes - Marchwood Lakeside - Morgan's Grant - Kanata
7415,CRICHTON ST btwn CHARLES ST & SCHOOL LANE,368062.7437,5033898.991,-75.6913257,45.44215966,4/7/2015,12:05,01 - Clear,01 - Dry,10 - No control,01 - Non intersection,01 - Daylight,03 - P.D. only,06 - SMV unattended vehicle,New Edinburgh
7416,WEST HUNT CLUB RD btwn HWY416 IC72 RAMP34 & HWY416 IC72 RAMP63,359397.4846,5019376.623,-75.80368866,45.31221841,3/22/2015,4:37,01 - Clear,01 - Dry,10 - No control,01 - Non intersection,07 - Dark,03 - P.D. only,07 - SMV other,Greenbelt
7417,ZEPHYR AVE btwn DON ST & MARIE ST,360018.414,5024891.403,-75.79515483,45.36179191,3/21/2015,14:41,04 - Freezing Rain,06 - Ice,10 - No control,04 - At/near private drive,01 - Daylight,03 - P.D. only,02 - Angle,Woodroffe - Lincoln Heights
7418,BANK ST btwn RIDEAU RD & TURN LANE,376993.3067,5017748.569,-75.57954225,45.29598143,3/14/2015,21:47,04 - Freezing Rain,06 - Ice,10 - No control,01 - Non intersection,07 - Dark,03 - P.D. only,07 - SMV other,Greenbelt
7419,NAVAHO DR @ WOODROFFE AVE/TRANSITWAY N BASELIN,362707.0614,5023492.675,-75.76100175,45.34898935,3/14/2015,21:21,03 - Snow,03 - Loose snow,01 - Traffic signal,02 - Intersection related,07 - Dark,03 - P.D. only,07 - SMV other,Crestview - Meadowlands
7420,HIGHWAY 417 btwn RAMP & HWY417 IC88 RAMP51,394592.2491,5022411.154,-75.35435296,45.33590185,9/30/2015,16:35,01 - Clear,01 - Dry,10 - No control,01 - Non intersection,01 - Daylight,03 - P.D. only,04 - Sideswipe,Navan - Vars
7421,BASELINE RD btwn SANDCASTLE DR & MONTEREY DR,359638.875,5021994.809,-75.80032035,45.33575815,3/10/2015,12:53,01 - Clear,01 - Dry,10 - No control,01 - Non intersection,01 - Daylight,03 - P.D. only,03 - Rear end,Briar Green - Leslie Park
7422,REGIONAL RD 174 @ TRIM RD,384351.8533,5039989.859,-75.48214916,45.49529582,3/10/2015,19:34,01 - Clear,02 - Wet,01 - Traffic signal,03 - At intersection,07 - Dark,03 - P.D. only,04 - Sideswipe,Chatelaine Village
7423,VANIER PKWY SB btwn QUEEN MARY ST & PRESLAND RD,370410.3608,5031777.004,-75.66160254,45.42285053,4/15/2015,17:16,01 - Clear,01 - Dry,10 - No control,01 - Non intersection,01 - Daylight,03 - P.D. only,03 - Rear end,Overbrook
7424,EAGLESON RD btwn MARCH RD & HWY417 IC138 RAMP35,352956.3237,5020200.322,-75.88575115,45.32010148,4/16/2015,8:49,01 - Clear,01 - Dry,10 - No control,01 - Non intersection,01 - Daylight,03 - P.D. only,03 - Rear end,Katimavik - Hazeldean
7425,BLAIR RD btwn BEAVERPOND DR & INNES RD,375476.8383,5031690.953,-75.59688105,45.42158277,4/14/2015,18:24,01 - Clear,01 - Dry,10 - No control,01 - Non intersection,01 - Daylight,03 - P.D. only,03 - Rear end,Pineview
7426,BANK ST btwn STONE SCHOOL RD & SCRIVENS DR,382281.3185,5011404.228,-75.51312004,45.23833523,4/11/2015,20:25,01 - Clear,01 - Dry,10 - No control,01 - Non intersection,07 - Dark,03 - P.D. only,07 - SMV other,Osgoode
7427,HAWTHORNE RD/RUSSELL RD @ WALKLEY RD,374672.8162,5028500.023,-75.60760592,45.39295319,3/25/2015,10:20,01 - Clear,01 - Dry,01 - Traffic signal,02 - Intersection related,01 - Daylight,03 - P.D. only,03 - Rear end,Sheffield Glen
7428,REGIONAL ROAD 174 btwn MCTEER RD & CANAAN RD,395629.1654,5043364.876,-75.33726104,45.52428266,3/24/2015,3:00,01 - Clear,01 - Dry,10 - No control,01 - Non intersection,07 - Dark,03 - P.D. only,07 - SMV other,Cumberland - Estates
7429,LEMIEUX ST @ ST. LAURENT BLVD,372391.7247,5031743.046,-75.63629133,45.42235636,3/1/2015,19:41,03 - Snow,04 - Slush,01 - Traffic signal,02 - Intersection related,07 - Dark,03 - P.D. only,04 - Sideswipe,Overbrook
7430,RIDEAU ST @ WALLER ST,368281.4372,5032274.698,-75.68873991,45.42752504,2/24/2015,10:30,01 - Clear,02 - Wet,01 - Traffic signal,02 - Intersection related,01 - Daylight,03 - P.D. only,04 - Sideswipe,Byward Market
7431,SMYTH RD btwn EDGECOMBE ST & HAIG DR,372467.6038,5029286.858,-75.63565901,45.40024935,2/24/2015,9:12,01 - Clear,01 - Dry,10 - No control,01 - Non intersection,01 - Daylight,03 - P.D. only,04 - Sideswipe,Elmvale - Eastway - Riverview - Riverview Park West
7432,BYRON AVE @ ROOSEVELT AVE,363035.7521,5028061.623,-75.75626881,45.39007299,3/22/2015,10:47,01 - Clear,01 - Dry,01 - Traffic signal,03 - At intersection,01 - Daylight,03 - P.D. only,02 - Angle,Carlingwood - McKellar Park - Laurentien View
7433,BELFAST RD @ ST. LAURENT BLVD,372858.7964,5030577.116,-75.63048465,45.41182059,3/18/2015,15:21,01 - Clear,01 - Dry,01 - Traffic signal,02 - Intersection related,01 - Daylight,03 - P.D. only,04 - Sideswipe,Industrial Park
7434,MARALISA ST @ RAFFEALLO ST,366662.3818,5015834.278,-75.71148567,45.27974232,3/5/2015,16:29,01 - Clear,05 - Packed snow,03 - Yield sign,03 - At intersection,01 - Daylight,03 - P.D. only,02 - Angle,Chapman Mills - Rideau Crest - Davidson Heights
7435,ARGYLE AVE @ O'CONNOR ST,368183.9546,5030486.464,-75.69021561,45.41144396,3/5/2015,13:19,01 - Clear,01 - Dry,01 - Traffic signal,03 - At intersection,01 - Daylight,03 - P.D. only,05 - Turning movement,Centretown
7436,COLONEL BY DR/MACKENZIE AVE @ DALY AVE,368002.4831,5031904.942,-75.69235189,45.42422336,1/30/2015,13:38,05 - Drifting Snow,03 - Loose snow,01 - Traffic signal,02 - Intersection related,01 - Daylight,03 - P.D. only,04 - Sideswipe,Byward Market - Parliament Hill
7437,AIRPORT PKWY btwn RAMP & RAMP (4),371075.0742,5023206.452,-75.65426017,45.34567318,4/8/2015,6:40,01 - Clear,01 - Dry,10 - No control,01 - Non intersection,01 - Daylight,03 - P.D. only,03 - Rear end,Hunt Club - Ottawa Airport
7438,CHARLOTTE ST @ STEWART ST,369373.9521,5032658.356,-75.67472927,45.43087704,4/8/2015,10:15,01 - Clear,01 - Dry,01 - Traffic signal,02 - Intersection related,01 - Daylight,03 - P.D. only,03 - Rear end,Sandy Hill
7439,UPPER DWYER HILL RD btwn MARCH RD & OLD ALMONTE RD,335440.8603,5012710.009,-76.10962221,45.25368243,3/20/2015,21:24,01 - Clear,01 - Dry,10 - No control,01 - Non intersection,07 - Dark,03 - P.D. only,07 - SMV other,Carp - Hardwood Plains
7440,PLEASANT PARK RD @ ALTA VISTA DR,370363.7954,5028467.066,-75.66263768,45.39307334,3/20/2015,20:20,01 - Clear,02 - Wet,01 - Traffic signal,02 - Intersection related,07 - Dark,03 - P.D. only,03 - Rear end,Alta Vista
7441,FALLOWFIELD RD @ WOODROFFE AVE,365084.909,5017902.347,-75.7313394,45.29848776,3/14/2015,21:15,03 - Snow,03 - Loose snow,01 - Traffic signal,02 - Intersection related,07 - Dark,03 - P.D. only,03 - Rear end,New Barrhaven
7442,ALBERT ST @ ELGIN ST/MACKENZIE KING BRIDGE,367850.2258,5031711.635,-75.69432209,45.42249779,3/14/2015,16:27,02 - Rain,02 - Wet,01 - Traffic signal,03 - At intersection,01 - Daylight,03 - P.D. only,07 - SMV other,Downtown
7443,BANK ST @ WELLINGTON ST,367256.7431,5031627.128,-75.70191579,45.42179066,2/11/2015,17:00,01 - Clear,01 - Dry,01 - Traffic signal,02 - Intersection related,01 - Daylight,03 - P.D. only,03 - Rear end,Downtown
7444,BELLMAN DR @ GLENCOE ST,361076.6465,5020964.966,-75.78209459,45.32637778,3/12/2015,19:55,01 - Clear,01 - Dry,02 - Stop sign,03 - At intersection,07 - Dark,03 - P.D. only,05 - Turning movement,Sheahan Estates - Trend Village - Arlington Woods
7445,SOMERSET ST    W btwn ROCHESTER ST & BOOTH ST,366539.4293,5030227.732,-75.7112562,45.40926297,3/14/2015,18:55,01 - Clear,02 - Wet,10 - No control,01 - Non intersection,07 - Dark,03 - P.D. only,04 - Sideswipe,Chinatown
7446,ALBION RD @ KITCHENER AVE,371219.8443,5025903.788,-75.65205052,45.36992923,3/27/2015,8:44,03 - Snow,03 - Loose snow,02 - Stop sign,03 - At intersection,01 - Daylight,03 - P.D. only,02 - Angle,Ledbury - Heron Gate - Ridgemont - Elmwood
7447,RIVERSIDE DR NB btwn INDUSTRIAL AVE & TREMBLAY RD,370693.3933,5030608.457,-75.65814248,45.41230982,3/28/2015,12:08,01 - Clear,01 - Dry,10 - No control,01 - Non intersection,01 - Daylight,03 - P.D. only,03 - Rear end,Industrial Park
7448,GRANT CARMAN DR @ MEADOWLANDS DR,365050.7302,5023901.025,-75.73104523,45.3524662,4/16/2015,8:55,01 - Clear,01 - Dry,01 - Traffic signal,02 - Intersection related,01 - Daylight,03 - P.D. only,04 - Sideswipe,Cityview - Skyline - Fisher Heights
7449,HAZELDEAN RD @ HAZELDEAN RD 2,351542.8896,5016629.824,-75.90411563,45.28806875,4/14/2015,23:27,01 - Clear,01 - Dry,01 - Traffic signal,02 - Intersection related,07 - Dark,03 - P.D. only,07 - SMV other,Stittsville - Basswood
7450,TERRY FOX DR @ PALLADIUM DR/KATIMAVIK RD,351270.6819,5018182.257,-75.90744011,45.30205602,4/16/2015,12:12,01 - Clear,01 - Dry,01 - Traffic signal,02 - Intersection related,01 - Daylight,03 - P.D. only,03 - Rear end,Katimavik - Hazeldean
7451,INDUSTRIAL AVE btwn TRAINYARDS DR & RUSSELL RD,372453.1985,5030286.782,-75.6357058,45.40924762,4/15/2015,8:46,01 - Clear,01 - Dry,10 - No control,01 - Non intersection,01 - Daylight,03 - P.D. only,03 - Rear end,Industrial Park
7452,JEANNE D'ARC BLVD @ ORLEANS BLVD S,380941.7877,5036256.566,-75.52635253,45.46208719,3/26/2015,6:40,01 - Clear,02 - Wet,01 - Traffic signal,03 - At intersection,03 - Dawn,03 - P.D. only,05 - Turning movement,Orleans Village - Chateauneuf
7453,KING EDWARD AVE @ WILBROD ST,368676.6724,5032139.101,-75.68370711,45.426269,4/1/2015,16:51,01 - Clear,01 - Dry,01 - Traffic signal,03 - At intersection,01 - Daylight,03 - P.D. only,02 - Angle,Sandy Hill
7454,DONALD ST @ ST. LAURENT BLVD,372093.7129,5032471.139,-75.63999951,45.42893613,2/28/2015,9:31,01 - Clear,01 - Dry,01 - Traffic signal,03 - At intersection,01 - Daylight,03 - P.D. only,05 - Turning movement,Overbrook
7455,ST. LAURENT BLVD btwn BELFAST RD & INDUSTRIAL AVE,372880.9651,5030523.14,-75.63020892,45.41133278,2/24/2015,6:25,01 - Clear,01 - Dry,10 - No control,01 - Non intersection,03 - Dawn,03 - P.D. only,07 - SMV other,Industrial Park
7456,COLONEL BY DR/SUSSEX DR @ RIDEAU ST,367922.0001,5032045.531,-75.69336224,45.4254956,2/24/2015,0:00,01 - Clear,05 - Packed snow,01 - Traffic signal,03 - At intersection,07 - Dark,03 - P.D. only,07 - SMV other,Byward Market - Parliament Hill
7457,SHADEHILL CRES btwn EDGEFIELD TER & SANDGATE RDG (1),365822.1433,5012438.721,-75.72261171,45.24926261,3/8/2015,19:34,01 - Clear,04 - Slush,10 - No control,04 - At/near private drive,07 - Dark,03 - P.D. only,06 - SMV unattended vehicle,New Barrhaven
7458,CARLING AVE WB btwn TRANSIT & EDGEWORTH AVE,361193.9915,5025387.075,-75.78009357,45.36615836,3/5/2015,13:08,01 - Clear,01 - Dry,10 - No control,01 - Non intersection,01 - Daylight,03 - P.D. only,07 - SMV other,Woodroffe - Lincoln Heights
7459,CLEMOW AVE @ BRONSON AVE,367420.7102,5029399.004,-75.70010386,45.40172802,3/5/2015,12:18,01 - Clear,01 - Dry,02 - Stop sign,03 - At intersection,01 - Daylight,03 - P.D. only,02 - Angle,The Glebe
7460,WALLER ST btwn NICHOLAS ST & STEWART ST,368370.6312,5032017.121,-75.68763342,45.42519935,2/25/2015,14:23,01 - Clear,01 - Dry,10 - No control,04 - At/near private drive,01 - Daylight,03 - P.D. only,05 - Turning movement,Sandy Hill
7461,HAWTHORNE AVE btwn COLONEL BY DR & MAIN ST,368789.7754,5030542.915,-75.68246919,45.41189675,2/25/2015,10:30,01 - Clear,02 - Wet,10 - No control,04 - At/near private drive,01 - Daylight,03 - P.D. only,06 - SMV unattended vehicle,Old Ottawa East
7462,HARDING RD btwn CANTERBURY AVE & CROSS AVE,372726.9406,5028032.614,-75.63251948,45.38893909,2/2/2015,13:54,03 - Snow,04 - Slush,10 - No control,04 - At/near private drive,01 - Daylight,03 - P.D. only,03 - Rear end,Urbandale
7463,QUEEN MARY ST @ VANIER PKWY,370361.7828,5031957.103,-75.66219925,45.42447554,2/8/2015,10:57,03 - Snow,06 - Ice,01 - Traffic signal,03 - At intersection,01 - Daylight,03 - P.D. only,02 - Angle,Overbrook
7464,RIDEAU VALLEY DR btwn BARNSDALE RD & BANKFIELD RD,367594.3934,5010846.9,-75.7002374,45.23478357,4/8/2015,10:30,01 - Clear,01 - Dry,10 - No control,01 - Non intersection,01 - Daylight,03 - P.D. only,04 - Sideswipe,New Barrhaven
7465,ROGER STEVENS DR btwn DWYER HILL RD & MALAKOFF RD,358525.4579,4992910.179,-75.81766121,45.07413323,4/8/2015,17:52,01 - Clear,01 - Dry,10 - No control,01 - Non intersection,01 - Daylight,03 - P.D. only,99 - Other,Munster Hamlet - Richmond
7466,BRONSON AVE @ POWELL AVE,367386.915,5029477.696,-75.70052552,45.40243909,3/20/2015,14:53,01 - Clear,01 - Dry,01 - Traffic signal,02 - Intersection related,01 - Daylight,03 - P.D. only,03 - Rear end,The Glebe
7467,MONTREAL RD btwn PALACE ST & VANIER PKWY,370044.758,5033047.761,-75.66610552,45.43431848,3/20/2015,14:11,01 - Clear,01 - Dry,10 - No control,04 - At/near private drive,01 - Daylight,03 - P.D. only,05 - Turning movement,Vanier South
7468,DES PERES BLANCS AVE @ MARIER AVE,370062.747,5033671.072,-75.66579298,45.43992509,3/14/2015,14:52,04 - Freezing Rain,06 - Ice,02 - Stop sign,03 - At intersection,01 - Daylight,03 - P.D. only,02 - Angle,Vanier North
7469,PRESTON ST @ SOMERSET ST,366307.6986,5030127.087,-75.71422892,45.4083778,2/8/2015,13:40,03 - Snow,04 - Slush,01 - Traffic signal,02 - Intersection related,01 - Daylight,03 - P.D. only,03 - Rear end,Little Italy
7470,BANK ST @ FIFTH AVE,368398.7134,5029401.04,-75.68761216,45.40165818,3/15/2015,16:59,01 - Clear,01 - Dry,01 - Traffic signal,03 - At intersection,01 - Daylight,03 - P.D. only,02 - Angle,The Glebe
7471,ROBERTSON RD btwn HAZELDEAN RD & HAANEL DR,353850.0104,5018525.785,-75.87451834,45.3049718,3/28/2015,20:06,01 - Clear,01 - Dry,10 - No control,01 - Non intersection,07 - Dark,03 - P.D. only,07 - SMV other,Greenbelt
7472,AIRPORT PKWY btwn RAMP & RAMP (1),368980.3598,5026179,-75.68060217,45.37261417,3/29/2015,3:32,01 - Clear,01 - Dry,10 - No control,01 - Non intersection,07 - Dark,03 - P.D. only,07 - SMV other,Riverside Park
7473,BEATRICE DR @ STRANDHERD DR,365525.196,5015322.24,-75.72604184,45.27523417,2/4/2015,14:57,03 - Snow,03 - Loose snow,01 - Traffic signal,02 - Intersection related,01 - Daylight,03 - P.D. only,04 - Sideswipe,New Barrhaven
7474,JOCKVALE RD @ CAMBRIAN RD/GOLFLINKS DR W,365383.1406,5013222.273,-75.72810834,45.25635095,4/16/2015,13:03,01 - Clear,01 - Dry,11 - Roundabout,03 - At intersection,01 - Daylight,03 - P.D. only,04 - Sideswipe,New Barrhaven
7475,RIDEAUCREST DR btwn ROBLYN WAY & COTTINGHAM ST,365915.8953,5016443.424,-75.72092468,45.28528868,4/15/2015,13:30,01 - Clear,01 - Dry,10 - No control,04 - At/near private drive,01 - Daylight,03 - P.D. only,06 - SMV unattended vehicle,Chapman Mills - Rideau Crest - Davidson Heights
7476,TREBLA WAY btwn PARKWAY RD & TINTERN DR,376306.6662,5013095.927,-75.58896586,45.25418879,4/15/2015,20:16,01 - Clear,01 - Dry,10 - No control,01 - Non intersection,07 - Dark,03 - P.D. only,06 - SMV unattended vehicle,Greely
7477,LYON ST    N btwn GLOUCESTER ST & NEPEAN ST,367202.5951,5030987.689,-75.70268862,45.41604202,4/4/2015,12:49,01 - Clear,02 - Wet,10 - No control,01 - Non intersection,01 - Daylight,03 - P.D. only,06 - SMV unattended vehicle,Centretown
7478,ALBION RD @ JOHNSTON RD,371502.2742,5025225.725,-75.64853682,45.36380143,4/6/2015,19:35,01 - Clear,01 - Dry,02 - Stop sign,03 - At intersection,01 - Daylight,03 - P.D. only,02 - Angle,South Keys - Heron Gate - Greenboro West
7479,BASELINE RD @ WOODROFFE AVE,362550.6541,5023769.059,-75.76296535,45.35148913,2/27/2015,19:41,01 - Clear,01 - Dry,01 - Traffic signal,02 - Intersection related,07 - Dark,03 - P.D. only,03 - Rear end,Iris
7480,INNES RD btwn HWY417 IC112 RAMP65 & HWY417 IC112 RAMP56,374480.8169,5030860.491,-75.60972424,45.41421063,2/23/2015,17:40,01 - Clear,02 - Wet,10 - No control,01 - Non intersection,05 - Dusk,03 - P.D. only,03 - Rear end,Industrial Park
7481,CYRVILLE RD @ INNES RD,375046.7608,5031118.118,-75.60245763,45.41647203,2/23/2015,12:20,01 - Clear,01 - Dry,01 - Traffic signal,02 - Intersection related,01 - Daylight,03 - P.D. only,03 - Rear end,Industrial Park