Record,Location,X,Y,lon,lat,Date,Time,Environment,Road_Surface,Traffic_Control,Collision_Location,Light,Collision_Classification,Impact_type,Neighborhood
7690,HERON RD @ KALADAR AVE,369686.6873,5026804.056,-75.67150322,45.37817319,4/7/2015,17:22,01 - Clear,01 - Dry,01 - Traffic signal,03 - At intersection,01 - Daylight,03 - P.D. only,05 - Turning movement,Alta Vista
7691,COPE @ TERRY FOX,353996.3062,5015345.79,-75.87296828,45.27634725,2/26/2015,11:48,01 - Clear,02 - Wet,01 - Traffic signal,03 - At intersection,01 - Daylight,03 - P.D. only,05 - Turning movement,Glen Cairn - Kanata South Business Park
7692,ELGIN ST @ MACLAREN ST,368208.7134,5031125.129,-75.68981715,45.41718821,2/26/2015,8:21,01 - Clear,02 - Wet,01 - Traffic signal,03 - At intersection,01 - Daylight,03 - P.D. only,07 - SMV other,Centretown
7693,BOURCIER DR W @ TOMPKINS AVE,382407.9371,5037671.353,-75.50738384,45.47465488,1/5/2015,16:11,01 - Clear,02 - Wet,02 - Stop sign,02 - Intersection related,05 - Dusk,03 - P.D. only,03 - Rear end,Queenswood Heights
7694,ESSON ST @ HUNT CLUB RD,374638.7742,5025907.039,-75.60840745,45.36962613,3/7/2015,0:33,01 - Clear,01 - Dry,02 - Stop sign,03 - At intersection,07 - Dark,03 - P.D. only,02 - Angle,Hunt Club
7695,BANK ST btwn JOHNSTON RD & SOUTHKEYS SC,370880.6462,5024785.07,-75.65653003,45.35989544,2/28/2015,18:37,01 - Clear,01 - Dry,10 - No control,01 - Non intersection,07 - Dark,03 - P.D. only,99 - Other,South Keys - Heron Gate - Greenboro West
7696,MCCARTHY RD btwn SOUTHMORE DR W & PLANTE DR,369554.5233,5024583.599,-75.6734816,45.3582064,1/16/2015,0:49,03 - Snow,03 - Loose snow,10 - No control,01 - Non intersection,07 - Dark,03 - P.D. only,07 - SMV other,Hunt Club Woods - Quintarra - Revelstoke - Riverside South P
7697,MONTREAL RD btwn SINCLAIR ST & SHEFFORD RD,376091.0317,5034828.996,-75.58857936,45.44975467,1/10/2015,18:30,01 - Clear,05 - Packed snow,10 - No control,04 - At/near private drive,07 - Dark,03 - P.D. only,03 - Rear end,Beacon Hill South - Cardinal Heights
7698,DUNNING RD btwn RUSSELL RD & DEVINE RD,396400.5401,5027479.658,-75.33034676,45.38126835,4/3/2015,2:16,"07 - Fog, mist, smoke, dust",02 - Wet,10 - No control,01 - Non intersection,07 - Dark,03 - P.D. only,07 - SMV other,Navan - Vars
7699,CUMBERLAND ST @ RIDEAU ST,368375.4749,5032331.42,-75.68753095,45.42802686,4/3/2015,8:55,01 - Clear,01 - Dry,01 - Traffic signal,03 - At intersection,01 - Daylight,03 - P.D. only,02 - Angle,Byward Market - Parliament Hill
7700,BASELINE RD/HERON RD @ PRINCE OF WALES DR,366873.3455,5026438.317,-75.70746743,45.37513725,4/13/2015,16:08,01 - Clear,01 - Dry,01 - Traffic signal,02 - Intersection related,01 - Daylight,03 - P.D. only,03 - Rear end,Civic Hospital - Experimental Farm - Central Park
7701,BANK ST @ CATHERINE ST,368038.7415,5030267.09,-75.69209878,45.40948324,4/13/2015,13:50,01 - Clear,01 - Dry,01 - Traffic signal,03 - At intersection,01 - Daylight,03 - P.D. only,02 - Angle,Centretown
7702,WOODROFFE AVE btwn GRENFELL CRES & 260 N OF FALLOWFIELD RD/TRANSITWAY ,364866.8583,5018438.216,-75.73405448,45.30332816,3/16/2015,11:57,01 - Clear,01 - Dry,10 - No control,05 - At railway crossing,01 - Daylight,03 - P.D. only,07 - SMV other,Greenbelt
7703,BAYVIEW RD @ SCOTT ST/ALBERT ST,365518.0731,5030071.082,-75.72432248,45.40794283,3/15/2015,16:49,01 - Clear,01 - Dry,01 - Traffic signal,02 - Intersection related,01 - Daylight,03 - P.D. only,03 - Rear end,Mechanicsville
7704,WYMAN CRES btwn DOWNPATRICK RD & KENDRON LANE,370576.8599,5023310.915,-75.66060333,45.34666,2/25/2015,9:15,03 - Snow,05 - Packed snow,10 - No control,01 - Non intersection,01 - Daylight,03 - P.D. only,99 - Other,Hunt Club - Ottawa Airport
7705,QUEEN ST btwn O'CONNOR ST & METCALFE ST,367634.5635,5031670.577,-75.69708287,45.42214777,2/25/2015,8:26,02 - Rain,04 - Slush,10 - No control,01 - Non intersection,01 - Daylight,03 - P.D. only,06 - SMV unattended vehicle,Downtown
7706,PRINCE OF WALES DR @ WEST HUNT CLUB RD,367458.7103,5021891.021,-75.70057073,45.33416955,2/24/2015,9:06,01 - Clear,01 - Dry,01 - Traffic signal,02 - Intersection related,01 - Daylight,03 - P.D. only,03 - Rear end,Industrial Park
7707,INDUSTRIAL AVE @ RIVERSIDE DR,370685.5948,5030591.546,-75.65824436,45.4121584,2/24/2015,15:17,01 - Clear,02 - Wet,01 - Traffic signal,02 - Intersection related,01 - Daylight,03 - P.D. only,03 - Rear end,Industrial Park
7708,MAITLAND AVE btwn DUNCAN PL & LENESTER AVE,363071.8008,5026162.877,-75.75603258,45.37298533,3/25/2015,14:53,02 - Rain,02 - Wet,10 - No control,01 - Non intersection,01 - Daylight,03 - P.D. only,03 - Rear end,Carlingwood West - Glabar Park - McKellar Heights
7709,MAITLAND AVE btwn DUNCAN PL & LENESTER AVE,363070.9969,5026164.484,-75.75604266,45.37299986,3/25/2015,18:47,02 - Rain,02 - Wet,10 - No control,01 - Non intersection,07 - Dark,03 - P.D. only,03 - Rear end,Carlingwood West - Glabar Park - McKellar Heights
7710,LAURIER AVE @ NICHOLAS ST,368373.637,5031797.788,-75.68762332,45.4232256,4/9/2015,20:46,02 - Rain,02 - Wet,01 - Traffic signal,03 - At intersection,07 - Dark,03 - P.D. only,02 - Angle,Sandy Hill
7711,NAVAN RD btwn MER BLEUE RD & DIAMOND WAY,384150.2969,5032185.977,-75.4859871,45.42510658,4/10/2015,3:09,02 - Rain,02 - Wet,10 - No control,01 - Non intersection,07 - Dark,03 - P.D. only,07 - SMV other,Navan - Vars
7712,VANIER PKWY/CRICHTON ST @ BEECHWOOD AVE/ST. PA,369128.1575,5033487.07,-75.67776197,45.43835613,4/11/2015,2:41,06 - Strong wind,01 - Dry,01 - Traffic signal,02 - Intersection related,07 - Dark,03 - P.D. only,07 - SMV other,Vanier North
7713,DYNES RD btwn ARNOT RD & CLAYMOR AVE,366733.4789,5025665.596,-75.70934992,45.36819686,2/24/2015,15:30,01 - Clear,04 - Slush,10 - No control,01 - Non intersection,01 - Daylight,03 - P.D. only,01 - Approaching,Carleton Heights - Rideauview
7714,BASELINE RD @ CLYDE AVE,364359.6672,5024891.959,-75.73974479,45.36144153,3/3/2015,18:27,03 - Snow,03 - Loose snow,01 - Traffic signal,03 - At intersection,07 - Dark,03 - P.D. only,02 - Angle,Civic Hospital - Experimental Farm - Central Park
7715,REGIONAL ROAD 174 btwn OR174 IC109 RAMP56 & OR174 IC109 RAMP86,376454.4052,5034996.707,-75.58390998,45.45122647,2/13/2015,9:00,01 - Clear,01 - Dry,10 - No control,07 - Overpass or bridge,01 - Daylight,03 - P.D. only,03 - Rear end,Greenbelt
7716,BASELINE RD @ WOODROFFE AVE,362550.6541,5023770.987,-75.76296512,45.35150647,4/7/2015,8:50,01 - Clear,01 - Dry,01 - Traffic signal,03 - At intersection,01 - Daylight,03 - P.D. only,04 - Sideswipe,Iris
7717,ABBOTT ST @ IBER RD,351976.177,5014875.601,-75.89875907,45.2722548,2/26/2015,8:04,01 - Clear,06 - Ice,10 - No control,03 - At intersection,01 - Daylight,03 - P.D. only,02 - Angle,Stittsville
7718,BANK ST @ KINGSDALE AVE,373269.7076,5023500.037,-75.62621691,45.34810395,4/13/2015,21:32,02 - Rain,02 - Wet,02 - Stop sign,03 - At intersection,07 - Dark,03 - P.D. only,05 - Turning movement,Blossom Park - Blossom Park West - Sawmill Creek/ Timbermill
7719,DEMETER ST btwn LUDLOWE ST & TRIM RD,385926.5033,5037774.35,-75.46237115,45.47518164,4/13/2015,21:01,02 - Rain,02 - Wet,10 - No control,01 - Non intersection,07 - Dark,03 - P.D. only,06 - SMV unattended vehicle,Cardinal Creek
7720,DONALD B. MUNRO DR btwn CRAIG'S SIDE RD & FARMLAND RD,339085.3802,5023000.854,-76.06247911,45.34611635,3/7/2015,0:33,01 - Clear,06 - Ice,10 - No control,01 - Non intersection,07 - Dark,03 - P.D. only,07 - SMV other,Carp - Hardwood Plains
7721,FAIRMONT AVE btwn WELLINGTON ST W & DUHAMEL ST,365575.9331,5029666.983,-75.7236332,45.40430182,3/6/2015,21:34,01 - Clear,01 - Dry,10 - No control,01 - Non intersection,07 - Dark,03 - P.D. only,04 - Sideswipe,Mechanicsville
7722,HUNT CLUB RD @ DOWNPATRICK RD/MCCARTHY RD,370506.7705,5023400.991,-75.6614857,45.34747705,2/28/2015,18:15,01 - Clear,01 - Dry,01 - Traffic signal,03 - At intersection,05 - Dusk,03 - P.D. only,05 - Turning movement,Hunt Club East - Western Community
7723,EAGLESON RD btwn BARNSDALE RD & OTTAWA ST,358395.9861,5006483.818,-75.81785076,45.19628373,2/28/2015,13:09,01 - Clear,01 - Dry,08 - Traffic gate,05 - At railway crossing,01 - Daylight,03 - P.D. only,07 - SMV other,Munster Hamlet - Richmond
7724,LIVERY ST btwn BALIKUN HTS & GINSENG TERR,352513.0035,5015330.486,-75.89187411,45.27631176,5/19/2015,9:06,01 - Clear,01 - Dry,10 - No control,04 - At/near private drive,01 - Daylight,03 - P.D. only,06 - SMV unattended vehicle,Stittsville - Basswood
7725,WEST HUNT CLUB RD btwn MOODIE DR & HWY416 IC72 RAMP53,357937.5312,5018512.432,-75.82239957,45.30455432,4/3/2015,22:09,02 - Rain,02 - Wet,10 - No control,01 - Non intersection,07 - Dark,03 - P.D. only,01 - Approaching,Greenbelt
7726,APPLETON DR @ MEADOWBROOK RD,374928.8541,5032230.614,-75.60380558,45.42649349,3/23/2015,14:59,01 - Clear,01 - Dry,02 - Stop sign,03 - At intersection,01 - Daylight,03 - P.D. only,04 - Sideswipe,Pineview
7727,PARENT AVE btwn MURRAY ST & CLARENCE ST,367868.4705,5032479.587,-75.69399064,45.42940592,4/19/2015,16:02,01 - Clear,01 - Dry,10 - No control,01 - Non intersection,01 - Daylight,03 - P.D. only,06 - SMV unattended vehicle,Byward Market
7728,ST. JOSEPH BLVD @ REGIONAL RD 174/TRANSITWAY,376555.2801,5035056.187,-75.5826118,45.45175128,5/28/2015,14:39,01 - Clear,01 - Dry,01 - Traffic signal,02 - Intersection related,01 - Daylight,03 - P.D. only,03 - Rear end,Greenbelt
7729,RUSSELL RD btwn SOUTHVALE CRES & WALKLEY RD,374597.4466,5028558.73,-75.6085601,45.39348892,5/28/2015,16:39,01 - Clear,01 - Dry,10 - No control,04 - At/near private drive,01 - Daylight,03 - P.D. only,02 - Angle,Sheffield Glen
7730,WILHAVEN DR btwn ROYAL ORCHARD DR & LOUGH DR,393044.8831,5040981.43,-75.37076584,45.50317153,5/25/2015,17:40,02 - Rain,02 - Wet,10 - No control,01 - Non intersection,01 - Daylight,03 - P.D. only,07 - SMV other,Cumberland - Estates
7731,PRINCE OF WALES DR btwn NORMANDY CRES & FALAISE RD (1),367472.9461,5024803.852,-75.70002001,45.36037735,5/25/2015,19:15,02 - Rain,02 - Wet,10 - No control,01 - Non intersection,01 - Daylight,03 - P.D. only,07 - SMV other,Carleton Heights - Rideauview
7732,TENTH LINE RD btwn DES EPINETTES AVE & INNES RD,383752.2814,5036633.057,-75.49035897,45.46516255,5/26/2015,18:11,01 - Clear,01 - Dry,10 - No control,01 - Non intersection,01 - Daylight,03 - P.D. only,03 - Rear end,Orlans
7733,SNAKE ISLAND RD btwn MCGUIRE RD & BLANCHFIELD RD,375952.9803,5004775.549,-75.59466029,45.17935991,5/26/2015,21:20,01 - Clear,01 - Dry,10 - No control,01 - Non intersection,07 - Dark,03 - P.D. only,07 - SMV other,Kars - Osgoode
7734,PARKWAY RD btwn MILES CRES & MILES CRES,382994.1957,5016789.245,-75.5031939,45.28670782,5/28/2015,23:42,01 - Clear,01 - Dry,10 - No control,01 - Non intersection,07 - Dark,03 - P.D. only,07 - SMV other,Metcalfe
7735,ROCHESTER ST @ SOMERSET ST,366481.7051,5030202.205,-75.71199677,45.40903838,5/29/2015,6:12,01 - Clear,01 - Dry,01 - Traffic signal,02 - Intersection related,01 - Daylight,03 - P.D. only,03 - Rear end,Centretown West
7736,CENTREPOINTE DR @ CONSTELLATION CRES S,362377.1905,5023119.957,-75.76525454,45.34566281,5/28/2015,15:50,01 - Clear,01 - Dry,02 - Stop sign,03 - At intersection,01 - Daylight,03 - P.D. only,02 - Angle,Centrepointe
7737,MOORE ST @ SHEA RD,357274.0874,5007253.59,-75.83204783,45.20329476,5/29/2015,12:14,01 - Clear,01 - Dry,02 - Stop sign,03 - At intersection,01 - Daylight,03 - P.D. only,05 - Turning movement,Munster Hamlet - Richmond
7738,IRIS ST @ PINECREST SC,360638.6846,5023383.166,-75.78740824,45.34817171,4/11/2015,12:49,01 - Clear,01 - Dry,01 - Traffic signal,02 - Intersection related,01 - Daylight,03 - P.D. only,99 - Other,Iris
7739,FISHER AVE @ MEADOWLANDS DR,366575.0649,5025045.928,-75.71144953,45.36263519,4/11/2015,14:58,01 - Clear,01 - Dry,01 - Traffic signal,02 - Intersection related,01 - Daylight,03 - P.D. only,02 - Angle,Carleton Heights - Rideauview
7740,EAGLESON RD @ OTTAWA ST,358562.626,5006062.705,-75.81577539,45.19248175,5/13/2015,9:19,01 - Clear,01 - Dry,02 - Stop sign,03 - At intersection,01 - Daylight,03 - P.D. only,05 - Turning movement,Richmond
7741,BANK ST btwn BILLINGS TRANSIT & OHIO ST,369514.9048,5027663.713,-75.67358368,45.385924,5/14/2015,13:18,01 - Clear,01 - Dry,10 - No control,04 - At/near private drive,01 - Daylight,03 - P.D. only,05 - Turning movement,Alta Vista
7742,BERRIGAN DR @ LONGFIELDS DR,364304.1644,5015647.723,-75.7415638,45.27826726,3/8/2015,18:15,01 - Clear,03 - Loose snow,11 - Roundabout,03 - At intersection,05 - Dusk,03 - P.D. only,99 - Other,New Barrhaven
7743,RIVERSIDE DR @ PLEASANT PARK RD,369563.1787,5028413.568,-75.67286888,45.39266649,3/16/2015,8:30,01 - Clear,02 - Wet,01 - Traffic signal,02 - Intersection related,01 - Daylight,03 - P.D. only,03 - Rear end,Alta Vista
7744,WEATHERSTON ST btwn BRECKENRIDGE CRES & KLONDIKE RD,349125.385,5024019.763,-75.93427133,45.35472211,4/17/2015,7:57,01 - Clear,01 - Dry,10 - No control,04 - At/near private drive,01 - Daylight,03 - P.D. only,06 - SMV unattended vehicle,Morgan's Grant
7745,HERON RD btwn PRINCE OF WALES DR & TURN LANE (2),366972.5567,5026444.974,-75.70620002,45.37518836,4/17/2015,8:21,01 - Clear,01 - Dry,10 - No control,01 - Non intersection,01 - Daylight,03 - P.D. only,04 - Sideswipe,Civic Hospital - Experimental Farm - Central Park
7746,"EGLISE, RUE DE L btwn MONTREAL RD & COLLEGE CIRC",371189.6455,5033567.051,-75.65140425,45.43888306,3/13/2015,16:24,01 - Clear,02 - Wet,10 - No control,04 - At/near private drive,01 - Daylight,03 - P.D. only,02 - Angle,Vanier South
7747,INNES RD btwn PRESTWICK DR & TENTH LINE RD,383935.3748,5036151.368,-75.48809548,45.46080803,3/15/2015,15:30,01 - Clear,01 - Dry,10 - No control,04 - At/near private drive,01 - Daylight,03 - P.D. only,02 - Angle,Queenswood Heights
7748,COOPER ST @ ELGIN ST,368121.1554,5031270.508,-75.6909171,45.41850421,6/3/2015,13:52,01 - Clear,01 - Dry,01 - Traffic signal,02 - Intersection related,01 - Daylight,03 - P.D. only,06 - SMV unattended vehicle,Centretown
7749,MACDONALD-CARTIER BR btwn RAMP & END (2),367433.9386,5033207.797,-75.69945074,45.43599716,6/4/2015,8:30,01 - Clear,01 - Dry,10 - No control,07 - Overpass or bridge,01 - Daylight,03 - P.D. only,03 - Rear end,Byward Market - Parliament Hill
7750,HAWTHORNE RD @ STEVENAGE DR,375136.0198,5027313.897,-75.6018598,45.38223464,5/26/2015,9:58,01 - Clear,01 - Dry,01 - Traffic signal,03 - At intersection,01 - Daylight,03 - P.D. only,05 - Turning movement,Industrial Park
7751,STRANDHERD DR @ LONGFIELDS DR,364550.2519,5015172.244,-75.73848469,45.27396803,5/27/2015,7:50,01 - Clear,01 - Dry,01 - Traffic signal,02 - Intersection related,01 - Daylight,03 - P.D. only,05 - Turning movement,New Barrhaven
7752,EDITH AVE btwn GLYNN AVE & KING GEORGE ST,370924.7199,5032106.353,-75.65498634,45.42576544,5/13/2015,18:31,01 - Clear,01 - Dry,10 - No control,04 - At/near private drive,01 - Daylight,03 - P.D. only,05 - Turning movement,Overbrook
7753,CARP RD btwn FALLDOWN LANE & DONALD B. MUNRO DR,341175.9638,5022837.739,-76.0358137,45.34454327,5/14/2015,19:09,01 - Clear,01 - Dry,10 - No control,04 - At/near private drive,01 - Daylight,03 - P.D. only,05 - Turning movement,Carp
7754,KING EDWARD AVE @ ST. PATRICK ST,368249.6652,5032822.143,-75.68907536,45.43245364,3/24/2015,7:15,01 - Clear,01 - Dry,01 - Traffic signal,02 - Intersection related,01 - Daylight,03 - P.D. only,04 - Sideswipe,Byward Market
7755,BAYCREST DR @ WALKLEY RD,371421.8485,5026590.071,-75.64937935,45.37608499,4/2/2015,14:49,01 - Clear,01 - Dry,01 - Traffic signal,02 - Intersection related,01 - Daylight,03 - P.D. only,03 - Rear end,Ledbury - Heron Gate - Ridgemont - Elmwood
7756,VOYAGEUR DR btwn PADDLER WAY & JEANNE D'ARC BLVD N,379233.9514,5037762.335,-75.54796001,45.47581901,5/31/2015,19:02,01 - Clear,01 - Dry,10 - No control,01 - Non intersection,01 - Daylight,03 - P.D. only,03 - Rear end,Orleans South West
7757,ROGER GUINDON AVE @ SMYTH RD,371932.6656,5029226.659,-75.64249938,45.39975921,6/1/2015,7:30,01 - Clear,01 - Dry,01 - Traffic signal,02 - Intersection related,01 - Daylight,03 - P.D. only,03 - Rear end,Elmvale - Eastway - Riverview - Riverview Park West
7758,INNES RD @ BEARBROOK RD/GLEN PARK DR E,377994.7336,5032841.49,-75.56454028,45.43167565,5/26/2015,8:47,01 - Clear,01 - Dry,01 - Traffic signal,02 - Intersection related,01 - Daylight,03 - P.D. only,03 - Rear end,Blackburn Hamlet
7759,CARLING AVE @ PRESTON ST,366828.9893,5028935.193,-75.70771991,45.39760746,5/26/2015,23:49,01 - Clear,01 - Dry,01 - Traffic signal,03 - At intersection,07 - Dark,03 - P.D. only,07 - SMV other,Centretown West
7760,FALLOWFIELD RD @ WOODROFFE AVE,365085.15,5017903.55,-75.73133619,45.29849856,5/29/2015,7:18,01 - Clear,01 - Dry,01 - Traffic signal,02 - Intersection related,01 - Daylight,03 - P.D. only,03 - Rear end,New Barrhaven
7761,MARCH RD btwn 280 S OF CARLING AVE/STATION RD & RICHARDSON SIDE RD,351276.9758,5021854.11,-75.90701532,45.33509582,5/29/2015,8:32,01 - Clear,01 - Dry,10 - No control,04 - At/near private drive,01 - Daylight,03 - P.D. only,03 - Rear end,South March
7762,FISHER AVE btwn BASELINE RD & MALIBU TER,366185.9585,5025979.103,-75.71630001,45.3710659,5/29/2015,15:54,01 - Clear,01 - Dry,10 - No control,04 - At/near private drive,01 - Daylight,03 - P.D. only,99 - Other,Civic Hospital - Experimental Farm - Central Park
7763,MACLAREN ST @ METCALFE ST,368052.6706,5031032.094,-75.69182268,45.41636524,4/11/2015,19:00,01 - Clear,01 - Dry,01 - Traffic signal,03 - At intersection,01 - Daylight,03 - P.D. only,05 - Turning movement,Centretown
7764,CARLETON AVE @ PREMIER AVE,364095.6891,5029257.073,-75.7425898,45.40074049,4/12/2015,9:16,01 - Clear,01 - Dry,02 - Stop sign,03 - At intersection,01 - Daylight,03 - P.D. only,02 - Angle,Champlain Park
7765,REGIONAL ROAD 174 EB btwn HWY417 IC113 RAMP65 & OR174 BLAIR IC112 RAMP51,374716.3735,5032759.771,-75.60644547,45.43127583,3/20/2015,16:07,01 - Clear,01 - Dry,10 - No control,01 - Non intersection,01 - Daylight,03 - P.D. only,03 - Rear end,Pineview
7766,DUNROBIN RD btwn BUCKHAMS BAY RD & KILMAURS SIDE RD,335398.4102,5038635.343,-76.1085571,45.4869716,4/17/2015,9:51,01 - Clear,01 - Dry,10 - No control,01 - Non intersection,01 - Daylight,03 - P.D. only,07 - SMV other,Buckham'
7767,ST. PATRICK ST/ST. ANDREW ST @ BEAUSOLEIL DR,368428.6619,5033070.074,-75.68675587,45.43466817,4/17/2015,10:12,01 - Clear,01 - Dry,01 - Traffic signal,02 - Intersection related,01 - Daylight,03 - P.D. only,03 - Rear end,Lower Town
7768,BRIDGE ST @ WEST RIVER DR/ARTHUR CRES S,368974.895,5010209.901,-75.68273897,45.22892742,3/18/2015,16:43,01 - Clear,01 - Dry,02 - Stop sign,03 - At intersection,01 - Daylight,03 - P.D. only,03 - Rear end,Manotick
7769,BILBERRY DR btwn DES FORETS AVE & DU BOIS AVE,381201.5517,5038483.439,-75.52268508,45.48209438,3/20/2015,2:04,01 - Clear,01 - Dry,10 - No control,01 - Non intersection,07 - Dark,03 - P.D. only,06 - SMV unattended vehicle,Orleans South West
7770,LEN LUNNEY CRES btwn DRUMLINS AVE & COLLINGTON ST,367221.5486,5015270.207,-75.70443,45.27461743,4/5/2015,0:00,01 - Clear,01 - Dry,10 - No control,01 - Non intersection,00 - Unknown,03 - P.D. only,06 - SMV unattended vehicle,Chapman Mills - Rideau Crest - Davidson Heights
7771,FRANK ST btwn ROBERT ST & QUEEN ELIZABETH DRWY,368826.9013,5031168.9,-75.68191359,45.41752575,4/2/2015,15:38,01 - Clear,01 - Dry,10 - No control,01 - Non intersection,01 - Daylight,03 - P.D. only,06 - SMV unattended vehicle,Golden Triangle
7772,LONGFIELDS DR @ SILVER SAGE AVE,364506.0506,5016545.547,-75.73888278,45.28632875,7/31/2015,15:46,01 - Clear,01 - Dry,02 - Stop sign,03 - At intersection,01 - Daylight,02 - Non-fatal injury,07 - SMV other,New Barrhaven
7773,ALLEN BLVD @ MCARTHUR AVE,370751.4258,5032749.932,-75.65711445,45.43157245,5/28/2015,11:21,01 - Clear,01 - Dry,01 - Traffic signal,02 - Intersection related,01 - Daylight,03 - P.D. only,02 - Angle,Vanier South
7774,WATERLOO ST btwn COMMODORE DR & KARS RECTORY ST,371932.8604,5001748.296,-75.64621284,45.15251481,6/9/2015,10:10,01 - Clear,01 - Dry,10 - No control,01 - Non intersection,01 - Daylight,03 - P.D. only,06 - SMV unattended vehicle,Kars - Osgoode
7775,PRINCE OF WALES DR @ STRANDHERD DR,367175.2898,5014825.272,-75.70507541,45.27061805,6/9/2015,16:50,01 - Clear,01 - Dry,01 - Traffic signal,02 - Intersection related,01 - Daylight,03 - P.D. only,02 - Angle,Greenbelt
7776,GREENBANK RD @ HWY 417 IC129 RAMP57/IRIS ST,360530.3451,5023312.976,-75.78879863,45.34754876,4/4/2015,18:20,01 - Clear,01 - Dry,01 - Traffic signal,02 - Intersection related,01 - Daylight,03 - P.D. only,03 - Rear end,Iris
7777,LYON ST @ WELLINGTON ST,366936.2349,5031426.648,-75.7060362,45.42001535,4/11/2015,10:30,01 - Clear,01 - Dry,01 - Traffic signal,03 - At intersection,01 - Daylight,03 - P.D. only,03 - Rear end,Downtown
7778,HAWTHORNE RD/RUSSELL RD @ WALKLEY RD,374676.1853,5028497.74,-75.60756322,45.39293231,5/7/2015,13:13,01 - Clear,01 - Dry,01 - Traffic signal,02 - Intersection related,01 - Daylight,03 - P.D. only,04 - Sideswipe,Sheffield Glen
7779,INDUSTRIAL AVE @ TRAINYARDS DR,371686.6758,5030539.119,-75.64546307,45.41159172,5/11/2015,5:24,01 - Clear,02 - Wet,01 - Traffic signal,03 - At intersection,03 - Dawn,03 - P.D. only,05 - Turning movement,Industrial Park
7780,AGES DR @ HAWTHORNE RD,374972.4619,5027718.617,-75.60389052,45.38589252,6/1/2015,11:56,01 - Clear,01 - Dry,01 - Traffic signal,02 - Intersection related,01 - Daylight,03 - P.D. only,07 - SMV other,Industrial Park
7781,DES PERES BLANCS AVE @ MARIER AVE,370063.7109,5033671.072,-75.66578066,45.439925,2/3/2015,18:02,01 - Clear,05 - Packed snow,02 - Stop sign,03 - At intersection,07 - Dark,03 - P.D. only,05 - Turning movement,Vanier North
7782,MERIVALE RD btwn EMERALD PLAZA SC & MEADOWLANDS DR,364770.4695,5023928.168,-75.73461846,45.35273445,5/20/2015,14:30,01 - Clear,01 - Dry,10 - No control,01 - Non intersection,01 - Daylight,03 - P.D. only,04 - Sideswipe,Cityview - Skyline - Fisher Heights
7783,CARLING AVE WB btwn POULIN AVE & ALPINE AVE,360389.6026,5024873.609,-75.79041909,45.36160247,5/26/2015,15:53,01 - Clear,01 - Dry,10 - No control,01 - Non intersection,01 - Daylight,03 - P.D. only,04 - Sideswipe,Whitehaven - Queensway Terrace North
7784,FALLOWFIELD RD @ WOODROFFE AVE,365084.643,5017902.43,-75.73134279,45.29848853,5/29/2015,8:58,01 - Clear,01 - Dry,01 - Traffic signal,02 - Intersection related,01 - Daylight,03 - P.D. only,03 - Rear end,New Barrhaven
7785,DILWORTH RD btwn THIRD LINE RD S & RIDEAU VALLEY DR S,373843.6001,4996664.613,-75.62261674,45.10658777,5/29/2015,9:59,01 - Clear,01 - Dry,10 - No control,01 - Non intersection,01 - Daylight,03 - P.D. only,07 - SMV other,Kars - Osgoode
7786,CARLING AVE @ EDGEWORTH AVE,361261.6663,5025424.778,-75.77922542,45.36649216,5/29/2015,16:15,01 - Clear,01 - Dry,01 - Traffic signal,03 - At intersection,01 - Daylight,03 - P.D. only,05 - Turning movement,Woodroffe - Lincoln Heights
7787,PRINCE OF WALES DR @ WEST HUNT CLUB RD,367459.431,5021890.422,-75.70056161,45.3341641,5/29/2015,16:25,01 - Clear,02 - Wet,01 - Traffic signal,02 - Intersection related,01 - Daylight,03 - P.D. only,03 - Rear end,Industrial Park
7788,RIVERSIDE DR btwn FROBISHER LANE & END,370094.572,5029420.267,-75.66594959,45.40167506,4/17/2015,18:44,01 - Clear,01 - Dry,10 - No control,01 - Non intersection,01 - Daylight,03 - P.D. only,04 - Sideswipe,Industrial Park
7789,KATIMAVIK RD @ CURRAN ST/DAVIS AVE,351461.6501,5018494.84,-75.90497574,45.30485607,6/1/2015,16:25,01 - Clear,01 - Dry,02 - Stop sign,03 - At intersection,01 - Daylight,03 - P.D. only,02 - Angle,Katimavik - Hazeldean
7790,KING EDWARD AVE @ ST. PATRICK ST,368248.7013,5032822.508,-75.68908763,45.43245701,5/22/2015,7:38,01 - Clear,01 - Dry,01 - Traffic signal,02 - Intersection related,01 - Daylight,03 - P.D. only,04 - Sideswipe,Byward Market
7791,BASELINE RD @ FARLANE BLVD,365354.8806,5025519.107,-75.72696559,45.36699924,4/17/2015,16:20,01 - Clear,01 - Dry,01 - Traffic signal,02 - Intersection related,01 - Daylight,03 - P.D. only,03 - Rear end,Civic Hospital - Experimental Farm - Central Park
7792,HERON RD @ WALKLEY RD,372266.2112,5027081.045,-75.63853275,45.38042179,3/27/2015,8:13,01 - Clear,06 - Ice,01 - Traffic signal,02 - Intersection related,01 - Daylight,03 - P.D. only,07 - SMV other,Ledbury - Heron Gate - Ridgemont - Elmwood
7793,RIDEAU ST btwn CHAPEL ST & AUGUSTA ST,368948.3808,5032676.941,-75.68016519,45.43108342,2/18/2015,21:30,01 - Clear,02 - Wet,10 - No control,01 - Non intersection,07 - Dark,03 - P.D. only,06 - SMV unattended vehicle,Lowe