Record,Location,X,Y,lon,lat,Date,Time,Environment,Road_Surface,Traffic_Control,Collision_Location,Light,Collision_Classification,Impact_type,Neighborhood
7794,SHAKESPEARE ST btwn BRADLEY AVE & STE. ANNE ST,370471.583,5033636.924,-75.66057224,45.43957956,2/17/2015,12:40,01 - Clear,03 - Loose snow,10 - No control,01 - Non intersection,01 - Daylight,03 - P.D. only,06 - SMV unattended vehicle,Vanier North
7795,CAHILL DR btwn ALBION RD S & SANDHAMN PRIV,371732.7671,5024675.012,-75.64566946,45.35882434,2/4/2015,7:30,01 - Clear,01 - Dry,10 - No control,01 - Non intersection,03 - Dawn,03 - P.D. only,06 - SMV unattended vehicle,Greenboro East
7796,HOLLY ACRES RD btwn HWY416 IC75C RAMP24 & RICHMOND RD,358935.2562,5022799.018,-75.80920905,45.34304909,5/29/2015,7:48,01 - Clear,01 - Dry,10 - No control,01 - Non intersection,01 - Daylight,03 - P.D. only,03 - Rear end,Greenbelt
7797,ST. LAURENT BLVD btwn TREMBLAY RD & SHORE ST,372666.3445,5031058.153,-75.63287689,45.41616743,5/29/2015,15:25,01 - Clear,01 - Dry,10 - No control,01 - Non intersection,01 - Daylight,03 - P.D. only,99 - Other,Industrial Park
7798,TRAINYARDS DR btwn TERMINAL AVE & BELFAST RD,371877.6759,5030893.034,-75.64297498,45.41475781,5/22/2015,15:46,01 - Clear,01 - Dry,10 - No control,04 - At/near private drive,01 - Daylight,03 - P.D. only,05 - Turning movement,Industrial Park
7799,BANK ST btwn CAHILL DR & TURN LANE (1),371321.2294,5024300.511,-75.65097214,45.35549387,5/22/2015,22:09,01 - Clear,01 - Dry,10 - No control,04 - At/near private drive,07 - Dark,03 - P.D. only,03 - Rear end,South Keys - Heron Gate - Greenboro West
7800,ANDERSON RD @ NINTH LINE RD,382016.0421,5021094.225,-75.51499072,45.32554963,6/9/2015,19:06,01 - Clear,01 - Dry,02 - Stop sign,03 - At intersection,01 - Daylight,03 - P.D. only,07 - SMV other,Greenbelt
7801,BANK ST @ ST. BERNARD ST,373006.1812,5023707.418,-75.62955094,45.34999557,6/10/2015,7:51,01 - Clear,01 - Dry,01 - Traffic signal,02 - Intersection related,01 - Daylight,03 - P.D. only,03 - Rear end,Blossom Park - Blossom Park West - Sawmill Creek/ Timbermill
7802,LAPERRIERE AVE btwn CHURCHILL AVE S & MCBRIDE ST,364000.7507,5026634.757,-75.74411696,45.37715338,4/14/2015,9:02,01 - Clear,01 - Dry,10 - No control,04 - At/near private drive,01 - Daylight,03 - P.D. only,03 - Rear end,Carlington
7803,REGIONAL ROAD 174 btwn HWY417 IC113 RAMP67 & Continuation of REGIONAL ,373511.809,5031879.747,-75.62196114,45.42347721,11/10/2015,14:50,01 - Clear,01 - Dry,10 - No control,01 - Non intersection,01 - Daylight,03 - P.D. only,07 - SMV other,Industrial Park
7804,PAUL ANKA DR btwn UPLANDS DR & MCCARTHY RD,369632.4137,5023790.28,-75.67259155,45.35106113,5/15/2015,10:05,01 - Clear,01 - Dry,10 - No control,04 - At/near private drive,01 - Daylight,03 - P.D. only,05 - Turning movement,Hunt Club East - Western Community
7805,BANK ST btwn RIVERSIDE DR & BILLINGS TRANSIT,369403.0574,5027788.058,-75.67499556,45.38705314,2/4/2015,11:47,03 - Snow,03 - Loose snow,10 - No control,04 - At/near private drive,01 - Daylight,03 - P.D. only,04 - Sideswipe,Alta Vista
7806,WOODROFFE AVE btwn CARLING AVE & FOX CRES,361772.7287,5025712.18,-75.77266871,45.36903682,5/26/2015,16:14,01 - Clear,01 - Dry,10 - No control,01 - Non intersection,01 - Daylight,03 - P.D. only,05 - Turning movement,Carlingwood West - Glabar Park - McKellar Heights
7807,BELL ST    N btwn GLADSTONE AVE & LOUISA ST,366969.4816,5029920.915,-75.70580135,45.40646425,5/27/2015,15:58,01 - Clear,01 - Dry,10 - No control,01 - Non intersection,01 - Daylight,03 - P.D. only,06 - SMV unattended vehicle,Centretown West
7808,MELBOURNE AVE @ DOVERCOURT AVE,363460.177,5027357.781,-75.75093258,45.38370451,5/29/2015,10:12,01 - Clear,01 - Dry,02 - Stop sign,03 - At intersection,01 - Daylight,03 - P.D. only,02 - Angle,Carlingwood - McKellar Park - Laurentien View
7809,DERBY ST btwn VICTORIA ST & LLOYD GRAHAM AVE,385258.322,5011045.882,-75.47526586,45.23477713,5/29/2015,10:12,01 - Clear,01 - Dry,10 - No control,01 - Non intersection,01 - Daylight,03 - P.D. only,07 - SMV other,Metcalfe
7810,CARLING AVE @ RICHMOND RD,360245.679,5024782.273,-75.79226633,45.36079203,5/30/2015,14:08,02 - Rain,02 - Wet,01 - Traffic signal,02 - Intersection related,01 - Daylight,03 - P.D. only,03 - Rear end,Whitehaven - Queensway Terrace North
7811,GREENBANK RD @ HWY 417 IC129 RAMP57/IRIS ST,360532.8299,5023312.747,-75.78876694,45.34754651,5/30/2015,13:30,01 - Clear,01 - Dry,01 - Traffic signal,02 - Intersection related,01 - Daylight,03 - P.D. only,03 - Rear end,Iris
7812,LONGFIELDS DR @ VIA CAMPANALE AVE,364035.3282,5016248.2,-75.7449184,45.28369305,5/5/2015,19:04,01 - Clear,01 - Dry,02 - Stop sign,03 - At intersection,01 - Daylight,02 - Non-fatal injury,01 - Approaching,New Barrhaven
7813,LEITRIM RD @ RIVER RD,368018.9825,5017178.539,-75.6940245,45.29171715,6/2/2015,7:47,02 - Rain,02 - Wet,02 - Stop sign,03 - At intersection,01 - Daylight,03 - P.D. only,02 - Angle,Gloucester
7814,DEVINE RD btwn BOUNDARY RD & FRONTIER RD,388650.709,5021570.636,-75.4302889,45.32907478,5/23/2015,8:00,01 - Clear,01 - Dry,10 - No control,01 - Non intersection,01 - Daylight,03 - P.D. only,07 - SMV other,Navan - Vars
7815,CYRVILLE RD @ INNES RD,375047.004,5031119.204,-75.60245437,45.41648178,5/24/2015,15:18,01 - Clear,01 - Dry,01 - Traffic signal,02 - Intersection related,01 - Daylight,03 - P.D. only,03 - Rear end,Industrial Park
7816,DONALD ST @ ELAINE DR,372331.7866,5032480.104,-75.63695609,45.42899385,4/17/2015,17:11,01 - Clear,01 - Dry,01 - Traffic signal,02 - Intersection related,01 - Daylight,03 - P.D. only,03 - Rear end,Cummings
7817,CARLING AVE btwn BURKE RD & DEFENSE  RESEARCH COMPLEX,353129.4592,5022845.112,-75.88328464,45.34388787,4/17/2015,20:55,01 - Clear,01 - Dry,10 - No control,06 - Underpass or tunnel,07 - Dark,03 - P.D. only,01 - Approaching,Greenbelt
7818,WALKLEY RD btwn DON REID DR/RYDER ST & 160 W OF CONROY RD,372749.3768,5027372.089,-75.63232392,45.38299379,4/2/2015,7:27,03 - Snow,06 - Ice,10 - No control,01 - Non intersection,01 - Daylight,03 - P.D. only,03 - Rear end,Elmvale - Eastway - Riverview - Riverview Park West
7819,OLMSTEAD ST btwn MONTREAL RD & LEVIS AVE,370353.6869,5033170.018,-75.66214123,45.43538961,2/22/2015,3:08,01 - Clear,03 - Loose snow,10 - No control,01 - Non intersection,07 - Dark,03 - P.D. only,06 - SMV unattended vehicle,Vanier South
7820,BARSONA PL btwn LEBLANC DR & PASCAL PL,381484.4377,5037022.233,-75.51929508,45.46891667,4/4/2015,11:00,01 - Clear,01 - Dry,10 - No control,01 - Non intersection,01 - Daylight,03 - P.D. only,06 - SMV unattended vehicle,Queenswood Heights
7821,HAWTHORNE RD/RUSSELL RD @ WALKLEY RD,374675.4646,5028498.46,-75.60757232,45.39293886,6/4/2015,9:56,01 - Clear,01 - Dry,01 - Traffic signal,03 - At intersection,01 - Daylight,03 - P.D. only,02 - Angle,Sheffield Glen
7822,MERIVALE RD @ RAVEN AVE,364843.6384,5026869.738,-75.73332725,45.37919597,5/23/2015,16:25,01 - Clear,01 - Dry,02 - Stop sign,02 - Intersection related,01 - Daylight,03 - P.D. only,03 - Rear end,Carlington
7823,MILNER DOWNS CRES btwn EAGLEVIEW ST & BRIDGESTONE DR,355510.9603,5015819.307,-75.85361609,45.28050045,6/10/2015,13:54,01 - Clear,01 - Dry,10 - No control,04 - At/near private drive,01 - Daylight,03 - P.D. only,06 - SMV unattended vehicle,Bridlewood - Emerald Meadows
7824,INNES RD btwn CYRVILLE RD & STONEHENGE CRES,375091.6887,5031149.474,-75.60187919,45.41674964,6/11/2015,7:46,01 - Clear,01 - Dry,10 - No control,01 - Non intersection,01 - Daylight,03 - P.D. only,04 - Sideswipe,Industrial Park
7825,INDUSTRIAL AVE @ RIVERSIDE DR,370685.4393,5030592.914,-75.65824617,45.41217072,4/22/2015,7:20,01 - Clear,01 - Dry,01 - Traffic signal,02 - Intersection related,01 - Daylight,03 - P.D. only,03 - Rear end,Industrial Park
7826,AYLMER AVE btwn BARTON ST & GALT ST,368576.453,5028671.432,-75.68543635,45.39507723,5/16/2015,8:40,01 - Clear,01 - Dry,10 - No control,01 - Non intersection,01 - Daylight,03 - P.D. only,07 - SMV other,Old Ottawa South
7827,BRONSON AVE @ SUNNYSIDE AVE/UNIVERSITY RD - CA,367923.4308,5028091.187,-75.69385026,45.38991552,5/16/2015,14:00,01 - Clear,01 - Dry,01 - Traffic signal,03 - At intersection,01 - Daylight,03 - P.D. only,02 - Angle,Carleto
7828,RIVERSIDE DR @ PLEASANT PARK RD,369560.2871,5028415.496,-75.67290555,45.3926841,2/20/2015,10:16,01 - Clear,02 - Wet,01 - Traffic signal,02 - Intersection related,01 - Daylight,03 - P.D. only,03 - Rear end,Alta Vista
7829,GLADSTONE AVE @ KENT ST,367745.6681,5030459.089,-75.69581803,45.4112372,4/11/2015,15:41,01 - Clear,01 - Dry,01 - Traffic signal,02 - Intersection related,01 - Daylight,03 - P.D. only,03 - Rear end,Centretown
7830,TARTAN DR @ TOWNSEND DR N,363293.9577,5014719.071,-75.75454814,45.26999599,5/27/2015,7:15,01 - Clear,01 - Dry,02 - Stop sign,03 - At intersection,01 - Daylight,03 - P.D. only,02 - Angle,Barrhaven West - Old Barrhaven
7831,MEADOWLANDS DR btwn CLAYMOR AVE & DEBRA AVE,367060.8125,5025479.192,-75.70519503,45.36649063,5/27/2015,14:59,01 - Clear,01 - Dry,10 - No control,04 - At/near private drive,01 - Daylight,03 - P.D. only,02 - Angle,Carleton Heights - Rideauview
7832,DIAMONDVIEW RD btwn BAIRD SIDE RD & THOMAS A. DOLAN PKWY,333545.5687,5027274.258,-76.13292326,45.38481933,5/27/2015,20:04,01 - Clear,01 - Dry,10 - No control,01 - Non intersection,01 - Daylight,03 - P.D. only,07 - SMV other,Car
7833,PRINCE OF WALES DR btwn SECOND LINE RD S & BANKFIELD RD,365934.1887,5006825.062,-75.72187387,45.19874096,5/29/2015,11:07,01 - Clear,01 - Dry,10 - No control,01 - Non intersection,01 - Daylight,03 - P.D. only,04 - Sideswipe,Manotick
7834,BAYVIEW DR btwn WENDIGO WAY & MACROSTIE LANE,337127.2792,5040773.091,-76.08629956,45.50612956,5/30/2015,14:30,01 - Clear,02 - Wet,10 - No control,01 - Non intersection,01 - Daylight,03 - P.D. only,06 - SMV unattended vehicle,Buckham'
7835,CAMPEAU DR @ TERRY FOX DR,350455.6007,5019010.202,-75.91775662,45.30955955,5/30/2015,15:00,02 - Rain,02 - Wet,01 - Traffic signal,02 - Intersection related,01 - Daylight,03 - P.D. only,03 - Rear end,Kanata Lakes - Marchwood Lakeside - Morgan's Grant - Kanata
7836,CLYDE AVE btwn DOHENY ST & DOBBIE ST,363620.6245,5026629.427,-75.74897068,45.37713743,6/2/2015,8:33,02 - Rain,02 - Wet,10 - No control,04 - At/near private drive,01 - Daylight,03 - P.D. only,05 - Turning movement,Carlingwood West - Glabar Park - McKellar Heights
7837,RIVER GARDEN PRIV @ WALKLEY RD,368605.62,5024914.96,-75.68554926,45.3612749,6/2/2015,9:08,01 - Clear,01 - Dry,10 - No control,03 - At intersection,01 - Daylight,03 - P.D. only,05 - Turning movement,Hunt Club Woods - Quintarra - Revelstoke - Riverside South P
7838,CUMBERLAND ST @ YORK ST,368261.2573,5032520.519,-75.68896609,45.42973868,5/27/2015,17:46,01 - Clear,01 - Dry,01 - Traffic signal,02 - Intersection related,01 - Daylight,03 - P.D. only,04 - Sideswipe,Byward Market
7839,BRONSON AVE btwn COOPER ST & SOMERSET ST W,366959.0214,5030495.367,-75.70586253,45.41163393,3/1/2015,19:50,01 - Clear,01 - Dry,10 - No control,04 - At/near private drive,07 - Dark,03 - P.D. only,02 - Angle,Centretown West
7840,CROYDON AVE @ RICHMOND RD,360545.6868,5025271.074,-75.78838205,45.36516645,3/9/2015,15:15,01 - Clear,01 - Dry,01 - Traffic signal,02 - Intersection related,01 - Daylight,03 - P.D. only,99 - Other,Woodroffe - Lincoln Heights
7841,LISGAR RD btwn PRINCESS AVE & MARIPOSA AVE,368695.7951,5034431.662,-75.68316519,45.44689485,4/17/2015,9:40,01 - Clear,01 - Dry,10 - No control,01 - Non intersection,01 - Daylight,03 - P.D. only,01 - Approaching,Rockcliffe - Manor Park
7842,HAZELDEAN RD btwn CEDAROW CRT & FRINGEWOOD DR,350607.0973,5015776.454,-75.91612338,45.28045148,4/18/2015,10:47,01 - Clear,01 - Dry,10 - No control,04 - At/near private drive,01 - Daylight,03 - P.D. only,02 - Angle,Stittsville
7843,BANK ST btwn HERON RD & ANOKA ST,370008.2501,5026815.398,-75.66739633,45.37824539,4/13/2015,3:06,01 - Clear,01 - Dry,10 - No control,04 - At/near private drive,07 - Dark,03 - P.D. only,02 - Angle,Alta Vista
7844,SUSAN ST btwn ST. LAURENT BLVD & MARTHA AVE,373841.575,5028236.626,-75.61825786,45.39066571,4/13/2015,13:37,01 - Clear,01 - Dry,10 - No control,04 - At/near private drive,01 - Daylight,03 - P.D. only,02 - Angle,Hawthorne Meadows
7845,WEST HUNT CLUB RD @ ROYDON PL/SUNDERLAND ST,365973.7076,5022169.13,-75.71948093,45.33680297,6/4/2015,16:46,01 - Clear,01 - Dry,01 - Traffic signal,02 - Intersection related,01 - Daylight,03 - P.D. only,03 - Rear end,Industrial Park
7846,BASELINE RD @ GREENBANK RD,360596.9636,5022584.14,-75.78803075,45.34098541,6/4/2015,15:50,01 - Clear,01 - Dry,01 - Traffic signal,02 - Intersection related,01 - Daylight,03 - P.D. only,03 - Rear end,Qualicum - Redwood Park
7847,HUNTMAR DR btwn BURNABY DR & ROSEHILL AVE,350473.0672,5016487.597,-75.91776624,45.28685929,6/4/2015,10:25,01 - Clear,01 - Dry,10 - No control,01 - Non intersection,01 - Daylight,03 - P.D. only,03 - Rear end,Stittsville
7848,FRINGEWOOD DR btwn HAZELDEAN RD & CLOVERLOFT CRT,350813.9239,5015828.71,-75.91348237,45.28090819,6/4/2015,12:27,01 - Clear,01 - Dry,10 - No control,01 - Non intersection,01 - Daylight,03 - P.D. only,05 - Turning movement,Stittsville
7849,SCRIVENS ST btwn WALTER ST & CARLING AVE,359386.8569,5024345.685,-75.80327612,45.35693101,6/11/2015,8:14,01 - Clear,01 - Dry,10 - No control,04 - At/near private drive,01 - Daylight,03 - P.D. only,05 - Turning movement,Bayshore
7850,CALDWELL AVE @ MERIVALE RD,364906.4341,5026230.894,-75.73260327,45.37344238,1/4/2015,17:34,03 - Snow,04 - Slush,01 - Traffic signal,03 - At intersection,05 - Dusk,03 - P.D. only,07 - SMV other,Civic Hospital - Experimental Farm - Central Park
7851,JOCKVALE RD @ STRANDHERD DR,363560.4805,5014578.198,-75.75116851,45.2687062,5/20/2015,13:15,01 - Clear,01 - Dry,01 - Traffic signal,02 - Intersection related,01 - Daylight,03 - P.D. only,03 - Rear end,Barrhaven West - Old Barrhaven
7852,CLAYMOR AVE @ MEADOWLANDS DR,366920.7054,5025322.885,-75.70700308,45.36509665,5/21/2015,14:34,01 - Clear,01 - Dry,01 - Traffic signal,03 - At intersection,01 - Daylight,03 - P.D. only,02 - Angle,Carleton Heights - Rideauview
7853,BARNSDALE RD @ PRINCE OF WALES DR,366645.9755,5011531.332,-75.7122304,45.24102603,5/20/2015,11:16,01 - Clear,01 - Dry,02 - Stop sign,03 - At intersection,01 - Daylight,03 - P.D. only,02 - Angle,New Barrhaven
7854,INDUSTRIAL AVE @ ALTA VISTA DR/SANDFORD FLEMIN,370884.7238,5030557.21,-75.65570517,45.41183068,4/24/2015,14:12,01 - Clear,01 - Dry,01 - Traffic signal,02 - Intersection related,01 - Daylight,03 - P.D. only,03 - Rear end,Industrial Park
7855,HUNT CLUB RD @ LINDBERGH PRIV,368362.8992,5022133.576,-75.68900466,45.33627069,5/6/2015,16:14,01 - Clear,01 - Dry,02 - Stop sign,02 - Intersection related,01 - Daylight,03 - P.D. only,02 - Angle,Hunt Club - Ottawa Airport
7856,HWY 417 INNES IC112R68 @ INNES RD,374641.8221,5030921.895,-75.60765871,45.41474706,6/1/2015,13:44,01 - Clear,01 - Dry,01 - Traffic signal,02 - Intersection related,01 - Daylight,03 - P.D. only,03 - Rear end,Industrial Park
7857,BANK ST @ RIDEAU RD,376954.7525,5017844.833,-75.58001974,45.29685153,6/1/2015,3:40,01 - Clear,01 - Dry,01 - Traffic signal,03 - At intersection,07 - Dark,03 - P.D. only,07 - SMV other,Greenbelt
7858,CARP RD btwn JUANITA AVE & FALLDOWN LANE,340871.4003,5023184.627,-76.03967475,45.34768043,6/2/2015,15:10,01 - Clear,01 - Dry,10 - No control,01 - Non intersection,01 - Daylight,03 - P.D. only,03 - Rear end,Carp
7859,WELLINGTON ST btwn BANK ST & O'CONNOR ST,367293.0223,5031648.393,-75.70144956,45.42197876,6/2/2015,17:51,01 - Clear,01 - Dry,10 - No control,01 - Non intersection,01 - Daylight,03 - P.D. only,07 - SMV other,Downtown
7860,CUMMINGS AVE @ OGILVIE RD,372747.9995,5032170.225,-75.63168033,45.4261654,5/28/2015,14:44,01 - Clear,01 - Dry,01 - Traffic signal,02 - Intersection related,01 - Daylight,03 - P.D. only,03 - Rear end,Cummings
7861,IMPERIAL AVE btwn BRONSON AVE & CHAMBERLAIN AVE,367339.5662,5029658.142,-75.7011074,45.40406693,3/14/2015,4:08,01 - Clear,01 - Dry,10 - No control,01 - Non intersection,07 - Dark,03 - P.D. only,07 - SMV other,The Glebe
7862,KING EDWARD AVE @ MURRAY ST,368291.6162,5032753.647,-75.68854809,45.43183353,4/18/2015,14:45,01 - Clear,01 - Dry,01 - Traffic signal,02 - Intersection related,01 - Daylight,03 - P.D. only,03 - Rear end,Byward Market
7863,HOLMWOOD AVE btwn BANK ST & ADELAIDE ST,368573.484,5029253.964,-75.68539895,45.40031894,4/18/2015,14:53,01 - Clear,01 - Dry,10 - No control,01 - Non intersection,01 - Daylight,03 - P.D. only,07 - SMV other,The Glebe
7864,LYON ST @ WELLINGTON ST,366935.271,5031427.612,-75.70604839,45.42002411,4/14/2015,19:01,01 - Clear,01 - Dry,01 - Traffic signal,03 - At intersection,01 - Daylight,03 - P.D. only,05 - Turning movement,Downtown
7865,HUNT CLUB RD btwn TO BE DETERMINED & DUNSTON TER,372217.4186,5024429.257,-75.63951758,45.35656669,4/16/2015,14:33,01 - Clear,01 - Dry,10 - No control,01 - Non intersection,01 - Daylight,03 - P.D. only,04 - Sideswipe,Greenboro East
7866,JOCKVALE RD @ EXETER DR/TARTAN DR,363324.4002,5014773.056,-75.75415385,45.27047922,6/4/2015,17:30,01 - Clear,01 - Dry,11 - Roundabout,03 - At intersection,01 - Daylight,03 - P.D. only,03 - Rear end,Barrhaven West - Old Barrhaven
7867,FALLOWFIELD RD @ WOODROFFE AVE,365083.7086,5017902.83,-75.73135465,45.29849221,6/4/2015,18:10,01 - Clear,01 - Dry,01 - Traffic signal,03 - At intersection,01 - Daylight,03 - P.D. only,03 - Rear end,New Barrhaven
7868,RIDEAU VALLEY DR    N btwn MANOTICK MAIN ST & KELLY MARIE DR,370062.9224,5008793.731,-75.66907015,45.21608484,6/4/2015,13:09,01 - Clear,01 - Dry,10 - No control,01 - Non intersection,01 - Daylight,03 - P.D. only,07 - SMV other,Manotick
7869,CAMPEAU DR btwn CONACHER GT & KNUDSON DR,351592.7885,5019757.862,-75.9031843,45.31621233,6/5/2015,3:08,01 - Clear,01 - Dry,10 - No control,01 - Non intersection,07 - Dark,03 - P.D. only,07 - SMV other,Kanata
7870,CHARLEMAGNE BLVD @ MERKLEY DR,384680.3199,5037802.93,-75.47830294,45.47558244,5/28/2015,13:25,01 - Clear,01 - Dry,02 - Stop sign,03 - At intersection,01 - Daylight,03 - P.D. only,07 - SMV other,Fallingbrook
7871,CATHERINE ST @ KENT ST,367908.6714,5030188.082,-75.69377043,45.40878409,1/12/2015,6:45,03 - Snow,03 - Loose snow,01 - Traffic signal,02 - Intersection related,07 - Dark,03 - P.D. only,04 - Sideswipe,Centretown
7872,2ND LINE RD btwn CABIN RD & LOMBARDY DR,375721.3556,5002499.61,-75.59793041,45.1589047,5/24/2015,14:24,01 - Clear,01 - Dry,10 - No control,01 - Non intersection,01 - Daylight,03 - P.D. only,07 - SMV other,Kars - Osgoode
7873,MEADOWLANDS DR btwn SULLIVAN AVE & 68 W OF THATCHER ST/BROOK LANE PS,363405.3885,5022919.462,-75.75215852,45.34377362,5/21/2015,12:06,01 - Clear,01 - Dry,10 - No control,01 - Non intersection,01 - Daylight,03 - P.D. only,06 - SMV unattended vehicle,Crestview - Meadowlands
7874,CATHERINE ST/HWY 417 O'CONN IC119BR76 @ O'CONN,368243.711,5030392.204,-75.68946437,45.41059042,5/7/2015,22:04,01 - Clear,01 - Dry,01 - Traffic signal,03 - At intersection,07 - Dark,03 - P.D. only,05 - Turning movement,Centretown
7875,WALKLEY RD btwn AUDREY AVE & TAWNEY RD,374073.5609,5028150.279,-75.61530761,45.38986589,6/1/2015,16:04,01 - Clear,01 - Dry,10 - No control,01 - Non intersection,01 - Daylight,03 - P.D. only,04 - Sideswipe,Hawthorne Meadows
7876,AVIATION PKWY @ OGILVIE RD,373109.2728,5032375.505,-75.62703562,45.42797722,6/1/2015,16:57,01 - Clear,01 - Dry,01 - Traffic signal,02 - Intersection related,01 - Daylight,03 - P.D. only,03 - Rear end,Industrial Park
7877,EDGEWOOD AVE @ RICHMOND RD,363396.6512,5028402.07,-75.75161972,45.39310617,1/31/2015,17:28,01 - Clear,02 - Wet,02 - Stop sign,03 - At intersection,05 - Dusk,03 - P.D. only,02 - Angle,Westboro
7878,BOUNDARY RD btwn COOPER HILL RD & Continuation of BOUNDARY RD,389795.5543,5017551.242,-75.41637575,45.29277409,10/10/2015,19:28,01 - Clear,01 - Dry,10 - No control,01 - Non intersection,07 - Dark,03 - P.D. only,99 - Other,Metcalfe
7879,BANKFIELD RD @ MANOTICK MAIN ST/RIDEAU VALLEY ,368431.6985,5010157.761,-75.68966249,45.22850755,5/30/2015,13:29,01 - Clear,01 - Dry,01 - Traffic signal,03 - At intersection,01 - Daylight,03 - P.D. only,05 - Turning movement,Manotick
7880,TERRY FOX DR btwn CAMPEAU DR & DIDSBURY RD,350500.7211,5018994.486,-75.91718268,45.3094152,5/30/2015,16:23,02 - Rain,02 - Wet,10 - No control,04 - At/near private drive,01 - Daylight,03 - P.D. only,05 - Turning movement,Kanata
7881,TERRY FOX DR btwn MAPLE GROVE RD & WALTER BAKER PL,351593.969,5017817.978,-75.9033524,45.29875669,6/1/2015,9:18,01 - Clear,01 - Dry,10 - No control,01 - Non intersection,01 - Daylight,03 - P.D. only,03 - Rear end,Katimavik - Hazeldean
7882,BRONSON AVE @ POWELL AVE,367387.1582,5029476.854,-75.70052252,45.4024315,6/1/2015,13:20,01 - Clear,01 - Dry,01 - Traffic signal,03 - At intersection,01 - Daylight,03 - P.D. only,05 - Turning movement,The Glebe
7883,CONSTELLATION CRES btwn TURN LANE & CENTREPOINTE DR,362394.5223,5023474.639,-75.76499208,45.34885279,6/2/2015,17:55,01 - Clear,01 - Dry,10 - No control,04 - At/near private drive,01 - Daylight,03 - P.D. only,02 - Angle,Centrepointe
7884,HWY 417 INNES IC112R55 @ INNES RD,374196.5932,5030695.336,-75.61337843,45.41275289,6/2/2015,17:40,01 - Clear,01 - Dry,10 - No control,02 - Intersection related,01 - Daylight,03 - P.D. only,03 - Rear end,Industrial Park
7885,LYON ST @ SLATER ST,367101.9839,5031151.506,-75.70395328,45.41752496,5/28/2015,17:41,01 - Clear,01 - Dry,01 - Traffic signal,02 - Intersection related,01 - Daylight,03 - P.D. only,05 - Turning movement,Downtown
7886,GREENBANK RD @ LISA AVE,360555.3958,5022893.132,-75.78852629,45.34376902,5/28/2015,18:46,01 - Clear,01 - Dry,01 - Traffic signal,03 - At intersection,01 - Daylight,03 - P.D. only,02 - Angle,Iris
7887,UPPER DWYER HILL RD btwn UPPER DWYER HILL RD & HIGHWAY 7,340909.7384,5007249.504,-76.04034464,45.20428627,3/19/2015,6:43,01 - Clear,01 - Dry,10 - No control,01 - Non intersection,01 - Daylight,03 - P.D. only,07 - SMV other,Munster Hamlet - Richmond
7888,INNES RD/PRESTWICK DR @ LANTHIER DR,383540.0716,5035994.68,-75.49317453,45.45944296,4/18/2015,22:04,02 - Rain,02 - Wet,01 - Traffic signal,02 - Intersection related,07 - Dark,03 - P.D. only,03 - Rear end,Queenswood Heights
7889,GENEST ST btwn LOYER ST & ST. CHARLES ST,369525.6355,5033568.619,-75.67267125,45.43905319,4/17/2015,10:56,01 - Clear,01 - Dry,10 - No control,01 - Non intersection,01 - Daylight,03 - P.D. only,06 - SMV unattended vehicle,Vanier North
7890,BANK ST btwn QUEENSDALE AVE & LESTER RD,373362.6889,5023419.207,-75.62504167,45.34736759,6/5/2015,11:31,01 - Clear,01 - Dry,10 - No control,04 - At/near private drive,01 - Daylight,03 - P.D. only,02 - Angle,Blossom Park - Blossom Park West - Sawmill Creek/ Timbermill
7891,NOTRE DAME ST btwn BOYER RD & GAULTOIS AVE,380564.2477,5036796.324,-75.53109636,45.46698455,6/4/2015,0:00,01 - Clear,01 - Dry,10 - No control,01 - Non intersection,00 - Unknown,03 - P.D. only,06 - SMV unattended vehicle,Chapel Hill
7892,BRUYERE ST @ KING EDWARD AVE,368140.703,5033040.074,-75.69043979,45.43442438,1/13/2015,1:08,03 - Snow,05 - Packed snow,02 - Stop sign,03 - At intersection,07 - Dark,03 - P.D. only,05 - Turning movement,Lower Town
7893,MACFARLANE RD btwn BRIGGS AVE & MERIVALE RD,366177.8468,5020643.387,-75.71706572,45.32305672,5/25/2015,10:30,02 - Rain,02 - Wet,10 - No control,01 - Non intersection,01 - Daylight,03 - P.D. only,07 - SMV other,Merivale Gardens - Grenfell Glen - Pineglen - Country Place
7894,BANK ST btwn CAHILL DR & TURN LANE (2),371393.6014,5024246.506,-75.65005582,45.35500108,5/26/2015,13:51,01 - Clear,01 - Dry,10 - No control,04 - At/near private drive,01 - Daylight,03 - P.D. only,02 - Angle,South Keys - Heron Gate - Greenboro West
7895,HAZELDEAN RD btwn 246 E OF CASTLEFRANK RD & IRWIN GT,353162.9463,5018107.295,-75.88332004,45.30125377,5/21/2015,14:25,01 - Clear,01 - Dry,10 - No control,04 - At/near private drive,01 - Daylight,03 - P.D. only,03 - Rear end,Katimavik - Hazeldean
7896,HAWTHORNE RD @ WHYTE SIDE RD,376247.0272,5024595.154,-75.58806804,45.35766032,5/21/2015,15:00,01 - Clear,01 - Dry,02 - Stop sign,03 - At intersection,01 - Daylight,03 - P.D. only,02 - Angle,Greenbelt
7897,TERRY FOX DR S @ DIDSBURY RD/CENTRUM KANATA SC,350622.5661,5018916.169,-75.91563612,45.30870254,5/10/2015,18:51,02 - Rain,02 - Wet,01 - Traffic signal,02 - Intersection related,01 - Daylight,03 - P.D. only,03 - Rear end,Kanata