Record,Location,X,Y,lon,lat,Date,Time,Environment,Road_Surface,Traffic_Control,Collision_Location,Light,Collision_Classification,Impact_type,Neighborhood
7898,INNES RD btwn HWY417 IC112 RAMP67 & HWY417 IC112 RAMP66,374786.7403,5030969.846,-75.60580056,45.41516402,5/13/2015,7:30,01 - Clear,01 - Dry,10 - No control,01 - Non intersection,01 - Daylight,03 - P.D. only,99 - Other,Industrial Park
7899,CAMERON ST @ REGIONAL RD 174,389861.7375,5042618.046,-75.41120784,45.51829121,3/19/2015,17:19,01 - Clear,01 - Dry,01 - Traffic signal,02 - Intersection related,01 - Daylight,03 - P.D. only,04 - Sideswipe,Cumberland - Estates
7900,SABLE RIDGE DR btwn CARRIAGE HILL PL & QUAIL RUN AVE,372925.6097,5024498.808,-75.63047003,45.35712403,4/8/2015,18:05,01 - Clear,01 - Dry,10 - No control,01 - Non intersection,01 - Daylight,03 - P.D. only,01 - Approaching,Blossom Park - Blossom Park West - Sawmill Creek/ Timbermill
7901,KNOXDALE RD @ WEST HUNT CLUB RD,361862.965,5020584.117,-75.77210844,45.32288742,5/30/2015,17:15,02 - Rain,02 - Wet,01 - Traffic signal,02 - Intersection related,01 - Daylight,03 - P.D. only,03 - Rear end,Woodvale - Craig Henry - Manordale - Estates of Arlington Wo
7902,COVENTRY RD btwn ST. LAURENT SC WEST & ST. LAURENT SC EAST,372004.8351,5031934,-75.64120851,45.42411175,5/30/2015,22:17,02 - Rain,02 - Wet,10 - No control,01 - Non intersection,07 - Dark,03 - P.D. only,07 - SMV other,Overbrook
7903,GRENFELL CRES @ WOODROFFE AVE,364542.9676,5019227.836,-75.73808904,45.31046073,6/1/2015,13:20,01 - Clear,01 - Dry,02 - Stop sign,02 - Intersection related,01 - Daylight,03 - P.D. only,07 - SMV other,Merivale Gardens - Grenfell Glen - Pineglen - Country Place
7904,MERIVALE RD btwn COLONNADE RD & WOODFIELD DR/ROYDON PL,365455.4939,5022312.553,-75.72607466,45.33813846,6/1/2015,13:51,01 - Clear,01 - Dry,10 - No control,01 - Non intersection,01 - Daylight,03 - P.D. only,04 - Sideswipe,Tanglewood
7905,KING EDWARD AVE @ RIDEAU ST,368511.7072,5032413.95,-75.68577946,45.42875704,6/1/2015,18:26,01 - Clear,01 - Dry,01 - Traffic signal,02 - Intersection related,01 - Daylight,03 - P.D. only,03 - Rear end,Lowe
7906,ELIZABETH ST btwn OSGOODE MAIN ST & PHILIP ST,375076.2943,5001044.341,-75.60633881,45.14587485,6/3/2015,7:51,01 - Clear,01 - Dry,10 - No control,04 - At/near private drive,01 - Daylight,03 - P.D. only,02 - Angle,Kars - Osgoode
7907,METCALFE ST @ LAURIER AVE,367793.2164,5031450.816,-75.69508386,45.42015617,5/29/2015,11:49,01 - Clear,01 - Dry,01 - Traffic signal,02 - Intersection related,01 - Daylight,03 - P.D. only,03 - Rear end,Downtown
7908,RICHMOND RD btwn WEST HUNT CLUB RD & STONEHAVEN DR,356778.5993,5015900.816,-75.83745075,45.2811413,5/29/2015,16:01,01 - Clear,01 - Dry,10 - No control,04 - At/near private drive,01 - Daylight,03 - P.D. only,03 - Rear end,Bridlewood - Emerald Meadows
7909,MEADOWLANDS DR @ MERIVALE RD,364859.6638,5023727.92,-75.73350453,45.35092501,3/20/2015,7:27,01 - Clear,01 - Dry,01 - Traffic signal,02 - Intersection related,01 - Daylight,03 - P.D. only,04 - Sideswipe,Cityview - Skyline - Fisher Heights
7910,KING EDWARD AVE @ YORK ST,368396.7091,5032622.071,-75.68722208,45.43064011,3/21/2015,10:38,01 - Clear,01 - Dry,01 - Traffic signal,02 - Intersection related,01 - Daylight,03 - P.D. only,04 - Sideswipe,Lower Town
7911,CEDARVIEW RD btwn WEST HUNT CLUB RD & LYTLE AVE,360427.3909,5017681.966,-75.79074488,45.29688897,4/20/2015,8:40,02 - Rain,02 - Wet,10 - No control,01 - Non intersection,01 - Daylight,03 - P.D. only,03 - Rear end,Greenbelt
7912,EDGAR BRAULT ST btwn ST. JOSEPH BLVD & RIDGEGATE ST,381584.4342,5037511.877,-75.51793991,45.47331109,4/19/2015,0:00,01 - Clear,01 - Dry,10 - No control,01 - Non intersection,00 - Unknown,03 - P.D. only,06 - SMV unattended vehicle,Orleans Village - Chateauneuf
7913,BANK ST @ RIDEAU RD,376953.7886,5017843.991,-75.58003215,45.29684405,4/17/2015,12:39,01 - Clear,01 - Dry,01 - Traffic signal,02 - Intersection related,01 - Daylight,03 - P.D. only,03 - Rear end,Greenbelt
7914,ST. PATRICK ST/ST. ANDREW ST @ BEAUSOLEIL DR,368428.1475,5033069.581,-75.6867625,45.43466378,4/17/2015,10:28,01 - Clear,01 - Dry,01 - Traffic signal,03 - At intersection,01 - Daylight,03 - P.D. only,07 - SMV other,Lower Town
7915,WHYTE SIDE RD btwn HAWTHORNE RD & RAMSAYVILLE RD,377911.4804,5025557.69,-75.56668378,45.36614912,6/5/2015,4:10,01 - Clear,01 - Dry,10 - No control,01 - Non intersection,07 - Dark,03 - P.D. only,07 - SMV other,Greenbelt
7916,BANK ST @ ORVILLE KEMP ST,375212.7488,5021967.14,-75.60164178,45.33411921,6/5/2015,15:33,01 - Clear,01 - Dry,02 - Stop sign,02 - Intersection related,01 - Daylight,03 - P.D. only,07 - SMV other,Greenbelt
7917,WOODROFFE AVE btwn GEORGINA DR & HWY417 IC127 RAMP36,361929.8668,5025324.033,-75.77070769,45.36553152,6/5/2015,15:40,01 - Clear,01 - Dry,10 - No control,01 - Non intersection,01 - Daylight,03 - P.D. only,03 - Rear end,Whitehaven - Queensway Terrace North
7918,INNES RD btwn HWY417 IC112 RAMP65 & HWY417 IC112 RAMP56,374425.546,5030829.35,-75.61043472,45.41393594,6/2/2015,17:40,01 - Clear,01 - Dry,10 - No control,01 - Non intersection,01 - Daylight,03 - P.D. only,03 - Rear end,Industrial Park
7919,BLAIR PL @ OGILVIE RD,374799.7225,5033371.221,-75.60529343,45.43676898,6/3/2015,21:29,01 - Clear,01 - Dry,01 - Traffic signal,02 - Intersection related,07 - Dark,03 - P.D. only,04 - Sideswipe,Beacon Hill South - Cardinal Heights
7920,EARL MULLIGAN DR @ WOODROFFE AVE,365249.7373,5017505.978,-75.72928628,45.29490709,1/17/2015,13:46,01 - Clear,06 - Ice,01 - Traffic signal,02 - Intersection related,01 - Daylight,03 - P.D. only,03 - Rear end,Greenbelt
7921,FALLOWFIELD RD @ VIA PARK PL/275 W OF WOODROFFE AVE,364846.2734,5017765.539,-75.73439841,45.29727721,1/22/2015,18:05,01 - Clear,06 - Ice,01 - Traffic signal,03 - At intersection,07 - Dark,03 - P.D. only,05 - Turning movement,New Barrhaven
7922,HERON RD @ BRIAR HILL DR/SANDALWOOD DR,371452.7278,5027011.092,-75.6489283,45.37987024,3/11/2015,12:55,01 - Clear,01 - Dry,01 - Traffic signal,03 - At intersection,01 - Daylight,03 - P.D. only,02 - Angle,Ledbury - Heron Gate - Ridgemont - Elmwood
7923,HIGHWAY 417 btwn HWY417 IC138 RAMP51 & HWY417 IC138 RAMP35,352792.4158,5020114.871,-75.88785,45.3193438,10/11/2015,11:30,01 - Clear,01 - Dry,10 - No control,01 - Non intersection,01 - Daylight,03 - P.D. only,04 - Sideswipe,Katimavik - Hazeldean
7924,NICHOLAS ST NB btwn NICHOLAS ST NB OFF RAMP TO NICHOLAS ST SB & MACKEN,368370.1973,5031956.082,-75.68764684,45.42465018,5/23/2015,15:05,01 - Clear,01 - Dry,10 - No control,01 - Non intersection,01 - Daylight,03 - P.D. only,04 - Sideswipe,Sandy Hill
7925,HAZELDEAN RD @ TERRY FOX DR,352206.8903,5017242.091,-75.89559282,45.29353362,5/23/2015,16:12,01 - Clear,01 - Dry,01 - Traffic signal,02 - Intersection related,01 - Daylight,03 - P.D. only,03 - Rear end,Glen Cairn - Kanata South Business Park
7926,MEADOWLANDS DR btwn ORKNEY PRIV & VALMARIE AVE,366735.0845,5025148.364,-75.70939426,45.36354277,5/17/2015,14:00,01 - Clear,01 - Dry,10 - No control,04 - At/near private drive,01 - Daylight,03 - P.D. only,03 - Rear end,Carleton Heights - Rideauview
7927,LONGFIELDS DR btwn BILL LEATHEM DR & WOODROFFE AVE,365877.5917,5017437.293,-75.72129054,45.29423478,6/23/2015,16:31,01 - Clear,01 - Dry,10 - No control,01 - Non intersection,01 - Daylight,02 - Non-fatal injury,07 - SMV other,Greenbelt
7928,RIVERSIDE DR @ HERON RD,368120.141,5026646.739,-75.6915236,45.37690102,4/8/2015,17:50,01 - Clear,01 - Dry,01 - Traffic signal,02 - Intersection related,01 - Daylight,03 - P.D. only,03 - Rear end,Riverside Park
7929,INNES RD btwn PRESTWICK DR & TENTH LINE RD,383918.9892,5036146.549,-75.48830575,45.46076653,4/9/2015,6:30,01 - Clear,01 - Dry,10 - No control,01 - Non intersection,01 - Daylight,03 - P.D. only,04 - Sideswipe,Queenswood Heights
7930,FALLOWFIELD RD @ GREENBANK RD,363081.3964,5016734.257,-75.75702019,45.28814634,5/31/2015,0:00,02 - Rain,02 - Wet,01 - Traffic signal,03 - At intersection,07 - Dark,03 - P.D. only,05 - Turning movement,Greenbelt
7931,CLYDE AVE btwn CLYDE AVE & STARWOOD RD,364431.0718,5024724.76,-75.7388536,45.35993102,6/1/2015,15:18,01 - Clear,01 - Dry,10 - No control,04 - At/near private drive,01 - Daylight,03 - P.D. only,05 - Turning movement,Cityview - Skyline - Fisher Heights
7932,FISHER AVE @ MALIBU TER,366262.4184,5025797.729,-75.71534652,45.36942723,6/3/2015,8:14,01 - Clear,01 - Dry,02 - Stop sign,03 - At intersection,01 - Daylight,03 - P.D. only,02 - Angle,Civic Hospital - Experimental Farm - Central Park
7933,HAZELDEAN RD @ HUNTMAR DR/IBER RD,350943.3186,5016079.072,-75.91180985,45.28315254,6/3/2015,8:41,01 - Clear,01 - Dry,01 - Traffic signal,02 - Intersection related,01 - Daylight,03 - P.D. only,03 - Rear end,Stittsville
7934,BANKFIELD RD @ PRINCE OF WALES DR,366379.6899,5008973.585,-75.71593842,45.21803471,6/1/2015,8:59,01 - Clear,01 - Dry,01 - Traffic signal,03 - At intersection,01 - Daylight,03 - P.D. only,02 - Angle,Manotick
7935,FISHER AVE @ DEER PARK RD/DYNES RD,366407.7095,5025455.045,-75.71353459,45.36633107,3/27/2015,8:34,01 - Clear,06 - Ice,01 - Traffic signal,02 - Intersection related,01 - Daylight,03 - P.D. only,03 - Rear end,Carleton Heights - Rideauview
7936,MERIVALE RD @ 110 S OF BURRIS LANE/LOBLAWS SC,364814.6964,5024952.036,-75.73392975,45.36194328,4/2/2015,17:01,01 - Clear,01 - Dry,01 - Traffic signal,02 - Intersection related,01 - Daylight,03 - P.D. only,03 - Rear end,Cityview - Skyline - Fisher Heights
7937,BANTREE ST @ INNES RD,373705.7232,5030407.037,-75.61968942,45.41020742,4/20/2015,10:07,02 - Rain,02 - Wet,01 - Traffic signal,03 - At intersection,01 - Daylight,03 - P.D. only,05 - Turning movement,Industrial Park
7938,STITTSVILLE MAIN ST @ HAZELDEAN RD,349557.4342,5014879.199,-75.92958305,45.27244528,4/20/2015,13:32,02 - Rain,02 - Wet,01 - Traffic signal,02 - Intersection related,01 - Daylight,03 - P.D. only,03 - Rear end,Stittsville
7939,BANK ST @ RIDEAU RD,376953.7886,5017844.955,-75.58003201,45.29685273,4/17/2015,15:20,01 - Clear,01 - Dry,01 - Traffic signal,03 - At intersection,01 - Daylight,03 - P.D. only,05 - Turning movement,Greenbelt
7940,PLACE D'ORLEANS DR W @ ST. JOSEPH BLVD,381604.573,5037685.545,-75.51765523,45.47487139,4/17/2015,16:32,01 - Clear,01 - Dry,01 - Traffic signal,02 - Intersection related,01 - Daylight,03 - P.D. only,03 - Rear end,Orleans Village - Chateauneuf
7941,REGIONAL ROAD 174 btwn TRANSIT & OR174 IC109 RAMP56,375579.5033,5033441.825,-75.5953177,45.43732573,6/5/2015,7:44,01 - Clear,01 - Dry,10 - No control,01 - Non intersection,01 - Daylight,03 - P.D. only,07 - SMV other,Greenbelt
7942,CARLING AVE WB btwn SHERBOURNE RD & BROADVIEW AVE,362990.3377,5026520.156,-75.75703046,45.37620686,6/5/2015,9:19,01 - Clear,01 - Dry,10 - No control,04 - At/near private drive,01 - Daylight,03 - P.D. only,02 - Angle,Carlingwood - McKellar Park - Laurentien View
7943,JOCKVALE RD @ EXETER DR/TARTAN DR,363323.6795,5014773.776,-75.75416295,45.27048576,6/5/2015,17:09,02 - Rain,02 - Wet,11 - Roundabout,02 - Intersection related,01 - Daylight,03 - P.D. only,03 - Rear end,Barrhaven West - Old Barrhaven
7944,BLAIR RD @ INNES RD,375578.7349,5031439.195,-75.59561533,45.4193073,6/4/2015,7:47,01 - Clear,01 - Dry,01 - Traffic signal,02 - Intersection related,01 - Daylight,03 - P.D. only,03 - Rear end,Greenbelt
7945,CARP RD @ HWY 417 CARP IC144R62,347176.5279,5016065.106,-75.95982419,45.28326404,6/4/2015,17:15,01 - Clear,01 - Dry,10 - No control,02 - Intersection related,01 - Daylight,03 - P.D. only,04 - Sideswipe,Stittsville - Basswood
7946,ALBION RD @ CAHILL DR,371726.6949,5024669,-75.64574777,45.35877082,3/14/2015,13:22,01 - Clear,01 - Dry,02 - Stop sign,03 - At intersection,01 - Daylight,03 - P.D. only,02 - Angle,South Keys - Heron Gate - Greenboro West
7947,BLAIR RD @ REGIONAL RD 174 N/OR174 IC112 RAMP61,374634.4458,5032990.133,-75.60745973,45.43335669,3/20/2015,14:14,01 - Clear,01 - Dry,01 - Traffic signal,02 - Intersection related,01 - Daylight,03 - P.D. only,04 - Sideswipe,Industrial Park
7948,MERIVALE RD btwn VIEWMOUNT DR & COLONNADE RD,365355.7671,5022558.55,-75.72731689,45.34036052,5/23/2015,17:06,01 - Clear,01 - Dry,10 - No control,01 - Non intersection,01 - Daylight,03 - P.D. only,03 - Rear end,Tanglewood
7949,EDGECLIFFE AVE @ CALDWELL AVE,364345.0608,5026250.856,-75.73976744,45.37366992,5/23/2015,23:13,01 - Clear,01 - Dry,10 - No control,03 - At intersection,07 - Dark,03 - P.D. only,02 - Angle,Carlington
7950,MONTREAL RD btwn MONTREAL RD & BLAIR RD,374002.4229,5034440.666,-75.61533257,45.44647062,5/19/2015,15:00,01 - Clear,01 - Dry,10 - No control,01 - Non intersection,01 - Daylight,03 - P.D. only,03 - Rear end,Carson Grove - Carson Meadows
7951,WAVERLEY ST @ O'CONNOR ST,368008.7082,5030764.489,-75.69241865,45.41396139,4/22/2015,16:29,01 - Clear,01 - Dry,02 - Stop sign,03 - At intersection,01 - Daylight,03 - P.D. only,05 - Turning movement,Centretown
7952,CEDARVIEW RD btwn WEST HUNT CLUB RD & LYTLE AVE,359767.6864,5019456.82,-75.79895873,45.31291115,5/31/2015,3:06,02 - Rain,02 - Wet,10 - No control,01 - Non intersection,07 - Dark,03 - P.D. only,07 - SMV other,Greenbelt
7953,HOPE SIDE RD btwn Continuation of HOPE SIDE RD & CROWNRIDGE DR,355938.4646,5014904.729,-75.84826151,45.27223992,5/31/2015,8:08,01 - Clear,01 - Dry,10 - No control,01 - Non intersection,01 - Daylight,03 - P.D. only,07 - SMV other,Greenbelt
7954,MISS OTTAWA ST @ MONTREAL RD,375797.7278,5034646.783,-75.59235493,45.44814509,6/1/2015,17:28,01 - Clear,01 - Dry,01 - Traffic signal,03 - At intersection,01 - Daylight,03 - P.D. only,02 - Angle,Beacon Hill South - Cardinal Heights
7955,CENTRAL PARK DR N @ MERIVALE RD,364952.9039,5025873.227,-75.73205358,45.37022017,6/3/2015,18:20,01 - Clear,01 - Dry,01 - Traffic signal,02 - Intersection related,01 - Daylight,03 - P.D. only,03 - Rear end,Civic Hospital - Experimental Farm - Central Park
7956,BRIGADE AVE @ STITTSVILLE MAIN ST,350952.0319,5012495.325,-75.91203181,45.25090423,6/6/2015,10:43,02 - Rain,02 - Wet,02 - Stop sign,02 - Intersection related,01 - Daylight,03 - P.D. only,03 - Rear end,Stittsville
7957,BLAIR RD @ OGILVIE RD,374507.7237,5033199.057,-75.60904956,45.43524911,4/3/2015,18:16,01 - Clear,01 - Dry,01 - Traffic signal,03 - At intersection,01 - Daylight,03 - P.D. only,02 - Angle,Industrial Park
7958,LEMIEUX ST @ ST. LAURENT BLVD,372392.6886,5031743.046,-75.63627901,45.42235627,4/6/2015,6:23,01 - Clear,01 - Dry,01 - Traffic signal,02 - Intersection related,01 - Daylight,03 - P.D. only,03 - Rear end,Overbrook
7959,OGILVIE RD @ CITY PARK DR E/CSIS HQ ACCESS,374188.7282,5033012.023,-75.61315258,45.43359801,4/20/2015,13:42,02 - Rain,02 - Wet,01 - Traffic signal,02 - Intersection related,01 - Daylight,03 - P.D. only,03 - Rear end,Industrial Park
7960,DWYER HILL RD btwn CRAWFORD SIDE RD & FERNBANK RD,342460.2546,5005585.274,-76.0207339,45.18922939,4/20/2015,13:58,02 - Rain,02 - Wet,10 - No control,01 - Non intersection,01 - Daylight,03 - P.D. only,07 - SMV other,Munster Hamlet - Richmond
7961,HOLLAND AVE btwn BYRON AVE & TYNDALL ST,365030.1602,5028921.727,-75.73069541,45.39764334,6/5/2015,9:45,01 - Clear,01 - Dry,10 - No control,04 - At/near private drive,01 - Daylight,03 - P.D. only,07 - SMV other,Island Park
7962,EAGLESON RD @ FALLOWFIELD RD,355961.6341,5012593.325,-75.84820427,45.25143969,6/5/2015,17:34,02 - Rain,02 - Wet,01 - Traffic signal,02 - Intersection related,01 - Daylight,03 - P.D. only,03 - Rear end,Stittsville - Basswood
7963,INNES RD @ 298 E OF WILDFLOWER DR/LOBLAWS SC,383191.4775,5035795.481,-75.49766297,45.45768994,6/5/2015,10:50,01 - Clear,01 - Dry,01 - Traffic signal,02 - Intersection related,01 - Daylight,03 - P.D. only,03 - Rear end,Avalon
7964,GREENBANK RD @ STRANDHERD DR,363932.9632,5014783.336,-75.74639765,45.27052081,6/5/2015,18:39,01 - Clear,01 - Dry,01 - Traffic signal,02 - Intersection related,01 - Daylight,03 - P.D. only,03 - Rear end,New Barrhaven
7965,GREENBANK RD @ BELLMAN DR/BATEMAN DR,361255.7116,5021017.971,-75.77980444,45.32684034,2/20/2015,19:24,01 - Clear,01 - Dry,01 - Traffic signal,03 - At intersection,07 - Dark,03 - P.D. only,07 - SMV other,Woodvale - Craig Henry - Manordale - Estates of Arlington Wo
7966,AERO DR @ HOLLY ACRES RD,358341.6535,5023227.142,-75.81673681,45.34694692,5/19/2015,8:39,01 - Clear,01 - Dry,01 - Traffic signal,02 - Intersection related,01 - Daylight,03 - P.D. only,03 - Rear end,Crystal Bay - Lakeview Park - Britannia Village
7967,LASSITER TER btwn LOCKSLEY LANE & LOCKSLEY LANE,375340.0423,5034801.204,-75.59818317,45.44958082,3/24/2015,7:14,01 - Clear,01 - Dry,10 - No control,04 - At/near private drive,01 - Daylight,03 - P.D. only,02 - Angle,Beacon Hill North
7968,REGIONAL ROAD 174 btwn OR174 IC105 RAMP51 & OR174 IC105 RAMP35,379321.1617,5036952.354,-75.54696755,45.46852212,4/3/2015,12:14,01 - Clear,01 - Dry,10 - No control,01 - Non intersection,01 - Daylight,03 - P.D. only,07 - SMV other,Greenbelt
7969,BRADLEY AVE @ MONTREAL RD,370655.2659,5033392.233,-75.65825736,45.43736066,5/23/2015,23:47,01 - Clear,01 - Dry,02 - Stop sign,03 - At intersection,07 - Dark,03 - P.D. only,03 - Rear end,Vanier South
7970,INNES RD btwn BEARBROOK RD & 173 W OF ORIENT PARK DR,378079.2283,5032896.723,-75.56345232,45.43216376,5/24/2015,1:13,01 - Clear,01 - Dry,10 - No control,04 - At/near private drive,07 - Dark,03 - P.D. only,02 - Angle,Blackburn Hamlet
7971,KING EDWARD AVE @ RIDEAU ST,368511.7072,5032412.508,-75.68577965,45.42874407,5/19/2015,22:16,01 - Clear,01 - Dry,01 - Traffic signal,03 - At intersection,07 - Dark,03 - P.D. only,05 - Turning movement,Lowe
7972,HERON RD @ FINN CRT,370831.019,5026944.799,-75.65687473,45.37933263,4/2/2015,7:20,01 - Clear,01 - Dry,01 - Traffic signal,02 - Intersection related,01 - Daylight,03 - P.D. only,04 - Sideswipe,Ledbury - Heron Gate - Ridgemont - Elmwood
7973,SCOTT ST @ WESTERN AVE,364205.6887,5029269.646,-75.74118334,45.40084429,5/31/2015,12:24,01 - Clear,01 - Dry,02 - Stop sign,03 - At intersection,01 - Daylight,03 - P.D. only,03 - Rear end,Tunney's Pasture
7974,LEITRIM RD @ RIVER RD,368018.9825,5017176.377,-75.69402478,45.29169769,5/31/2015,13:00,01 - Clear,01 - Dry,02 - Stop sign,02 - Intersection related,01 - Daylight,03 - P.D. only,07 - SMV other,Gloucester
7975,BALLANTYNE DR btwn CELESTE WAY & PROVENCE AVE,385997.5582,5037105.158,-75.46157308,45.46915266,6/1/2015,19:45,01 - Clear,01 - Dry,10 - No control,04 - At/near private drive,01 - Daylight,03 - P.D. only,06 - SMV unattended vehicle,Cardinal Creek
7976,DONNELLY DR btwn HARNETT RD & MALAKOFF RD,366451.68,4988406.119,-75.71755611,45.03295856,6/1/2015,21:11,01 - Clear,01 - Dry,10 - No control,01 - Non intersection,05 - Dusk,03 - P.D. only,07 - SMV other,Munster Hamlet - Richmond
7977,EPWORTH AVE btwn BASSANO ST & PENDER ST,364268.3168,5023809.89,-75.74104091,45.35171296,6/2/2015,9:25,01 - Clear,02 - Wet,10 - No control,04 - At/near private drive,01 - Daylight,03 - P.D. only,07 - SMV other,Crestview - Meadowlands
7978,PRINCE OF WALES DR btwn BLAZER AVE & DEAKIN ST,367347.4243,5021205.669,-75.70207703,45.3280128,6/6/2015,12:15,01 - Clear,01 - Dry,10 - No control,04 - At/near private drive,01 - Daylight,03 - P.D. only,02 - Angle,Industrial Park
7979,PRESTON ST btwn GEORGE ST W & ABERDEEN ST,366636.0138,5029378.046,-75.71012898,45.4016092,6/2/2015,8:20,01 - Clear,01 - Dry,10 - No control,01 - Non intersection,01 - Daylight,03 - P.D. only,06 - SMV unattended vehicle,Little Italy
7980,BESSERER ST @ CUMBERLAND ST,368416.703,5032256.214,-75.68701384,45.42734644,6/3/2015,13:12,01 - Clear,01 - Dry,01 - Traffic signal,02 - Intersection related,01 - Daylight,03 - P.D. only,04 - Sideswipe,Byward Market - Parliament Hill
7981,INNES RD @ TENTH LINE RD,383953.688,5036159.079,-75.48786011,45.46087533,4/6/2015,10:21,01 - Clear,01 - Dry,01 - Traffic signal,02 - Intersection related,01 - Daylight,03 - P.D. only,03 - Rear end,Queenswood Heights
7982,MERIDIAN PL btwn PALLISTER PRIV & CHRYSALIS WAY,362744.6611,5022775.202,-75.76060601,45.34253047,4/8/2015,12:00,01 - Clear,01 - Dry,10 - No control,04 - At/near private drive,01 - Daylight,03 - P.D. only,02 - Angle,Centrepointe
7983,DONALD ST @ ST. LAURENT BLVD,372093.7129,5032471.139,-75.63999951,45.42893613,4/20/2015,16:45,01 - Clear,02 - Wet,01 - Traffic signal,02 - Intersection related,01 - Daylight,03 - P.D. only,02 - Angle,Overbrook
7984,RUSSELL RD btwn SMYTH RD & ST. LAURENT BLVD,373396.0155,5029392.79,-75.62378675,45.40111213,2/5/2015,13:00,01 - Clear,01 - Dry,10 - No control,01 - Non intersection,01 - Daylight,03 - P.D. only,04 - Sideswipe,Sheffield Glen
7985,CARP RD @ MCGEE SIDE RD,344198.4812,5019441.969,-75.99751566,45.31382365,4/17/2015,22:37,01 - Clear,01 - Dry,02 - Stop sign,03 - At intersection,07 - Dark,03 - P.D. only,05 - Turning movement,Stittsville - Basswood
7986,LONGFIELDS DR btwn CHAPMAN MILLS DR & GLENROY GILBERT DR,364803.6806,5014650.173,-75.73531813,45.26924886,2/14/2015,12:58,01 - Clear,03 - Loose snow,10 - No control,01 - Non intersection,01 - Daylight,03 - P.D. only,07 - SMV other,New Barrhaven
7987,SPRATT RD btwn SHORELINE DR & SHORELINE DR,368403.2075,5015376.829,-75.68935746,45.27547091,6/5/2015,11:53,01 - Clear,01 - Dry,10 - No control,01 - Non intersection,01 - Daylight,03 - P.D. only,06 - SMV unattended vehicle,Gloucester
7988,COSBURN AVE btwn GLENDENNING DR & RIVERBROOK RD,360513.6683,5020365.099,-75.78934328,45.32102508,6/5/2015,13:03,01 - Clear,01 - Dry,10 - No control,04 - At/near private drive,01 - Daylight,03 - P.D. only,06 - SMV unattended vehicle,Sheahan Estates - Trend Village - Arlington Woods
7989,WALKLEY RD @ DON REID DR/RYDER ST,372601.0062,5027283.463,-75.63423049,45.38221074,6/6/2015,8:00,01 - Clear,01 - Dry,01 - Traffic signal,02 - Intersection related,01 - Daylight,03 - P.D. only,02 - Angle,Playfair Park - Lynda Park - Guildwood Estates
7990,JEANNE D'ARC BLVD  S btwn ORLEANS BLVD & MONTCERF CRT,381040.204,5036270.399,-75.52509209,45.46220091,6/6/2015,9:50,01 - Clear,01 - Dry,10 - No control,04 - At/near private drive,01 - Daylight,03 - P.D. only,02 - Angle,Orleans Village - Chateauneuf
7991,LONGFIELDS DR btwn CHAPMAN MILLS DR & GLENROY GILBERT DR,364803.6806,5014650.173,-75.73531813,45.26924886,7/27/2015,5:47,01 - Clear,01 - Dry,10 - No control,01 - Non intersection,03 - Dawn,03 - P.D. only,07 - SMV other,New Barrhaven
7992,GREENBANK RD @ STRANDHERD DR,363933.6839,5014782.615,-75.74638855,45.27051426,6/6/2015,16:29,01 - Clear,01 - Dry,01 - Traffic signal,03 - At intersection,01 - Daylight,03 - P.D. only,05 - Turning movement,New Barrhaven
7993,GREENBANK RD @ MALVERN DR/FOXFIELD DR,363312.4071,5016194.073,-75.75413918,45.28326656,5/24/2015,1:33,01 - Clear,01 - Dry,01 - Traffic signal,03 - At intersection,07 - Dark,03 - P.D. only,05 - Turning movement,Barrhaven West - Old Barrhaven
7994,INNES RD @ TENTH LINE RD,383952.481,5036159.2,-75.48787552,45.46087656,5/24/2015,12:20,01 - Clear,01 - Dry,01 - Traffic signal,02 - Intersection related,01 - Daylight,03 - P.D. only,05 - Turning movement,Queenswood Heights
7995,CUMMINGS AVE @ OGILVIE RD,372750.1616,5032169.505,-75.63165281,45.42615871,5/22/2015,17:08,01 - Clear,01 - Dry,01 - Traffic signal,02 - Intersection related,01 - Daylight,03 - P.D. only,04 - Sideswipe,Cummings
7996,LOSINO CRES btwn WESTPHALIAN AVE E & WESTPHALIAN AVE W,353163.6651,5015769.238,-75.88353883,45.28021531,2/6/2015,17:00,03 - Snow,03 - Loose snow,10 - No control,01 - Non intersection,05 - Dusk,03 - P.D. only,06 - SMV unattended vehicle,Glen Cairn - Kanata South Business Park
7997,SODERLIND ST @ SUDBURY AVE,361170.4011,5023599.148,-75.78059859,45.35007258,5/7/2015,8:05,01 - Clear,01 - Dry,10 - No control,02 - Intersection related,01 - Daylight,03 - P.D. only,06 - SMV unattended vehicle,Iris
7998,BROMLEY RD btwn WEMBLEY AVE & SHERBOURNE RD,362894.3035,5026561.478,-75.75825165,45.37658663,5/18/2015,0:33,01 - Clear,01 - Dry,10 - No control,01 - Non intersection,07 - Dark,03 - P.D. only,06 - SMV unattended vehicle,Carlingwood - McKellar Park - Laurentien View
7999,NICHOLAS ST SB btwn LAURIER AVE E & Continuation of NICHOLAS ST,368381.5649,5031783.495,-75.68752386,45.42309627,5/21/2015,11:21,01 - Clear,01 - Dry,10 - No control,01 - Non intersection,01 - Daylight,03 - P.D. only,04 - Sideswipe,Sandy Hill
8000,ST. JOSEPH BLVD @ FOREST VALLEY DR/YOUVILLE DR,379164.7411,5036156.23,-75.54908814,45.46137586,5/31/2015,16:56,01 - Clear,01 - Dry,01 - Traffic signal,02 - Intersection related,01 - Daylight,03 - P.D. only,04 - Sideswipe,Chapel Hill