Record,Location,X,Y,lon,lat,Date,Time,Environment,Road_Surface,Traffic_Control,Collision_Location,Light,Collision_Classification,Impact_type,Neighborhood
8103,FRIEL ST @ RIDEAU ST,368770.8986,5032570.898,-75.68244701,45.43014554,3/13/2015,14:34,03 - Snow,03 - Loose snow,01 - Traffic signal,02 - Intersection related,01 - Daylight,03 - P.D. only,04 - Sideswipe,Lowe
8104,ST. JOSEPH BLVD btwn GREY NUNS DR & BOYER RD,380280.7406,5036751.44,-75.53472834,45.46661141,5/30/2015,18:37,02 - Rain,02 - Wet,10 - No control,04 - At/near private drive,01 - Daylight,03 - P.D. only,03 - Rear end,Industrial Park
8105,ELGIN ST @ WAVERLEY ST,368316.986,5030951.487,-75.68845626,45.41561602,6/3/2015,11:43,01 - Clear,01 - Dry,01 - Traffic signal,02 - Intersection related,01 - Daylight,03 - P.D. only,03 - Rear end,Centretown
8106,KING EDWARD AVE @ LAURIER AVE,368741.1486,5032034.943,-75.68289676,45.42532594,5/22/2015,18:59,01 - Clear,01 - Dry,01 - Traffic signal,02 - Intersection related,01 - Daylight,03 - P.D. only,03 - Rear end,Sandy Hill
8107,STRANDHERD DR btwn LONGFIELDS DR & CLARIDGE DR,364636.7761,5015226.951,-75.73737545,45.27445293,5/25/2015,8:26,01 - Clear,01 - Dry,10 - No control,01 - Non intersection,01 - Daylight,03 - P.D. only,03 - Rear end,New Barrhaven
8108,ISABELLA ST/HWY417 IC119AR75 @ METCALFE ST,368448.7065,5030399.925,-75.68684469,45.41064128,4/23/2015,9:17,01 - Clear,01 - Dry,01 - Traffic signal,02 - Intersection related,01 - Daylight,03 - P.D. only,03 - Rear end,The Glebe
8109,BYRON AVE @ WAVELL AVE,362188.7034,5027363.419,-75.76716679,45.38386056,6/8/2015,12:20,02 - Rain,02 - Wet,02 - Stop sign,03 - At intersection,01 - Daylight,03 - P.D. only,02 - Angle,Carlingwood - McKellar Park - Laurentien View
8110,CLAYMOR AVE @ MEADOWLANDS DR,366919.9847,5025320.723,-75.70701255,45.36507726,6/8/2015,13:29,02 - Rain,02 - Wet,01 - Traffic signal,03 - At intersection,01 - Daylight,03 - P.D. only,05 - Turning movement,Carleton Heights - Rideauview
8111,INNES RD @ JEANNE D'ARC BLVD/MER BLEUE RD,382638.7175,5035568.999,-75.5047655,45.45571404,3/16/2015,17:47,01 - Clear,01 - Dry,01 - Traffic signal,02 - Intersection related,01 - Daylight,03 - P.D. only,03 - Rear end,Queenswood Heights
8112,HIGHWAY 416 btwn HWY416 IC66 RAMP62 & HWY416 IC72 RAMP24,360295.5489,5017804.723,-75.79241202,45.29800397,10/10/2015,21:33,01 - Clear,01 - Dry,10 - No control,01 - Non intersection,07 - Dark,03 - P.D. only,07 - SMV other,Greenbelt
8113,BANTREE ST @ INNES RD,373705.0025,5030408.357,-75.61969844,45.41021937,9/3/2015,11:01,01 - Clear,01 - Dry,01 - Traffic signal,02 - Intersection related,01 - Daylight,03 - P.D. only,03 - Rear end,Industrial Park
8114,CARLING AVE @ MOODIE DR/JAMES CUMMINGS AVE W,356000.2135,5023937.151,-75.84654121,45.35351047,9/14/2015,18:38,01 - Clear,01 - Dry,01 - Traffic signal,03 - At intersection,01 - Daylight,03 - P.D. only,05 - Turning movement,Greenbelt
8115,EAGLESON RD btwn ABBEYHILL DR & PALOMINO DR,353901.1384,5017845.987,-75.87393373,45.29885126,9/14/2015,20:24,01 - Clear,01 - Dry,10 - No control,01 - Non intersection,07 - Dark,03 - P.D. only,03 - Rear end,Greenbelt
8116,ELGIN ST btwn MACLAREN ST & GILMOUR ST,368245.5028,5031067.911,-75.6893545,45.41667005,6/6/2015,20:00,01 - Clear,01 - Dry,10 - No control,01 - Non intersection,01 - Daylight,03 - P.D. only,06 - SMV unattended vehicle,Centretown
8117,ALBION RD @ RIDEAU RD,375093.4729,5016673.379,-75.6039143,45.28649986,6/1/2015,23:00,02 - Rain,02 - Wet,01 - Traffic signal,02 - Intersection related,07 - Dark,03 - P.D. only,07 - SMV other,Greenbelt
8118,NICHOLAS ST NB btwn HWY417 IC118 RAMP52 & WALLER ST,369060.8463,5031321.269,-75.67890486,45.41887526,8/11/2015,20:01,02 - Rain,02 - Wet,10 - No control,01 - Non intersection,05 - Dusk,03 - P.D. only,99 - Other,Sandy Hill
8119,NAVAN RD btwn RENAUD RD & MER BLEUE RD,382793.5069,5032453.338,-75.50328044,45.42766467,9/3/2015,8:13,01 - Clear,01 - Dry,10 - No control,04 - At/near private drive,01 - Daylight,03 - P.D. only,02 - Angle,Chapel Hill South
8120,RIVERSIDE DR btwn RIVERSIDE DR RAMP 42A & RIVERSIDE DR SPLIT,368500.4207,5027313.947,-75.68658257,45.3828699,9/3/2015,15:21,01 - Clear,01 - Dry,10 - No control,01 - Non intersection,01 - Daylight,03 - P.D. only,03 - Rear end,Alta Vista
8121,PRETORIA AVE btwn CHAMBERLAIN AVE & O'CONNOR ST,368287.4009,5030210.16,-75.68892971,45.40894849,6/9/2015,18:30,01 - Clear,01 - Dry,10 - No control,04 - At/near private drive,01 - Daylight,03 - P.D. only,99 - Other,The Glebe
8122,BASELINE RD btwn COLLEGE SQUARE SC & WOODROFFE AVE,362651.8436,5023827.428,-75.76166721,45.35200598,7/28/2015,22:40,01 - Clear,01 - Dry,10 - No control,04 - At/near private drive,07 - Dark,03 - P.D. only,03 - Rear end,Braemar Park - Bel Air Heights - Copeland Park
8123,MURRAY ST btwn PARENT AVE & DALHOUSIE ST,367891.5335,5032504.813,-75.6936927,45.42963081,7/20/2015,3:32,01 - Clear,01 - Dry,10 - No control,01 - Non intersection,07 - Dark,03 - P.D. only,06 - SMV unattended vehicle,Byward Market
8124,HAWTHORNE RD btwn BLAIS RD & RIDEAU RD,378188.9087,5019953.023,-75.56397407,45.31569223,8/28/2015,3:28,01 - Clear,01 - Dry,10 - No control,01 - Non intersection,07 - Dark,03 - P.D. only,07 - SMV other,Greenbelt
8125,BAYVIEW RD @ SCOTT ST/ALBERT ST,365519.037,5030071.834,-75.72431008,45.40794951,8/28/2015,7:30,01 - Clear,01 - Dry,01 - Traffic signal,03 - At intersection,01 - Daylight,03 - P.D. only,05 - Turning movement,Mechanicsville
8126,RUSSLAND RD btwn ROCKDALE RD & DUNNING RD,395418.6236,5022979.782,-75.34370738,45.34091148,9/1/2015,23:07,01 - Clear,01 - Dry,10 - No control,01 - Non intersection,07 - Dark,03 - P.D. only,07 - SMV other,Navan - Vars
8127,BASELINE RD btwn FISHER AVE & LEXINGTON ST,366230.8377,5026068.533,-75.71571598,45.37186664,4/22/2015,9:30,01 - Clear,01 - Dry,10 - No control,01 - Non intersection,01 - Daylight,03 - P.D. only,04 - Sideswipe,Civic Hospital - Experimental Farm - Central Park
8128,RUSSELL RD btwn TUPPER AVE & SOUTHVALE CRES,374275.4743,5028736.653,-75.61264672,45.3951218,9/6/2015,0:58,01 - Clear,01 - Dry,10 - No control,01 - Non intersection,07 - Dark,03 - P.D. only,03 - Rear end,Hawthorne Meadows
8129,CUMBERLAND ST @ ST. PATRICK ST,368127.2633,5032749.663,-75.69064889,45.43181258,9/6/2015,1:24,01 - Clear,01 - Dry,01 - Traffic signal,03 - At intersection,07 - Dark,03 - P.D. only,05 - Turning movement,Byward Market
8130,NICHOLAS ST NB btwn LAURIER AVE E & WALLER ST,368431.0587,5031751.166,-75.68689565,45.42280089,6/20/2015,23:00,01 - Clear,01 - Dry,10 - No control,01 - Non intersection,07 - Dark,03 - P.D. only,03 - Rear end,Sandy Hill
8131,EAGLESON RD @ MICHAEL COWPLAND DR/STONEHAVEN D,354383.3467,5016623.804,-75.86790787,45.28781993,8/13/2015,15:37,01 - Clear,01 - Dry,01 - Traffic signal,03 - At intersection,01 - Daylight,03 - P.D. only,99 - Other,Glen Cairn - Kanata South Business Park
8132,MERIVALE RD @ CAPILANO DR/WITHROW AVE,364642.9695,5024227.499,-75.73620932,45.35543868,9/7/2015,20:09,02 - Rain,02 - Wet,01 - Traffic signal,02 - Intersection related,07 - Dark,03 - P.D. only,03 - Rear end,Cityview - Skyline - Fisher Heights
8133,SMYTH RD btwn CUBA AVE & RUSSELL RD,373220.9586,5029370.112,-75.62602573,45.40092521,9/14/2015,20:39,01 - Clear,01 - Dry,10 - No control,01 - Non intersection,07 - Dark,03 - P.D. only,04 - Sideswipe,Elmvale - Eastway - Riverview - Riverview Park West
8134,EDGECLIFFE AVE btwn CALDWELL AVE & CAVAN ST,364493.7775,5026357.511,-75.737856,45.37461693,9/14/2015,23:40,01 - Clear,01 - Dry,10 - No control,01 - Non intersection,07 - Dark,03 - P.D. only,06 - SMV unattended vehicle,Carlington
8135,KING EDWARD AVE NB btwn RAMP & CATHCART ST,368088.658,5033131.043,-75.69109321,45.4352476,2/8/2015,10:01,03 - Snow,05 - Packed snow,10 - No control,01 - Non intersection,01 - Daylight,03 - P.D. only,04 - Sideswipe,Lower Town
8136,CARLING AVE @ CONNAUGHT AVE,360771.3969,5025117.154,-75.78551842,45.36376349,8/14/2015,16:43,01 - Clear,01 - Dry,01 - Traffic signal,02 - Intersection related,01 - Daylight,03 - P.D. only,04 - Sideswipe,Woodroffe - Lincoln Heights
8137,VANIER PKWY NB btwn MONTREAL RD & MCARTHUR AVE,370217.9843,5032706.081,-75.66393714,45.431228,9/3/2015,17:42,01 - Clear,01 - Dry,10 - No control,01 - Non intersection,01 - Daylight,03 - P.D. only,03 - Rear end,Vanier South
8138,CYRVILLE RD btwn LABELLE ST & BEAUPARC PRIV,372872.2494,5031867.833,-75.63013449,45.42343254,9/7/2015,12:15,01 - Clear,01 - Dry,10 - No control,04 - At/near private drive,01 - Daylight,03 - P.D. only,02 - Angle,Industrial Park
8139,FISHER AVE @ 220 S OF TRENT ST,365871.5493,5026727.329,-75.7202211,45.37782575,8/5/2015,17:35,01 - Clear,01 - Dry,01 - Traffic signal,02 - Intersection related,01 - Daylight,03 - P.D. only,03 - Rear end,Civic Hospital - Experimental Farm - Central Park
8140,YORK ST WB btwn BYWARD MARKE SQ & SUSSEX DR,367820.3846,5032276.293,-75.69463113,45.42758108,7/30/2015,15:23,01 - Clear,01 - Dry,10 - No control,01 - Non intersection,01 - Daylight,03 - P.D. only,99 - Other,Byward Market
8141,LAURIER AVE @ NICHOLAS ST,368373.637,5031797.189,-75.68762339,45.42322021,8/7/2015,17:30,01 - Clear,01 - Dry,01 - Traffic signal,02 - Intersection related,01 - Daylight,03 - P.D. only,03 - Rear end,Sandy Hill
8142,WEST HUNT CLUB RD EB btwn CEDARVIEW RD & GREENBANK RD,361053.5709,5020247.144,-75.78247048,45.31992066,8/28/2015,11:45,01 - Clear,01 - Dry,10 - No control,01 - Non intersection,01 - Daylight,03 - P.D. only,04 - Sideswipe,Greenbelt
8143,VIEWMOUNT DR @ MERIVALE RD,365195.1385,5022948.135,-75.72931874,45.34387981,8/28/2015,13:09,01 - Clear,01 - Dry,01 - Traffic signal,03 - At intersection,01 - Daylight,03 - P.D. only,05 - Turning movement,Tanglewood
8144,DIDSBURY RD btwn TERRY FOX DR & END,350589.0201,5018878.833,-75.91606736,45.30836877,8/28/2015,16:12,01 - Clear,01 - Dry,10 - No control,04 - At/near private drive,01 - Daylight,03 - P.D. only,03 - Rear end,Kanata Lakes - Marchwood Lakeside - Morgan's Grant - Kanata
8145,BEECHWOOD AVE btwn DOUGLAS AVE & LANGEVIN AVE,369346.3676,5033723.715,-75.67494209,45.44046526,8/29/2015,11:30,01 - Clear,01 - Dry,10 - No control,01 - Non intersection,01 - Daylight,03 - P.D. only,05 - Turning movement,Lindenlea
8146,NELSON ST btwn LAURIER AVE E & OSGOODE ST,368968.7083,5031962.878,-75.67999846,45.42465668,9/2/2015,7:19,01 - Clear,01 - Dry,10 - No control,01 - Non intersection,01 - Daylight,03 - P.D. only,06 - SMV unattended vehicle,Sandy Hill
8147,BANK ST btwn CHAMBERLAIN AVE S & PRETORIA AVE,368101.4508,5030122.238,-75.69131633,45.40817423,9/3/2015,17:28,01 - Clear,01 - Dry,10 - No control,04 - At/near private drive,01 - Daylight,03 - P.D. only,05 - Turning movement,The Glebe
8148,NIXON DR btwn SNAKE ISLAND RD & CABIN RD,373754.4134,5002081.749,-75.62300322,45.15533967,9/4/2015,10:30,01 - Clear,01 - Dry,10 - No control,01 - Non intersection,01 - Daylight,03 - P.D. only,07 - SMV other,Kars - Osgoode
8149,KITCHENER AVE btwn BANFF AVE & COCHRANE ST,370760.2987,5025626.613,-75.65795368,45.3674787,4/25/2015,13:29,01 - Clear,01 - Dry,10 - No control,04 - At/near private drive,01 - Daylight,03 - P.D. only,99 - Other,Ledbury - Heron Gate - Ridgemont - Elmwood
8150,SECOND LINE RD btwn LAHEY CRT & MARCH RD,345619.5261,5025821.476,-75.97886614,45.37114728,3/28/2015,19:00,02 - Rain,02 - Wet,10 - No control,01 - Non intersection,07 - Dark,03 - P.D. only,07 - SMV other,Carp - Hardwood Plains
8151,CRAIG HENRY DR btwn BERTONA ST & SOVEREIGN AVE,362889.9514,5021977.53,-75.75884586,45.33534105,9/3/2015,22:40,01 - Clear,01 - Dry,10 - No control,01 - Non intersection,07 - Dark,03 - P.D. only,06 - SMV unattended vehicle,Woodvale - Craig Henry - Manordale - Estates of Arlington Wo
8152,CASTLEFRANK RD btwn HAZELDEAN RD & TO BE DETERMINED,352718.2385,5017630.283,-75.88903632,45.29699198,9/4/2015,12:47,01 - Clear,01 - Dry,10 - No control,01 - Non intersection,01 - Daylight,03 - P.D. only,03 - Rear end,Glen Cairn - Kanata South Business Park
8153,WEST HUNT CLUB RD @ ROYDON PL/SUNDERLAND ST,365972.9869,5022169.851,-75.71949003,45.33680952,9/6/2015,10:52,01 - Clear,01 - Dry,01 - Traffic signal,03 - At intersection,01 - Daylight,03 - P.D. only,05 - Turning movement,Industrial Park
8154,MEADOWLANDS DR btwn THATCHER ST & BROOK LANE,363572.3843,5023013.51,-75.75001656,45.34460588,9/6/2015,11:23,01 - Clear,01 - Dry,10 - No control,01 - Non intersection,01 - Daylight,03 - P.D. only,07 - SMV other,Crestview - Meadowlands
8155,MARIER AVE btwn STE. MONIQUE ST & DES PERES BLANCS AVE,369990.7679,5033706.645,-75.66670823,45.44025188,8/13/2015,16:00,01 - Clear,01 - Dry,10 - No control,04 - At/near private drive,01 - Daylight,03 - P.D. only,02 - Angle,Vanier North
8156,DRIVEWAY (THE) @ PRINCE OF WALES DR,366883.2667,5028139.087,-75.70712688,45.39043949,9/9/2015,17:22,01 - Clear,01 - Dry,11 - Roundabout,02 - Intersection related,01 - Daylight,03 - P.D. only,03 - Rear end,Civic Hospital - Experimental Farm - Central Park
8157,GREENBANK RD btwn PINECREST RD & HWY417 IC129 RAMP35,360458.3238,5023502.504,-75.78969632,45.34925985,9/10/2015,7:51,01 - Clear,01 - Dry,10 - No control,01 - Non intersection,01 - Daylight,03 - P.D. only,04 - Sideswipe,Qualicum - Redwood Park
8158,FOX CRES @ WOODROFFE AVE,361806.396,5025626.174,-75.77224887,45.36826021,6/25/2015,21:21,01 - Clear,01 - Dry,02 - Stop sign,02 - Intersection related,07 - Dark,03 - P.D. only,03 - Rear end,Carlingwood West - Glabar Park - McKellar Heights
8159,BESSERER ST btwn WALLER ST & CUMBERLAND ST,368398.685,5032246.844,-75.68724529,45.42726377,8/15/2015,7:00,01 - Clear,01 - Dry,10 - No control,01 - Non intersection,01 - Daylight,03 - P.D. only,03 - Rear end,Byward Market - Parliament Hill
8160,CLYDE AVE btwn CLYDE AVE & STARWOOD RD,364415.7894,5024761.438,-75.73904422,45.36026235,3/31/2015,14:50,01 - Clear,01 - Dry,10 - No control,04 - At/near private drive,01 - Daylight,03 - P.D. only,99 - Other,Cityview - Skyline - Fisher Heights
8161,HIGHWAY 417 btwn HWY417 IC110 RAMP66 & HWY417 IC110 RAMP56,375824.8154,5029188.895,-75.59279561,45.3990354,10/12/2015,14:59,01 - Clear,01 - Dry,10 - No control,01 - Non intersection,01 - Daylight,03 - P.D. only,99 - Other,Greenbelt
8162,TRIM RD @ VALIN ST,386438.7347,5037555.48,-75.45585704,45.47315278,8/11/2015,17:50,02 - Rain,02 - Wet,01 - Traffic signal,02 - Intersection related,01 - Daylight,03 - P.D. only,05 - Turning movement,Cardinal Creek
8163,OGILVIE RD @ CITY PARK DR E/CSIS HQ ACCESS,374189.4489,5033010.216,-75.61314363,45.43358168,8/11/2015,18:57,01 - Clear,02 - Wet,01 - Traffic signal,02 - Intersection related,01 - Daylight,03 - P.D. only,02 - Angle,Industrial Park
8164,KING EDWARD AVE NB btwn ST. PATRICK ST & MURRAY ST,368299.6277,5032784.933,-75.68844167,45.4321143,8/28/2015,14:58,01 - Clear,01 - Dry,10 - No control,01 - Non intersection,01 - Daylight,03 - P.D. only,03 - Rear end,Lower Town
8165,SAUNDERSON DR @ SMYTH RD,372793.7313,5029323.911,-75.63148865,45.40055114,8/30/2015,7:14,01 - Clear,01 - Dry,01 - Traffic signal,03 - At intersection,01 - Daylight,03 - P.D. only,02 - Angle,Elmvale - Eastway - Riverview - Riverview Park West
8166,INDUSTRIAL AVE @ ALTA VISTA DR/SANDFORD FLEMIN,370884.7238,5030556.489,-75.65570526,45.41182419,8/30/2015,9:36,01 - Clear,01 - Dry,01 - Traffic signal,03 - At intersection,01 - Daylight,03 - P.D. only,05 - Turning movement,Industrial Park
8167,OGILVIE RD @ ELMLEA GT/SHOPPERS CITY EAST SC,374989.8669,5033485.916,-75.60284703,45.43778188,9/2/2015,16:47,01 - Clear,01 - Dry,01 - Traffic signal,02 - Intersection related,01 - Daylight,03 - P.D. only,03 - Rear end,Beacon Hill South - Cardinal Heights
8168,METCALFE ST @ LAURIER AVE,367793.4301,5031451.216,-75.69508107,45.42015975,7/22/2015,11:58,01 - Clear,01 - Dry,01 - Traffic signal,02 - Intersection related,01 - Daylight,03 - P.D. only,02 - Angle,Downtown
8169,CORKSTOWN RD btwn MARCH RD & MOODIE DR,353446.7934,5020601.149,-75.87945605,45.32367438,5/1/2015,0:46,01 - Clear,01 - Dry,10 - No control,01 - Non intersection,07 - Dark,03 - P.D. only,07 - SMV other,Greenbelt
8170,ST. LAURENT BLVD @ WALKLEY RD,373903.4708,5028047.215,-75.617494,45.38895537,9/4/2015,17:04,01 - Clear,01 - Dry,01 - Traffic signal,02 - Intersection related,01 - Daylight,03 - P.D. only,03 - Rear end,Hawthorne Meadows
8171,KING EDWARD AVE @ MURRAY ST,368293.386,5032753.319,-75.68852551,45.43183042,9/4/2015,17:09,01 - Clear,01 - Dry,01 - Traffic signal,03 - At intersection,01 - Daylight,03 - P.D. only,05 - Turning movement,Byward Market
8172,CARLING AVE @ SCRIVENS ST,359422.9473,5024259.593,-75.80282502,45.35615354,9/6/2015,21:44,01 - Clear,01 - Dry,01 - Traffic signal,02 - Intersection related,07 - Dark,03 - P.D. only,03 - Rear end,Bayshore
8173,HAZELDEAN RD @ CARBROOKE ST/IRWIN GATE,353417.317,5018265.643,-75.8800612,45.30266106,9/18/2015,0:08,01 - Clear,01 - Dry,01 - Traffic signal,02 - Intersection related,07 - Dark,03 - P.D. only,04 - Sideswipe,Katimavik - Hazeldean
8174,ST. LAURENT BLVD btwn HWY417 IC115 RAMP35 & HWY417 IC115 RAMP26,372496.5115,5031496.501,-75.63498636,45.42012793,6/12/2015,16:52,01 - Clear,01 - Dry,10 - No control,01 - Non intersection,01 - Daylight,03 - P.D. only,04 - Sideswipe,Industrial Park
8175,BLAIR RD @ INNES RD,375578.7349,5031438.474,-75.59561544,45.41930081,8/19/2015,14:50,01 - Clear,01 - Dry,01 - Traffic signal,02 - Intersection related,01 - Daylight,03 - P.D. only,03 - Rear end,Greenbelt
8176,MORLEY BLVD @ SANFORD AVE,366708.7071,5026134.532,-75.70960736,45.37241843,9/11/2015,16:37,01 - Clear,01 - Dry,02 - Stop sign,03 - At intersection,01 - Daylight,03 - P.D. only,02 - Angle,Civic Hospital - Experimental Farm - Central Park
8177,ANNA AVE btwn MERIVALE RD & MARSHALL AVE,364963.0066,5027159.299,-75.73176794,45.38179114,9/12/2015,6:53,02 - Rain,02 - Wet,10 - No control,01 - Non intersection,03 - Dawn,03 - P.D. only,06 - SMV unattended vehicle,Carlington
8178,CITY PARK DR btwn OGILVIE RD & WILBURY RD,373848.9225,5032756.875,-75.61753085,45.43133596,8/6/2015,11:27,01 - Clear,01 - Dry,10 - No control,01 - Non intersection,01 - Daylight,03 - P.D. only,04 - Sideswipe,Industrial Park
8179,RICHMOND RD btwn HOPE SIDE RD & KHYMER CRT,356957.6817,5015468.498,-75.83521365,45.27723796,7/10/2015,14:07,01 - Clear,01 - Dry,10 - No control,01 - Non intersection,01 - Daylight,03 - P.D. only,07 - SMV other,Greenbelt
8180,ST. JOSEPH BLVD @ JEANNE D'ARC BLVD,379861.7564,5036471.327,-75.54012846,45.46413632,11/27/2015,20:19,02 - Rain,02 - Wet,11 - Roundabout,03 - At intersection,07 - Dark,03 - P.D. only,04 - Sideswipe,Chapel Hill
8181,BLACKBURN BYPASS @ NAVAN RD,379619.1885,5033274.923,-75.54371607,45.43540347,8/26/2015,21:08,01 - Clear,02 - Wet,01 - Traffic signal,03 - At intersection,07 - Dark,03 - P.D. only,03 - Rear end,Greenbelt
8182,NAVAN RD @ TENTH LINE RD,385758.5082,5031831.452,-75.46549746,45.42173261,8/12/2015,17:21,01 - Clear,01 - Dry,01 - Traffic signal,03 - At intersection,01 - Daylight,03 - P.D. only,02 - Angle,Navan - Vars
8183,CATHERINE ST @ LYON ST/HWY 417 LYON IC120BR36,367748.4273,5030092.205,-75.69582963,45.40793585,8/28/2015,17:28,01 - Clear,01 - Dry,01 - Traffic signal,02 - Intersection related,01 - Daylight,03 - P.D. only,04 - Sideswipe,Centretown
8184,MEADOWBROOK RD btwn CEDARCROFT CRES & CEDARCROFT CRES,374417.6804,5031985.699,-75.61037182,45.42434094,8/30/2015,15:36,01 - Clear,01 - Dry,10 - No control,01 - Non intersection,01 - Daylight,03 - P.D. only,07 - SMV other,Pineview
8185,CADBORO RD btwn OGDEN ST & OGILVIE RD,373592.7942,5032685.104,-75.6208139,45.43071544,9/10/2015,12:30,01 - Clear,01 - Dry,10 - No control,04 - At/near private drive,01 - Daylight,03 - P.D. only,99 - Other,Carson Grove - Carson Meadows
8186,KING EDWARD AVE @ LAURIER AVE,368738.9865,5032033.502,-75.68292457,45.42531317,9/11/2015,11:11,01 - Clear,01 - Dry,01 - Traffic signal,02 - Intersection related,01 - Daylight,03 - P.D. only,03 - Rear end,Sandy Hill
8187,PRINCE OF WALES DR @ FALLOWFIELD RD,367400.4307,5019165.389,-75.70165875,45.30964995,8/27/2015,10:48,01 - Clear,01 - Dry,01 - Traffic signal,02 - Intersection related,01 - Daylight,03 - P.D. only,03 - Rear end,Greenbelt
8188,SUSSEX DR @ YORK ST,367805.4009,5032235.882,-75.69482777,45.42721883,8/27/2015,23:09,01 - Clear,01 - Dry,01 - Traffic signal,02 - Intersection related,07 - Dark,03 - P.D. only,04 - Sideswipe,Byward Market
8189,PORTOBELLO BLVD @ VALIN ST,385350.766,5037696.488,-75.46974655,45.47454777,5/12/2015,18:00,01 - Clear,01 - Dry,02 - Stop sign,03 - At intersection,01 - Daylight,03 - P.D. only,05 - Turning movement,Fallingbrook
8190,COPELAND RD @ DWYER HILL RD,347491.9611,4999794.72,-75.95719794,45.13683608,9/5/2015,16:45,01 - Clear,01 - Dry,02 - Stop sign,03 - At intersection,01 - Daylight,03 - P.D. only,07 - SMV other,Munster Hamlet - Richmond
8191,MONDAVI ST btwn BREEZEWOOD ST & HALLENDALE ST,386363.7243,5037970.862,-75.45674729,45.47689872,9/5/2015,20:10,01 - Clear,01 - Dry,10 - No control,01 - Non intersection,07 - Dark,03 - P.D. only,07 - SMV other,Cardinal Creek
8192,BERTONA ST btwn CRAIG HENRY DR & CHARING RD,362579.9667,5021825.787,-75.76281825,45.33400127,9/7/2015,1:59,01 - Clear,01 - Dry,10 - No control,01 - Non intersection,07 - Dark,03 - P.D. only,06 - SMV unattended vehicle,Woodvale - Craig Henry - Manordale - Estates of Arlington Wo
8193,CONROY RD @ WALKLEY RD,372904.4433,5027463.171,-75.63033147,45.38379825,9/7/2015,15:39,01 - Clear,01 - Dry,01 - Traffic signal,03 - At intersection,01 - Daylight,03 - P.D. only,05 - Turning movement,Elmvale - Eastway - Riverview - Riverview Park West
8194,APPLETON DR @ MEADOWBROOK RD,374928.7344,5032229.48,-75.60380727,45.4264833,6/15/2015,13:24,01 - Clear,01 - Dry,02 - Stop sign,02 - Intersection related,01 - Daylight,03 - P.D. only,04 - Sideswipe,Pineview
8195,BESSERER ST @ CHARLOTTE ST,369293.4282,5032790.505,-75.67574097,45.43207349,9/1/2015,16:58,01 - Clear,01 - Dry,02 - Stop sign,03 - At intersection,01 - Daylight,03 - P.D. only,02 - Angle,Sandy Hill
8196,RICHMOND RD btwn LOCKHART AVE & CLEARY AVE,361822.5793,5026994.54,-75.77188429,45.38057132,9/8/2015,4:28,01 - Clear,01 - Dry,10 - No control,01 - Non intersection,07 - Dark,03 - P.D. only,07 - SMV other,Woodroffe - Lincoln Heights
8197,COUNTRY LANE  E btwn COUNTRY LANE W & VILLAGE GR,353730.7812,5017900.98,-75.87610032,45.29935798,9/3/2015,13:06,01 - Clear,01 - Dry,10 - No control,04 - At/near private drive,01 - Daylight,03 - P.D. only,07 - SMV other,Glen Cairn - Kanata South Business Park
8198,RIDEAU ST btwn WURTEMBURG ST & RIDEAU PL,369366.0756,5032932.435,-75.67479398,45.43334382,8/17/2015,16:34,01 - Clear,01 - Dry,10 - No control,01 - Non intersection,01 - Daylight,03 - P.D. only,03 - Rear end,Sandy Hill
8199,MACKENZIE AVE @ RIDEAU ST,367870.4199,5032009.941,-75.69402588,45.42518003,8/17/2015,17:11,01 - Clear,01 - Dry,01 - Traffic signal,03 - At intersection,01 - Daylight,03 - P.D. only,04 - Sideswipe,Byward Market - Parliament Hill
8200,BANK ST @ HUNT CLUB RD,371609.7356,5024098.387,-75.64731758,45.3536478,7/4/2015,12:51,01 - Clear,01 - Dry,01 - Traffic signal,02 - Intersection related,01 - Daylight,03 - P.D. only,04 - Sideswipe,South Keys - Heron Gate - Greenboro West
8201,MERIVALE RD @ 210 S OF MEADOWLANDS DR,364943.6804,5023530.895,-75.73245635,45.34914501,8/26/2015,21:10,01 - Clear,01 - Dry,01 - Traffic signal,02 - Intersection related,07 - Dark,03 - P.D. only,04 - Sideswipe,Borden Farm - Stewart Farm - Parkwood Hills - Fisher Glen
8202,NAVAN RD btwn RENAUD RD & MER BLEUE RD,382984.038,5032433.628,-75.50084905,45.42746607,8/12/2015,17:40,01 - Clear,01 - Dry,10 - No control,04 - At/near private drive,01 - Daylight,03 - P.D. only,07 - SMV other,Chapel Hill South
8203,MERIVALE RD @ FAMILY BROWN LANE,365004.2384,5023385.307,-75.73170131,45.34782983,8/14/2015,13:51,02 - Rain,02 - Wet,01 - Traffic signal,02 - Intersection related,01 - Daylight,03 - P.D. only,03 - Rear end,Borden Farm - Stewart Farm - Parkwood Hills - Fisher Glen
8204,INNES RD btwn JEANNE D'ARC BLVD S & WILDFLOWER DR,382649.6455,5035571.968,-75.50462533,45.45573954,8/28/2015,18:23,01 - Clear,01 - Dry,10 - No control,01 - Non intersection,01 - Daylight,03 - P.D. only,03 - Rear end,Avalon
8205,LOCKHART AVE btwn PRINCE CHARLES RD & NEEPAWA AVE,361834.2409,5026480.858,-75.77179473,45.37594831,8/29/2015,10:45,01 - Clear,01 - Dry,10 - No control,01 - Non intersection,01 - Daylight,03 - P.D. only,06 - SMV unattended vehicle,Carlingwood - McKellar Park - Laurentien View