Record,Location,X,Y,lon,lat,Date,Time,Environment,Road_Surface,Traffic_Control,Collision_Location,Light,Collision_Classification,Impact_type,Neighborhood
8729,SNAKE ISLAND RD btwn DOYLE RD & MCGUIRE RD,375605.1865,5004560.879,-75.59911548,45.17746334,6/16/2015,16:27,01 - Clear,01 - Dry,10 - No control,01 - Non intersection,01 - Daylight,03 - P.D. only,07 - SMV other,Kars - Osgoode
8730,LAURIER AVE @ NICHOLAS ST,368374.3577,5031799.351,-75.68761391,45.4232396,6/16/2015,11:00,01 - Clear,01 - Dry,01 - Traffic signal,03 - At intersection,01 - Daylight,03 - P.D. only,03 - Rear end,Sandy Hill
8731,JEANNE D'ARC BLVD/NORTH SERVICE RD @ TENTH LIN,382569.738,5039340.958,-75.5050503,45.48965849,7/21/2015,7:25,02 - Rain,02 - Wet,02 - Stop sign,02 - Intersection related,01 - Daylight,03 - P.D. only,03 - Rear end,Chatelaine Village
8732,BANK ST btwn PHILNOR ST & SALE BARN RD,379634.9407,5013733.278,-75.54647161,45.25957731,4/1/2015,2:41,01 - Clear,01 - Dry,10 - No control,01 - Non intersection,07 - Dark,03 - P.D. only,07 - SMV other,Osgoode
8733,DALHOUSIE ST btwn RIDEAU ST & BESSERER ST,368215.3838,5032217.461,-75.68959132,45.42701603,3/31/2015,22:40,01 - Clear,01 - Dry,10 - No control,01 - Non intersection,07 - Dark,03 - P.D. only,99 - Other,Byward Market - Parliament Hill
8734,BANK ST @ DAVIDSON RD/LESTER RD,373672.7381,5022922.067,-75.62115468,45.34286414,2/18/2015,7:17,01 - Clear,06 - Ice,01 - Traffic signal,02 - Intersection related,01 - Daylight,03 - P.D. only,03 - Rear end,Blossom Park - Blossom Park West - Sawmill Creek/ Timbermill
8735,DONALD ST btwn ELAINE DR & FINDON GT,372363.5929,5032469.655,-75.63655109,45.42889676,2/18/2015,6:09,01 - Clear,03 - Loose snow,10 - No control,04 - At/near private drive,07 - Dark,03 - P.D. only,02 - Angle,Cummings
8736,CHURCHILL AVE @ RICHMOND RD,363229.6309,5028294.973,-75.75376536,45.39215649,1/31/2015,20:21,03 - Snow,03 - Loose snow,01 - Traffic signal,03 - At intersection,07 - Dark,03 - P.D. only,05 - Turning movement,Westboro
8737,DONALD ST @ ST. LAURENT BLVD,372094.6768,5032470.175,-75.63998733,45.42892737,3/22/2015,14:30,01 - Clear,01 - Dry,01 - Traffic signal,03 - At intersection,01 - Daylight,03 - P.D. only,04 - Sideswipe,Overbrook
8738,HUNT CLUB RD @ RIVERSIDE DR,368036.703,5021945.017,-75.69319026,45.33460355,3/25/2015,20:16,01 - Clear,02 - Wet,01 - Traffic signal,02 - Intersection related,07 - Dark,03 - P.D. only,03 - Rear end,Hunt Club Woods - Quintarra - Revelstoke - Riverside South P
8739,BANK ST @ CAHILL DR/DAZE ST,371304.8873,5024316.246,-75.65117858,45.355637,3/23/2015,16:54,01 - Clear,01 - Dry,01 - Traffic signal,02 - Intersection related,01 - Daylight,03 - P.D. only,03 - Rear end,South Keys - Heron Gate - Greenboro West
8740,PAUL ANKA DR @ UPLANDS DR,369456.7595,5023575.034,-75.67486121,45.34914062,2/8/2015,13:00,01 - Clear,03 - Loose snow,02 - Stop sign,03 - At intersection,01 - Daylight,03 - P.D. only,02 - Angle,Hunt Club East - Western Community
8741,CONROY RD @ THURSTON DR,373204.5305,5026793.971,-75.62659263,45.37774783,2/13/2015,20:30,01 - Clear,04 - Slush,01 - Traffic signal,03 - At intersection,07 - Dark,03 - P.D. only,05 - Turning movement,Industrial Park
8742,SIXTH LINE RD btwn BERRY SIDE RD & RIDDELL DR,349983.806,5029287.683,-75.92283372,45.40206896,3/30/2015,2:20,01 - Clear,01 - Dry,10 - No control,01 - Non intersection,07 - Dark,03 - P.D. only,07 - SMV other,Carp - Hardwood Plains
8743,RICHMOND RD @ WOODROFFE AVE,361585.6503,5026655.005,-75.77494842,45.37753546,3/30/2015,11:13,02 - Rain,02 - Wet,01 - Traffic signal,03 - At intersection,01 - Daylight,03 - P.D. only,02 - Angle,Carlingwood - McKellar Park - Laurentien View
8744,GREENBANK RD @ BERRIGAN DR/WESSEX RD,363723.6817,5015275.943,-75.74900608,45.27497087,2/21/2015,12:10,03 - Snow,03 - Loose snow,01 - Traffic signal,02 - Intersection related,01 - Daylight,03 - P.D. only,01 - Approaching,New Barrhaven
8745,RIVER RD btwn EARL ARMSTRONG RD & 175 N OF EARL ARMSTRONG/LOBLAWS SC,367579.4655,5014701.265,-75.69994069,45.26946628,2/21/2015,13:16,03 - Snow,04 - Slush,10 - No control,01 - Non intersection,01 - Daylight,03 - P.D. only,07 - SMV other,Gloucester
8746,GULF PL btwn HOCHELAGA ST & THE ROCKERY PRIV,373135.0056,5034408.291,-75.62642462,45.44626467,2/23/2015,16:06,01 - Clear,05 - Packed snow,10 - No control,01 - Non intersection,01 - Daylight,03 - P.D. only,06 - SMV unattended vehicle,Carson Grove - Carson Meadows
8747,BRUYERE ST @ SUSSEX DR,367537.9694,5032668.531,-75.69818993,45.4311357,2/23/2015,17:30,01 - Clear,01 - Dry,01 - Traffic signal,02 - Intersection related,07 - Dark,03 - P.D. only,03 - Rear end,Byward Market - Parliament Hill
8748,KING EDWARD AVE @ MURRAY ST,368290.7359,5032753.1,-75.68855941,45.43182869,4/6/2015,14:08,01 - Clear,01 - Dry,01 - Traffic signal,02 - Intersection related,01 - Daylight,03 - P.D. only,03 - Rear end,Byward Market
8749,OGILVIE RD @ CITY PARK DR E/CSIS HQ ACCESS,374187.7643,5033010.697,-75.61316509,45.43358617,4/6/2015,17:10,01 - Clear,01 - Dry,01 - Traffic signal,02 - Intersection related,01 - Daylight,03 - P.D. only,03 - Rear end,Industrial Park
8750,RENAUD RD btwn NAVAN RD & WHITE ST,382079.1034,5032898.351,-75.51233897,45.43174785,6/23/2015,14:20,01 - Clear,01 - Dry,10 - No control,01 - Non intersection,01 - Daylight,03 - P.D. only,99 - Other,Chapel Hill South
8751,BOWESVILLE RD/EMERALD LINKS DR W @ MITCH OWENS,374182.7399,5013708.804,-75.615937,45.25991593,1/30/2015,8:47,03 - Snow,03 - Loose snow,02 - Stop sign,03 - At intersection,01 - Daylight,03 - P.D. only,02 - Angle,Greely
8752,COLONNADE RD btwn COLONNADE RD S & PRINCE OF WALES DR,367294.7234,5023218.713,-75.70249505,45.3461305,6/23/2015,18:07,01 - Clear,01 - Dry,10 - No control,01 - Non intersection,01 - Daylight,03 - P.D. only,05 - Turning movement,Industrial Park
8753,VANIER PKWY/CRICHTON ST @ BEECHWOOD AVE/ST. PA,369127.797,5033486.774,-75.67776662,45.4383535,7/19/2015,12:15,01 - Clear,01 - Dry,01 - Traffic signal,02 - Intersection related,01 - Daylight,03 - P.D. only,03 - Rear end,Vanier North
8754,CHAMPLAIN ST @ PLACE D'ORLEANS DR,381596.5253,5038179.735,-75.51768089,45.47931858,7/19/2015,13:24,01 - Clear,01 - Dry,01 - Traffic signal,03 - At intersection,01 - Daylight,03 - P.D. only,05 - Turning movement,Industrial Park
8755,MARCH RD btwn TALL FOREST DR & HUNTMAR DR,344033.6184,5023449.672,-75.99930056,45.34989563,3/31/2015,20:31,01 - Clear,01 - Dry,10 - No control,01 - Non intersection,07 - Dark,03 - P.D. only,07 - SMV other,Carp - Hardwood Plains
8756,GLADSTONE AVE @ METCALFE ST,368229.7478,5030750.087,-75.68959669,45.4138118,3/28/2015,10:39,01 - Clear,01 - Dry,01 - Traffic signal,02 - Intersection related,01 - Daylight,03 - P.D. only,03 - Rear end,Centretown
8757,BRONSON AVE btwn UNIVERSITY RD & BREWER WAY,368079.1676,5027824.749,-75.6918957,45.38750413,2/17/2015,8:34,01 - Clear,06 - Ice,10 - No control,01 - Non intersection,01 - Daylight,03 - P.D. only,03 - Rear end,Carleto
8758,CYRVILLE RD @ INNES RD,375047.7247,5031119.082,-75.60244518,45.41648061,2/17/2015,7:56,01 - Clear,06 - Ice,01 - Traffic signal,02 - Intersection related,01 - Daylight,03 - P.D. only,03 - Rear end,Industrial Park
8759,STONEHAVEN DR @ HARNESS LANE/BLUEMEADOW WAY,354570.4867,5016745.297,-75.86551015,45.28889992,2/1/2015,22:13,01 - Clear,03 - Loose snow,01 - Traffic signal,02 - Intersection related,07 - Dark,03 - P.D. only,02 - Angle,Bridlewood - Emerald Meadows
8760,BRONSON AVE RAMP 24A btwn BRONSON AVE RAMP 42A-1/42A-2 & BRONSON AVE R,368552.522,5027100.882,-75.68594485,45.38094806,2/16/2015,7:28,01 - Clear,06 - Ice,10 - No control,01 - Non intersection,01 - Daylight,03 - P.D. only,07 - SMV other,Alta Vista
8761,ERINBROOK CRES btwn FOLKSTONE CRT & SOUTHVALE CRES,374083.1909,5029265.017,-75.61502809,45.39989482,4/1/2015,18:44,01 - Clear,01 - Dry,10 - No control,01 - Non intersection,01 - Daylight,03 - P.D. only,02 - Angle,Sheffield Glen
8762,ST. LAURENT BLVD @ COTE ST,371785.8898,5033226.652,-75.6438302,45.43576344,2/21/2015,13:12,03 - Snow,03 - Loose snow,01 - Traffic signal,02 - Intersection related,01 - Daylight,03 - P.D. only,03 - Rear end,Cummings
8763,MCARTHUR AVE btwn LAROUCHE ST & OLMSTEAD ST,370433.5524,5032715.396,-75.66118117,45.43129162,2/21/2015,13:17,03 - Snow,05 - Packed snow,10 - No control,04 - At/near private drive,01 - Daylight,03 - P.D. only,02 - Angle,Vanier South
8764,ST. LAURENT BLVD @ COVENTRY RD/OGILVIE RD,372305.7195,5031952.057,-75.63736156,45.42424525,2/23/2015,18:10,01 - Clear,06 - Ice,01 - Traffic signal,02 - Intersection related,07 - Dark,03 - P.D. only,03 - Rear end,Overbrook
8765,CARLING AVE @ MERIVALE RD,364894.7038,5027700.062,-75.7325742,45.38666269,4/7/2015,13:30,01 - Clear,01 - Dry,01 - Traffic signal,02 - Intersection related,01 - Daylight,03 - P.D. only,04 - Sideswipe,Carlington
8766,BASELINE RD @ 207 E OF CLYDE AVE,364536.4446,5025002.421,-75.73747515,45.36242041,4/7/2015,17:24,01 - Clear,01 - Dry,01 - Traffic signal,03 - At intersection,01 - Daylight,03 - P.D. only,03 - Rear end,Civic Hospital - Experimental Farm - Central Park
8767,ST. LAURENT BLVD @ COVENTRY RD/OGILVIE RD,372305.7195,5031950.494,-75.63736178,45.42423118,6/22/2015,16:57,01 - Clear,01 - Dry,01 - Traffic signal,02 - Intersection related,01 - Daylight,03 - P.D. only,05 - Turning movement,Overbrook
8768,BOUNDARY RD btwn COOPER HILL RD & Continuation of BOUNDARY RD,389522.7143,5018318.8,-75.41972249,45.29971288,2/15/2015,3:46,03 - Snow,03 - Loose snow,10 - No control,01 - Non intersection,07 - Dark,03 - P.D. only,07 - SMV other,Metcalfe
8769,PARKGLEN DR @ WOODROFFE AVE,362887.9672,5023126.873,-75.75873623,45.34568293,6/18/2015,13:48,01 - Clear,01 - Dry,02 - Stop sign,02 - Intersection related,01 - Daylight,03 - P.D. only,03 - Rear end,Crestview - Meadowlands
8770,DOVERCOURT AVE @ MANSFIELD AVE,362686.4174,5026995.465,-75.76085484,45.3805088,6/22/2015,18:16,01 - Clear,01 - Dry,02 - Stop sign,03 - At intersection,01 - Daylight,03 - P.D. only,02 - Angle,Carlingwood - McKellar Park - Laurentien View
8771,COVENTRY RD @ VANIER PKWY,370677.1056,5031610.622,-75.65821658,45.42132843,7/16/2015,17:00,01 - Clear,01 - Dry,01 - Traffic signal,02 - Intersection related,01 - Daylight,03 - P.D. only,04 - Sideswipe,Overbrook
8772,MARITIME WAY btwn CANADIAN SHIELD AVE & GREAT LAKES AVE,351863.7153,5019596.708,-75.89974428,45.31474412,2/16/2015,6:06,01 - Clear,06 - Ice,10 - No control,01 - Non intersection,07 - Dark,03 - P.D. only,07 - SMV other,Kanata
8773,BANTREE ST @ INNES RD,373706.6871,5030406.073,-75.61967724,45.41019865,2/17/2015,7:49,01 - Clear,06 - Ice,01 - Traffic signal,02 - Intersection related,01 - Daylight,03 - P.D. only,03 - Rear end,Industrial Park
8774,COLONEL BY DR @ HOG'S BACK RD,367606.6447,5025875.212,-75.69817742,45.37000523,2/17/2015,7:29,01 - Clear,06 - Ice,01 - Traffic signal,02 - Intersection related,01 - Daylight,03 - P.D. only,03 - Rear end,Carleto
8775,MONTREAL RD @ ST. LAURENT BLVD,371545.7029,5033818.077,-75.64681957,45.44110777,2/5/2015,13:51,01 - Clear,04 - Slush,01 - Traffic signal,02 - Intersection related,01 - Daylight,03 - P.D. only,03 - Rear end,Cummings
8776,MEADOWLANDS DR btwn TURN LANE & SULLIVAN AVE,363105.4264,5022757.561,-75.75600498,45.34234184,4/7/2015,17:25,01 - Clear,01 - Dry,10 - No control,04 - At/near private drive,01 - Daylight,03 - P.D. only,02 - Angle,Crestview - Meadowlands
8777,NAVAHO DR btwn BASELINE RD & NAVAHO DR,363095.2531,5024081.176,-75.75597877,45.35425247,3/28/2015,15:43,01 - Clear,01 - Dry,10 - No control,01 - Non intersection,01 - Daylight,03 - P.D. only,05 - Turning movement,Crestview - Meadowlands
8778,MEADOWGLEN DR btwn WINDFLOWER WAY & ORLEANS BLVD,380237.373,5034527.512,-75.53562401,45.44660691,2/19/2015,12:51,01 - Clear,01 - Dry,10 - No control,04 - At/near private drive,01 - Daylight,03 - P.D. only,02 - Angle,Chapel Hill
8779,BASELINE RD @ FISHER AVE,366166.6936,5026029.015,-75.71653974,45.37151668,2/19/2015,13:29,05 - Drifting Snow,03 - Loose snow,01 - Traffic signal,02 - Intersection related,01 - Daylight,03 - P.D. only,03 - Rear end,Civic Hospital - Experimental Farm - Central Park
8780,ST. JOSEPH BLVD btwn ORLEANS BLVD & COUSINEAU ST,380664.6575,5037002.544,-75.52978063,45.46882905,4/2/2015,16:27,01 - Clear,01 - Dry,10 - No control,04 - At/near private drive,01 - Daylight,03 - P.D. only,05 - Turning movement,Industrial Park
8781,CHURCHILL AVE   N btwn WHITBY AVE & MADISON AVE,363166.6128,5028428.386,-75.75455434,45.39336217,4/4/2015,18:26,01 - Clear,01 - Dry,10 - No control,01 - Non intersection,05 - Dusk,03 - P.D. only,05 - Turning movement,Westboro
8782,CLAYMOR AVE @ MEADOWLANDS DR,366916.1412,5025322.241,-75.70706142,45.36509126,2/21/2015,13:36,03 - Snow,03 - Loose snow,01 - Traffic signal,02 - Intersection related,01 - Daylight,03 - P.D. only,03 - Rear end,Carleton Heights - Rideauview
8783,CONROY RD @ HUNT CLUB RD,373765.6677,5025404.041,-75.61962279,45.36518682,2/23/2015,20:35,01 - Clear,02 - Wet,01 - Traffic signal,02 - Intersection related,07 - Dark,03 - P.D. only,03 - Rear end,Greenboro East
8784,FIFTH AVE btwn HOWICK PL & RUPERT ST,368543.054,5029486.65,-75.68575753,45.40241534,2/28/2015,11:50,01 - Clear,01 - Dry,10 - No control,01 - Non intersection,01 - Daylight,03 - P.D. only,04 - Sideswipe,The Glebe
8785,HUNT CLUB RD @ RIVERSIDE DR,368037.6669,5021945.017,-75.69317796,45.33460346,4/9/2015,12:12,01 - Clear,01 - Dry,01 - Traffic signal,02 - Intersection related,01 - Daylight,03 - P.D. only,03 - Rear end,Hunt Club Woods - Quintarra - Revelstoke - Riverside South P
8786,BANK ST @ ECHO DR,368660.0187,5028759.453,-75.68435775,45.39586159,7/9/2015,20:45,01 - Clear,01 - Dry,02 - Stop sign,03 - At intersection,05 - Dusk,03 - P.D. only,02 - Angle,Old Ottawa South
8787,INNES RD @ ORLEANS BLVD,380459.3537,5034296.043,-75.53282226,45.44450034,7/9/2015,17:10,01 - Clear,01 - Dry,01 - Traffic signal,02 - Intersection related,01 - Daylight,03 - P.D. only,03 - Rear end,Orleans Village - Chateauneuf
8788,LEMIEUX ST @ ST. LAURENT BLVD,372391.004,5031741.483,-75.63630075,45.42234237,6/25/2015,8:30,01 - Clear,01 - Dry,01 - Traffic signal,03 - At intersection,01 - Daylight,03 - P.D. only,02 - Angle,Overbrook
8789,MERIVALE RD @ WEST HUNT CLUB RD,365611.9745,5021942.859,-75.72412368,45.33479846,6/24/2015,9:53,01 - Clear,01 - Dry,01 - Traffic signal,02 - Intersection related,01 - Daylight,03 - P.D. only,03 - Rear end,Tanglewood
8790,WOODROFFE AVE @ CLARIDGE DR/STONEWAY DR N,365576.6996,5016707.082,-75.72521588,45.28769047,6/25/2015,18:00,01 - Clear,01 - Dry,01 - Traffic signal,02 - Intersection related,01 - Daylight,03 - P.D. only,04 - Sideswipe,Chapman Mills - Rideau Crest - Davidson Heights
8791,LEMIEUX ST @ ST. LAURENT BLVD,372390.6436,5031742.474,-75.63630522,45.42235132,7/17/2015,15:43,02 - Rain,02 - Wet,01 - Traffic signal,03 - At intersection,01 - Daylight,03 - P.D. only,05 - Turning movement,Overbrook
8792,REGIONAL ROAD 174 btwn OR174 IC102 RAMP51 & REGIONAL ROAD 174,381405.4315,5038132.573,-75.5201322,45.47891525,7/17/2015,12:22,01 - Clear,01 - Dry,10 - No control,01 - Non intersection,01 - Daylight,03 - P.D. only,07 - SMV other,Industrial Park
8793,TENTH LINE RD btwn TOMPKINS AVE & CANOTIA PL,383281.9335,5037731.378,-75.49619743,45.47509725,3/23/2015,17:27,01 - Clear,01 - Dry,10 - No control,01 - Non intersection,01 - Daylight,03 - P.D. only,03 - Rear end,Queenswood Heights
8794,FALLOWFIELD RD @ MOODIE DR,359501.6559,5014634.967,-75.8028831,45.26954442,3/23/2015,6:44,01 - Clear,01 - Dry,01 - Traffic signal,02 - Intersection related,03 - Dawn,03 - P.D. only,03 - Rear end,Munster Hamlet - Richmond
8795,TENTH LINE RD @ CHARLEMAGNE BLVD N/TOMPKINS AV,383182.966,5037977.4,-75.4974238,45.47732185,2/17/2015,7:00,01 - Clear,04 - Slush,01 - Traffic signal,02 - Intersection related,03 - Dawn,03 - P.D. only,03 - Rear end,Queenswood Heights
8796,AIRPORT PKWY btwn BROOKFIELD RAMP 34 & BRONSON AVE RAMP 24C,368695.4794,5026721.696,-75.68416868,45.37752323,2/17/2015,6:45,06 - Strong wind,06 - Ice,10 - No control,07 - Overpass or bridge,03 - Dawn,03 - P.D. only,03 - Rear end,Alta Vista
8797,BANK ST @ SUNNYSIDE AVE,368733.7448,5028582.995,-75.68343906,45.39426715,2/11/2015,22:08,03 - Snow,03 - Loose snow,01 - Traffic signal,03 - At intersection,07 - Dark,03 - P.D. only,02 - Angle,Old Ottawa South
8798,GOUGH RD @ LORDS MANOR LANE,373567.737,5010803.957,-75.62417411,45.23383914,2/13/2015,23:44,01 - Clear,03 - Loose snow,02 - Stop sign,03 - At intersection,07 - Dark,03 - P.D. only,07 - SMV other,Manotick
8799,EARL ARMSTRONG RD @ SHORELINE DR,368841.9769,5015288.7,-75.68377714,45.27463811,1/5/2015,7:52,01 - Clear,04 - Slush,02 - Stop sign,03 - At intersection,03 - Dawn,03 - P.D. only,02 - Angle,Greenbelt
8800,THORNBURY CRES btwn REDDING WAY & REDDING WAY,362011.6143,5023345.918,-75.76989316,45.34772591,3/28/2015,22:25,01 - Clear,01 - Dry,10 - No control,01 - Non intersection,07 - Dark,03 - P.D. only,06 - SMV unattended vehicle,Centrepointe
8801,SIXTH LINE RD btwn BERRY SIDE RD & RIDDELL DR,348349.0721,5031072.021,-75.94355674,45.41822831,3/29/2015,14:09,01 - Clear,01 - Dry,10 - No control,01 - Non intersection,01 - Daylight,03 - P.D. only,03 - Rear end,Carp - Hardwood Plains
8802,COLONEL BY DR @ HOG'S BACK RD,367602.7094,5025871.128,-75.69822818,45.36996883,2/19/2015,16:22,01 - Clear,01 - Dry,01 - Traffic signal,02 - Intersection related,01 - Daylight,03 - P.D. only,03 - Rear end,Carleto
8803,PRINCE OF WALES DR @ MEADOWLANDS DR/HOG'S BACK,367372.8828,5025692.995,-75.70118454,45.36838659,4/4/2015,21:15,01 - Clear,01 - Dry,01 - Traffic signal,03 - At intersection,07 - Dark,03 - P.D. only,05 - Turning movement,Carleton Heights - Rideauview
8804,WALLSEND AVE btwn PEIKOFF CRES & PEIKOFF CRES,348666.799,5023331.331,-75.94018509,45.34855627,4/6/2015,12:40,01 - Clear,01 - Dry,10 - No control,04 - At/near private drive,01 - Daylight,03 - P.D. only,06 - SMV unattended vehicle,Morgan's Grant
8805,COLONEL BY DR @ HOG'S BACK RD,367601.7455,5025874.02,-75.69824011,45.36999494,2/21/2015,14:00,03 - Snow,03 - Loose snow,01 - Traffic signal,03 - At intersection,01 - Daylight,03 - P.D. only,05 - Turning movement,Carleto
8806,TERRY FOX DR btwn HWY417 IC140 RAMP25 & PALLADIUM DR,351145.7271,5018328.918,-75.90901965,45.30338397,2/21/2015,14:23,03 - Snow,03 - Loose snow,10 - No control,01 - Non intersection,01 - Daylight,03 - P.D. only,03 - Rear end,Katimavik - Hazeldean
8807,INNES RD btwn CYRVILLE RD & STONEHENGE CRES,375111.3392,5031162.456,-75.60162629,45.41686448,3/2/2015,19:10,01 - Clear,01 - Dry,10 - No control,01 - Non intersection,07 - Dark,03 - P.D. only,03 - Rear end,Industrial Park
8808,TENTH LINE RD @ VANGUARD DR,384072.7632,5035873.118,-75.48638383,45.45828902,3/3/2015,18:16,03 - Snow,05 - Packed snow,01 - Traffic signal,03 - At intersection,05 - Dusk,03 - P.D. only,02 - Angle,Avalon
8809,DUSSERE ST @ ST. JOSEPH BLVD,380856.6558,5037126.824,-75.52730632,45.46992634,4/10/2015,12:00,01 - Clear,01 - Dry,02 - Stop sign,02 - Intersection related,01 - Daylight,03 - P.D. only,02 - Angle,Industrial Park
8810,CHURCHILL AVE @ RICHMOND RD,363227.2409,5028293.292,-75.75379608,45.39214156,4/11/2015,12:34,01 - Clear,01 - Dry,01 - Traffic signal,02 - Intersection related,01 - Daylight,03 - P.D. only,04 - Sideswipe,Carlingwood - McKellar Park - Laurentien View
8811,INNES RD @ TENTH LINE RD,383950.3189,5036159.921,-75.48790305,45.46088329,7/9/2015,16:50,01 - Clear,01 - Dry,01 - Traffic signal,02 - Intersection related,01 - Daylight,03 - P.D. only,03 - Rear end,Queenswood Heights
8812,NAVAHO DR @ TARA DR,363469.683,5025002.433,-75.75109099,45.36251061,7/9/2015,11:48,01 - Clear,01 - Dry,02 - Stop sign,03 - At intersection,01 - Daylight,03 - P.D. only,02 - Angle,Braemar Park - Bel Air Heights - Copeland Park
8813,BASELINE RD btwn CLYDE AVE & 207 E OF CLYDE AVE,364375.2799,5024899.522,-75.73954461,45.36150825,6/19/2015,19:08,01 - Clear,01 - Dry,10 - No control,01 - Non intersection,01 - Daylight,03 - P.D. only,03 - Rear end,Civic Hospital - Experimental Farm - Central Park
8814,BANK ST @ ST. PAUL AVE,370509.547,5025561.389,-75.66116309,45.36691539,6/30/2015,14:50,01 - Clear,01 - Dry,02 - Stop sign,03 - At intersection,01 - Daylight,03 - P.D. only,02 - Angle,Ledbury - Heron Gate - Ridgemont - Elmwood
8815,JOCKVALE RD @ CAMBRIAN RD/GOLFLINKS DR W,365383.4115,5013222.335,-75.72810489,45.25635148,6/29/2015,10:08,02 - Rain,02 - Wet,11 - Roundabout,03 - At intersection,01 - Daylight,03 - P.D. only,02 - Angle,New Barrhaven
8816,MERIVALE RD btwn BECKSTEAD RD & QUEEN ANNE CRES,367309.8713,5017798.896,-75.70298585,45.29736248,6/29/2015,17:36,01 - Clear,01 - Dry,10 - No control,01 - Non intersection,01 - Daylight,03 - P.D. only,03 - Rear end,Greenbelt
8817,ST. LAURENT BLVD btwn CONROY RD & THURSTON DR,373598.7902,5027445.546,-75.62146842,45.38357181,7/17/2015,10:23,01 - Clear,01 - Dry,10 - No control,04 - At/near private drive,01 - Daylight,03 - P.D. only,02 - Angle,Industrial Park
8818,CHENIER WAY btwn CARRIGAN DR & WILKIE DR,384297.5131,5037169.903,-75.48330082,45.46993075,7/17/2015,8:15,01 - Clear,01 - Dry,10 - No control,01 - Non intersection,01 - Daylight,03 - P.D. only,06 - SMV unattended vehicle,Fallingbrook
8819,WEST HUNT CLUB RD @ CLEOPATRA DR/LANCELOT DR,365235.7,5021730.084,-75.72894996,45.33291644,3/9/2015,10:40,01 - Clear,01 - Dry,01 - Traffic signal,02 - Intersection related,01 - Daylight,03 - P.D. only,04 - Sideswipe,Tanglewood
8820,HERON RD @ JEFFERSON ST,371808.364,5027053.747,-75.64438199,45.38022011,2/27/2015,15:27,01 - Clear,02 - Wet,01 - Traffic signal,02 - Intersection related,01 - Daylight,03 - P.D. only,02 - Angle,Ledbury - Heron Gate - Ridgemont - Elmwood
8821,REGIONAL ROAD 174 btwn OR174 IC112 RAMP36 & OR174 IC112 RAMP26,374753,5032809.892,-75.6059703,45.43172313,2/17/2015,6:50,01 - Clear,06 - Ice,10 - No control,01 - Non intersection,03 - Dawn,03 - P.D. only,07 - SMV other,Pineview
8822,VANIER PKWY/CRICHTON ST @ BEECHWOOD AVE/ST. PA,369127.931,5033488.402,-75.6777647,45.43836814,2/17/2015,3:53,01 - Clear,01 - Dry,01 - Traffic signal,02 - Intersection related,07 - Dark,03 - P.D. only,07 - SMV other,Vanier North
8823,EAGLESON RD @ KAKULU RD,353382.5815,5019151.951,-75.88041722,45.31063866,2/14/2015,10:23,01 - Clear,03 - Loose snow,01 - Traffic signal,02 - Intersection related,01 - Daylight,03 - P.D. only,07 - SMV other,Greenbelt
8824,BASELINE RD @ NAVAHO DR,363086.6546,5024097.988,-75.75608652,45.35440445,2/14/2015,10:32,03 - Snow,04 - Slush,01 - Traffic signal,02 - Intersection related,01 - Daylight,03 - P.D. only,07 - SMV other,Braemar Park - Bel Air Heights - Copeland Park
8825,BRASSEUR CRES btwn WINSOME TER & DESTINY PRIV,386202.9476,5037556.382,-75.45887206,45.47318842,2/17/2015,14:30,01 - Clear,05 - Packed snow,10 - No control,01 - Non intersection,01 - Daylight,03 - P.D. only,06 - SMV unattended vehicle,Cardinal Creek
8826,DONALD ST btwn 110 E OF ST. LAURENT BLVD & ELAINE DR,372246.6758,5032487.661,-75.63804263,45.42907006,2/18/2015,18:08,01 - Clear,01 - Dry,10 - No control,04 - At/near private drive,07 - Dark,03 - P.D. only,99 - Other,Cummings
8827,MOODIE DR @ ROBERTSON RD,357064.9748,5020455.254,-75.83332055,45.32210153,3/29/2015,15:10,01 - Clear,01 - Dry,01 - Traffic signal,03 - At intersection,01 - Daylight,03 - P.D. only,02 - Angle,Bells Corners West
8828,CYRVILLE RD @ INNES RD,375047.7247,5031117.155,-75.60244545,45.41646327,4/1/2015,15:45,01 - Clear,01 - Dry,01 - Traffic signal,02 - Intersection related,01 - Daylight,03 - P.D. only,04 - Sideswipe,Industrial Park
8829,RAMSAYVILLE RD btwn WHYTE SIDE RD & LEITRIM RD,378690.1454,5023970.372,-75.55698224,45.35178567,2/19/2015,17:58,03 - Snow,05 - Packed snow,10 - No control,01 - Non intersection,05 - Dusk,03 - P.D. only,01 - Approaching,Greenbelt
8830,RAMSAYVILLE RD btwn WALKLEY EXTENSION RD & RIDGE RD,376539.3542,5029238.221,-75.58366275,45.39940636,2/19/2015,18:43,03 - Snow,05 - Packed snow,10 - No control,01 - Non intersection,07 - Dark,03 - P.D. only,04 - Sideswipe,Greenbelt
8831,WOODROFFE AVE btwn TECUMSEH ST & DOMALATCHY PL,362377.2104,5024204.339,-75.76512803,45.35542,4/7/2015,8:34,01 - Clear,01 - Dry,10 - No control,01 - Non intersection,01 - Daylight,03 - P.D. only,03 - Rear end,Iris
8832,BASELINE RD @ WOODROFFE AVE,362548.7263,5023770.987,-75.76298972,45.35150663,4/7/2015,9:00,01 - Clear,01 - Dry,01 - Traffic signal,02 - Intersection related,01 - Daylight,03 - P.D. only,04 - Sideswipe,Iris