Record,Location,X,Y,lon,lat,Date,Time,Environment,Road_Surface,Traffic_Control,Collision_Location,Light,Collision_Classification,Impact_type,Neighborhood
9039,ELGIN ST @ FRANK ST,368358.4318,5030887.491,-75.68793502,45.41503644,5/27/2015,17:14,01 - Clear,01 - Dry,02 - Stop sign,03 - At intersection,01 - Daylight,03 - P.D. only,05 - Turning movement,Centretown
9040,ALTA VISTA DR btwn 75 S OF CALEDON ST & CALEDON ST,370782.5125,5030407.223,-75.65703095,45.4104908,7/21/2015,7:40,01 - Clear,01 - Dry,10 - No control,01 - Non intersection,01 - Daylight,03 - P.D. only,03 - Rear end,Industrial Park
9041,GARAND PL btwn Continuation of GARAND PL & BRIAR HILL DR,371415.9427,5027113.99,-75.64938406,45.38079958,8/11/2015,19:50,01 - Clear,01 - Dry,10 - No control,04 - At/near private drive,01 - Daylight,03 - P.D. only,06 - SMV unattended vehicle,Playfair Park - Lynda Park - Guildwood Estates
9042,PORTOBELLO BLVD btwn VALIN ST & TRIM RD,385605.3154,5038008.842,-75.46643999,45.47732861,6/21/2015,15:00,01 - Clear,01 - Dry,10 - No control,01 - Non intersection,01 - Daylight,03 - P.D. only,07 - SMV other,Cardinal Creek
9043,TENTH LINE RD @ CHARLEMAGNE BLVD N/TOMPKINS AV,383184.4501,5037977.622,-75.49740479,45.47732368,6/22/2015,8:52,01 - Clear,01 - Dry,01 - Traffic signal,02 - Intersection related,01 - Daylight,03 - P.D. only,03 - Rear end,Queenswood Heights
9044,VANIER PKWY/CRICHTON ST @ BEECHWOOD AVE/ST. PA,369127.797,5033486.774,-75.67776662,45.4383535,7/18/2015,8:44,02 - Rain,02 - Wet,01 - Traffic signal,02 - Intersection related,01 - Daylight,03 - P.D. only,04 - Sideswipe,Vanier North
9045,EAGLE LANE @ MEADOWLANDS DR,365279.5701,5024420.951,-75.7280613,45.35712471,7/22/2015,20:52,01 - Clear,01 - Dry,02 - Stop sign,02 - Intersection related,05 - Dusk,03 - P.D. only,03 - Rear end,Borden Farm - Stewart Farm - Parkwood Hills - Fisher Glen
9046,MARKETPLACE AVE @ RIOCAN AVE,364287.5976,5014761.955,-75.74188108,45.27029852,7/3/2015,0:38,01 - Clear,01 - Dry,02 - Stop sign,03 - At intersection,07 - Dark,03 - P.D. only,02 - Angle,New Barrhaven
9047,MOODIE DR @ ROBERTSON RD,357066.2917,5020456.649,-75.8333036,45.32211398,6/24/2015,15:17,01 - Clear,01 - Dry,01 - Traffic signal,02 - Intersection related,01 - Daylight,03 - P.D. only,05 - Turning movement,Bells Corners West
9048,STITTSVILLE MAIN ST @ ORVILLE ST,350312.7239,5013247.42,-75.92010717,45.25771349,6/23/2015,15:00,01 - Clear,01 - Dry,02 - Stop sign,02 - Intersection related,01 - Daylight,03 - P.D. only,03 - Rear end,Stittsville
9049,CARP RD @ ECHOWOODS AVE/KITTIWAKE DR,348596.3471,5014563.126,-75.94185904,45.26966166,1/15/2015,14:46,01 - Clear,02 - Wet,01 - Traffic signal,02 - Intersection related,01 - Daylight,03 - P.D. only,03 - Rear end,Stittsville
9050,QUEEN ST @ LYON ST,367019.0154,5031287.576,-75.70499611,45.41875666,7/11/2015,15:28,01 - Clear,01 - Dry,01 - Traffic signal,02 - Intersection related,01 - Daylight,03 - P.D. only,03 - Rear end,Downtown
9051,BANK ST btwn EUCLID AVE & SUNNYSIDE AVE,368724.6186,5028605.693,-75.68355266,45.39447222,4/24/2015,16:45,01 - Clear,01 - Dry,10 - No control,01 - Non intersection,01 - Daylight,03 - P.D. only,04 - Sideswipe,Old Ottawa South
9052,ELGIN ST @ LAURIER AVE,367948.7099,5031549.215,-75.69308457,45.42102751,4/27/2015,16:15,01 - Clear,01 - Dry,01 - Traffic signal,02 - Intersection related,01 - Daylight,03 - P.D. only,04 - Sideswipe,Downtown
9053,DONALD ST @ VANIER PKWY,370311.7131,5032270.225,-75.66279737,45.42729758,6/26/2015,15:20,01 - Clear,01 - Dry,01 - Traffic signal,02 - Intersection related,01 - Daylight,03 - P.D. only,03 - Rear end,Overbrook
9054,RIDEAU ST btwn SUSSEX DR & 88 W OF WILLIAM ST/FREIMAN MALL,367935.3904,5032052.872,-75.6931902,45.42556045,6/26/2015,18:23,01 - Clear,01 - Dry,10 - No control,01 - Non intersection,01 - Daylight,03 - P.D. only,04 - Sideswipe,Byward Market - Parliament Hill
9055,SMYTH RD btwn CUBA AVE & RUSSELL RD,373022.869,5029347.193,-75.6285589,45.40073833,2/5/2015,15:50,01 - Clear,01 - Dry,10 - No control,01 - Non intersection,01 - Daylight,03 - P.D. only,03 - Rear end,Elmvale - Eastway - Riverview - Riverview Park West
9056,RIVERSIDE DR @ TREMBLAY RD/HWY417 IC117 RAMP52,370800.6367,5031016.268,-75.65671787,45.41596903,5/27/2015,13:00,01 - Clear,01 - Dry,01 - Traffic signal,02 - Intersection related,01 - Daylight,03 - P.D. only,03 - Rear end,Industrial Park
9057,MONTREAL RD btwn OLMSTEAD ST & Continuation of MONTREAL RD,370353.2229,5033224.818,-75.66213987,45.43588272,5/27/2015,19:19,01 - Clear,01 - Dry,10 - No control,04 - At/near private drive,01 - Daylight,03 - P.D. only,02 - Angle,Vanier South
9058,DALHOUSIE ST btwn RIDEAU ST & BESSERER ST,368244.0531,5032173.791,-75.68923061,45.42662051,5/7/2015,15:23,01 - Clear,01 - Dry,10 - No control,01 - Non intersection,01 - Daylight,03 - P.D. only,04 - Sideswipe,Byward Market - Parliament Hill
9059,BELFAST RD @ ST. LAURENT BLVD,372860.0034,5030578.922,-75.63046899,45.41183672,5/19/2015,17:59,01 - Clear,01 - Dry,01 - Traffic signal,02 - Intersection related,01 - Daylight,03 - P.D. only,03 - Rear end,Industrial Park
9060,CHAMBERLAIN AVE btwn IMPERIAL AVE & PERCY ST,367442.6528,5029756.22,-75.69977822,45.40494019,5/28/2015,8:38,01 - Clear,01 - Dry,10 - No control,01 - Non intersection,01 - Daylight,03 - P.D. only,03 - Rear end,The Glebe
9061,KING EDWARD AVE @ RIDEAU ST,368511.7072,5032412.508,-75.68577965,45.42874407,7/21/2015,12:02,01 - Clear,01 - Dry,01 - Traffic signal,02 - Intersection related,01 - Daylight,03 - P.D. only,02 - Angle,Lowe
9062,INNES RD @ ORIENT PARK DR,378320.7401,5033036.209,-75.56034526,45.43339341,7/21/2015,16:49,01 - Clear,01 - Dry,01 - Traffic signal,02 - Intersection related,01 - Daylight,03 - P.D. only,99 - Other,Blackburn Hamlet
9063,CAMPEAU DR/HWY 417 MARCH IC138R63 @ MARCH RD,352840.7321,5020476.971,-75.88719863,45.32259874,8/11/2015,21:07,02 - Rain,02 - Wet,01 - Traffic signal,03 - At intersection,07 - Dark,03 - P.D. only,02 - Angle,Greenbelt
9064,DONALD ST btwn VANIER PKWY & VERA ST,370364.3257,5032275.27,-75.66212441,45.42733804,6/22/2015,15:44,01 - Clear,01 - Dry,10 - No control,04 - At/near private drive,01 - Daylight,03 - P.D. only,02 - Angle,Overbrook
9065,BLAIR RD btwn MEADOWBROOK RD & LAURA PRIV,375218.5183,5032277.786,-75.6000976,45.42688882,6/23/2015,9:13,01 - Clear,01 - Dry,10 - No control,01 - Non intersection,01 - Daylight,03 - P.D. only,04 - Sideswipe,Greenbelt
9066,POPLAR ST @ ROCHESTER ST,366565.9834,5030009.217,-75.71094437,45.40729449,7/23/2015,23:40,01 - Clear,01 - Dry,02 - Stop sign,03 - At intersection,07 - Dark,03 - P.D. only,05 - Turning movement,Little Italy
9067,GREENBANK RD btwn HWY 417 IC129 RAMP57 & HWY417 IC129 RAMP53,360525.5432,5023300.602,-75.78886129,45.3474378,7/24/2015,18:11,01 - Clear,01 - Dry,10 - No control,01 - Non intersection,01 - Daylight,03 - P.D. only,03 - Rear end,Iris
9068,ALBION RD @ LESTER RD,372694.7432,5022332.136,-75.63371382,45.33765148,7/4/2015,21:24,01 - Clear,01 - Dry,01 - Traffic signal,02 - Intersection related,07 - Dark,03 - P.D. only,03 - Rear end,Greenbelt
9069,JASMINE CRES S @ OGILVIE RD,375354.7353,5033720.946,-75.59815025,45.43985982,7/17/2015,19:33,02 - Rain,02 - Wet,02 - Stop sign,03 - At intersection,01 - Daylight,03 - P.D. only,02 - Angle,Beacon Hill South - Cardinal Heights
9070,HOLLAND AVE @ RUSKIN ST,365281.1437,5028349.476,-75.72756011,45.39247272,6/22/2015,14:05,01 - Clear,01 - Dry,02 - Stop sign,03 - At intersection,01 - Daylight,03 - P.D. only,02 - Angle,Civic Hospital - Experimental Farm - Central Park
9071,INNES RD @ TENTH LINE RD,383951.7603,5036160.642,-75.4878845,45.46088961,5/13/2015,11:26,01 - Clear,01 - Dry,01 - Traffic signal,02 - Intersection related,01 - Daylight,03 - P.D. only,03 - Rear end,Queenswood Heights
9072,MERIVALE RD/LOTTA AVE @ CLYDE AVE,364520.9776,5024507.886,-75.73773232,45.35797197,7/11/2015,16:01,01 - Clear,01 - Dry,01 - Traffic signal,02 - Intersection related,01 - Daylight,03 - P.D. only,04 - Sideswipe,Cityview - Skyline - Fisher Heights
9073,RICHMOND RD btwn ATHLONE AVE & TWEEDSMUIR AVE,363478.194,5028453.448,-75.75057225,45.39356163,5/22/2015,12:55,01 - Clear,01 - Dry,10 - No control,01 - Non intersection,01 - Daylight,03 - P.D. only,99 - Other,Westboro
9074,GOUGH RD @ KNIGHTS DR,372997.2376,5010442.671,-75.63148866,45.23064384,6/7/2015,8:55,01 - Clear,01 - Dry,02 - Stop sign,03 - At intersection,01 - Daylight,03 - P.D. only,02 - Angle,Manotick
9075,HIGHWAY 417 btwn HWY417 IC118 RAMP57 & HWY417 IC118 RAMP35,369369.2225,5030981.105,-75.67500955,45.4157862,2/6/2015,7:44,03 - Snow,03 - Loose snow,10 - No control,01 - Non intersection,01 - Daylight,03 - P.D. only,07 - SMV other,Old Ottawa East
9076,HWY 417 VANIER IC117R63 @ VANIER PKWY,370799.6211,5031398.299,-75.65667967,45.41940649,6/26/2015,23:17,01 - Clear,01 - Dry,01 - Traffic signal,02 - Intersection related,07 - Dark,03 - P.D. only,03 - Rear end,Overbrook
9077,ELGIN ST btwn FRANK ST & GLADSTONE AVE,368364.1976,5030878.121,-75.68786257,45.41495161,6/27/2015,19:18,01 - Clear,01 - Dry,10 - No control,01 - Non intersection,01 - Daylight,03 - P.D. only,04 - Sideswipe,Centretown
9078,CATHERINE ST/HWY 417 O'CONN IC119BR76 @ O'CONN,368244.4317,5030391.483,-75.68945526,45.41058387,7/1/2015,12:30,02 - Rain,02 - Wet,01 - Traffic signal,03 - At intersection,01 - Daylight,03 - P.D. only,02 - Angle,Centretown
9079,BANK ST @ SOUTHKEYS SC,371083.0088,5024521.155,-75.6539827,45.35750171,3/3/2015,8:23,01 - Clear,01 - Dry,01 - Traffic signal,02 - Intersection related,01 - Daylight,03 - P.D. only,03 - Rear end,South Keys - Heron Gate - Greenboro West
9080,MONTREAL RD btwn RIDEAU ST & NORTH RIVER RD,369715.9249,5032893.711,-75.6703282,45.43296301,5/29/2015,14:48,01 - Clear,01 - Dry,10 - No control,01 - Non intersection,01 - Daylight,03 - P.D. only,04 - Sideswipe,Vanier
9081,LAURIER AVE @ NICHOLAS ST,368372.9163,5031797.189,-75.6876326,45.42322027,5/29/2015,19:53,01 - Clear,01 - Dry,01 - Traffic signal,02 - Intersection related,01 - Daylight,03 - P.D. only,03 - Rear end,Sandy Hill
9082,REGIONAL ROAD 174 btwn HWY417 IC113 RAMP67 & Continuation of REGIONAL ,373792.8507,5032095.443,-75.61834005,45.42539027,5/20/2015,7:53,01 - Clear,01 - Dry,10 - No control,01 - Non intersection,01 - Daylight,03 - P.D. only,04 - Sideswipe,Industrial Park
9083,INNES RD @ TENTH LINE RD,383952.481,5036159.921,-75.4878754,45.46088304,5/20/2015,14:43,01 - Clear,01 - Dry,01 - Traffic signal,02 - Intersection related,01 - Daylight,03 - P.D. only,03 - Rear end,Queenswood Heights
9084,BANK ST @ LAURIER AVE,367480.7003,5031265.228,-75.69910035,45.41851437,7/24/2015,12:15,01 - Clear,01 - Dry,01 - Traffic signal,02 - Intersection related,01 - Daylight,03 - P.D. only,04 - Sideswipe,Downtown
9085,CHAMPLAIN ST @ JEANNE D'ARC BLVD,381379.7447,5038723.959,-75.5203685,45.48423885,6/23/2015,9:14,02 - Rain,02 - Wet,01 - Traffic signal,02 - Intersection related,01 - Daylight,03 - P.D. only,03 - Rear end,Chatelaine Village
9086,BASELINE RD @ FISHER AVE,366166.6936,5026029.614,-75.71653966,45.37152207,6/23/2015,8:45,01 - Clear,01 - Dry,01 - Traffic signal,02 - Intersection related,01 - Daylight,03 - P.D. only,03 - Rear end,Civic Hospital - Experimental Farm - Central Park
9087,MEADOWLANDS DR @ VIEWMOUNT DR,363739.6834,5023106.592,-75.74787078,45.34542939,8/2/2015,15:48,01 - Clear,01 - Dry,01 - Traffic signal,02 - Intersection related,01 - Daylight,03 - P.D. only,03 - Rear end,Crestview - Meadowlands
9088,INNES RD @ STONEHENGE CRES E,375363.0218,5031314.634,-75.59838913,45.41820835,8/6/2015,23:33,01 - Clear,01 - Dry,01 - Traffic signal,03 - At intersection,07 - Dark,03 - P.D. only,05 - Turning movement,Greenbelt
9089,HERON RD @ KALADAR AVE,369684.7594,5026805.158,-75.67152769,45.37818328,6/18/2015,17:52,01 - Clear,01 - Dry,01 - Traffic signal,02 - Intersection related,01 - Daylight,03 - P.D. only,03 - Rear end,Alta Vista
9090,REGIONAL RD 174 EB btwn REGIONAL RD 174 & TRIM RD,384596.538,5040163.043,-75.47899081,45.49682602,6/18/2015,16:59,01 - Clear,01 - Dry,10 - No control,01 - Non intersection,01 - Daylight,03 - P.D. only,03 - Rear end,Cumberland - Estates
9091,WOODRIDGE CRES btwn BAYSHORE PS & TRANSITWAY LINK,358627.1256,5023392.959,-75.81307602,45.3484171,6/2/2015,15:12,01 - Clear,01 - Dry,10 - No control,01 - Non intersection,01 - Daylight,03 - P.D. only,02 - Angle,Bayshore
9092,CAMPEAU DR/HWY 417 MARCH IC138R63 @ MARCH RD,352841.6249,5020476.106,-75.88718733,45.3225909,7/12/2015,13:45,01 - Clear,01 - Dry,01 - Traffic signal,02 - Intersection related,01 - Daylight,03 - P.D. only,02 - Angle,Greenbelt
9093,MARITIME WAY btwn CANADIAN SHIELD AVE & GREAT LAKES AVE,351863.7153,5019596.708,-75.89974428,45.31474412,1/17/2015,2:08,01 - Clear,01 - Dry,10 - No control,01 - Non intersection,07 - Dark,03 - P.D. only,07 - SMV other,Kanata
9094,ST. LAURENT BLVD @ COVENTRY RD/OGILVIE RD,372306.4402,5031951.935,-75.63735237,45.42424408,6/19/2015,15:26,01 - Clear,01 - Dry,01 - Traffic signal,02 - Intersection related,01 - Daylight,03 - P.D. only,04 - Sideswipe,Overbrook
9095,ETHEL ST @ MARIER AVE,370296.2743,5033474.231,-75.66283448,45.43813216,6/25/2015,17:47,01 - Clear,01 - Dry,02 - Stop sign,03 - At intersection,01 - Daylight,03 - P.D. only,07 - SMV other,Vanier North
9096,JEANNE D'ARC BLVD @ ORLEANS BLVD S,380941.176,5036249.501,-75.52636145,45.46202369,1/16/2015,2:20,03 - Snow,05 - Packed snow,01 - Traffic signal,03 - At intersection,07 - Dark,03 - P.D. only,07 - SMV other,Orleans Village - Chateauneuf
9097,CLYDE AVE btwn CLYDE AVE & STARWOOD RD,364421.9024,5024748.193,-75.7389678,45.36014265,1/16/2015,12:10,01 - Clear,02 - Wet,10 - No control,04 - At/near private drive,01 - Daylight,03 - P.D. only,02 - Angle,Cityview - Skyline - Fisher Heights
9098,MONTREAL RD @ GRANVILLE ST/LAFONTAINE AVE,370825.272,5033474.231,-75.65607363,45.43808241,6/29/2015,8:19,02 - Rain,02 - Wet,01 - Traffic signal,03 - At intersection,01 - Daylight,03 - P.D. only,05 - Turning movement,Vanier South
9099,DONALD ST @ ST. LAURENT BLVD,372092.9922,5032472.945,-75.64000847,45.42895245,7/2/2015,20:12,01 - Clear,01 - Dry,01 - Traffic signal,02 - Intersection related,01 - Daylight,03 - P.D. only,07 - SMV other,Overbrook
9100,RAYMOND ST btwn BELL ST N & ARTHUR LANE N,367063.3875,5029724.694,-75.70462662,45.40469036,7/4/2015,7:03,01 - Clear,01 - Dry,10 - No control,01 - Non intersection,01 - Daylight,03 - P.D. only,06 - SMV unattended vehicle,Centretown West
9101,METCALFE ST btwn CATHERINE ST & ISABELLA ST,368419.1169,5030445.141,-75.68721684,45.41105081,5/7/2015,12:28,01 - Clear,01 - Dry,10 - No control,06 - Underpass or tunnel,01 - Daylight,03 - P.D. only,07 - SMV other,Centretown
9102,KING EDWARD AVE @ RIDEAU ST,368512.4279,5032413.229,-75.68577034,45.42875049,5/21/2015,11:51,01 - Clear,01 - Dry,01 - Traffic signal,02 - Intersection related,01 - Daylight,03 - P.D. only,02 - Angle,Lowe
9103,BYRON AVE @ ISLAND PARK DR,364254.9693,5028603.912,-75.74063415,45.39484996,5/30/2015,9:12,01 - Clear,01 - Dry,01 - Traffic signal,02 - Intersection related,01 - Daylight,03 - P.D. only,03 - Rear end,Island Park
9104,ISLAND PARK DR @ MERIVALE RD,364654.4251,5028022.464,-75.73560325,45.38958418,5/30/2015,15:52,02 - Rain,02 - Wet,01 - Traffic signal,02 - Intersection related,01 - Daylight,03 - P.D. only,03 - Rear end,Westboro
9105,REGIONAL ROAD 174 btwn OR174 IC109 RAMP54 & OR174 IC109 RAMP55,376426.271,5034882.764,-75.58428621,45.45020417,5/20/2015,15:55,01 - Clear,01 - Dry,10 - No control,01 - Non intersection,01 - Daylight,03 - P.D. only,03 - Rear end,Greenbelt
9106,INDUSTRIAL AVE/INNES RD @ ST. LAURENT BLVD,373099.7274,5030006.648,-75.62748593,45.40666431,5/20/2015,17:30,01 - Clear,01 - Dry,01 - Traffic signal,02 - Intersection related,01 - Daylight,03 - P.D. only,03 - Rear end,Industrial Park
9107,MERIVALE RD btwn WOODFIELD DR & 170 N OF WEST HUNT CLUB RD/COSTCO SC,365509.9079,5022186.986,-75.72539584,45.33700392,7/24/2015,15:45,01 - Clear,01 - Dry,10 - No control,04 - At/near private drive,01 - Daylight,03 - P.D. only,05 - Turning movement,Tanglewood
9108,FAIRLAWN AVE btwn WOODROFFE AVE & FOX CRES,361973.1954,5025731.587,-75.77010746,45.36919512,7/24/2015,18:03,01 - Clear,01 - Dry,10 - No control,04 - At/near private drive,01 - Daylight,03 - P.D. only,02 - Angle,Glabar Park
9109,CHARLOTTE ST @ RIDEAU ST,369248.9883,5032859.953,-75.67629978,45.43270245,8/14/2015,5:47,02 - Rain,02 - Wet,01 - Traffic signal,03 - At intersection,03 - Dawn,03 - P.D. only,07 - SMV other,Lower Town
9110,INNES RD btwn FRANK KENNY RD & FRANK KENNY RD,387726.5099,5037692.382,-75.43936637,45.47423274,6/23/2015,11:48,02 - Rain,02 - Wet,10 - No control,01 - Non intersection,01 - Daylight,03 - P.D. only,07 - SMV other,Navan - Vars
9111,ORLEANS BLVD @ ST. JOSEPH BLVD,380631.017,5036979.509,-75.53021435,45.46862545,6/25/2015,10:01,01 - Clear,01 - Dry,01 - Traffic signal,02 - Intersection related,01 - Daylight,03 - P.D. only,03 - Rear end,Industrial Park
9112,MEADOWLANDS DR/TALLWOOD DR @ WOODROFFE AVE,363056.6896,5022731.575,-75.75662989,45.34211207,4/22/2015,12:04,01 - Clear,01 - Dry,01 - Traffic signal,02 - Intersection related,01 - Daylight,03 - P.D. only,04 - Sideswipe,Crestview - Meadowlands
9113,BESSERER ST @ WALLER ST,368315.2126,5032192.338,-75.68831894,45.42678093,4/24/2015,14:00,01 - Clear,01 - Dry,01 - Traffic signal,02 - Intersection related,01 - Daylight,03 - P.D. only,04 - Sideswipe,Byward Market - Parliament Hill
9114,MARIER AVE @ MONTREAL RD,370420.429,5033261.231,-75.66127612,45.43620404,6/18/2015,12:15,01 - Clear,01 - Dry,01 - Traffic signal,03 - At intersection,01 - Daylight,03 - P.D. only,04 - Sideswipe,Vanier South
9115,INNES RD @ TRIM RD,386567.4928,5037273.196,-75.4542575,45.47059801,6/18/2015,11:46,01 - Clear,01 - Dry,01 - Traffic signal,03 - At intersection,01 - Daylight,03 - P.D. only,05 - Turning movement,Cardinal Creek
9116,MARCH RD @ TERRY FOX DR,349863.8879,5023398.428,-75.92490285,45.34908413,7/13/2015,10:34,01 - Clear,01 - Dry,01 - Traffic signal,02 - Intersection related,01 - Daylight,03 - P.D. only,03 - Rear end,Morgan's Grant
9117,GIBBARD AVE btwn GREENBANK RD & ATKINSON GT,361470.1945,5020652.871,-75.77711033,45.32353789,7/13/2015,12:41,01 - Clear,01 - Dry,10 - No control,04 - At/near private drive,01 - Daylight,03 - P.D. only,03 - Rear end,Woodvale - Craig Henry - Manordale - Estates of Arlington Wo
9118,BANK ST btwn PHILNOR ST & SALE BARN RD,379663.9673,5013717.403,-75.5461042,45.25943139,6/28/2015,13:54,02 - Rain,02 - Wet,10 - No control,01 - Non intersection,01 - Daylight,03 - P.D. only,07 - SMV other,Osgoode
9119,TERRY FOX DR btwn CASTLEFRANK RD & TRANS CANADA TRAIL,353180.0284,5016077.702,-75.8833002,45.28298983,6/28/2015,15:11,02 - Rain,02 - Wet,10 - No control,01 - Non intersection,01 - Daylight,03 - P.D. only,03 - Rear end,Glen Cairn - Kanata South Business Park
9120,RIVERSIDE DR @ HERON RD,368121.1049,5026645.419,-75.69151146,45.37688906,1/21/2015,11:24,01 - Clear,06 - Ice,01 - Traffic signal,02 - Intersection related,01 - Daylight,03 - P.D. only,03 - Rear end,Riverside Park
9121,CARLING AVE @ BAYSHORE DR/BIRCHDALE AVE,359004.997,5023991.603,-75.80818848,45.3537746,1/22/2015,7:45,01 - Clear,01 - Dry,01 - Traffic signal,02 - Intersection related,03 - Dawn,03 - P.D. only,03 - Rear end,Bayshore
9122,BEECH ST btwn LYNWOOD AVE & BAYSWATER PL,366094.009,5029016.785,-75.71709659,45.39840633,6/29/2015,15:31,01 - Clear,01 - Dry,10 - No control,01 - Non intersection,01 - Daylight,03 - P.D. only,06 - SMV unattended vehicle,Civic Hospital - Experimental Farm - Central Park
9123,WILBROD ST btwn KING EDWARD AVE & CORNWALL ST,368715.4125,5032163.685,-75.6832089,45.42648666,7/6/2015,13:38,01 - Clear,01 - Dry,10 - No control,04 - At/near private drive,01 - Daylight,03 - P.D. only,02 - Angle,Sandy Hill
9124,CATHERINE ST @ KENT ST,367907.167,5030188.835,-75.69378955,45.408791,7/6/2015,14:59,01 - Clear,01 - Dry,01 - Traffic signal,03 - At intersection,01 - Daylight,03 - P.D. only,05 - Turning movement,Centretown
9125,BANK ST @ RIVERSIDE DR N,369225.7159,5027983.186,-75.67723457,45.38882517,8/11/2015,12:34,01 - Clear,01 - Dry,01 - Traffic signal,02 - Intersection related,01 - Daylight,03 - P.D. only,04 - Sideswipe,Alta Vista
9126,LISGAR ST btwn METCALFE ST & ELGIN ST,368044.0552,5031328.911,-75.69189465,45.41903668,5/31/2015,14:51,01 - Clear,01 - Dry,10 - No control,01 - Non intersection,01 - Daylight,03 - P.D. only,03 - Rear end,Centretown
9127,ELGIN ST btwn COOPER ST & SOMERSET ST W,368141.0228,5031238.429,-75.69066739,45.41821378,5/31/2015,16:00,01 - Clear,01 - Dry,10 - No control,01 - Non intersection,01 - Daylight,03 - P.D. only,06 - SMV unattended vehicle,Centretown
9128,INNES RD btwn HWY417 IC112 RAMP66 & CYRVILLE RD,374960.5175,5031058.663,-75.60356789,45.41594574,5/20/2015,16:30,01 - Clear,01 - Dry,10 - No control,01 - Non intersection,01 - Daylight,03 - P.D. only,04 - Sideswipe,Industrial Park
9129,ST. JOSEPH BLVD btwn FIRST AVE & TAYLOR CREEK DR,383806.0714,5039110.904,-75.48927271,45.48744983,5/20/2015,18:33,01 - Clear,01 - Dry,10 - No control,01 - Non intersection,01 - Daylight,03 - P.D. only,03 - Rear end,Industrial Park
9130,MUNSTER RD btwn JOCK TR & SOLDIER'S LINE,351598.3205,4999681.677,-75.90500138,45.13555879,7/25/2015,4:54,01 - Clear,01 - Dry,10 - No control,01 - Non intersection,03 - Dawn,03 - P.D. only,07 - SMV other,Munster Hamlet - Richmond
9131,BELFAST RD @ ST. LAURENT BLVD,372862.1655,5030578.922,-75.63044137,45.41183651,7/25/2015,7:05,01 - Clear,01 - Dry,01 - Traffic signal,02 - Intersection related,01 - Daylight,03 - P.D. only,99 - Other,Industrial Park
9132,BANK ST @ VANCOUVER AVE,370441.9571,5025681.958,-75.66200982,45.36800657,8/14/2015,16:00,01 - Clear,01 - Dry,02 - Stop sign,02 - Intersection related,01 - Daylight,03 - P.D. only,04 - Sideswipe,Ledbury - Heron Gate - Ridgemont - Elmwood
9133,MAJESTIC DR btwn PRITCHARD DR & CHERYL RD,363439.0361,5021551.689,-75.75189128,45.33146369,7/14/2015,15:10,01 - Clear,01 - Dry,10 - No control,01 - Non intersection,01 - Daylight,03 - P.D. only,99 - Other,Woodvale - Craig Henry - Manordale - Estates of Arlington Wo
9134,MONTREAL RD/HANNAH ST @ CODY AVE,370253.8507,5033170.724,-75.66341704,45.43540531,4/25/2015,16:04,01 - Clear,01 - Dry,01 - Traffic signal,03 - At intersection,01 - Daylight,03 - P.D. only,05 - Turning movement,Vanier
9135,PLEASANT PARK RD @ ALTA VISTA DR,370364.2022,5028468.816,-75.66263226,45.39308905,5/28/2015,10:11,02 - Rain,02 - Wet,01 - Traffic signal,02 - Intersection related,01 - Daylight,03 - P.D. only,03 - Rear end,Alta Vista
9136,MERIVALE RD @ CAPILANO DR/WITHROW AVE,364641.7083,5024227.409,-75.73622543,45.35543798,6/16/2015,9:00,02 - Rain,02 - Wet,01 - Traffic signal,02 - Intersection related,01 - Daylight,03 - P.D. only,04 - Sideswipe,Cityview - Skyline - Fisher Heights
9137,MILTON RD @ NAVAN RD,387268.0681,5031812.881,-75.44621439,45.42138921,6/17/2015,14:30,01 - Clear,01 - Dry,02 - Stop sign,03 - At intersection,01 - Daylight,03 - P.D. only,03 - Rear end,Navan - Vars
9138,BENTLEY AVE btwn SUNDERLAND ST & GIFFORD ST,366160.7902,5021840.462,-75.7171349,45.33382933,6/12/2015,11:03,02 - Rain,02 - Wet,10 - No control,01 - Non intersection,01 - Daylight,03 - P.D. only,06 - SMV unattended vehicle,Industrial Park
9139,METCALFE ST btwn FRANK ST & GLADSTONE AVE,368213.7968,5030780.239,-75.68979659,45.41408454,7/13/2015,16:16,01 - Clear,01 - Dry,10 - No control,01 - Non intersection,01 - Daylight,03 - P.D. only,04 - Sideswipe,Centretown
9140,EAGLESON RD @ HWY 417 EAGLESO IC138R51/PARK AN,353037.1811,5020014.869,-75.8847379,45.31842718,7/13/2015,16:23,01 - Clear,01 - Dry,01 - Traffic signal,02 - Intersection related,01 - Daylight,03 - P.D. only,03 - Rear end,Greenbelt
9141,CEDARVIEW RD btwn WEST HUNT CLUB RD & LYTLE AVE,359787.8853,5019372.145,-75.79871054,45.31214765,6/28/2015,17:03,02 - Rain,02 - Wet,10 - No control,01 - Non intersection,01 - Daylight,03 - P.D. only,07 - SMV other,Greenbelt
9142,PRESTONE DR btwn CENTRUM BLVD & ST. JOSEPH BLVD,382308.4471,5038291.243,-75.50855833,45.48024316,1/23/2015,21:05,01 - Clear,01 - Dry,10 - No control,04 - At/near private drive,07 - Dark,03 - P.D. only,05 - Turning movement,Industrial Park
9143,KANATA AVE btwn HWY417 IC139 RAMP61 & Continuation of KANATA AVE,351656.2998,5019192.177,-75.90242779,45.31111792,1/27/2015,18:06,01 - Clear,01 - Dry,10 - No control,07 - Overpass or bridge,07 - Dark,03 - P.D. only,03 - Rear end,Kanata