Record,Location,X,Y,lon,lat,Date,Time,Environment,Road_Surface,Traffic_Control,Collision_Location,Light,Collision_Classification,Impact_type,Neighborhood
10074,STITTSVILLE MAIN ST @ HAZELDEAN RD,349557.6774,5014877.636,-75.9295801,45.2724312,6/23/2015,16:05,02 - Rain,02 - Wet,01 - Traffic signal,02 - Intersection related,01 - Daylight,03 - P.D. only,03 - Rear end,Stittsville
10075,JOHN SUTHERLAND DR @ RICHMOND RD,358786.6649,5022151.254,-75.81117569,45.33723193,5/18/2015,13:08,02 - Rain,02 - Wet,01 - Traffic signal,02 - Intersection related,01 - Daylight,03 - P.D. only,03 - Rear end,Greenbelt
10076,LANDOVER CRES btwn SAWYER WAY & SAWYER WAY,356687.9862,5015976.957,-75.83859772,45.28183312,5/19/2015,12:20,01 - Clear,01 - Dry,10 - No control,04 - At/near private drive,01 - Daylight,03 - P.D. only,06 - SMV unattended vehicle,Bridlewood - Emerald Meadows
10077,BERRIGAN DR @ TRANSITWAY SW,363893.5898,5015345.462,-75.74683249,45.27558214,5/15/2015,16:18,01 - Clear,01 - Dry,01 - Traffic signal,02 - Intersection related,01 - Daylight,03 - P.D. only,03 - Rear end,New Barrhaven
10078,GOLFLINKS DR E @ JOCKVALE RD,366029.4564,5012613.294,-75.7199494,45.25081541,5/15/2015,21:30,02 - Rain,02 - Wet,02 - Stop sign,03 - At intersection,07 - Dark,03 - P.D. only,05 - Turning movement,New Barrhaven
10079,INNES RD @ TENTH LINE RD,383950.7964,5036158.115,-75.48789723,45.46086699,4/28/2015,8:38,01 - Clear,01 - Dry,01 - Traffic signal,02 - Intersection related,01 - Daylight,03 - P.D. only,03 - Rear end,Queenswood Heights
10080,PRINCE OF WALES DR @ STRANDHERD DR,367175.2898,5014822.745,-75.70507573,45.27059531,4/26/2015,7:37,01 - Clear,01 - Dry,01 - Traffic signal,02 - Intersection related,01 - Daylight,03 - P.D. only,07 - SMV other,Greenbelt
10081,GLADSTONE AVE @ PERCY ST,367329.2719,5030206.003,-75.70116941,45.40899734,5/15/2015,14:09,01 - Clear,01 - Dry,01 - Traffic signal,02 - Intersection related,01 - Daylight,03 - P.D. only,03 - Rear end,Centretown
10082,INNES RD btwn JEANNE D'ARC BLVD S & WILDFLOWER DR,382750.6969,5035616.284,-75.50332647,45.45612699,5/17/2015,15:04,01 - Clear,01 - Dry,10 - No control,01 - Non intersection,01 - Daylight,03 - P.D. only,03 - Rear end,Queenswood Heights
10083,CARLING AVE @ HOLLAND AVE,365415.1778,5028038.8,-75.7258866,45.38966573,5/17/2015,16:20,01 - Clear,01 - Dry,01 - Traffic signal,03 - At intersection,01 - Daylight,03 - P.D. only,02 - Angle,Civic Hospital - Experimental Farm - Central Park
10084,RIVERSIDE DR NB btwn SAN REMO PRIV & INDUSTRIAL AVE,370395.9111,5030392.406,-75.66197147,45.41039383,5/19/2015,16:13,01 - Clear,01 - Dry,10 - No control,01 - Non intersection,01 - Daylight,03 - P.D. only,03 - Rear end,Industrial Park
10085,BANK ST @ HERON RD,369995.1566,5026852.106,-75.66755865,45.37857689,5/15/2015,18:27,01 - Clear,01 - Dry,01 - Traffic signal,02 - Intersection related,01 - Daylight,03 - P.D. only,03 - Rear end,Alta Vista
10086,FICKO CRES btwn BOWESVILLE RD & BOWESVILLE RD,373239.7898,5016132.954,-75.62761639,45.2818202,5/19/2015,17:49,01 - Clear,01 - Dry,10 - No control,04 - At/near private drive,01 - Daylight,03 - P.D. only,06 - SMV unattended vehicle,Greenbelt
10087,CATHERINE ST/HWY 417 O'CONN IC119BR76 @ O'CONN,368243.8971,5030392.232,-75.68946199,45.41059066,6/9/2015,11:20,02 - Rain,02 - Wet,01 - Traffic signal,02 - Intersection related,01 - Daylight,03 - P.D. only,03 - Rear end,Centretown
10088,BANK ST btwn ALTA VISTA DR & WALKLEY RD,370294.3301,5026072.184,-75.6638425,45.37153151,4/29/2015,17:49,01 - Clear,01 - Dry,10 - No control,01 - Non intersection,01 - Daylight,03 - P.D. only,04 - Sideswipe,Ledbury - Heron Gate - Ridgemont - Elmwood
10089,BRONSON AVE btwn SOMERSET ST W & MACLAREN ST,366972.7412,5030461.077,-75.70569159,45.41132418,4/29/2015,18:02,01 - Clear,01 - Dry,10 - No control,04 - At/near private drive,01 - Daylight,03 - P.D. only,03 - Rear end,Chinatown
10090,PAUL METIVIER DR @ BEATRICE DR,365704.3211,5014603.878,-75.72384717,45.26875488,2/12/2015,8:53,01 - Clear,03 - Loose snow,02 - Stop sign,03 - At intersection,01 - Daylight,03 - P.D. only,02 - Angle,New Barrhaven
10091,BASELINE RD @ CLYDE AVE,364357.1824,5024891.78,-75.73977653,45.36144013,6/8/2015,17:47,01 - Clear,01 - Dry,01 - Traffic signal,02 - Intersection related,01 - Daylight,03 - P.D. only,03 - Rear end,Civic Hospital - Experimental Farm - Central Park
10092,RENAUD RD btwn WHITE ST & MER BLEUE RD,383017.4049,5033475.571,-75.50025719,45.43683688,2/21/2015,10:42,03 - Snow,03 - Loose snow,10 - No control,01 - Non intersection,01 - Daylight,03 - P.D. only,07 - SMV other,Chapel Hill South
10093,APPLEFORD ST @ OGILVIE RD,375316.7271,5033687.943,-75.59864075,45.43956671,2/21/2015,12:05,03 - Snow,05 - Packed snow,01 - Traffic signal,02 - Intersection related,01 - Daylight,03 - P.D. only,03 - Rear end,Beacon Hill South - Cardinal Heights
10094,HUNTMAR DR @ RICHARDSON SIDE RD,348208.0448,5018982.192,-75.94642065,45.30945002,6/26/2015,22:17,01 - Clear,01 - Dry,02 - Stop sign,03 - At intersection,07 - Dark,03 - P.D. only,01 - Approaching,Stittsville - Basswood
10095,OLD TENTH LINE RD @ TENTH LINE RD,383042.0151,5038357.177,-75.4991659,45.48075455,6/30/2015,8:55,01 - Clear,01 - Dry,01 - Traffic signal,02 - Intersection related,01 - Daylight,03 - P.D. only,03 - Rear end,Queenswood Heights
10096,PRINCE OF WALES DR btwn 187 N OF MEADOWLANDS DR & MEADOWLANDS DR/HOG'S,367363.2703,5025723.387,-75.70130339,45.36866091,6/22/2015,12:25,01 - Clear,01 - Dry,10 - No control,01 - Non intersection,01 - Daylight,03 - P.D. only,04 - Sideswipe,Carleton Heights - Rideauview
10097,FALLOWFIELD RD @ LARKIN DR,361720.9455,5015915.238,-75.77445595,45.28088826,6/24/2015,9:20,01 - Clear,01 - Dry,01 - Traffic signal,02 - Intersection related,01 - Daylight,03 - P.D. only,03 - Rear end,Greenbelt
10098,CEDARVIEW RD @ HWY 416 WESTHUNT IC72R24,359608.8499,5019742.33,-75.80095275,45.3154926,5/19/2015,17:11,01 - Clear,01 - Dry,02 - Stop sign,02 - Intersection related,01 - Daylight,03 - P.D. only,02 - Angle,Greenbelt
10099,BANK ST @ RIVERSIDE DR N,369225.7159,5027982.1,-75.67723471,45.3888154,5/20/2015,15:34,01 - Clear,01 - Dry,01 - Traffic signal,02 - Intersection related,01 - Daylight,03 - P.D. only,03 - Rear end,Alta Vista
10100,BARNSDALE RD @ GREENBANK RD,365589.6748,5010928.155,-75.72575761,45.23569063,5/17/2015,9:25,01 - Clear,01 - Dry,02 - Stop sign,03 - At intersection,01 - Daylight,03 - P.D. only,02 - Angle,New Barrhaven
10101,NICHOLAS ST SB btwn LAURIER AVE E & Continuation of NICHOLAS ST,368377.5807,5031793.199,-75.68757352,45.42318395,5/18/2015,15:46,01 - Clear,01 - Dry,10 - No control,01 - Non intersection,01 - Daylight,03 - P.D. only,03 - Rear end,Sandy Hill
10102,CARLING AVE @ RICHARDSON SIDE RD,351834.2465,5022268.204,-75.89986632,45.33878479,4/21/2015,7:48,02 - Rain,02 - Wet,02 - Stop sign,02 - Intersection related,01 - Daylight,03 - P.D. only,03 - Rear end,South March
10103,LEITRIM RD btwn HAWTHORNE RD & RAMSAYVILLE RD,378410.5238,5023506.913,-75.5606194,45.34764512,4/17/2015,2:15,01 - Clear,01 - Dry,10 - No control,01 - Non intersection,07 - Dark,03 - P.D. only,07 - SMV other,Greenbelt
10104,CEDARVIEW RD btwn BRUIN RD & HWY416 IC72 RAMP62,359302.0181,5020343.471,-75.80479973,45.32092558,5/16/2015,5:25,01 - Clear,01 - Dry,10 - No control,01 - Non intersection,03 - Dawn,03 - P.D. only,07 - SMV other,Greenbelt
10105,DONNELLY DR btwn WEEDMARK RD & REDDICK LANE,363243.5041,4985553.353,-75.75860012,45.00755981,5/16/2015,6:16,01 - Clear,01 - Dry,10 - No control,01 - Non intersection,03 - Dawn,03 - P.D. only,07 - SMV other,Munster Hamlet - Richmond
10106,SOUTH RIVER DR N @ VAN VLIET RD N,369227.5811,5010212.412,-75.67952104,45.22892694,5/17/2015,17:38,01 - Clear,01 - Dry,02 - Stop sign,03 - At intersection,01 - Daylight,03 - P.D. only,02 - Angle,Manotick
10107,INDUSTRIAL AVE @ RIVERSIDE DR,370685.7325,5030593.314,-75.65824237,45.41217429,5/17/2015,18:30,01 - Clear,01 - Dry,01 - Traffic signal,03 - At intersection,01 - Daylight,03 - P.D. only,04 - Sideswipe,Industrial Park
10108,SHIRLEY'S BROOK DR btwn SANDHILL RD & HELMSDALE DR,350040.6904,5023905.737,-75.92260023,45.35363762,5/19/2015,21:04,01 - Clear,01 - Dry,10 - No control,04 - At/near private drive,07 - Dark,03 - P.D. only,06 - SMV unattended vehicle,South March
10109,BANK ST btwn AYLMER AVE & EUCLID AVE,368700.9308,5028663.495,-75.68384769,45.39499446,5/20/2015,9:35,01 - Clear,01 - Dry,10 - No control,04 - At/near private drive,01 - Daylight,03 - P.D. only,07 - SMV other,Old Ottawa South
10110,LAMING ST btwn JOCKVALE RD & PHYLIS ST,361922.975,5015436.399,-75.77193609,45.27656325,5/20/2015,13:32,01 - Clear,01 - Dry,10 - No control,04 - At/near private drive,01 - Daylight,03 - P.D. only,06 - SMV unattended vehicle,Barrhaven West - Old Barrhaven
10111,MERIVALE RD btwn SHILLINGTON AVE & RAVEN AVE,364845.0685,5026837.679,-75.73331289,45.37890738,5/21/2015,15:03,01 - Clear,01 - Dry,10 - No control,04 - At/near private drive,01 - Daylight,03 - P.D. only,05 - Turning movement,Carlington
10112,BANK ST/PRETORIA AVE @ CHAMBERLAIN AVE S,368108.7616,5030103.565,-75.69122534,45.40800556,6/17/2015,13:56,01 - Clear,01 - Dry,02 - Stop sign,02 - Intersection related,01 - Daylight,03 - P.D. only,04 - Sideswipe,The Glebe
10113,CASTLEFRANK RD @ TERRY FOX DR,352992.9951,5016306.075,-75.885662,45.28505763,6/9/2015,12:00,02 - Rain,02 - Wet,01 - Traffic signal,02 - Intersection related,01 - Daylight,03 - P.D. only,03 - Rear end,Glen Cairn - Kanata South Business Park
10114,FERNBANK RD btwn SHEA RD & FERNBANK RD,352873.9386,5013851.314,-75.88741727,45.26297717,6/11/2015,22:59,01 - Clear,01 - Dry,10 - No control,01 - Non intersection,07 - Dark,03 - P.D. only,07 - SMV other,Stittsville - Basswood
10115,HIGHWAY 417 btwn HWY417 IC118 RAMP35 & HWY417 IC117 RAMP51,369819.042,5031134.895,-75.6692426,45.41712829,10/14/2015,16:10,01 - Clear,01 - Dry,10 - No control,01 - Non intersection,01 - Daylight,03 - P.D. only,03 - Rear end,Old Ottawa East
10116,RIVERSIDE DR @ BROOKFIELD RD/HOG'S BACK RD,368169.1524,5026223.603,-75.69095217,45.37308932,5/1/2015,16:11,01 - Clear,01 - Dry,01 - Traffic signal,02 - Intersection related,01 - Daylight,03 - P.D. only,03 - Rear end,Riverside Park
10117,ALTA VISTA DR @ MICMAC ST,370372.995,5027668.181,-75.66262635,45.3858844,5/1/2015,17:30,01 - Clear,01 - Dry,02 - Stop sign,02 - Intersection related,01 - Daylight,03 - P.D. only,03 - Rear end,Alta Vista
10118,ST. LAURENT BLVD btwn SHORE ST & BELFAST RD,372821.8052,5030671.895,-75.63094412,45.41267696,6/9/2015,12:50,02 - Rain,02 - Wet,10 - No control,01 - Non intersection,01 - Daylight,03 - P.D. only,03 - Rear end,Industrial Park
10119,ST. LAURENT BLVD @ 125 N OF QUEEN MARY ST/ZELL,372170.3677,5032287.575,-75.6390451,45.42727713,4/28/2015,15:45,01 - Clear,01 - Dry,01 - Traffic signal,02 - Intersection related,01 - Daylight,03 - P.D. only,03 - Rear end,Overbrook
10120,INNES RD btwn INDUSTRIAL AVE & BANTREE ST,373129.6141,5030020.73,-75.62710222,45.4067881,4/30/2015,14:47,01 - Clear,01 - Dry,10 - No control,01 - Non intersection,01 - Daylight,03 - P.D. only,04 - Sideswipe,Industrial Park
10121,RIVERSIDE DR @ SAN REMO PRIV,370386.0884,5030401.809,-75.6620957,45.41047935,7/2/2015,17:45,01 - Clear,01 - Dry,01 - Traffic signal,02 - Intersection related,01 - Daylight,03 - P.D. only,03 - Rear end,Industrial Park
10122,HUNTER'S RUN DR @ JEANNE D'ARC BLVD,380567.7472,5036174.212,-75.5311475,45.4613869,7/3/2015,10:59,01 - Clear,01 - Dry,01 - Traffic signal,02 - Intersection related,01 - Daylight,03 - P.D. only,03 - Rear end,Chapel Hill
10123,RIVER MIST RD btwn BRAMBLING WAY & RIVER ROCK AVE,364434.9645,5012485.54,-75.74027641,45.2498028,6/24/2015,11:06,01 - Clear,01 - Dry,10 - No control,04 - At/near private drive,01 - Daylight,03 - P.D. only,06 - SMV unattended vehicle,New Barrhaven
10124,SLATER ST btwn O'CONNOR ST & METCALFE ST,367710.7957,5031532.639,-75.69612646,45.4208998,6/24/2015,15:15,01 - Clear,01 - Dry,10 - No control,04 - At/near private drive,01 - Daylight,03 - P.D. only,99 - Other,Downtown
10125,EAGLESON RD @ MICHAEL COWPLAND DR/STONEHAVEN D,354381.3609,5016624.574,-75.86793311,45.287827,5/20/2015,8:38,01 - Clear,01 - Dry,01 - Traffic signal,02 - Intersection related,01 - Daylight,03 - P.D. only,03 - Rear end,Glen Cairn - Kanata South Business Park
10126,FITZGERALD RD btwn ROBERTSON RD & MOODIE DR,356758.8463,5020382.773,-75.83723279,45.32147206,5/20/2015,14:54,01 - Clear,01 - Dry,10 - No control,04 - At/near private drive,01 - Daylight,03 - P.D. only,02 - Angle,Bells Corners West
10127,EQUESTRIAN DR @ FOXLEIGH CRES S,354832.107,5015939.595,-75.86225638,45.28163147,4/12/2015,16:58,01 - Clear,01 - Dry,02 - Stop sign,03 - At intersection,01 - Daylight,03 - P.D. only,03 - Rear end,Bridlewood - Emerald Meadows
10128,CARLING AVE @ FAIRLAWN AVE/WOODROFFE AVE E,361934.6841,5025830.528,-75.77058762,45.37008852,3/27/2015,16:46,01 - Clear,01 - Dry,01 - Traffic signal,02 - Intersection related,01 - Daylight,03 - P.D. only,04 - Sideswipe,Carlingwood West - Glabar Park - McKellar Heights
10129,HAZELDEAN RD @ TERRY FOX DR,352207.7483,5017242.741,-75.89558182,45.29353941,5/25/2015,11:31,02 - Rain,02 - Wet,01 - Traffic signal,02 - Intersection related,01 - Daylight,03 - P.D. only,03 - Rear end,Glen Cairn - Kanata South Business Park
10130,WELLINGTON ST btwn METCALFE ST & ELGIN ST,367639.9151,5031862.62,-75.69698999,45.42387523,5/18/2015,14:35,01 - Clear,01 - Dry,10 - No control,01 - Non intersection,01 - Daylight,03 - P.D. only,04 - Sideswipe,Downtown
10131,CARLING AVE @ WESTGATE SC E,364801.2805,5027658.776,-75.73377215,45.38629922,5/20/2015,10:08,01 - Clear,01 - Dry,01 - Traffic signal,03 - At intersection,01 - Daylight,03 - P.D. only,05 - Turning movement,Carlington
10132,PAUL METIVIER DR btwn HAILEYBURY ST/ LEAMINGTON WAY & TEMAGAMI DR,365376.5512,5014434.48,-75.72804448,45.26725895,1/28/2015,8:15,01 - Clear,01 - Dry,10 - No control,04 - At/near private drive,01 - Daylight,03 - P.D. only,02 - Angle,New Barrhaven
10133,BRONSON AVE @ IMPERIAL AVE/PLYMOUTH ST,367317.9826,5029644.633,-75.7013848,45.4039473,6/20/2015,15:14,01 - Clear,01 - Dry,10 - No control,03 - At intersection,01 - Daylight,03 - P.D. only,02 - Angle,Centretown West
10134,KANATA AVE btwn CAMPEAU DR & EARL GREY DR,350936.6191,5019282.854,-75.91159716,45.31198151,6/23/2015,14:50,01 - Clear,01 - Dry,10 - No control,01 - Non intersection,01 - Daylight,03 - P.D. only,04 - Sideswipe,Kanata
10135,BESSERER ST @ KING EDWARD AVE,368550.7052,5032340.942,-75.68529058,45.42809659,5/19/2015,16:47,01 - Clear,01 - Dry,01 - Traffic signal,03 - At intersection,01 - Daylight,03 - P.D. only,04 - Sideswipe,Sand
10136,STRANDHERD DR @ LONGFIELDS DR,364549.5312,5015172.964,-75.73849379,45.27397457,5/8/2015,21:14,01 - Clear,01 - Dry,01 - Traffic signal,02 - Intersection related,07 - Dark,03 - P.D. only,03 - Rear end,New Barrhaven
10137,HIGHGATE RD btwn WESTBURY RD & BASELINE RD,362055.2001,5023477.307,-75.76932177,45.34890458,6/10/2015,0:09,01 - Clear,01 - Dry,10 - No control,01 - Non intersection,07 - Dark,03 - P.D. only,07 - SMV other,Iris
10138,ALTA VISTA DR @ RANDALL AVE,370409.082,5027365.911,-75.66220575,45.3831613,7/7/2015,8:20,01 - Clear,01 - Dry,01 - Traffic signal,02 - Intersection related,01 - Daylight,03 - P.D. only,03 - Rear end,Alta Vista
10139,MOODIE DR @ CORKSTOWN RD,356334.9753,5022771.114,-75.8423905,45.34299386,5/7/2015,9:00,01 - Clear,01 - Dry,01 - Traffic signal,03 - At intersection,01 - Daylight,03 - P.D. only,05 - Turning movement,Greenbelt
10140,MERIVALE RD @ PINEGLEN CRES,366243.674,5020411.999,-75.71625482,45.32096896,5/20/2015,17:30,01 - Clear,01 - Dry,02 - Stop sign,03 - At intersection,01 - Daylight,03 - P.D. only,03 - Rear end,Merivale Gardens - Grenfell Glen - Pineglen - Country Place
10141,MARCH VALLEY RD btwn RIDDELL DR & KLONDIKE RD,348256.5471,5027203.374,-75.9450798,45.38342332,5/21/2015,8:35,01 - Clear,01 - Dry,10 - No control,01 - Non intersection,01 - Daylight,03 - P.D. only,07 - SMV other,Carp - Hardwood Plains
10142,WOODROFFE AVE btwn GRENFELL CRES & 260 N OF FALLOWFIELD RD/TRANSITWAY ,364952.955,5018231.584,-75.73298178,45.30146153,3/23/2015,16:42,01 - Clear,01 - Dry,10 - No control,05 - At railway crossing,01 - Daylight,03 - P.D. only,03 - Rear end,Greenbelt
10143,HWY 417 INNES IC112R68 @ INNES RD,374642.1383,5030921.684,-75.6076547,45.41474513,3/14/2015,21:10,04 - Freezing Rain,06 - Ice,01 - Traffic signal,02 - Intersection related,07 - Dark,03 - P.D. only,03 - Rear end,Industrial Park
10144,CLEARBROOK DR/MARKETPLACE AVE @ LONGFIELDS DR,364630.7033,5014954.147,-75.73748571,45.27199875,5/25/2015,15:42,02 - Rain,02 - Wet,01 - Traffic signal,02 - Intersection related,01 - Daylight,03 - P.D. only,03 - Rear end,New Barrhaven
10145,PRINCE ALBERT ST btwn VERA ST & QUILL ST,370639.4805,5031916.533,-75.65865642,45.42408443,5/19/2015,14:31,01 - Clear,01 - Dry,10 - No control,01 - Non intersection,01 - Daylight,03 - P.D. only,07 - SMV other,Overbrook
10146,HEMLOCK RD @ WHITEMARL DR,370083.0224,5034660.399,-75.66540259,45.44882474,5/19/2015,16:38,01 - Clear,01 - Dry,02 - Stop sign,02 - Intersection related,01 - Daylight,03 - P.D. only,03 - Rear end,Rockcliffe - Manor Park
10147,STITTSVILLE MAIN ST btwn ORVILLE ST & ELM CRES,350378.1335,5013173.694,-75.91928057,45.25704585,5/20/2015,15:05,01 - Clear,01 - Dry,10 - No control,01 - Non intersection,01 - Daylight,03 - P.D. only,03 - Rear end,Stittsville
10148,CARLING AVE btwn RIFLE RD & DAVIDSON'S SIDE RD,354061.2403,5023421.971,-75.87133776,45.34901371,5/21/2015,21:20,01 - Clear,01 - Dry,10 - No control,01 - Non intersection,07 - Dark,03 - P.D. only,07 - SMV other,Crystal Bay - Lakeview Park - Britannia Village
10149,HWY 417 VANIER IC117R63 @ VANIER PKWY,370800.0865,5031397.805,-75.65667379,45.419402,6/25/2015,3:54,01 - Clear,01 - Dry,01 - Traffic signal,02 - Intersection related,07 - Dark,03 - P.D. only,07 - SMV other,Overbrook
10150,MARCH RD btwn 280 S OF CARLING AVE/STATION RD & RICHARDSON SIDE RD,351214.18,5021914.738,-75.90781079,45.33564552,6/26/2015,16:28,01 - Clear,01 - Dry,10 - No control,01 - Non intersection,01 - Daylight,03 - P.D. only,03 - Rear end,South March
10151,MONTREAL RD @ VANIER PKWY,370072.7098,5033065.232,-75.66574598,45.43447307,6/10/2015,21:20,02 - Rain,02 - Wet,01 - Traffic signal,02 - Intersection related,07 - Dark,03 - P.D. only,02 - Angle,Vanier
10152,DALHOUSIE ST @ RIDEAU ST,368206.7091,5032227.221,-75.68970091,45.42710464,6/12/2015,1:37,02 - Rain,02 - Wet,01 - Traffic signal,03 - At intersection,07 - Dark,03 - P.D. only,05 - Turning movement,Byward Market - Parliament Hill
10153,CLARE ST @ KIRKWOOD AVE,364066.6963,5027973.911,-75.74311426,45.38919729,4/6/2015,16:47,01 - Clear,01 - Dry,01 - Traffic signal,02 - Intersection related,01 - Daylight,03 - P.D. only,03 - Rear end,Westboro
10154,SOMERSET ST    W btwn BECKINGTON PRIV & BANK ST,367625.2372,5030875.679,-75.69730338,45.41499637,5/12/2015,15:12,01 - Clear,01 - Dry,10 - No control,04 - At/near private drive,01 - Daylight,03 - P.D. only,02 - Angle,Centretown
10155,BELFAST RD @ ST. LAURENT BLVD,372860.7241,5030578.202,-75.63045988,45.41183017,5/11/2015,21:25,01 - Clear,01 - Dry,01 - Traffic signal,02 - Intersection related,07 - Dark,03 - P.D. only,04 - Sideswipe,Industrial Park
10156,BRONSON AVE btwn LISGAR ST & COOPER ST,366910.7003,5030611.359,-75.7064652,45.41268189,6/10/2015,16:44,02 - Rain,02 - Wet,10 - No control,01 - Non intersection,01 - Daylight,03 - P.D. only,07 - SMV other,Centretown West
10157,UPPER DWYER HILL RD btwn OLD ALMONTE RD & HAMILTON SIDE RD,336995.5642,5011014.759,-76.08992488,45.23835812,6/13/2015,7:05,01 - Clear,01 - Dry,10 - No control,01 - Non intersection,01 - Daylight,03 - P.D. only,07 - SMV other,Carp - Hardwood Plains
10158,SMYTH RD E/LANCASTER RD @ ST. LAURENT BLVD N/R,373365.4501,5029423.47,-75.62417286,45.40139117,7/7/2015,11:54,01 - Clear,01 - Dry,01 - Traffic signal,02 - Intersection related,01 - Daylight,03 - P.D. only,03 - Rear end,Sheffield Glen
10159,REGIONAL ROAD 174 EB btwn HWY417 IC113 RAMP65 & OR174 BLAIR IC112 RAMP51,374805.5421,5032824.007,-75.60529687,45.43184487,7/7/2015,17:02,01 - Clear,01 - Dry,10 - No control,01 - Non intersection,01 - Daylight,03 - P.D. only,03 - Rear end,Greenbelt
10160,HOG'S BACK RD btwn PRINCE OF WALES DR & COLONEL BY DR,367392.1599,5025704.561,-75.700937,45.36848894,5/8/2015,15:49,01 - Clear,01 - Dry,10 - No control,01 - Non intersection,01 - Daylight,03 - P.D. only,03 - Rear end,Carleton Heights - Rideauview
10161,EAGLESON RD @ HAZELDEAN RD/ROBERTSON RD,353675.5526,5018423.978,-75.87675292,45.30406788,4/10/2015,11:10,02 - Rain,02 - Wet,01 - Traffic signal,02 - Intersection related,01 - Daylight,03 - P.D. only,03 - Rear end,Greenbelt
10162,SHERBOURNE RD @ WINDERMERE AVE,362647.6885,5026665.052,-75.76138803,45.37753899,5/22/2015,8:15,01 - Clear,01 - Dry,02 - Stop sign,03 - At intersection,01 - Daylight,03 - P.D. only,02 - Angle,Carlingwood - McKellar Park - Laurentien View
10163,DORIMA ST btwn RENAISSANCE DR & END,384388.4789,5036137.22,-75.48230485,45.46062927,3/9/2015,8:00,01 - Clear,01 - Dry,10 - No control,04 - At/near private drive,01 - Daylight,03 - P.D. only,06 - SMV unattended vehicle,Avalon
10164,MONTREAL RD btwn NORTH RIVER RD & MONTGOMERY ST,369781.4144,5032901.529,-75.66949026,45.43302727,3/12/2015,16:07,01 - Clear,01 - Dry,10 - No control,04 - At/near private drive,01 - Daylight,03 - P.D. only,05 - Turning movement,Vanier South
10165,TERRY FOX DR btwn HWY417 IC140 RAMP61 & HWY417 IC140 RAMP16,350844.5312,5018667.916,-75.91282867,45.30645418,1/22/2015,14:34,01 - Clear,01 - Dry,10 - No control,01 - Non intersection,01 - Daylight,03 - P.D. only,01 - Approaching,Kanata Lakes - Marchwood Lakeside - Morgan's Grant - Kanata
10166,ALBERT ST btwn KENT ST & BANK ST,367237.2624,5031330.562,-75.70220228,45.41912399,1/23/2015,8:38,01 - Clear,01 - Dry,10 - No control,01 - Non intersection,01 - Daylight,03 - P.D. only,06 - SMV unattended vehicle,Downtown
10167,OGILVIE RD @ CITY PARK DR E/CSIS HQ ACCESS,374187.7643,5033011.059,-75.61316504,45.43358943,5/19/2015,16:51,01 - Clear,01 - Dry,01 - Traffic signal,03 - At intersection,01 - Daylight,03 - P.D. only,05 - Turning movement,Industrial Park
10168,MONTREAL RD @ 46 E OF HILLSIDE DR/MONTREAL SQU,371750.9239,5033917.172,-75.64418314,45.44197976,5/19/2015,18:21,01 - Clear,01 - Dry,01 - Traffic signal,02 - Intersection related,01 - Daylight,03 - P.D. only,04 - Sideswipe,Cummings
10169,FRANK ST @ O'CONNOR ST,368052.6706,5030696.128,-75.6918658,45.41334232,5/20/2015,16:50,01 - Clear,01 - Dry,02 - Stop sign,03 - At intersection,01 - Daylight,03 - P.D. only,02 - Angle,Centretown
10170,BANK ST @ HERON RD,369996.6839,5026850.096,-75.66753941,45.37855866,5/22/2015,14:23,01 - Clear,01 - Dry,01 - Traffic signal,02 - Intersection related,01 - Daylight,03 - P.D. only,03 - Rear end,Alta Vista
10171,INNES RD @ ORLEANS BLVD,380460.2317,5034297.53,-75.53281081,45.44451362,5/22/2015,16:27,01 - Clear,01 - Dry,01 - Traffic signal,02 - Intersection related,01 - Daylight,03 - P.D. only,02 - Angle,Orleans Village - Chateauneuf
10172,MONTREAL RD @ CARSON'S RD/CODD'S RD,372769.9977,5034398.22,-75.63109162,45.44620965,6/26/2015,23:43,01 - Clear,01 - Dry,01 - Traffic signal,03 - At intersection,07 - Dark,03 - P.D. only,05 - Turning movement,Carson Grove - Carson Meadows
10173,WILLOW AVE btwn BALSAM DR & ALPINE ST,381757.1278,5038504.825,-75.51557596,45.48222577,6/27/2015,21:25,01 - Clear,01 - Dry,10 - No control,01 - Non intersection,07 - Dark,03 - P.D. only,07 - SMV other,Chatelaine Village
10174,COVENTRY RD btwn LOLA ST & BELFAST RD,371372.3698,5031625.348,-75.64933142,45.42139511,6/19/2015,8:58,01 - Clear,01 - Dry,10 - No control,04 - At/near private drive,01 - Daylight,03 - P.D. only,02 - Angle,Overbrook
10175,HOLLAND AVE @ TYNDALL ST,365031.697,5028918.977,-75.73067612,45.39761847,1/30/2015,12:45,01 - Clear,04 - Slush,01 - Traffic signal,02 - Intersection related,01 - Daylight,03 - P.D. only,02 - Angle,Island Park
10176,BANK ST @ WALKLEY RD,370337.1313,5025946.654,-75.66331278,45.37039803,5/23/2015,16:32,01 - Clear,01 - Dry,01 - Traffic signal,02 - Intersection related,01 - Daylight,03 - P.D. only,03 - Rear end,Ledbury - Heron Gate - Ridgemont - Elmwood
10177,CARLING AVE @ RIFLE RD,353889.5976,5023315.281,-75.87353869,45.34806574,5/22/2015,16:00,01 - Clear,01 - Dry,02 - Stop sign,02 - Intersection related,01 - Daylight,03 - P.D. only,07 - SMV other,Greenbelt