Record,Location,X,Y,lon,lat,Date,Time,Environment,Road_Surface,Traffic_Control,Collision_Location,Light,Collision_Classification,Impact_type,Neighborhood
10281,BREWER RD @ BRONSON AVE,368110.1739,5027766.436,-75.69150726,45.38697665,5/28/2015,10:12,02 - Rain,02 - Wet,01 - Traffic signal,02 - Intersection related,01 - Daylight,03 - P.D. only,03 - Rear end,Carleto
10282,CARLING AVE @ WESTGATE SC E,364800.3166,5027658.776,-75.73378446,45.3862993,1/3/2015,19:34,03 - Snow,05 - Packed snow,01 - Traffic signal,03 - At intersection,07 - Dark,03 - P.D. only,04 - Sideswipe,Carlington
10283,OLD MONTREAL RD W @ REGIONAL RD 174,392542.8944,5042743.267,-75.37687309,45.51908554,4/27/2015,16:20,01 - Clear,01 - Dry,02 - Stop sign,02 - Intersection related,01 - Daylight,03 - P.D. only,03 - Rear end,Cumberland - Estates
10284,FRANK ST btwn ELGIN ST & CARTIER ST,368369.2774,5030894.966,-75.6877955,45.41510271,5/3/2015,17:00,01 - Clear,01 - Dry,10 - No control,01 - Non intersection,01 - Daylight,03 - P.D. only,06 - SMV unattended vehicle,Golden Triangle
10285,HUNT CLUB RD btwn LORRY GREENBERG DR & PIKE ST,372856.8919,5024824.442,-75.63130218,45.36006064,5/5/2015,8:00,01 - Clear,01 - Dry,10 - No control,01 - Non intersection,01 - Daylight,03 - P.D. only,04 - Sideswipe,Greenboro East
10286,REGIONAL ROAD 174 btwn OR174 IC109 RAMP54 & OR174 IC109 RAMP55,376417.6224,5034866.187,-75.58439918,45.4500559,6/25/2015,15:43,01 - Clear,01 - Dry,10 - No control,01 - Non intersection,01 - Daylight,03 - P.D. only,03 - Rear end,Greenbelt
10287,BLAIR RD @ REGIONAL RD 174 N/OR174 IC112 RAMP61,374633.2899,5032991.215,-75.60747435,45.43336654,6/29/2015,12:52,02 - Rain,02 - Wet,01 - Traffic signal,02 - Intersection related,01 - Daylight,03 - P.D. only,03 - Rear end,Industrial Park
10288,CHAPEL ST @ LAURIER AVE,369118.2144,5032263.979,-75.67804883,45.42735215,4/27/2015,17:30,01 - Clear,01 - Dry,01 - Traffic signal,02 - Intersection related,01 - Daylight,03 - P.D. only,03 - Rear end,Sandy Hill
10289,CATHERINE ST/HWY 417 O'CONN IC119BR76 @ O'CONN,368243.711,5030392.924,-75.68946428,45.4105969,6/10/2015,21:38,01 - Clear,02 - Wet,01 - Traffic signal,03 - At intersection,07 - Dark,03 - P.D. only,02 - Angle,Centretown
10290,WOODROFFE AVE @ SPORTSPLEX S,363832.1328,5020899.809,-75.74695437,45.32556517,6/12/2015,17:17,02 - Rain,02 - Wet,01 - Traffic signal,02 - Intersection related,01 - Daylight,03 - P.D. only,03 - Rear end,Merivale Gardens - Grenfell Glen - Pineglen - Country Place
10291,CAMBIOR CRES btwn GOLDRIDGE DR & GOLDRIDGE DR,349685.2697,5019655.238,-75.92752168,45.31541342,6/12/2015,17:27,02 - Rain,02 - Wet,10 - No control,04 - At/near private drive,01 - Daylight,03 - P.D. only,06 - SMV unattended vehicle,Kanata Lakes - Marchwood Lakeside - Morgan's Grant - Kanata
10292,BANK ST btwn BLAIS RD & RIDEAU RD,376941.7795,5017878.707,-75.5801802,45.29715765,6/17/2015,16:45,01 - Clear,01 - Dry,10 - No control,04 - At/near private drive,01 - Daylight,03 - P.D. only,02 - Angle,Greenbelt
10293,EDGEWATER ST btwn TERRY FOX DR & HAZELDEAN RD,351839.7978,5017655.374,-75.90023355,45.29727712,6/18/2015,16:15,01 - Clear,01 - Dry,10 - No control,01 - Non intersection,01 - Daylight,03 - P.D. only,03 - Rear end,Katimavik - Hazeldean
10294,INDUSTRIAL AVE btwn NEIGHBORHOOD WAY & TRAINYARDS DR,371587.0824,5030550.443,-75.64673379,45.41170312,5/15/2015,13:41,01 - Clear,01 - Dry,10 - No control,04 - At/near private drive,01 - Daylight,03 - P.D. only,02 - Angle,Industrial Park
10295,MILL HILL RD @ ROBERTSON RD,356240.5294,5019960.03,-75.84388771,45.31770634,5/15/2015,14:17,01 - Clear,01 - Dry,02 - Stop sign,03 - At intersection,01 - Daylight,03 - P.D. only,07 - SMV other,Bells Corners West
10296,REGIONAL ROAD 174 EB btwn HWY417 IC113 RAMP65 & OR174 BLAIR IC112 RAMP51,374718.5867,5032760.732,-75.60641705,45.43128426,5/20/2015,15:04,01 - Clear,01 - Dry,10 - No control,01 - Non intersection,01 - Daylight,03 - P.D. only,03 - Rear end,Pineview
10297,WOODROFFE AVE @ SPORTSPLEX S,363832.1328,5020898.967,-75.74695447,45.32555759,5/21/2015,17:53,01 - Clear,01 - Dry,01 - Traffic signal,02 - Intersection related,01 - Daylight,03 - P.D. only,03 - Rear end,Merivale Gardens - Grenfell Glen - Pineglen - Country Place
10298,PAUL METIVIER DR btwn HAILEYBURY ST/ LEAMINGTON WAY & TEMAGAMI DR,365376.5512,5014434.48,-75.72804448,45.26725895,12/13/2015,11:49,01 - Clear,01 - Dry,10 - No control,01 - Non intersection,01 - Daylight,03 - P.D. only,06 - SMV unattended vehicle,New Barrhaven
10299,CEDARVIEW RD @ WEST HUNT CLUB RD,359718.114,5019556.168,-75.7995799,45.31380896,5/23/2015,6:30,01 - Clear,01 - Dry,01 - Traffic signal,02 - Intersection related,01 - Daylight,03 - P.D. only,04 - Sideswipe,Greenbelt
10300,CENTER ST btwn MONTREAL RD & PAUL AVE,371840.3503,5033898.667,-75.64304267,45.44180469,2/26/2015,10:57,01 - Clear,01 - Dry,10 - No control,04 - At/near private drive,01 - Daylight,03 - P.D. only,02 - Angle,Cummings
10301,HIGHWAY 417 btwn HWY417 IC155 RAMP61 & HWY417 IC145 RAMP56,344413.0722,5015393.096,-75.99510232,45.27737817,8/30/2015,10:46,01 - Clear,01 - Dry,10 - No control,01 - Non intersection,01 - Daylight,03 - P.D. only,04 - Sideswipe,Stittsville - Basswood
10302,TRIM RD @ MILLENNIUM BLVD,386797.0729,5036715.685,-75.45141486,45.46555518,3/30/2015,14:35,01 - Clear,01 - Dry,11 - Roundabout,03 - At intersection,01 - Daylight,03 - P.D. only,04 - Sideswipe,Navan - Vars
10303,BESSERER ST btwn CUMBERLAND ST & KING EDWARD AVE,368530.4642,5032327.57,-75.68555095,45.42797812,4/8/2015,10:06,01 - Clear,01 - Dry,10 - No control,04 - At/near private drive,01 - Daylight,03 - P.D. only,05 - Turning movement,Sand
10304,ARROWWOOD DR btwn BAYWOOD DR & HARTSMERE DR,351217.4724,5011982.891,-75.90869817,45.24627571,5/23/2015,13:04,01 - Clear,01 - Dry,10 - No control,04 - At/near private drive,01 - Daylight,03 - P.D. only,06 - SMV unattended vehicle,Stittsville
10305,CHARLEMAGNE BLVD @ PRINCESS LOUISE DR E,384091.067,5038137.252,-75.48578454,45.47865752,5/25/2015,8:13,01 - Clear,01 - Dry,02 - Stop sign,03 - At intersection,01 - Daylight,03 - P.D. only,02 - Angle,Fallingbrook
10306,PRINCE OF WALES DR btwn FALLOWFIELD RD & AMBERWOOD CRES,367398.7461,5019186.229,-75.7016776,45.30983761,1/16/2015,8:24,03 - Snow,03 - Loose snow,10 - No control,01 - Non intersection,01 - Daylight,03 - P.D. only,07 - SMV other,Greenbelt
10307,BRONSON AVE @ SUNNYSIDE AVE/UNIVERSITY RD - CA,367923.4308,5028092.628,-75.69385007,45.38992849,4/27/2015,16:37,01 - Clear,01 - Dry,01 - Traffic signal,02 - Intersection related,01 - Daylight,03 - P.D. only,03 - Rear end,Carleto
10308,ST. JOSEPH BLVD @ FOREST VALLEY DR/YOUVILLE DR,379164.7411,5036156.23,-75.54908814,45.46137586,4/28/2015,9:45,01 - Clear,01 - Dry,01 - Traffic signal,02 - Intersection related,01 - Daylight,03 - P.D. only,03 - Rear end,Chapel Hill
10309,RIDEAU ST @ NICHOLAS ST,368141.9756,5032185.748,-75.69053342,45.42673734,5/13/2015,17:27,01 - Clear,01 - Dry,02 - Stop sign,02 - Intersection related,01 - Daylight,03 - P.D. only,03 - Rear end,Byward Market - Parliament Hill
10310,RICHMOND RD @ LYNHAR RD/STAFFORD RD,358136.0593,5021087.576,-75.8195909,45.32771065,5/19/2015,13:24,01 - Clear,01 - Dry,01 - Traffic signal,02 - Intersection related,01 - Daylight,03 - P.D. only,04 - Sideswipe,Bells Corners East
10311,REGIONAL RD 174 @ TRIM RD,384352.574,5039990.701,-75.48213981,45.49530332,6/29/2015,14:30,01 - Clear,01 - Dry,01 - Traffic signal,02 - Intersection related,01 - Daylight,03 - P.D. only,03 - Rear end,Cumberland - Estates
10312,REGIONAL ROAD 174 btwn OR174 IC109 RAMP54 & OR174 IC109 RAMP55,376411.8566,5034857.539,-75.58447415,45.44997869,6/29/2015,16:42,01 - Clear,01 - Dry,10 - No control,01 - Non intersection,01 - Daylight,03 - P.D. only,03 - Rear end,Greenbelt
10313,HUNT CLUB RD @ RIVERSIDE DR,368035.9823,5021945.859,-75.69319935,45.33461119,5/12/2015,15:57,01 - Clear,01 - Dry,01 - Traffic signal,02 - Intersection related,01 - Daylight,03 - P.D. only,03 - Rear end,Hunt Club Woods - Quintarra - Revelstoke - Riverside South P
10314,CARLING AVE WB btwn RICHARDSON AVE & WOODLAND AVE,361508.6579,5025585.259,-75.77605422,45.36791621,6/17/2015,9:01,01 - Clear,01 - Dry,10 - No control,01 - Non intersection,01 - Daylight,03 - P.D. only,04 - Sideswipe,Carlingwood West - Glabar Park - McKellar Heights
10315,APPLE ORCHARD RD @ GREELY WEST DR/SPARTAN GROV,375708.745,5012262.343,-75.59670166,45.24674895,6/12/2015,8:40,01 - Clear,01 - Dry,02 - Stop sign,03 - At intersection,01 - Daylight,03 - P.D. only,02 - Angle,Greely
10316,BANK ST btwn GROVE AVE & OSSINGTON AVE,368856.3594,5028361.378,-75.68190196,45.39226191,6/12/2015,8:53,02 - Rain,02 - Wet,10 - No control,04 - At/near private drive,01 - Daylight,03 - P.D. only,99 - Other,Old Ottawa South
10317,BASELINE RD @ 207 E OF CLYDE AVE,364534.76,5024999.894,-75.73749696,45.36239781,6/12/2015,17:49,02 - Rain,02 - Wet,01 - Traffic signal,03 - At intersection,01 - Daylight,03 - P.D. only,02 - Angle,Civic Hospital - Experimental Farm - Central Park
10318,VIEWMOUNT DR @ MERIVALE RD,365192.9764,5022947.414,-75.72934641,45.34387351,6/12/2015,17:37,02 - Rain,02 - Wet,01 - Traffic signal,02 - Intersection related,01 - Daylight,03 - P.D. only,04 - Sideswipe,Tanglewood
10319,WEST HUNT CLUB RD EB btwn CEDARVIEW RD & GREENBANK RD,359916.4883,5019646.81,-75.79703996,45.31460902,6/15/2015,16:30,01 - Clear,01 - Dry,10 - No control,01 - Non intersection,01 - Daylight,03 - P.D. only,03 - Rear end,Greenbelt
10320,INNES RD @ WILDFLOWER DR,382936.0345,5035690.195,-75.50094537,45.45677128,6/19/2015,16:34,01 - Clear,01 - Dry,01 - Traffic signal,03 - At intersection,01 - Daylight,03 - P.D. only,03 - Rear end,Avalon
10321,SECOND AVE btwn LYON ST S & BANK ST,368267.5072,5029603.695,-75.6892619,45.40349351,5/5/2015,14:56,01 - Clear,01 - Dry,10 - No control,04 - At/near private drive,01 - Daylight,03 - P.D. only,06 - SMV unattended vehicle,The Glebe
10322,KING EDWARD AVE @ RIDEAU ST,368512.4279,5032413.229,-75.68577034,45.42875049,5/7/2015,15:22,01 - Clear,01 - Dry,01 - Traffic signal,02 - Intersection related,01 - Daylight,03 - P.D. only,04 - Sideswipe,Lowe
10323,ALTA VISTA DR @ SMYTH RD,370431.0258,5029081.558,-75.66169738,45.39859602,5/15/2015,14:23,01 - Clear,01 - Dry,01 - Traffic signal,03 - At intersection,01 - Daylight,03 - P.D. only,05 - Turning movement,Alta Vista
10324,BRIDGE ST/MAPLE AVE @ MANOTICK MAIN ST,368700.1485,5009932.012,-75.68627316,45.22645197,5/15/2015,14:27,01 - Clear,01 - Dry,01 - Traffic signal,03 - At intersection,01 - Daylight,03 - P.D. only,05 - Turning movement,Manotick
10325,AVIATION PKWY @ MONTREAL RD,372146.9683,5034109.517,-75.63909485,45.44367234,4/4/2015,17:38,01 - Clear,01 - Dry,01 - Traffic signal,02 - Intersection related,01 - Daylight,03 - P.D. only,04 - Sideswipe,Cummings
10326,CONROY RD @ WALKLEY RD,372904.6865,5027462.086,-75.63032851,45.38378846,4/5/2015,15:10,01 - Clear,01 - Dry,01 - Traffic signal,02 - Intersection related,01 - Daylight,03 - P.D. only,03 - Rear end,South Keys - Heron Gate - Greenboro West
10327,MARCH RD btwn MARCHURST RD & SECOND LINE RD,345365.5667,5024651.825,-75.98220428,45.36063718,5/25/2015,12:11,01 - Clear,01 - Dry,10 - No control,01 - Non intersection,01 - Daylight,03 - P.D. only,07 - SMV other,Carp - Hardwood Plains
10328,RED WILLOW DR btwn CRESTDALE ST & MAPLE RUN AVE,380620.6782,5035065.419,-75.53064172,45.45140511,3/21/2015,11:29,03 - Snow,02 - Wet,10 - No control,01 - Non intersection,01 - Daylight,03 - P.D. only,01 - Approaching,Orleans Village - Chateauneuf
10329,ALTA VISTA DR @ SMYTH RD,370431.4079,5029083.428,-75.66169225,45.39861281,4/16/2015,16:18,01 - Clear,01 - Dry,01 - Traffic signal,02 - Intersection related,01 - Daylight,03 - P.D. only,03 - Rear end,Alta Vista
10330,MACDONALD-CARTIER BR RAMP SB-1 btwn MACDONALD-CARTIER BR & CATHCART ST,367553.9049,5033171.052,-75.69792224,45.43565578,4/30/2015,6:57,01 - Clear,01 - Dry,10 - No control,01 - Non intersection,01 - Daylight,03 - P.D. only,04 - Sideswipe,Lower Town
10331,LAURIER AVE   E btwn CUMBERLAND ST & COPERNICUS ST,368609.5332,5031955.606,-75.68458878,45.42462411,2/27/2015,20:00,01 - Clear,01 - Dry,10 - No control,01 - Non intersection,07 - Dark,03 - P.D. only,04 - Sideswipe,Sandy Hill
10332,HIGHWAY 417 btwn HWY417 IC121B RAMP16 & HWY417 IC121A RAMP16,366762.3221,5029587.545,-75.70848939,45.40348305,9/24/2015,13:40,01 - Clear,01 - Dry,10 - No control,01 - Non intersection,01 - Daylight,03 - P.D. only,03 - Rear end,Centretown West
10333,INNES RD @ TENTH LINE RD,383951.7603,5036159.921,-75.48788462,45.46088313,4/28/2015,14:43,01 - Clear,01 - Dry,01 - Traffic signal,02 - Intersection related,01 - Daylight,03 - P.D. only,03 - Rear end,Queenswood Heights
10334,CHAMPLAIN ST @ PLACE D'ORLEANS DR,381597.4655,5038180.157,-75.5176688,45.47932227,4/30/2015,20:30,01 - Clear,01 - Dry,01 - Traffic signal,03 - At intersection,05 - Dusk,03 - P.D. only,02 - Angle,Industrial Park
10335,COLONEL BY DR/SUSSEX DR @ RIDEAU ST,367921.0606,5032045.047,-75.69337431,45.42549133,5/22/2015,17:30,01 - Clear,01 - Dry,01 - Traffic signal,03 - At intersection,01 - Daylight,03 - P.D. only,04 - Sideswipe,Byward Market - Parliament Hill
10336,MERIVALE RD @ CAPILANO DR/WITHROW AVE,364641.7083,5024228.85,-75.73622525,45.35545095,5/8/2015,19:55,01 - Clear,01 - Dry,01 - Traffic signal,02 - Intersection related,01 - Daylight,03 - P.D. only,03 - Rear end,Cityview - Skyline - Fisher Heights
10337,LONGFIELDS DR @ WOODROFFE AVE,365421.6769,5017108.212,-75.72714292,45.2913132,5/27/2015,16:48,01 - Clear,01 - Dry,01 - Traffic signal,02 - Intersection related,01 - Daylight,03 - P.D. only,05 - Turning movement,Greenbelt
10338,INDUSTRIAL AVE/INNES RD @ ST. LAURENT BLVD,373099.7274,5030006.327,-75.62748597,45.40666142,5/25/2015,23:18,02 - Rain,02 - Wet,01 - Traffic signal,03 - At intersection,07 - Dark,03 - P.D. only,05 - Turning movement,Industrial Park
10339,RIVERSIDE DR @ TREMBLAY RD/HWY417 IC117 RAMP52,370801.5711,5031016.161,-75.65670595,45.41596798,5/31/2015,15:30,01 - Clear,01 - Dry,01 - Traffic signal,02 - Intersection related,01 - Daylight,03 - P.D. only,03 - Rear end,Industrial Park
10340,BASELINE RD @ GREENBANK RD,360596.2429,5022583.419,-75.78804003,45.34097898,6/18/2015,21:45,02 - Rain,02 - Wet,01 - Traffic signal,03 - At intersection,07 - Dark,03 - P.D. only,05 - Turning movement,Qualicum - Redwood Park
10341,MERIVALE RD btwn CLYDE AVE & GILBEY DR,364601.409,5024575.237,-75.73669765,45.35857113,6/18/2015,16:11,01 - Clear,01 - Dry,10 - No control,01 - Non intersection,01 - Daylight,03 - P.D. only,05 - Turning movement,Cityview - Skyline - Fisher Heights
10342,EAGLESON RD @ HAZELDEAN RD/ROBERTSON RD,353673.6249,5018423.379,-75.87677756,45.30406262,6/12/2015,18:48,02 - Rain,02 - Wet,01 - Traffic signal,02 - Intersection related,01 - Daylight,03 - P.D. only,03 - Rear end,Greenbelt
10343,CAMERON ST @ REGIONAL RD 174,389860.7736,5042616.483,-75.41122044,45.51827726,6/28/2015,16:41,02 - Rain,02 - Wet,01 - Traffic signal,02 - Intersection related,01 - Daylight,03 - P.D. only,03 - Rear end,Cumberland - Estates
10344,BASELINE RD @ MERIVALE RD,365054.6964,5025325.155,-75.730821,45.36527996,6/19/2015,16:55,01 - Clear,01 - Dry,01 - Traffic signal,02 - Intersection related,01 - Daylight,03 - P.D. only,03 - Rear end,Civic Hospital - Experimental Farm - Central Park
10345,INNES RD btwn PORTOBELLO BLVD & PROVENCE AVE,386078.477,5037073.51,-75.46054362,45.46885852,6/19/2015,21:30,01 - Clear,01 - Dry,10 - No control,01 - Non intersection,07 - Dark,03 - P.D. only,04 - Sideswipe,Notting Hill
10346,LYON ST @ WELLINGTON ST,366935.271,5031426.526,-75.70604853,45.42001433,3/24/2015,19:56,01 - Clear,01 - Dry,01 - Traffic signal,03 - At intersection,07 - Dark,03 - P.D. only,05 - Turning movement,Downtown
10347,BRONSON AVE btwn FLORENCE ST & GLADSTONE AVE,367131.5395,5030089.852,-75.70370994,45.40796988,5/6/2015,19:08,01 - Clear,01 - Dry,10 - No control,01 - Non intersection,01 - Daylight,03 - P.D. only,04 - Sideswipe,Centretown West
10348,SMYTH RD/OTHELLO AVE @ RUSSELL RD W,373255.1727,5029372.982,-75.62558835,45.40094769,5/15/2015,17:44,01 - Clear,01 - Dry,01 - Traffic signal,02 - Intersection related,01 - Daylight,03 - P.D. only,04 - Sideswipe,Elmvale - Eastway - Riverview - Riverview Park West
10349,TERRY FOX DR S @ DIDSBURY RD/CENTRUM KANATA SC,350618.0159,5018920.962,-75.91569371,45.30874597,4/29/2015,16:24,01 - Clear,01 - Dry,01 - Traffic signal,02 - Intersection related,01 - Daylight,03 - P.D. only,04 - Sideswipe,Kanata
10350,JOHNSTON RD btwn BANK PL & SOUTHGATE RD,370942.0348,5024893.444,-75.65573203,45.36086476,5/24/2015,10:38,01 - Clear,01 - Dry,10 - No control,01 - Non intersection,01 - Daylight,03 - P.D. only,03 - Rear end,South Keys - Heron Gate - Greenboro West
10351,DUNROBIN RD btwn KINBURN SIDE RD & VANCES SIDE RD,338158.9718,5035764.683,-76.07343733,45.46101427,5/21/2015,21:30,01 - Clear,02 - Wet,10 - No control,01 - Non intersection,07 - Dark,03 - P.D. only,07 - SMV other,Woodlawn
10352,KING EDWARD AVE @ ST. PATRICK ST,368248.7013,5032823.107,-75.68908755,45.4324624,4/18/2015,20:35,01 - Clear,01 - Dry,01 - Traffic signal,03 - At intersection,07 - Dark,03 - P.D. only,05 - Turning movement,Byward Market
10353,HIGHWAY 417 btwn HWY417 IC129 RAMP25 & HWY417 IC129 RAMP35,360478.8097,5023543.073,-75.78943034,45.34962326,11/13/2015,16:40,02 - Rain,02 - Wet,10 - No control,01 - Non intersection,05 - Dusk,03 - P.D. only,03 - Rear end,Whitehaven - Queensway Terrace North
10354,BANK ST @ WALKLEY RD,370338.8159,5025945.325,-75.66329145,45.37038591,4/11/2015,12:19,01 - Clear,01 - Dry,01 - Traffic signal,02 - Intersection related,01 - Daylight,03 - P.D. only,03 - Rear end,Ledbury - Heron Gate - Ridgemont - Elmwood
10355,BANK ST btwn RIDEAU RD & TURN LANE,377638.9181,5016267.688,-75.57152928,45.28259044,4/11/2015,22:33,01 - Clear,01 - Dry,10 - No control,01 - Non intersection,07 - Dark,03 - P.D. only,07 - SMV other,Osgoode
10356,OGILVIE RD btwn CADBORO RD & BATHGATE DR,373723.6619,5032740.336,-75.61913385,45.4311995,3/12/2015,10:30,01 - Clear,01 - Dry,10 - No control,01 - Non intersection,01 - Daylight,03 - P.D. only,04 - Sideswipe,Industrial Park
10357,REGIONAL ROAD 174 btwn QUIGLEY HILL RD & REGIONAL ROAD 174 DIVIDED,387572.4986,5042422.596,-75.44053803,45.51680829,3/25/2015,16:06,01 - Clear,01 - Dry,10 - No control,01 - Non intersection,01 - Daylight,03 - P.D. only,03 - Rear end,Cumberland - Estates
10358,BANTREE ST btwn OLD INNES RD & EDINBURGH PL,373851.5602,5030085.15,-75.61787157,45.40729687,5/1/2015,11:37,01 - Clear,01 - Dry,10 - No control,04 - At/near private drive,01 - Daylight,03 - P.D. only,02 - Angle,Industrial Park
10359,DONALD ST @ ST. LAURENT BLVD,372092.9922,5032471.504,-75.64000867,45.42893949,5/1/2015,15:15,01 - Clear,01 - Dry,01 - Traffic signal,03 - At intersection,01 - Daylight,03 - P.D. only,05 - Turning movement,Overbrook
10360,PALLADIUM DR btwn SILVER SEVEN RD & TERRY FOX DR,351074.9284,5017903.923,-75.90996206,45.29956442,6/3/2015,15:50,01 - Clear,01 - Dry,10 - No control,01 - Non intersection,01 - Daylight,03 - P.D. only,04 - Sideswipe,Katimavik - Hazeldean
10361,MARCH RD btwn CORKSTOWN RD & HWY417 IC138 RAMP62,352717.417,5020751.752,-75.88874494,45.3250797,6/3/2015,17:41,01 - Clear,01 - Dry,10 - No control,01 - Non intersection,01 - Daylight,03 - P.D. only,03 - Rear end,Greenbelt
10362,JEANNE D'ARC BLVD @ OR174 IC105 RAMP52,379455.4502,5036917.291,-75.54525574,45.46819231,6/22/2015,8:34,01 - Clear,01 - Dry,01 - Traffic signal,02 - Intersection related,01 - Daylight,03 - P.D. only,03 - Rear end,Greenbelt
10363,KINSELLA DR @ OLD MONTREAL RD,392417.3362,5042726.485,-75.37848295,45.51895035,6/23/2015,22:34,01 - Clear,01 - Dry,02 - Stop sign,02 - Intersection related,07 - Dark,03 - P.D. only,07 - SMV other,Cumberland - Estates
10364,SANDALWOOD DR btwn BAYCREST DR & HERON RD,371381.1972,5026733.745,-75.64987895,45.37738158,5/11/2015,18:02,01 - Clear,01 - Dry,10 - No control,01 - Non intersection,01 - Daylight,03 - P.D. only,06 - SMV unattended vehicle,Ledbury - Heron Gate - Ridgemont - Elmwood
10365,HAMILTON SIDE RD btwn JOHN KENNEDY WAY & UPPER DWYER HILL RD,337651.035,5009437.119,-76.08168052,45.22413126,5/14/2015,12:58,01 - Clear,01 - Dry,10 - No control,01 - Non intersection,01 - Daylight,03 - P.D. only,07 - SMV other,Carp - Hardwood Plains
10366,OGILVIE RD btwn CUMMINGS AVE & BEAULIEU PL,372760.2517,5032175.991,-75.63152298,45.42621609,6/29/2015,15:24,01 - Clear,01 - Dry,10 - No control,01 - Non intersection,01 - Daylight,03 - P.D. only,03 - Rear end,Industrial Park
10367,BANK ST @ KILBORN AVE/BELANGER AVE,369653.7199,5027427.187,-75.67184226,45.38378298,6/29/2015,16:22,01 - Clear,01 - Dry,01 - Traffic signal,02 - Intersection related,01 - Daylight,03 - P.D. only,03 - Rear end,Alta Vista
10368,AMBERWOOD CRES btwn LACEWOOD CRT & CHESSWOOD CRT,366781.8207,5020347.094,-75.70939926,45.32033764,6/20/2015,11:30,01 - Clear,01 - Dry,10 - No control,01 - Non intersection,01 - Daylight,03 - P.D. only,06 - SMV unattended vehicle,Merivale Gardens - Grenfell Glen - Pineglen - Country Place
10369,COPE DR btwn Continuation of COPE DR & EAGLESON RD,354581.477,5016011.546,-75.86544367,45.28229669,6/22/2015,13:47,01 - Clear,01 - Dry,10 - No control,01 - Non intersection,01 - Daylight,03 - P.D. only,05 - Turning movement,Glen Cairn - Kanata South Business Park
10370,MERIVALE RD btwn BONGARD AVE & CLEOPATRA DR,365908.4575,5021219.992,-75.72043056,45.32826844,6/22/2015,16:43,01 - Clear,01 - Dry,10 - No control,01 - Non intersection,01 - Daylight,03 - P.D. only,04 - Sideswipe,Merivale Gardens - Grenfell Glen - Pineglen - Country Place
10371,REGIONAL ROAD 174 btwn OR174 IC101 RAMP26 & OR174 IC101 RAMP61,382856.2073,5038978.282,-75.50144357,45.48636349,9/23/2015,15:21,01 - Clear,01 - Dry,10 - No control,01 - Non intersection,01 - Daylight,03 - P.D. only,07 - SMV other,Chatelaine Village
10372,CARMELLA CRES btwn AQUAVIEW DR & SUNMEADOW ST,385044.8823,5035908.437,-75.47395012,45.45849581,9/23/2015,0:00,01 - Clear,01 - Dry,10 - No control,01 - Non intersection,00 - Unknown,03 - P.D. only,06 - SMV unattended vehicle,Avalon
10373,HERON RD WB btwn PRINCE OF WALES DR & HERON RD WB ON RAMP/VINCENT MASS,367242.7907,5026500.383,-75.70274308,45.37566288,6/22/2015,16:48,01 - Clear,01 - Dry,10 - No control,07 - Overpass or bridge,01 - Daylight,03 - P.D. only,03 - Rear end,Civic Hospital - Experimental Farm - Central Park
10374,CARLING AVE @ VISCOUNT AVE,365129.229,5027851.111,-75.72956105,45.38800164,6/22/2015,16:50,01 - Clear,01 - Dry,01 - Traffic signal,02 - Intersection related,01 - Daylight,03 - P.D. only,03 - Rear end,Carlington
10375,CUMBERLAND ST btwn ST. PATRICK ST & MURRAY ST,368156.2825,5032701.567,-75.69028424,45.4313772,9/6/2015,21:13,01 - Clear,01 - Dry,10 - No control,01 - Non intersection,07 - Dark,03 - P.D. only,05 - Turning movement,Byward Market
10376,QUEEN MARY ST @ VERA ST,370521.9926,5031973.216,-75.66015003,45.42460549,6/16/2015,9:18,02 - Rain,02 - Wet,02 - Stop sign,03 - At intersection,01 - Daylight,03 - P.D. only,02 - Angle,Overbrook
10377,RIVERSIDE DR @ WALKLEY RD,368419.4446,5024853.169,-75.68793343,45.36073584,6/16/2015,12:10,01 - Clear,01 - Dry,01 - Traffic signal,02 - Intersection related,01 - Daylight,03 - P.D. only,03 - Rear end,Riverside Park
10378,EAGLESON RD @ FALLOWFIELD RD,355960.9134,5012595.487,-75.84821323,45.2514592,8/20/2015,16:50,02 - Rain,02 - Wet,01 - Traffic signal,02 - Intersection related,01 - Daylight,03 - P.D. only,03 - Rear end,Stittsville - Basswood
10379,ST. LAURENT BLVD @ WALKLEY RD,373902.0294,5028048.657,-75.6175122,45.38896849,8/20/2015,9:37,01 - Clear,01 - Dry,01 - Traffic signal,02 - Intersection related,01 - Daylight,03 - P.D. only,03 - Rear end,Hawthorne Meadows
10380,BANK ST @ HERON RD,369994.9993,5026850.461,-75.66756087,45.3785621,8/16/2015,13:15,01 - Clear,01 - Dry,01 - Traffic signal,02 - Intersection related,01 - Daylight,03 - P.D. only,03 - Rear end,Alta Vista
10381,RAMSAYVILLE RD @ RIDEAU RD,380354.2209,5019957.116,-75.53636022,45.3154994,9/19/2015,21:24,02 - Rain,02 - Wet,02 - Stop sign,03 - At intersection,07 - Dark,03 - P.D. only,07 - SMV other,Greenbelt
10382,MACKENZIE AVE @ RIDEAU ST,367868.2578,5032007.778,-75.69405378,45.42516076,9/20/2015,14:56,01 - Clear,01 - Dry,01 - Traffic signal,02 - Intersection related,01 - Daylight,03 - P.D. only,04 - Sideswipe,Byward Market - Parliament Hill