Record,Location,X,Y,lon,lat,Date,Time,Environment,Road_Surface,Traffic_Control,Collision_Location,Light,Collision_Classification,Impact_type,Neighborhood
10487,PARKDALE AVE @ WELLINGTON ST,365148.9799,5029268.754,-75.72913544,45.40075558,9/20/2015,7:55,01 - Clear,01 - Dry,01 - Traffic signal,03 - At intersection,01 - Daylight,03 - P.D. only,02 - Angle,Islan
10488,BANK ST @ HUNT CLUB RD,371608.7365,5024096.056,-75.64733065,45.35362692,9/23/2015,8:00,01 - Clear,01 - Dry,01 - Traffic signal,02 - Intersection related,01 - Daylight,03 - P.D. only,03 - Rear end,South Keys - Heron Gate - Greenboro West
10489,BRONSON AVE @ POWELL AVE,367388.5996,5029477.574,-75.70050402,45.40243785,9/4/2015,21:08,01 - Clear,01 - Dry,01 - Traffic signal,03 - At intersection,07 - Dark,03 - P.D. only,03 - Rear end,The Glebe
10490,REGIONAL ROAD 174 btwn OR174 IC112 RAMP36 & OR174 IC112 RAMP26,374774.6216,5032830.063,-75.60569114,45.43190245,9/8/2015,7:30,01 - Clear,01 - Dry,10 - No control,07 - Overpass or bridge,01 - Daylight,03 - P.D. only,07 - SMV other,Industrial Park
10491,RUSSELL RD S @ ST. LAURENT BLVD,373571.8276,5029260.455,-75.62155972,45.39990419,10/1/2015,13:12,01 - Clear,01 - Dry,01 - Traffic signal,02 - Intersection related,01 - Daylight,03 - P.D. only,02 - Angle,Sheffield Glen
10492,8TH LINE RD btwn RODNEY FARM DR & PARKWAY RD,383128.317,5016985.515,-75.50145342,45.28845881,10/2/2015,16:10,01 - Clear,01 - Dry,10 - No control,01 - Non intersection,01 - Daylight,03 - P.D. only,07 - SMV other,Metcalfe
10493,CONROY RD @ KINGSDALE AVE,374320.1879,5024120.869,-75.61272542,45.35358661,9/29/2015,15:10,02 - Rain,02 - Wet,02 - Stop sign,03 - At intersection,01 - Daylight,03 - P.D. only,02 - Angle,Blossom Park - Blossom Park West - Sawmill Creek/ Timbermill
10494,COLONNADE RD @ PRINCE OF WALES DR,367396.153,5023266.156,-75.70119481,45.34654834,10/1/2015,9:56,01 - Clear,01 - Dry,01 - Traffic signal,02 - Intersection related,01 - Daylight,03 - P.D. only,03 - Rear end,Industrial Park
10495,HAWTHORNE RD @ HUNT CLUB RD,375507.0292,5026406.169,-75.59725285,45.37403,5/21/2015,11:15,01 - Clear,01 - Dry,01 - Traffic signal,02 - Intersection related,01 - Daylight,03 - P.D. only,04 - Sideswipe,Industrial Park
10496,INDUSTRIAL AVE @ TRAINYARDS DR,371685.9551,5030539.839,-75.64547218,45.41159826,5/22/2015,11:08,02 - Rain,02 - Wet,01 - Traffic signal,03 - At intersection,01 - Daylight,03 - P.D. only,05 - Turning movement,Industrial Park
10497,CHARLEMAGNE BLVD @ ORCHARDVIEW AVE,384505.3153,5037243.656,-75.48063168,45.47057063,9/3/2015,16:52,01 - Clear,01 - Dry,02 - Stop sign,03 - At intersection,01 - Daylight,03 - P.D. only,02 - Angle,Fallingbrook
10498,CARP RD btwn GALETTA SIDE RD & STYLES SIDE RD,328222.9365,5035268.292,-76.20051139,45.45695135,9/4/2015,16:03,01 - Clear,01 - Dry,10 - No control,01 - Non intersection,01 - Daylight,03 - P.D. only,04 - Sideswipe,Fitzroy
10499,BANK ST @ SECOND AVE,368304.9847,5029627.479,-75.68878014,45.40370411,6/22/2015,15:20,01 - Clear,01 - Dry,02 - Stop sign,03 - At intersection,01 - Daylight,03 - P.D. only,02 - Angle,The Glebe
10500,KING EDWARD AVE @ ST. PATRICK ST,368247.9806,5032823.949,-75.68909666,45.43247004,6/22/2015,14:15,01 - Clear,01 - Dry,01 - Traffic signal,03 - At intersection,01 - Daylight,03 - P.D. only,04 - Sideswipe,Byward Market
10501,EAGLESON RD @ FALLOWFIELD RD,355961.6341,5012594.045,-75.8482042,45.25144617,9/9/2015,17:36,01 - Clear,01 - Dry,01 - Traffic signal,03 - At intersection,01 - Daylight,03 - P.D. only,02 - Angle,Stittsville - Basswood
10502,BOWESVILLE RD/HIGH RD @ LEITRIM RD,371674.2111,5019287.212,-75.6471448,45.31035213,9/10/2015,8:09,01 - Clear,01 - Dry,02 - Stop sign,02 - Intersection related,01 - Daylight,03 - P.D. only,04 - Sideswipe,Gloucester
10503,BANK ST @ HUNT CLUB RD,371608.7365,5024096.867,-75.64733054,45.35363421,6/27/2015,21:52,01 - Clear,01 - Dry,01 - Traffic signal,02 - Intersection related,07 - Dark,03 - P.D. only,03 - Rear end,South Keys - Heron Gate - Greenboro West
10504,CONROY RD btwn CONROY RD & ROSEBELLA AVE,373822.8391,5025267.946,-75.61891207,45.36395667,6/28/2015,5:36,01 - Clear,01 - Dry,10 - No control,01 - Non intersection,03 - Dawn,03 - P.D. only,07 - SMV other,Blossom Park - Blossom Park West - Sawmill Creek/ Timbermill
10505,CUMMINGS AVE btwn WILSON ST & CLARKE AVE,372131.4992,5033722.941,-75.63934546,45.44019561,9/30/2015,0:00,01 - Clear,01 - Dry,10 - No control,01 - Non intersection,00 - Unknown,03 - P.D. only,06 - SMV unattended vehicle,Cummings
10506,CYRVILLE RD @ OGILVIE RD,372454.4398,5032005.209,-75.63545402,45.42470912,10/2/2015,19:19,01 - Clear,01 - Dry,01 - Traffic signal,03 - At intersection,07 - Dark,03 - P.D. only,02 - Angle,Cummings
10507,WOODROFFE AVE btwn DAVID DR & TURN LANE,363031.4644,5022789.954,-75.75694487,45.34263946,7/13/2015,15:36,01 - Clear,01 - Dry,10 - No control,04 - At/near private drive,01 - Daylight,03 - P.D. only,02 - Angle,Crestview - Meadowlands
10508,CAMPEAU DR @ HUNTMAR DR,349064.2793,5018039.342,-75.93558589,45.30091252,7/14/2015,9:09,01 - Clear,01 - Dry,11 - Roundabout,03 - At intersection,01 - Daylight,03 - P.D. only,02 - Angle,Stittsville - Basswood
10509,MARCH RD btwn CAMPEAU DR/HWY 417 MARCH IC138R63 & HWY417 IC138 RAMP62,352772.4357,5020626.737,-75.88805525,45.32395104,9/16/2015,12:45,01 - Clear,01 - Dry,10 - No control,01 - Non intersection,01 - Daylight,03 - P.D. only,04 - Sideswipe,Greenbelt
10510,BRONSON AVE @ CARLING AVE/GLEBE AVE,367449.1484,5029335.202,-75.69974874,45.40115141,9/16/2015,13:00,01 - Clear,01 - Dry,01 - Traffic signal,03 - At intersection,01 - Daylight,03 - P.D. only,04 - Sideswipe,The Glebe
10511,WOODROFFE AVE/HWY 417 WOODROFF IC127R25 @ HWY ,362181.4256,5024695.554,-75.76756965,45.35985597,9/17/2015,8:07,01 - Clear,01 - Dry,01 - Traffic signal,02 - Intersection related,01 - Daylight,03 - P.D. only,03 - Rear end,Iris
10512,WALKLEY RD btwn BAYCREST DR & HEATHERINGTON RD,371572.1733,5026677.647,-75.64744839,45.37685865,9/17/2015,15:24,01 - Clear,01 - Dry,10 - No control,01 - Non intersection,01 - Daylight,03 - P.D. only,06 - SMV unattended vehicle,Ledbury - Heron Gate - Ridgemont - Elmwood
10513,BRONSON AVE btwn LISGAR ST & COOPER ST,366903.9017,5030627.514,-75.70655001,45.41282785,9/20/2015,18:00,01 - Clear,01 - Dry,10 - No control,04 - At/near private drive,01 - Daylight,03 - P.D. only,02 - Angle,Centretown West
10514,ISABELLA ST btwn O'CONNOR ST & METCALFE ST,368340.9477,5030333.71,-75.68822978,45.41005529,9/21/2015,3:20,01 - Clear,01 - Dry,10 - No control,01 - Non intersection,07 - Dark,03 - P.D. only,04 - Sideswipe,The Glebe
10515,AMIENS ST @ TENTH LINE RD,383350.5657,5037569.306,-75.49534566,45.47363136,9/23/2015,11:13,01 - Clear,01 - Dry,01 - Traffic signal,02 - Intersection related,01 - Daylight,03 - P.D. only,03 - Rear end,Orléans
10516,400 E OF TRAINYARDS DR @ INDUSTRIAL AVE,372091.6332,5030434.623,-75.64030422,45.41061269,9/23/2015,12:27,01 - Clear,01 - Dry,01 - Traffic signal,02 - Intersection related,01 - Daylight,03 - P.D. only,03 - Rear end,Industrial Park
10517,MONTREAL RD btwn DUROCHER ST & SAVARD AVE,370151.0562,5033108.902,-75.66473895,45.43485868,9/9/2015,19:55,01 - Clear,01 - Dry,10 - No control,04 - At/near private drive,05 - Dusk,03 - P.D. only,05 - Turning movement,Vanier
10518,CUMMINGS AVE/LABELLE ST @ CYRVILLE RD,372859.2745,5031871.927,-75.63029971,45.42347064,10/2/2015,18:41,01 - Clear,01 - Dry,01 - Traffic signal,02 - Intersection related,05 - Dusk,03 - P.D. only,03 - Rear end,Cummings
10519,CYRVILLE RD @ ST. LAURENT BLVD,372240.2794,5032110.499,-75.63817602,45.42567715,10/4/2015,10:50,01 - Clear,01 - Dry,01 - Traffic signal,02 - Intersection related,01 - Daylight,03 - P.D. only,03 - Rear end,Overbrook
10520,DALY AVE @ WALLER ST,368340.4593,5032120.089,-75.68800566,45.42612856,6/26/2015,12:07,01 - Clear,01 - Dry,01 - Traffic signal,03 - At intersection,01 - Daylight,03 - P.D. only,05 - Turning movement,Byward Market - Parliament Hill
10521,BASELINE RD @ FISHER AVE,366167.054,5026028.262,-75.71653523,45.37150988,6/26/2015,14:56,01 - Clear,01 - Dry,01 - Traffic signal,02 - Intersection related,01 - Daylight,03 - P.D. only,03 - Rear end,Civic Hospital - Experimental Farm - Central Park
10522,BLAIR RD btwn OGILVIE RD & OR174 IC112 RAMP36,374514.9309,5033176.593,-75.60896064,45.43504628,10/5/2015,15:45,01 - Clear,01 - Dry,10 - No control,01 - Non intersection,01 - Daylight,03 - P.D. only,04 - Sideswipe,Industrial Park
10523,YORK ST WB btwn BYWARD MARKE SQ & SUSSEX DR,367859.4333,5032299.904,-75.69412914,45.42779001,6/11/2015,2:09,01 - Clear,01 - Dry,10 - No control,01 - Non intersection,07 - Dark,03 - P.D. only,02 - Angle,Byward Market
10524,CAHILL DR    W btwn UPLANDS DR & TWYFORD ST,370132.7537,5023287.908,-75.66627313,45.3464945,4/16/2015,0:00,01 - Clear,01 - Dry,10 - No control,01 - Non intersection,00 - Unknown,03 - P.D. only,06 - SMV unattended vehicle,Hunt Club East - Western Community
10525,MERIVALE RD @ BASIL MACDONALD WAY/MERIVALE MAL,365098.1537,5023171.232,-75.73052902,45.34589555,9/4/2015,16:48,01 - Clear,01 - Dry,01 - Traffic signal,02 - Intersection related,01 - Daylight,03 - P.D. only,03 - Rear end,Crestview - Meadowlands
10526,KING EDWARD AVE @ MURRAY ST,368291.6998,5032753.222,-75.68854707,45.4318297,9/4/2015,18:39,01 - Clear,01 - Dry,01 - Traffic signal,03 - At intersection,01 - Daylight,03 - P.D. only,05 - Turning movement,Byward Market
10527,CYRVILLE RD @ INNES RD,375047.004,5031118.483,-75.60245447,45.41647529,8/22/2015,13:17,01 - Clear,01 - Dry,01 - Traffic signal,03 - At intersection,01 - Daylight,03 - P.D. only,03 - Rear end,Industrial Park
10528,SMYTH RD E/LANCASTER RD @ ST. LAURENT BLVD N/R,373364.351,5029424.26,-75.62418679,45.40139838,9/10/2015,13:13,01 - Clear,01 - Dry,01 - Traffic signal,02 - Intersection related,01 - Daylight,03 - P.D. only,03 - Rear end,Sheffield Glen
10529,INNES RD @ TENTH LINE RD,383951.0396,5036157.759,-75.48789418,45.46086376,6/12/2015,12:44,02 - Rain,02 - Wet,01 - Traffic signal,02 - Intersection related,01 - Daylight,03 - P.D. only,04 - Sideswipe,Queenswood Heights
10530,MACDONALD-CARTIER BR btwn RAMP & END (1),367481.1424,5033206.723,-75.69884761,45.43598326,7/4/2015,10:26,01 - Clear,01 - Dry,10 - No control,07 - Overpass or bridge,01 - Daylight,03 - P.D. only,03 - Rear end,Byward Market - Parliament Hill
10531,ST. JOSEPH BLVD @ TENTH LINE RD,382890.0831,5038666.092,-75.50105992,45.4835509,10/4/2015,7:59,01 - Clear,01 - Dry,01 - Traffic signal,02 - Intersection related,01 - Daylight,03 - P.D. only,03 - Rear end,Industrial Park
10532,REGIONAL ROAD 174 btwn QUIGLEY HILL RD & CAMERON ST,389762.0349,5042602.79,-75.41248644,45.51816611,10/5/2015,9:23,01 - Clear,01 - Dry,10 - No control,01 - Non intersection,01 - Daylight,03 - P.D. only,07 - SMV other,Cumberland - Estates
10533,210 W OF MERIVALE RD @ WEST HUNT CLUB RD,365431.0153,5021831.593,-75.72644589,45.33381296,9/15/2015,14:26,01 - Clear,01 - Dry,01 - Traffic signal,02 - Intersection related,01 - Daylight,03 - P.D. only,03 - Rear end,Tanglewood
10534,SPRATT RD btwn SHORELINE DR & SHORELINE DR,368403.2075,5015372.616,-75.689358,45.27543301,9/16/2015,15:20,01 - Clear,01 - Dry,10 - No control,01 - Non intersection,01 - Daylight,03 - P.D. only,06 - SMV unattended vehicle,Gloucester
10535,CARLING AVE @ CIVIC HOSPITAL,365790.1681,5028277.696,-75.72106854,45.39178271,9/17/2015,16:42,01 - Clear,01 - Dry,01 - Traffic signal,02 - Intersection related,01 - Daylight,03 - P.D. only,03 - Rear end,Civic Hospital - Experimental Farm - Central Park
10536,EAGLESON RD @ MICHAEL COWPLAND DR/STONEHAVEN D,354381.9674,5016622.346,-75.8679256,45.28780691,8/24/2015,15:53,01 - Clear,01 - Dry,01 - Traffic signal,02 - Intersection related,01 - Daylight,03 - P.D. only,03 - Rear end,Glen Cairn - Kanata South Business Park
10537,INNES RD btwn BLAIR RD & ANDERSON RD,376099.1195,5031742.465,-75.588923,45.42198311,9/21/2015,7:02,01 - Clear,01 - Dry,10 - No control,01 - Non intersection,01 - Daylight,03 - P.D. only,03 - Rear end,Greenbelt
10538,REGIONAL ROAD 174 btwn OR174 IC112 RAMP26 & OR174 IC112 RAMP61,375103.991,5033075.108,-75.60144717,45.43407419,9/21/2015,8:03,01 - Clear,01 - Dry,10 - No control,01 - Non intersection,01 - Daylight,03 - P.D. only,03 - Rear end,Greenbelt
10539,ST. JOSEPH BLVD @ TENTH LINE RD,382890.0831,5038666.092,-75.50105992,45.4835509,9/24/2015,12:11,01 - Clear,01 - Dry,01 - Traffic signal,02 - Intersection related,01 - Daylight,03 - P.D. only,04 - Sideswipe,Industrial Park
10540,BLAIR RD @ OGILVIE RD,374505.5615,5033198.935,-75.60907721,45.43524823,9/25/2015,9:32,01 - Clear,01 - Dry,01 - Traffic signal,02 - Intersection related,01 - Daylight,03 - P.D. only,03 - Rear end,Industrial Park
10541,HAZELDEAN RD btwn 246 E OF CASTLEFRANK RD & IRWIN GT,353076.4065,5018026.784,-75.88443129,45.30053527,9/12/2015,20:17,02 - Rain,02 - Wet,10 - No control,04 - At/near private drive,07 - Dark,03 - P.D. only,99 - Other,Glen Cairn - Kanata South Business Park
10542,DWYER HILL RD btwn GOLF CLUB WAY & CRAWFORD SIDE RD,341946.6246,5006180.884,-76.02722579,45.1946163,9/13/2015,1:35,02 - Rain,02 - Wet,10 - No control,01 - Non intersection,07 - Dark,03 - P.D. only,07 - SMV other,Munster Hamlet - Richmond
10543,INNES RD @ ORIENT PARK DR,378320.7401,5033036.93,-75.56034516,45.4333999,10/4/2015,17:46,01 - Clear,01 - Dry,01 - Traffic signal,02 - Intersection related,01 - Daylight,03 - P.D. only,03 - Rear end,Blackburn Hamlet
10544,REGIONAL ROAD 174 btwn EAST SHORE RD & MORIN RD,391936.7267,5042789.848,-75.38462239,45.51958064,10/4/2015,19:55,01 - Clear,01 - Dry,10 - No control,01 - Non intersection,07 - Dark,03 - P.D. only,03 - Rear end,Cumberland - Estates
10545,ARGYLE AVE @ O'CONNOR ST,368183.9901,5030484.492,-75.69021541,45.41142621,6/26/2015,16:45,01 - Clear,01 - Dry,01 - Traffic signal,02 - Intersection related,01 - Daylight,03 - P.D. only,04 - Sideswipe,Centretown
10546,MARCH RD btwn CAMPEAU DR/HWY 417 MARCH IC138R63 & HWY417 IC138 RAMP62,352807.0303,5020548.088,-75.88762161,45.32324097,6/26/2015,2:00,01 - Clear,01 - Dry,10 - No control,01 - Non intersection,07 - Dark,03 - P.D. only,07 - SMV other,Greenbelt
10547,TENTH LINE RD @ LAKEPOINTE DR,384260.949,5035420.89,-75.48405106,45.4541989,10/6/2015,16:00,01 - Clear,01 - Dry,01 - Traffic signal,02 - Intersection related,01 - Daylight,03 - P.D. only,03 - Rear end,Avalon
10548,CUMMINGS AVE/LABELLE ST @ CYRVILLE RD,372860.7159,5031871.206,-75.63028139,45.42346401,10/7/2015,9:35,01 - Clear,01 - Dry,01 - Traffic signal,02 - Intersection related,01 - Daylight,03 - P.D. only,03 - Rear end,Industrial Park
10549,YORK ST btwn BY WARD MARKET SQ & WILLIAM ST,367949.0825,5032331.763,-75.69297949,45.42806858,6/19/2015,12:43,01 - Clear,01 - Dry,10 - No control,01 - Non intersection,01 - Daylight,03 - P.D. only,99 - Other,Byward Market
10550,BLACKBURN BYPASS @ NAVAN RD,379619.1885,5033274.923,-75.54371607,45.43540347,6/28/2015,11:37,02 - Rain,02 - Wet,01 - Traffic signal,02 - Intersection related,01 - Daylight,03 - P.D. only,03 - Rear end,Greenbelt
10551,STONEHAVEN DR btwn EAGLESON RD & BLUEMEADOW WAY,354434.2452,5016647.306,-75.8672567,45.28802781,9/4/2015,17:10,01 - Clear,01 - Dry,10 - No control,01 - Non intersection,01 - Daylight,03 - P.D. only,03 - Rear end,Bridlewood - Emerald Meadows
10552,MAPLE GROVE RD @ TERRY FOX DR,351553.6086,5017863.383,-75.90386271,45.29916794,9/4/2015,17:45,01 - Clear,01 - Dry,01 - Traffic signal,03 - At intersection,01 - Daylight,03 - P.D. only,02 - Angle,Katimavik - Hazeldean
10553,INDUSTRIAL AVE/INNES RD @ ST. LAURENT BLVD,373098.286,5030003.765,-75.62750474,45.40663851,9/1/2015,7:33,01 - Clear,01 - Dry,01 - Traffic signal,02 - Intersection related,01 - Daylight,03 - P.D. only,04 - Sideswipe,Industrial Park
10554,BANK ST @ FIFTH AVE,368399.4341,5029399.477,-75.68760316,45.40164405,9/3/2015,10:18,01 - Clear,01 - Dry,01 - Traffic signal,02 - Intersection related,01 - Daylight,03 - P.D. only,03 - Rear end,The Glebe
10555,TENTH LINE RD @ TENTH LINE RD,383529.9792,5037155.329,-75.49311766,45.46988657,6/12/2015,14:09,02 - Rain,02 - Wet,01 - Traffic signal,02 - Intersection related,01 - Daylight,03 - P.D. only,03 - Rear end,Orléans
10556,INNES RD btwn PRESTWICK DR & TENTH LINE RD,383555.1775,5035996.132,-75.49298118,45.45945432,6/12/2015,14:28,02 - Rain,02 - Wet,10 - No control,01 - Non intersection,01 - Daylight,03 - P.D. only,03 - Rear end,Queenswood Heights
10557,STEVENAGE DR btwn SWANSEA CRES & SWANSEA CRES,374683.4533,5027102.47,-75.60766797,45.38037761,7/8/2015,4:10,01 - Clear,01 - Dry,10 - No control,04 - At/near private drive,07 - Dark,03 - P.D. only,05 - Turning movement,Industrial Park
10558,HAWTHORNE AVE @ MAIN ST,368970.7096,5030632.928,-75.6801461,45.41269009,7/31/2015,20:09,01 - Clear,01 - Dry,01 - Traffic signal,02 - Intersection related,01 - Daylight,03 - P.D. only,02 - Angle,Old Ottawa East
10559,ST. LAURENT BLVD @ 125 N OF QUEEN MARY ST/ZELL,372169.6487,5032286.355,-75.63905445,45.42726622,6/3/2015,12:13,01 - Clear,01 - Dry,01 - Traffic signal,02 - Intersection related,01 - Daylight,03 - P.D. only,03 - Rear end,Overbrook
10560,ALBION RD @ BANK ST,371947.4486,5024127.698,-75.64300391,45.35387927,6/5/2015,14:18,01 - Clear,01 - Dry,01 - Traffic signal,02 - Intersection related,01 - Daylight,03 - P.D. only,03 - Rear end,Emerald Woods - Sawmill Creek
10561,BANK ST @ HUNT CLUB RD,371609.4572,5024096.867,-75.64732134,45.35363415,9/15/2015,14:57,01 - Clear,01 - Dry,01 - Traffic signal,02 - Intersection related,01 - Daylight,03 - P.D. only,04 - Sideswipe,South Keys - Heron Gate - Greenboro West
10562,BANK ST @ JOHN QUINN RD,383422.7874,5010702.053,-75.49869432,45.23189088,9/22/2015,1:10,01 - Clear,01 - Dry,02 - Stop sign,02 - Intersection related,07 - Dark,03 - P.D. only,07 - SMV other,Osgoode
10563,LYON ST @ WELLINGTON ST,366936.7124,5031426.526,-75.70603011,45.42001421,9/17/2015,19:13,01 - Clear,01 - Dry,01 - Traffic signal,03 - At intersection,05 - Dusk,03 - P.D. only,05 - Turning movement,Downtown
10564,TENTH LINE RD @ OR174 IC101 RAMP26,382761.7929,5038940.083,-75.50265727,45.48603036,9/18/2015,7:46,01 - Clear,01 - Dry,10 - No control,02 - Intersection related,01 - Daylight,03 - P.D. only,03 - Rear end,Chatelaine Village
10565,JINKINSON RD btwn FERNBANK RD & HAZELDEAN RD,345151.3589,5009929.759,-75.98613623,45.22817455,8/30/2015,15:59,01 - Clear,01 - Dry,10 - No control,01 - Non intersection,01 - Daylight,03 - P.D. only,07 - SMV other,Stittsville - Basswood
10566,WEST HUNT CLUB RD EB btwn 545 E OF ROYDON PL/SUNDERLAND ST & ANTARES D,366714.9265,5022525.377,-75.70997999,45.33994341,9/2/2015,7:26,01 - Clear,01 - Dry,10 - No control,01 - Non intersection,01 - Daylight,03 - P.D. only,07 - SMV other,Industrial Park
10567,BASELINE RD @ NAVAHO DR,363084.97,5024097.867,-75.75610803,45.3544035,9/21/2015,11:49,01 - Clear,01 - Dry,01 - Traffic signal,02 - Intersection related,01 - Daylight,03 - P.D. only,03 - Rear end,Braemar Park - Bel Air Heights - Copeland Park
10568,CUMMINGS AVE btwn WELDON DR & OGILVIE RD,372741.513,5032181.757,-75.63176162,45.42626979,9/25/2015,13:25,01 - Clear,01 - Dry,10 - No control,04 - At/near private drive,01 - Daylight,03 - P.D. only,02 - Angle,Cummings
10569,BELFAST RD btwn ST. LAURENT BLVD & TRIOLE ST,372875.8592,5030584.688,-75.63026564,45.41188706,9/25/2015,16:24,01 - Clear,01 - Dry,10 - No control,04 - At/near private drive,01 - Daylight,03 - P.D. only,02 - Angle,Industrial Park
10570,KING EDWARD AVE @ SOMERSET ST/MARIE CURIE PRIV,368956.9896,5031672.497,-75.68018602,45.42204502,9/14/2015,9:38,01 - Clear,01 - Dry,01 - Traffic signal,02 - Intersection related,01 - Daylight,03 - P.D. only,05 - Turning movement,Sandy Hill
10571,SHEFFIELD RD @ WALKLEY RD,375257.7351,5028784.178,-75.60009586,45.39545126,10/5/2015,7:44,01 - Clear,01 - Dry,01 - Traffic signal,02 - Intersection related,01 - Daylight,03 - P.D. only,03 - Rear end,Industrial Park
10572,CAVAN ST @ LAPERRIERE AVE,364391.7048,5026880.905,-75.73909594,45.37933503,4/23/2015,15:32,01 - Clear,01 - Dry,02 - Stop sign,03 - At intersection,01 - Daylight,03 - P.D. only,02 - Angle,Carlington
10573,ELMIRA DR btwn LAMBETH WALK & KINGSLEY RD,361623.4307,5024128.526,-75.77475663,45.35479933,6/26/2015,20:40,01 - Clear,01 - Dry,10 - No control,01 - Non intersection,05 - Dusk,03 - P.D. only,03 - Rear end,Iris
10574,PINNACLE ST @ TRIM RD,387033.3981,5036135.421,-75.44849029,45.46030678,2/2/2015,15:27,03 - Snow,04 - Slush,02 - Stop sign,02 - Intersection related,01 - Daylight,03 - P.D. only,02 - Angle,Cumberland
10575,HAWTHORNE RD @ HUNT CLUB RD,375507.747,5026406.53,-75.59724363,45.37403318,10/7/2015,8:40,01 - Clear,01 - Dry,01 - Traffic signal,02 - Intersection related,01 - Daylight,03 - P.D. only,03 - Rear end,Industrial Park
10576,REGIONAL ROAD 174 EB btwn HWY417 IC113 RAMP65 & OR174 BLAIR IC112 RAMP51,374095.0317,5032277.677,-75.6144533,45.42700004,10/7/2015,16:35,01 - Clear,01 - Dry,10 - No control,01 - Non intersection,01 - Daylight,03 - P.D. only,03 - Rear end,Pineview
10577,MERIVALE RD btwn NE/OT BOUNDARY & TURN LANE,365045.327,5025278.308,-75.73094631,45.36485925,7/28/2015,14:35,01 - Clear,01 - Dry,10 - No control,01 - Non intersection,01 - Daylight,03 - P.D. only,04 - Sideswipe,Cityview - Skyline - Fisher Heights
10578,KANATA RD @ LORD BYNG WAY/MARITIME WAY,351429.0176,5019332.107,-75.90531306,45.31239217,8/4/2015,20:02,01 - Clear,02 - Wet,01 - Traffic signal,02 - Intersection related,05 - Dusk,03 - P.D. only,03 - Rear end,Kanata
10579,HUNT CLUB RD @ RIVERSIDE DR,368037.4237,5021945.138,-75.69318105,45.33460457,9/5/2015,11:51,01 - Clear,01 - Dry,01 - Traffic signal,02 - Intersection related,01 - Daylight,03 - P.D. only,03 - Rear end,Hunt Club Woods - Quintarra - Revelstoke - Riverside South P
10580,COPE DR btwn Continuation of COPE DR & EAGLESON RD,354557.6389,5016001.33,-75.86574854,45.28220645,9/5/2015,18:05,01 - Clear,01 - Dry,10 - No control,04 - At/near private drive,01 - Daylight,03 - P.D. only,02 - Angle,Glen Cairn - Kanata South Business Park
10581,BANK ST btwn BILLINGS TRANSIT & OHIO ST,369576.0741,5027568.756,-75.67281509,45.38506395,9/23/2015,21:16,01 - Clear,01 - Dry,10 - No control,01 - Non intersection,07 - Dark,03 - P.D. only,03 - Rear end,Alta Vista
10582,ST. JOSEPH BLVD @ JEANNE D'ARC BLVD,379861.4632,5036472.662,-75.540132,45.46414836,6/12/2015,18:18,02 - Rain,02 - Wet,11 - Roundabout,03 - At intersection,01 - Daylight,03 - P.D. only,04 - Sideswipe,Chapel Hill
10583,VANIER PKWY/CRICHTON ST @ BEECHWOOD AVE/ST. PA,369128.5177,5033485.332,-75.6777576,45.43834046,6/17/2015,16:05,01 - Clear,01 - Dry,01 - Traffic signal,02 - Intersection related,01 - Daylight,03 - P.D. only,04 - Sideswipe,Vanier North
10584,DES EPINETTES AVE @ JEANNE D'ARC BLVD,382226.0274,5035958.932,-75.5099799,45.45926818,8/21/2015,14:45,01 - Clear,01 - Dry,01 - Traffic signal,03 - At intersection,01 - Daylight,03 - P.D. only,05 - Turning movement,Orleans Village - Chateauneuf
10585,HAWTHORNE RD/RUSSELL RD @ WALKLEY RD,374674.7439,5028499.902,-75.60758132,45.3929519,9/8/2015,7:27,01 - Clear,01 - Dry,01 - Traffic signal,02 - Intersection related,01 - Daylight,03 - P.D. only,03 - Rear end,Sheffield Glen
10586,RICHMOND RD btwn BERKLEY AVE & ROOSEVELT AVE,362966.4413,5028109.987,-75.75714821,45.39051392,6/5/2015,19:42,01 - Clear,01 - Dry,10 - No control,01 - Non intersection,01 - Daylight,03 - P.D. only,03 - Rear end,Westboro
10587,BRONSON AVE @ SUNNYSIDE AVE/UNIVERSITY RD - CA,367924.1515,5028091.187,-75.69384105,45.38991545,6/8/2015,8:27,02 - Rain,02 - Wet,01 - Traffic signal,02 - Intersection related,01 - Daylight,03 - P.D. only,03 - Rear end,Carleto
10588,HIGHWAY 417 btwn HWY417 IC129 RAMP25 & HWY417 IC129 RAMP35,360469.3943,5023535.424,-75.78955135,45.34955519,10/2/2015,8:05,01 - Clear,01 - Dry,10 - No control,01 - Non intersection,01 - Daylight,03 - P.D. only,03 - Rear end,Whitehaven - Queensway Terrace North
10589,ALBERT ST @ BANK ST,367384.9754,5031422.493,-75.70030337,45.41993796,9/18/2015,10:48,01 - Clear,01 - Dry,01 - Traffic signal,03 - At intersection,01 - Daylight,03 - P.D. only,02 - Angle,Downtown
10590,MITCH OWENS RD btwn MANOTICK STATION RD & BOWESVILLE RD,373598.8352,5013327.89,-75.62342887,45.2565459,9/2/2015,14:03,01 - Clear,08 - Loose sand or gravel,10 - No control,01 - Non intersection,01 - Daylight,03 - P.D. only,03 - Rear end,Greely
10591,TERON RD @ BEAVERBROOK RD/PENFIELD DR N,351883.3317,5021214.093,-75.89934033,45.32929639,9/2/2015,16:36,01 - Clear,01 - Dry,01 - Traffic signal,03 - At intersection,01 - Daylight,03 - P.D. only,02 - Angle,Beaverbrook