Record,Location,X,Y,lon,lat,Date,Time,Environment,Road_Surface,Traffic_Control,Collision_Location,Light,Collision_Classification,Impact_type,Neighborhood
10592,WOODROFFE AVE @ FIRESTATION,362495.519,5023913.559,-75.76365208,45.35279386,9/21/2015,16:26,01 - Clear,01 - Dry,01 - Traffic signal,02 - Intersection related,01 - Daylight,03 - P.D. only,03 - Rear end,Iris
10593,COVENTRY RD @ 230 W OF ST. LAURENT BLVD/ST. LA,372081.18,5031934.571,-75.64023296,45.42410955,9/25/2015,16:42,01 - Clear,01 - Dry,01 - Traffic signal,03 - At intersection,01 - Daylight,03 - P.D. only,05 - Turning movement,Overbrook
10594,TRIM RD @ DAIRY DR/TAYLOR CREEK DR,384535.2182,5039597.066,-75.47986723,45.49174093,9/25/2015,17:44,01 - Clear,01 - Dry,11 - Roundabout,03 - At intersection,01 - Daylight,03 - P.D. only,04 - Sideswipe,Cumberland - Estates
10595,BANK ST @ ERIE AVE,370136.162,5026479.166,-75.66580776,45.37520816,9/14/2015,10:07,01 - Clear,01 - Dry,01 - Traffic signal,03 - At intersection,01 - Daylight,03 - P.D. only,05 - Turning movement,Ledbury - Heron Gate - Ridgemont - Elmwood
10596,COPERNICUS ST @ LAURIER AVE,368666.4322,5031989.939,-75.6838573,45.42492783,9/16/2015,12:26,01 - Clear,01 - Dry,02 - Stop sign,02 - Intersection related,01 - Daylight,03 - P.D. only,04 - Sideswipe,Sandy Hill
10597,KENT ST @ SOMERSET ST,367528.1426,5030814.484,-75.69855159,45.41445447,6/25/2015,10:33,01 - Clear,01 - Dry,01 - Traffic signal,02 - Intersection related,01 - Daylight,03 - P.D. only,04 - Sideswipe,Centretown
10598,RUSSELL RD @ SOUTHVALE CRES N,373800.1726,5029097.909,-75.6186661,45.39841921,7/7/2015,12:57,01 - Clear,01 - Dry,01 - Traffic signal,02 - Intersection related,01 - Daylight,03 - P.D. only,03 - Rear end,Sheffield Glen
10599,HAZEL ST btwn GLENORA ST & MAIN ST,369135.5432,5030161.931,-75.67810185,45.40843709,10/8/2015,14:30,01 - Clear,01 - Dry,10 - No control,01 - Non intersection,01 - Daylight,03 - P.D. only,06 - SMV unattended vehicle,Old Ottawa East
10600,TENTH LINE RD btwn ST. JOSEPH BLVD & OR174 IC101 RAMP26,382771.9313,5038916.635,-75.50253132,45.48581826,10/9/2015,6:46,02 - Rain,02 - Wet,10 - No control,01 - Non intersection,07 - Dark,03 - P.D. only,03 - Rear end,Chatelaine Village
10601,RIVERSIDE DR @ TREMBLAY RD/HWY417 IC117 RAMP52,370802.7988,5031016.268,-75.65669025,45.41596883,8/13/2015,18:28,01 - Clear,01 - Dry,01 - Traffic signal,02 - Intersection related,01 - Daylight,03 - P.D. only,03 - Rear end,Industrial Park
10602,ALBERT ST @ ELGIN ST/MACKENZIE KING BRIDGE,367851.0681,5031711.08,-75.6943114,45.42249272,9/8/2015,9:59,01 - Clear,01 - Dry,01 - Traffic signal,02 - Intersection related,01 - Daylight,03 - P.D. only,03 - Rear end,Downtown
10603,BANK ST @ JOHNSTON RD,370851.7305,5024839.888,-75.65689175,45.3603914,9/9/2015,21:26,01 - Clear,01 - Dry,01 - Traffic signal,03 - At intersection,07 - Dark,03 - P.D. only,05 - Turning movement,South Keys - Heron Gate - Greenboro West
10604,CYRVILLE RD btwn STAR TOP RD & MEADOWBROOK RD,374450.5312,5031307.365,-75.61004798,45.41823438,6/17/2015,16:21,01 - Clear,01 - Dry,10 - No control,04 - At/near private drive,01 - Daylight,03 - P.D. only,02 - Angle,Pineview
10605,DONALD ST @ VANIER PKWY,370310.9924,5032269.504,-75.66280667,45.42729116,6/17/2015,23:47,01 - Clear,01 - Dry,01 - Traffic signal,03 - At intersection,07 - Dark,03 - P.D. only,05 - Turning movement,Overbrook
10606,DRAPER AVE @ PATHWAY PRIV,360408.6823,5022930.423,-75.79039411,45.34411621,9/12/2015,10:30,02 - Rain,02 - Wet,10 - No control,02 - Intersection related,01 - Daylight,03 - P.D. only,02 - Angle,Qualicum - Redwood Park
10607,HWY 417 CASTLEFR IC139R61 @ KANATA AVE,351616.6602,5019226.05,-75.9029301,45.31142536,9/12/2015,14:21,02 - Rain,02 - Wet,01 - Traffic signal,02 - Intersection related,01 - Daylight,03 - P.D. only,03 - Rear end,Kanata
10608,GLADSTONE AVE @ PRESTON ST,366490.4267,5029713.639,-75.71194649,45.40464162,6/8/2015,12:00,02 - Rain,02 - Wet,01 - Traffic signal,02 - Intersection related,01 - Daylight,03 - P.D. only,03 - Rear end,Little Italy
10609,FLANNERY DR btwn MALDEN SQ & SANDHURST CRT,368889.155,5025314.746,-75.68187859,45.3648462,6/7/2015,19:35,01 - Clear,01 - Dry,10 - No control,01 - Non intersection,01 - Daylight,03 - P.D. only,06 - SMV unattended vehicle,Riverside Park
10610,RIDEAU ST @ WALLER ST,368282.0272,5032274.944,-75.68873234,45.4275272,9/16/2015,14:18,01 - Clear,01 - Dry,01 - Traffic signal,03 - At intersection,01 - Daylight,03 - P.D. only,04 - Sideswipe,Byward Market - Parliament Hill
10611,VANIER PKWY/CRICHTON ST @ BEECHWOOD AVE/ST. PA,369128.2133,5033488.928,-75.67776102,45.43837285,9/18/2015,13:36,01 - Clear,01 - Dry,01 - Traffic signal,02 - Intersection related,01 - Daylight,03 - P.D. only,03 - Rear end,Vanier North
10612,ARGUE DR btwn PHILLIP DR & GOODWIN AVE,366567.6818,5024204.47,-75.71164892,45.35506457,6/15/2015,10:09,01 - Clear,01 - Dry,10 - No control,01 - Non intersection,01 - Daylight,03 - P.D. only,06 - SMV unattended vehicle,Borden Farm - Stewart Farm - Parkwood Hills - Fisher Glen
10613,TOPLEY CRES btwn KARSH DR & KEYS WAY (2),373839.3358,5026442.167,-75.61853741,45.37452019,6/13/2015,19:30,01 - Clear,01 - Dry,10 - No control,04 - At/near private drive,01 - Daylight,03 - P.D. only,06 - SMV unattended vehicle,Hunt Club
10614,DALHOUSIE ST @ MURRAY ST,367999.9784,5032573.234,-75.69229814,45.43023665,9/18/2015,12:41,01 - Clear,01 - Dry,01 - Traffic signal,03 - At intersection,01 - Daylight,03 - P.D. only,04 - Sideswipe,Byward Market
10615,BASELINE RD/HERON RD @ PRINCE OF WALES DR,366872.5718,5026439.507,-75.70747716,45.37514803,9/3/2015,13:16,01 - Clear,01 - Dry,01 - Traffic signal,02 - Intersection related,01 - Daylight,03 - P.D. only,99 - Other,Civic Hospital - Experimental Farm - Central Park
10616,TERRY FOX DR btwn PALLADIUM DR & MAPLE GROVE RD,351542.7978,5017877.077,-75.90399925,45.29929188,9/3/2015,13:31,01 - Clear,01 - Dry,10 - No control,01 - Non intersection,01 - Daylight,03 - P.D. only,03 - Rear end,Katimavik - Hazeldean
10617,CARLING AVE @ MAITLAND AVE/SHERBOURNE RD,362942.6979,5026488.167,-75.75764243,45.37592298,9/21/2015,18:32,01 - Clear,01 - Dry,01 - Traffic signal,02 - Intersection related,01 - Daylight,03 - P.D. only,03 - Rear end,Carlingwood - McKellar Park - Laurentien View
10618,MONTREAL RD btwn BORTHWICK AVE & CUMMINGS AVE,371995.4555,5034035.902,-75.64104149,45.44302457,9/22/2015,7:28,01 - Clear,01 - Dry,10 - No control,01 - Non intersection,01 - Daylight,03 - P.D. only,04 - Sideswipe,Cummings
10619,ST. LAURENT BLVD btwn HWY417 IC115 RAMP36 & TRANSIT,372426.6602,5031666.237,-75.6358555,45.42166189,9/25/2015,19:02,01 - Clear,01 - Dry,10 - No control,01 - Non intersection,05 - Dusk,03 - P.D. only,03 - Rear end,Overbrook
10620,CORONATION AVE @ RUSSELL RD,372437.7338,5030196.195,-75.63591578,45.40843405,9/26/2015,13:30,01 - Clear,01 - Dry,02 - Stop sign,02 - Intersection related,01 - Daylight,03 - P.D. only,07 - SMV other,Industrial Park
10621,FOXFIELD DR btwn GREENBANK RD & KADEER WAY,363319.8201,5016198.536,-75.75404417,45.28330611,9/17/2015,9:16,01 - Clear,01 - Dry,10 - No control,04 - At/near private drive,01 - Daylight,03 - P.D. only,06 - SMV unattended vehicle,New Barrhaven
10622,MAPLE GROVE RD @ TERRY FOX DR,351554.3293,5017864.104,-75.90385345,45.29917438,9/1/2015,17:25,01 - Clear,01 - Dry,01 - Traffic signal,02 - Intersection related,01 - Daylight,03 - P.D. only,03 - Rear end,Katimavik - Hazeldean
10623,MARCH RD btwn HALTON TERR/MAXWELL BRIDGE RD & KLONDIKE RD,348828.1018,5024534.58,-75.93801954,45.35937328,9/2/2015,9:15,01 - Clear,01 - Dry,10 - No control,01 - Non intersection,01 - Daylight,03 - P.D. only,03 - Rear end,Carp - Hardwood Plains
10624,ALBERT ST btwn Continuation of ALBERT ST & BOOTH ST,366342.2067,5030573.594,-75.71373237,45.41239231,7/9/2015,14:32,01 - Clear,01 - Dry,10 - No control,01 - Non intersection,01 - Daylight,03 - P.D. only,04 - Sideswipe,Centretown West
10625,YORK ST btwn WILLIAM ST & DALHOUSIE ST,368086.2609,5032413.186,-75.69121612,45.42878879,7/9/2015,16:00,01 - Clear,01 - Dry,10 - No control,04 - At/near private drive,01 - Daylight,03 - P.D. only,02 - Angle,Byward Market
10626,TENTH LINE RD btwn ST. JOSEPH BLVD & OR174 IC101 RAMP26,382855.4885,5038746.813,-75.50148956,45.48428102,10/9/2015,7:58,02 - Rain,02 - Wet,10 - No control,01 - Non intersection,03 - Dawn,03 - P.D. only,07 - SMV other,Industrial Park
10627,SANDALWOOD DR btwn BAYCREST DR & HERON RD,371417.7055,5026770.253,-75.64940793,45.37770659,10/8/2015,0:00,02 - Rain,02 - Wet,10 - No control,01 - Non intersection,00 - Unknown,03 - P.D. only,06 - SMV unattended vehicle,Ledbury - Heron Gate - Ridgemont - Elmwood
10628,WEST HUNT CLUB RD @ CLEOPATRA DR/LANCELOT DR,365237.1414,5021732.134,-75.72893133,45.33293476,8/19/2015,18:03,01 - Clear,01 - Dry,01 - Traffic signal,02 - Intersection related,01 - Daylight,03 - P.D. only,04 - Sideswipe,Tanglewood
10629,55 S OF RIDEAU ST @ COLONEL BY DR,367938.6397,5031987.914,-75.69315701,45.42497568,2/2/2015,0:00,03 - Snow,03 - Loose snow,01 - Traffic signal,02 - Intersection related,00 - Unknown,03 - P.D. only,03 - Rear end,Byward Market - Parliament Hill
10630,JEANNE D'ARC BLVD @ ORLEANS BLVD N,380029.4485,5038105.238,-75.5377342,45.47881892,9/10/2015,17:12,01 - Clear,01 - Dry,01 - Traffic signal,02 - Intersection related,01 - Daylight,03 - P.D. only,03 - Rear end,Orleans South West
10631,HUNT CLUB RD @ RIVERSIDE DR,368036.703,5021944.417,-75.69319034,45.33459815,8/29/2015,19:36,01 - Clear,01 - Dry,01 - Traffic signal,02 - Intersection related,01 - Daylight,03 - P.D. only,04 - Sideswipe,Hunt Club Woods - Quintarra - Revelstoke - Riverside South P
10632,ELGIN ST @ PARK AVE,368469.4294,5030712.215,-75.68653963,45.41344927,9/6/2015,16:31,01 - Clear,01 - Dry,02 - Stop sign,02 - Intersection related,01 - Daylight,03 - P.D. only,03 - Rear end,Centretown
10633,LABELLE ST btwn RAMP & MICHAEL ST,372566.2249,5031692.533,-75.63406871,45.42188499,6/23/2015,16:12,01 - Clear,01 - Dry,10 - No control,04 - At/near private drive,01 - Daylight,03 - P.D. only,06 - SMV unattended vehicle,Cummings
10634,BANK ST @ RIVERSIDE DR S,369304.7171,5027894.193,-75.6762374,45.38801717,6/23/2015,21:34,01 - Clear,01 - Dry,01 - Traffic signal,02 - Intersection related,07 - Dark,03 - P.D. only,03 - Rear end,Alta Vista
10635,WEST HUNT CLUB RD @ CLEOPATRA DR/LANCELOT DR,365235.7,5021731.413,-75.7289498,45.3329284,9/12/2015,19:44,02 - Rain,02 - Wet,01 - Traffic signal,02 - Intersection related,05 - Dusk,03 - P.D. only,03 - Rear end,Tanglewood
10636,AMBLESIDE DR btwn MCEWEN AVE & NEW ORCHARD AVE,361202.1258,5026195.103,-75.77989748,45.37342828,9/13/2015,8:03,02 - Rain,02 - Wet,10 - No control,01 - Non intersection,01 - Daylight,03 - P.D. only,06 - SMV unattended vehicle,Carlingwood West - Glabar Park - McKellar Heights
10637,WELLINGTON ST btwn BAY ST & LYON ST N,366888.4242,5031396.977,-75.70665079,45.41975262,6/9/2015,12:46,02 - Rain,02 - Wet,10 - No control,01 - Non intersection,01 - Daylight,03 - P.D. only,03 - Rear end,Downtown
10638,LYON ST @ WELLINGTON ST,366935.271,5031425.085,-75.70604871,45.42000137,6/11/2015,22:19,01 - Clear,01 - Dry,01 - Traffic signal,03 - At intersection,07 - Dark,03 - P.D. only,05 - Turning movement,Downtown
10639,TRAINYARDS DR @ RAILMARKET,371756.0814,5030716.603,-75.64455234,45.413182,9/18/2015,13:56,01 - Clear,01 - Dry,01 - Traffic signal,03 - At intersection,01 - Daylight,03 - P.D. only,02 - Angle,Industrial Park
10640,ST. LAURENT BLVD @ COVENTRY RD/OGILVIE RD,372306.4402,5031952.656,-75.63735227,45.42425057,9/18/2015,14:18,01 - Clear,01 - Dry,01 - Traffic signal,03 - At intersection,01 - Daylight,03 - P.D. only,04 - Sideswipe,Overbrook
10641,FRIEL ST @ RIDEAU ST,368772.4231,5032569.503,-75.68242771,45.43013285,6/15/2015,19:20,01 - Clear,01 - Dry,01 - Traffic signal,02 - Intersection related,01 - Daylight,03 - P.D. only,03 - Rear end,Lowe
10642,CARLING AVE @ KEMPSTER AVE/FAMOUS PLAYERS THEA,359210.6717,5024119.148,-75.80554964,45.35490632,7/10/2015,19:30,01 - Clear,01 - Dry,01 - Traffic signal,02 - Intersection related,01 - Daylight,03 - P.D. only,03 - Rear end,Bayshore
10643,HUNT CLUB RD @ RIVERSIDE DR,368035.2616,5021944.417,-75.69320873,45.33459828,9/18/2015,14:50,01 - Clear,01 - Dry,01 - Traffic signal,02 - Intersection related,01 - Daylight,03 - P.D. only,03 - Rear end,Hunt Club Woods - Quintarra - Revelstoke - Riverside South P
10644,RIVERSIDE DR NB btwn INDUSTRIAL AVE & TREMBLAY RD,370740.0624,5030758.774,-75.65752619,45.41365792,9/18/2015,15:00,01 - Clear,01 - Dry,10 - No control,01 - Non intersection,01 - Daylight,03 - P.D. only,04 - Sideswipe,Industrial Park
10645,TERRY FOX DR S @ DIDSBURY RD/CENTRUM KANATA SC,350622.5623,5018919.083,-75.9156359,45.30872876,9/3/2015,13:15,01 - Clear,01 - Dry,01 - Traffic signal,02 - Intersection related,01 - Daylight,03 - P.D. only,03 - Rear end,Kanata
10646,COVENTRY RD @ VANIER PKWY,370675.6642,5031611.343,-75.6582349,45.42133505,9/3/2015,18:02,01 - Clear,01 - Dry,01 - Traffic signal,02 - Intersection related,01 - Daylight,03 - P.D. only,03 - Rear end,Overbrook
10647,MONTREAL RD btwn BEGIN ST & PARK ST,370488.1068,5033300.191,-75.66040599,45.43654823,9/26/2015,19:31,01 - Clear,01 - Dry,10 - No control,01 - Non intersection,05 - Dusk,03 - P.D. only,04 - Sideswipe,Vanier South
10648,BEVINGTON WALK btwn FAIRLAKES WAY & STONEHAM PLACE,384850.4392,5034300.947,-75.47669757,45.44405541,9/27/2015,15:23,01 - Clear,01 - Dry,10 - No control,04 - At/near private drive,01 - Daylight,03 - P.D. only,06 - SMV unattended vehicle,Avalon
10649,QUIGLEY HILL RD @ REGIONAL RD 174,388373.7666,5042394.654,-75.43028861,45.51646132,9/17/2015,16:49,01 - Clear,01 - Dry,02 - Stop sign,02 - Intersection related,01 - Daylight,03 - P.D. only,03 - Rear end,Cumberland - Estates
10650,FISHER AVE btwn BASELINE RD & MALIBU TER,366208.4954,5025925.109,-75.71601903,45.3705781,9/28/2015,5:30,02 - Rain,02 - Wet,10 - No control,01 - Non intersection,07 - Dark,03 - P.D. only,03 - Rear end,Civic Hospital - Experimental Farm - Central Park
10651,ARCH ST btwn PLEASANT PARK RD & BANGOR ST,372822.0326,5028569.093,-75.63123127,45.39375687,7/9/2015,17:10,01 - Clear,01 - Dry,10 - No control,04 - At/near private drive,01 - Daylight,03 - P.D. only,05 - Turning movement,Urbandale
10652,SMYTH RD @ SOUTH HAVEN PL/GENERAL HOSPITAL ENTRANCE W,371120.7247,5029136.192,-75.6528815,45.3990226,7/9/2015,18:48,01 - Clear,01 - Dry,01 - Traffic signal,02 - Intersection related,01 - Daylight,03 - P.D. only,04 - Sideswipe,Alta Vista
10653,TULIP CRES btwn MOCKINGBIRD DR & MOCKINGBIRD DR,382528.108,5039021.913,-75.50563333,45.48679265,10/9/2015,9:10,02 - Rain,02 - Wet,10 - No control,04 - At/near private drive,01 - Daylight,03 - P.D. only,02 - Angle,Chatelaine Village
10654,WYNFORD AVE btwn MARKHAM AVE & MARKHAM AVE,361779.792,5021494.262,-75.77306456,45.33108365,8/22/2015,11:00,01 - Clear,01 - Dry,10 - No control,01 - Non intersection,01 - Daylight,03 - P.D. only,06 - SMV unattended vehicle,Woodvale - Craig Henry - Manordale - Estates of Arlington Wo
10655,BANK ST @ GLEN AVE,368804.7675,5028434.296,-75.68255134,45.39292272,8/25/2015,17:02,01 - Clear,01 - Dry,01 - Traffic signal,02 - Intersection related,01 - Daylight,03 - P.D. only,04 - Sideswipe,Old Ottawa South
10656,BASELINE RD @ MERIVALE RD,365053.9757,5025325.155,-75.7308302,45.36528002,9/6/2015,21:10,01 - Clear,01 - Dry,01 - Traffic signal,03 - At intersection,07 - Dark,03 - P.D. only,04 - Sideswipe,Civic Hospital - Experimental Farm - Central Park
10657,MARIER AVE @ MONTREAL RD,370418.9876,5033261.951,-75.66129444,45.43621065,6/9/2015,17:10,01 - Clear,01 - Dry,01 - Traffic signal,02 - Intersection related,01 - Daylight,03 - P.D. only,03 - Rear end,Vanier South
10658,REGIONAL ROAD 174 btwn TRANSIT & OR174 IC105 RAMP51,376743.1479,5035461.022,-75.58015101,45.45537441,6/24/2015,18:05,01 - Clear,01 - Dry,10 - No control,01 - Non intersection,01 - Daylight,03 - P.D. only,04 - Sideswipe,Greenbelt
10659,MERIVALE RD @ 170 N OF HUNTCLUB RD/COSTCO/CANA,365547.8058,5022100.094,-75.72492301,45.3362188,9/8/2015,18:00,01 - Clear,01 - Dry,01 - Traffic signal,02 - Intersection related,01 - Daylight,03 - P.D. only,03 - Rear end,Tanglewood
10660,BASELINE RD btwn ST. HELEN'S PL & CLYDE AVE,364254.1988,5024823.846,-75.74109913,45.36083761,9/14/2015,8:30,01 - Clear,01 - Dry,10 - No control,01 - Non intersection,01 - Daylight,03 - P.D. only,03 - Rear end,Braemar Park - Bel Air Heights - Copeland Park
10661,ISABELLA ST btwn O'CONNOR ST & METCALFE ST,368326.5333,5030324.341,-75.68841512,45.4099723,6/12/2015,13:16,02 - Rain,02 - Wet,10 - No control,01 - Non intersection,01 - Daylight,03 - P.D. only,04 - Sideswipe,The Glebe
10662,RUSSELL RD S @ ST. LAURENT BLVD,373569.1922,5029260.793,-75.62159334,45.39990749,6/12/2015,14:30,02 - Rain,02 - Wet,01 - Traffic signal,03 - At intersection,01 - Daylight,03 - P.D. only,05 - Turning movement,Hawthorne Meadows - Sheffield Glen
10663,MERIVALE RD @ ROSENTHAL AVE,364893.3614,5026327.442,-75.73275841,45.37431222,9/20/2015,7:07,01 - Clear,01 - Dry,02 - Stop sign,03 - At intersection,01 - Daylight,03 - P.D. only,07 - SMV other,Carlington
10664,PARKDALE AVE @ GLADSTONE AVE,365215.981,5029116.759,-75.7282983,45.39938219,7/23/2015,8:10,01 - Clear,01 - Dry,01 - Traffic signal,02 - Intersection related,01 - Daylight,03 - P.D. only,03 - Rear end,Civi
10665,WORKMAN AVE btwn DUCHESS AVE & KIRCHOFFER AVE,362798.8798,5028414.097,-75.75925223,45.39326415,9/3/2015,21:01,01 - Clear,01 - Dry,10 - No control,04 - At/near private drive,07 - Dark,03 - P.D. only,06 - SMV unattended vehicle,Westboro Beach
10666,TERRY FOX DR btwn Continuation of TERRY FOX DR & CAMPEAU DR,350401.1967,5019027.874,-75.91844877,45.3097221,9/3/2015,8:45,01 - Clear,01 - Dry,10 - No control,04 - At/near private drive,01 - Daylight,03 - P.D. only,02 - Angle,Kanata Lakes - Marchwood Lakeside - Morgan's Grant - Kanata
10667,RIVERSIDE DR @ RIVERSIDE HOSPITAL,369714.4832,5028627.02,-75.67090859,45.39457305,9/22/2015,11:03,01 - Clear,01 - Dry,01 - Traffic signal,03 - At intersection,01 - Daylight,03 - P.D. only,05 - Turning movement,Alta Vista
10668,ALBION RD @ RIDEAU RD,375092.7522,5016674.82,-75.60392328,45.2865129,9/17/2015,18:56,01 - Clear,01 - Dry,01 - Traffic signal,03 - At intersection,05 - Dusk,03 - P.D. only,02 - Angle,Greenbelt
10669,55 S OF RIDEAU ST @ COLONEL BY DR,367938.6397,5031987.914,-75.69315701,45.42497568,2/21/2015,14:04,03 - Snow,03 - Loose snow,01 - Traffic signal,02 - Intersection related,01 - Daylight,03 - P.D. only,03 - Rear end,Byward Market - Parliament Hill
10670,BAY ST @ WELLINGTON ST,366814.698,5031351.206,-75.70759851,45.41934733,7/9/2015,15:45,01 - Clear,01 - Dry,01 - Traffic signal,02 - Intersection related,01 - Daylight,03 - P.D. only,04 - Sideswipe,Downtown
10671,HEATHERINGTON RD @ FAIRLEA CRES S/ANGELA PRIV,371873.8674,5026501.175,-75.64362074,45.37524201,7/10/2015,8:14,01 - Clear,01 - Dry,02 - Stop sign,02 - Intersection related,01 - Daylight,03 - P.D. only,03 - Rear end,Ledbury - Heron Gate - Ridgemont - Elmwood
10672,ST. JOSEPH BLVD @ TENTH LINE RD,382891.5245,5038666.092,-75.50104148,45.48355074,10/9/2015,11:05,02 - Rain,02 - Wet,01 - Traffic signal,02 - Intersection related,01 - Daylight,03 - P.D. only,03 - Rear end,Industrial Park
10673,BRONSON AVE btwn BREWER WAY & RIVERSIDE DR RAMPS 34B & 42A-3,368116.2543,5027755.265,-75.69143105,45.38687558,5/4/2015,16:42,02 - Rain,02 - Wet,10 - No control,01 - Non intersection,01 - Daylight,03 - P.D. only,03 - Rear end,Carleto
10674,HWY 417 INNES IC112R57 @ INNES RD,374299.0324,5030754.324,-75.61206149,45.41327347,8/26/2015,11:21,01 - Clear,01 - Dry,01 - Traffic signal,02 - Intersection related,01 - Daylight,03 - P.D. only,04 - Sideswipe,Industrial Park
10675,CARLING AVE EB btwn RIDDELL AVE N & MAITLAND AVE,362900.8961,5026442.761,-75.75818145,45.37551789,6/15/2015,16:53,01 - Clear,01 - Dry,10 - No control,04 - At/near private drive,01 - Daylight,03 - P.D. only,02 - Angle,Carlingwood West - Glabar Park - McKellar Heights
10676,MITCH OWENS RD/BRIDGE ST @ RIVER RD,369499.7073,5010770.76,-75.6759833,45.23392597,6/9/2015,8:40,01 - Clear,01 - Dry,01 - Traffic signal,02 - Intersection related,01 - Daylight,03 - P.D. only,03 - Rear end,Manotick
10677,ALPINE AVE @ CARLING AVE,360496.569,5024942.519,-75.78904604,45.36221403,6/10/2015,7:20,01 - Clear,01 - Dry,01 - Traffic signal,02 - Intersection related,01 - Daylight,03 - P.D. only,02 - Angle,Whitehaven - Queensway Terrace North
10678,GLADSTONE AVE btwn PRESTON ST & ROCHESTER ST,366640.3557,5029774.953,-75.71002375,45.40518008,9/10/2015,17:30,01 - Clear,01 - Dry,10 - No control,04 - At/near private drive,01 - Daylight,03 - P.D. only,02 - Angle,Little Italy
10679,ALBION RD @ DEL ZOTTO AVE,373791.7449,5019723.114,-75.62008208,45.31406941,9/11/2015,9:30,01 - Clear,01 - Dry,02 - Stop sign,02 - Intersection related,01 - Daylight,03 - P.D. only,03 - Rear end,Greenbelt
10680,MAJESTIC DR @ WOODROFFE AVE,363526.9727,5021571.132,-75.75076719,45.33163129,9/14/2015,11:50,01 - Clear,01 - Dry,01 - Traffic signal,02 - Intersection related,01 - Daylight,03 - P.D. only,03 - Rear end,Woodvale - Craig Henry - Manordale - Estates of Arlington Wo
10681,MEADOWLANDS DR @ VIEWMOUNT DR,363739.6834,5023106.592,-75.74787078,45.34542939,9/14/2015,18:20,01 - Clear,01 - Dry,01 - Traffic signal,02 - Intersection related,01 - Daylight,03 - P.D. only,03 - Rear end,Crestview - Meadowlands
10682,BANK ST @ 80 S OF HUNT CLUB RD/TOWNGATE PLAZA ,371689.0149,5024094.784,-75.64630636,45.35360782,6/12/2015,14:53,01 - Clear,02 - Wet,01 - Traffic signal,03 - At intersection,01 - Daylight,03 - P.D. only,02 - Angle,South Keys - Heron Gate - Greenboro West
10683,LYON ST @ WELLINGTON ST,366934.5503,5031425.085,-75.70605792,45.42000143,6/13/2015,9:45,01 - Clear,01 - Dry,01 - Traffic signal,02 - Intersection related,01 - Daylight,03 - P.D. only,04 - Sideswipe,Downtown
10684,HAZELDEAN RD @ TERRY FOX DR,352209.0524,5017242.811,-75.89556519,45.29353995,7/27/2015,17:47,01 - Clear,01 - Dry,01 - Traffic signal,02 - Intersection related,01 - Daylight,03 - P.D. only,03 - Rear end,Glen Cairn - Kanata South Business Park
10685,LABELLE ST btwn RAMP & MICHAEL ST,372580.6393,5031691.812,-75.63388464,45.4218771,9/18/2015,16:50,01 - Clear,01 - Dry,10 - No control,01 - Non intersection,01 - Daylight,03 - P.D. only,06 - SMV unattended vehicle,Cummings
10686,PRINCE OF WALES DR @ FALAISE RD/KOCHAR DR N,367461.8441,5024905.945,-75.70014876,45.36129695,9/18/2015,17:25,01 - Clear,01 - Dry,01 - Traffic signal,02 - Intersection related,01 - Daylight,03 - P.D. only,03 - Rear end,Carleton Heights - Rideauview
10687,RIVERSIDE DR @ UPLANDS DR/KIMBERWICK CRES N,368194.9271,5022794.205,-75.69106295,45.34223009,9/4/2015,8:05,01 - Clear,01 - Dry,01 - Traffic signal,02 - Intersection related,01 - Daylight,03 - P.D. only,03 - Rear end,Hunt Club Woods - Quintarra - Revelstoke - Riverside South P
10688,FISHER AVE @ PRINCE OF WALES DR,367160.9841,5023942.151,-75.70411032,45.35265176,9/4/2015,9:22,01 - Clear,01 - Dry,01 - Traffic signal,02 - Intersection related,01 - Daylight,03 - P.D. only,03 - Rear end,Borden Farm - Stewart Farm - Parkwood Hills - Fisher Glen
10689,AIRPORT PKWY btwn RAMP & RAMP (4),371315.7533,5021673.843,-75.65139522,45.33186044,9/22/2015,18:50,01 - Clear,01 - Dry,10 - No control,01 - Non intersection,05 - Dusk,03 - P.D. only,05 - Turning movement,Hunt Club - Ottawa Airport
10690,FALLOWFIELD RD @ MERIVALE RD,366891.7126,5018845.55,-75.70818586,45.30681724,7/28/2015,17:36,01 - Clear,01 - Dry,01 - Traffic signal,02 - Intersection related,01 - Daylight,03 - P.D. only,03 - Rear end,Greenbelt
10691,GRENON AVE @ RICHMOND RD,359807.3912,5024035.312,-75.79794353,45.35410541,9/18/2015,8:50,01 - Clear,01 - Dry,01 - Traffic signal,03 - At intersection,01 - Daylight,03 - P.D. only,02 - Angle,Whitehaven - Queensway Terrace North
10692,MONTREAL RD @ PALACE ST,369954.9949,5032998.946,-75.66725912,45.43388763,9/18/2015,16:45,01 - Clear,01 - Dry,10 - No control,03 - At intersection,01 - Daylight,03 - P.D. only,05 - Turning movement,Vanier South
10693,DALHOUSIE ST @ MURRAY ST,367999.9784,5032572.514,-75.69229823,45.43023017,8/30/2015,5:33,01 - Clear,01 - Dry,01 - Traffic signal,03 - At intersection,03 - Dawn,03 - P.D. only,02 - Angle,Byward Market