Record,Location,X,Y,lon,lat,Date,Time,Environment,Road_Surface,Traffic_Control,Collision_Location,Light,Collision_Classification,Impact_type,Neighborhood
10694,GLADSTONE AVE @ PRESTON ST,366491.1474,5029712.919,-75.71193738,45.40463508,7/10/2015,7:30,01 - Clear,01 - Dry,01 - Traffic signal,02 - Intersection related,01 - Daylight,03 - P.D. only,03 - Rear end,Little Italy
10695,LIMEBANK RD btwn TOM ROBERTS RD & LEITRIM RD,369264.0774,5018077.131,-75.67803567,45.29968941,7/10/2015,15:33,01 - Clear,01 - Dry,10 - No control,01 - Non intersection,01 - Daylight,03 - P.D. only,04 - Sideswipe,Greenbelt
10696,ST. ANDREW ST btwn KING EDWARD AVE & ROSE ST,368209.5273,5032984.699,-75.68956736,45.4339199,5/9/2015,12:10,01 - Clear,01 - Dry,10 - No control,01 - Non intersection,01 - Daylight,03 - P.D. only,04 - Sideswipe,Lower Town
10697,MONTREAL RD @ ST. LAURENT BLVD,371545.7029,5033817.955,-75.64681959,45.44110668,5/21/2015,10:18,01 - Clear,01 - Dry,01 - Traffic signal,02 - Intersection related,01 - Daylight,03 - P.D. only,04 - Sideswipe,Cummings
10698,BLAIR RD @ OGILVIE RD,374507.7237,5033196.773,-75.60904988,45.43522856,8/26/2015,19:29,01 - Clear,01 - Dry,01 - Traffic signal,02 - Intersection related,01 - Daylight,03 - P.D. only,03 - Rear end,Industrial Park
10699,ST. JOSEPH BLVD @ FOREST VALLEY DR/YOUVILLE DR,379166.1825,5036154.789,-75.54906993,45.46136274,8/27/2015,13:59,02 - Rain,02 - Wet,01 - Traffic signal,02 - Intersection related,01 - Daylight,03 - P.D. only,03 - Rear end,Chapel Hill
10700,ELMGROVE AVE btwn WINONA AVE & END,363256.1923,5028496.557,-75.75340227,45.39396809,6/14/2015,11:30,01 - Clear,01 - Dry,10 - No control,01 - Non intersection,01 - Daylight,03 - P.D. only,06 - SMV unattended vehicle,Westboro
10701,ARGYLE AVE E @ METCALFE ST,368443.4307,5030641.928,-75.68688084,45.41281922,6/16/2015,9:35,01 - Clear,01 - Dry,10 - No control,03 - At intersection,01 - Daylight,03 - P.D. only,04 - Sideswipe,Centretown
10702,ST. LAURENT BLVD @ COVENTRY RD/OGILVIE RD,372304.9988,5031951.214,-75.63737089,45.42423773,6/10/2015,11:30,01 - Clear,01 - Dry,01 - Traffic signal,02 - Intersection related,01 - Daylight,03 - P.D. only,04 - Sideswipe,Overbrook
10703,BELCOURT BLVD btwn NOTRE DAME ST & LEBLANC DR,381380.35,5037105.994,-75.52061299,45.4696817,6/11/2015,22:25,01 - Clear,01 - Dry,10 - No control,01 - Non intersection,07 - Dark,03 - P.D. only,06 - SMV unattended vehicle,Orleans Village - Chateauneuf
10704,NIXON DR/ROGER STEVENS DR @ RIVER RD,373164.0261,5002764.918,-75.63041769,45.16154419,9/11/2015,18:11,01 - Clear,01 - Dry,02 - Stop sign,02 - Intersection related,01 - Daylight,03 - P.D. only,03 - Rear end,Manotick
10705,KING EDWARD AVE @ SOMERSET ST/MARIE CURIE PRIV,368957.7103,5031671.776,-75.6801769,45.42203846,9/11/2015,18:15,01 - Clear,01 - Dry,01 - Traffic signal,02 - Intersection related,01 - Daylight,03 - P.D. only,03 - Rear end,Sandy Hill
10706,BRONSON AVE @ GLADSTONE AVE,367134.4224,5030080.483,-75.7036743,45.40788533,9/14/2015,15:08,01 - Clear,01 - Dry,01 - Traffic signal,02 - Intersection related,01 - Daylight,03 - P.D. only,03 - Rear end,Centretown West
10707,FARLANE BLVD @ KINGSMILL ST,365760.156,5025062.831,-75.72184868,45.36285862,9/14/2015,16:46,01 - Clear,01 - Dry,03 - Yield sign,03 - At intersection,01 - Daylight,03 - P.D. only,02 - Angle,Cityview - Skyline - Fisher Heights
10708,ALDERCREST DR btwn OAKVIEW AVE & SPRING GARDEN AVE,364342.1951,5022856.368,-75.74021293,45.34312702,6/14/2015,20:05,01 - Clear,01 - Dry,10 - No control,04 - At/near private drive,01 - Daylight,03 - P.D. only,06 - SMV unattended vehicle,Crestview - Meadowlands
10709,CARLING AVE @ CHAMPAGNE AVE,366627.7004,5028810.181,-75.71030634,45.39650043,6/16/2015,21:15,01 - Clear,01 - Dry,01 - Traffic signal,02 - Intersection related,07 - Dark,03 - P.D. only,03 - Rear end,Centretown West
10710,HUNT CLUB RD @ HWY417 HUNT CLUB IC108 RAMP52,376416.5641,5027444.644,-75.58549128,45.38328129,1/26/2015,16:30,01 - Clear,01 - Dry,02 - Stop sign,02 - Intersection related,05 - Dusk,03 - P.D. only,03 - Rear end,Greenbelt
10711,PONDVIEW CRES btwn DEAN MARTIN CRES E & DEAN MARTIN CRES W,369955.4264,5022793.545,-75.66860092,45.34206285,12/1/2015,22:15,04 - Freezing Rain,06 - Ice,10 - No control,01 - Non intersection,07 - Dark,03 - P.D. only,06 - SMV unattended vehicle,Hunt Club - Ottawa Airport
10712,BLAIR RD @ INNES RD,375578.0142,5031441.357,-75.59562423,45.41932682,9/18/2015,20:54,01 - Clear,01 - Dry,01 - Traffic signal,02 - Intersection related,07 - Dark,03 - P.D. only,03 - Rear end,Greenbelt
10713,ROBERTSON RD btwn MOODIE DR & VANIER RD,357161.7872,5020511.334,-75.83207979,45.32259893,9/4/2015,10:00,01 - Clear,01 - Dry,10 - No control,04 - At/near private drive,01 - Daylight,03 - P.D. only,03 - Rear end,Bells Corners East
10714,BASELINE RD/HERON RD @ PRINCE OF WALES DR,366873.0583,5026439.02,-75.70747101,45.3751436,9/3/2015,21:00,01 - Clear,01 - Dry,01 - Traffic signal,02 - Intersection related,07 - Dark,03 - P.D. only,04 - Sideswipe,Civic Hospital - Experimental Farm - Central Park
10715,MURRAY ST btwn BEAUSOLEIL DR & END,368638.1752,5032963.303,-75.68409217,45.43368839,9/9/2015,13:45,01 - Clear,01 - Dry,10 - No control,01 - Non intersection,01 - Daylight,03 - P.D. only,05 - Turning movement,Lower Town
10716,MACDONALD-CARTIER BR RAMP NB-1 btwn MACDONALD-CARTIER BR & MACDONALD-C,367603.4562,5033182.29,-75.69728754,45.43575245,8/3/2015,5:58,02 - Rain,02 - Wet,10 - No control,01 - Non intersection,03 - Dawn,03 - P.D. only,04 - Sideswipe,Byward Market - Parliament Hill
10717,HUNT CLUB RD @ HWY417 HUNT CLUB IC108 RAMP52,376416.5641,5027444.644,-75.58549128,45.38328129,1/31/2015,16:00,01 - Clear,04 - Slush,02 - Stop sign,02 - Intersection related,01 - Daylight,03 - P.D. only,03 - Rear end,Greenbelt
10718,BRONSON AVE @ CATHERINE ST/RAYMOND ST,367252.7085,5029796.206,-75.70219935,45.40531694,9/18/2015,19:24,01 - Clear,01 - Dry,01 - Traffic signal,03 - At intersection,07 - Dark,03 - P.D. only,05 - Turning movement,Centretown West
10719,BRIDLE PARK DR @ STONEHAVEN DR,356108.3799,5016317.184,-75.84595014,45.28493709,9/18/2015,21:14,01 - Clear,01 - Dry,01 - Traffic signal,03 - At intersection,07 - Dark,03 - P.D. only,03 - Rear end,Bridlewood - Emerald Meadows
10720,RUSKIN ST btwn MACFARLANE AVE & MELROSE AVE,365765.3666,5028561.962,-75.72135013,45.39434263,9/4/2015,14:00,01 - Clear,01 - Dry,10 - No control,04 - At/near private drive,01 - Daylight,03 - P.D. only,02 - Angle,Civic Hospital - Experimental Farm - Central Park
10721,ROWALLEN PL btwn SHELLBROOK WAY & SHELLBROOK WAY,372965.8263,5025992.671,-75.62975071,45.37056132,9/3/2015,23:00,01 - Clear,01 - Dry,10 - No control,04 - At/near private drive,07 - Dark,03 - P.D. only,06 - SMV unattended vehicle,Greenboro East
10722,SOMERSET ST    W btwn EMPRESS AVE & BELL ST N,366749.3582,5030353.539,-75.70855873,45.4103764,6/26/2015,7:48,01 - Clear,01 - Dry,10 - No control,01 - Non intersection,01 - Daylight,03 - P.D. only,05 - Turning movement,Chinatown
10723,HUNT CLUB RD @ TRANSITWAY OFFRAMP,371092.8947,5023749.42,-75.65396001,45.35055695,6/28/2015,11:33,02 - Rain,02 - Wet,02 - Stop sign,02 - Intersection related,01 - Daylight,03 - P.D. only,07 - SMV other,Hunt Club East - Western Community
10724,VAUGHAN ST btwn CRICHTON ST & MACKAY ST,369047.0184,5033580.379,-75.6787868,45.43920315,6/27/2015,0:00,01 - Clear,01 - Dry,10 - No control,01 - Non intersection,00 - Unknown,03 - P.D. only,06 - SMV unattended vehicle,New Edinburgh
10725,HAWTHORNE RD @ HUNT CLUB RD,375508.4706,5026405.448,-75.59723455,45.37402337,8/27/2015,15:00,01 - Clear,01 - Dry,01 - Traffic signal,02 - Intersection related,01 - Daylight,03 - P.D. only,03 - Rear end,Industrial Park
10726,INNES RD @ ORCHARDVIEW AVE/ESPRIT DR,384844.7646,5036558.758,-75.47640263,45.46436974,8/30/2015,11:40,01 - Clear,01 - Dry,01 - Traffic signal,02 - Intersection related,01 - Daylight,03 - P.D. only,03 - Rear end,Fallingbrook
10727,HINCKS LANE @ RIVERSIDE DR,370165.3382,5030204.877,-75.66494173,45.40872808,6/18/2015,21:37,02 - Rain,02 - Wet,01 - Traffic signal,02 - Intersection related,07 - Dark,03 - P.D. only,03 - Rear end,Industrial Park
10728,FLORA ST btwn BRONSON AVE & PERCY ST,367306.8698,5030011.375,-75.70148025,45.40724813,6/19/2015,9:09,01 - Clear,01 - Dry,10 - No control,01 - Non intersection,01 - Daylight,03 - P.D. only,99 - Other,Centretown
10729,RUSSELL RD btwn WAY ST & BOUNDARY RD,385888.0031,5026257.424,-75.46475925,45.37156738,6/12/2015,7:47,01 - Clear,01 - Dry,10 - No control,01 - Non intersection,01 - Daylight,03 - P.D. only,04 - Sideswipe,Greenbelt
10730,TRIM RD btwn SPRINGRIDGE DR & PORTOBELLO BLVD,385653.3243,5038115.105,-75.46580853,45.4782791,6/12/2015,12:04,01 - Clear,01 - Dry,10 - No control,01 - Non intersection,01 - Daylight,03 - P.D. only,99 - Other,Springridge
10731,WOODROFFE AVE @ HWY 417 WOODROFF IC127R26/HWY4,362081.9662,5024939.157,-75.76881083,45.36205602,9/12/2015,8:49,02 - Rain,02 - Wet,01 - Traffic signal,02 - Intersection related,01 - Daylight,03 - P.D. only,03 - Rear end,Whitehaven - Queensway Terrace North
10732,RICHMOND RD btwn WEST HUNT CLUB RD & SEYTON DR,357259.5877,5018724.041,-75.83102159,45.30650936,1/13/2015,19:45,01 - Clear,01 - Dry,10 - No control,01 - Non intersection,07 - Dark,03 - P.D. only,07 - SMV other,Greenbelt
10733,DUROCHER ST btwn DESCHAMPS AVE & ST. PAUL ST,370024.4793,5033297.267,-75.66633161,45.43656532,9/14/2015,0:00,01 - Clear,01 - Dry,10 - No control,01 - Non intersection,00 - Unknown,03 - P.D. only,06 - SMV unattended vehicle,Vanier North
10734,DYNES RD btwn MORLEY BLVD & PRINCE OF WALES DR,367074.8025,5025884.026,-75.70496543,45.370132,9/14/2015,18:20,01 - Clear,01 - Dry,10 - No control,04 - At/near private drive,01 - Daylight,03 - P.D. only,02 - Angle,Carleton Heights - Rideauview
10735,HOWDEN AVE btwn DAVID DR & SULLIVAN AVE,363208.5536,5022923.13,-75.75466961,45.34382304,6/18/2015,14:30,01 - Clear,01 - Dry,10 - No control,04 - At/near private drive,01 - Daylight,03 - P.D. only,06 - SMV unattended vehicle,Crestview - Meadowlands
10736,NICHOLAS ST btwn DALY AVE & SB RAMP FROM WALLER/NICHOLAS/MACKENZIE KIN,368234.9082,5032033.961,-75.68936547,45.42536319,6/21/2015,13:03,01 - Clear,01 - Dry,10 - No control,01 - Non intersection,01 - Daylight,03 - P.D. only,04 - Sideswipe,Byward Market - Parliament Hill
10737,FALLOWFIELD RD @ GREENBANK RD,363079.955,5016732.095,-75.75703881,45.28812701,7/22/2015,7:07,01 - Clear,01 - Dry,01 - Traffic signal,02 - Intersection related,01 - Daylight,03 - P.D. only,03 - Rear end,Greenbelt
10738,CARP RD btwn HWY417 IC144 RAMP25 & WESTBROOK RD,347718.1056,5015463.702,-75.95297299,45.27781953,9/1/2015,17:17,01 - Clear,01 - Dry,10 - No control,01 - Non intersection,01 - Daylight,03 - P.D. only,03 - Rear end,Stittsville - Basswood
10739,HAWTHORNE RD/RUSSELL RD @ WALKLEY RD,374674.0232,5028498.46,-75.60759073,45.392939,5/23/2015,13:27,01 - Clear,01 - Dry,01 - Traffic signal,03 - At intersection,01 - Daylight,03 - P.D. only,02 - Angle,Sheffield Glen
10740,HUNT CLUB RD btwn UPLANDS DR & MCCARTHY RD,370220.8713,5023158.609,-75.66516586,45.34532289,9/3/2015,15:15,01 - Clear,01 - Dry,10 - No control,01 - Non intersection,01 - Daylight,03 - P.D. only,04 - Sideswipe,Hunt Club East - Western Community
10741,NAVAHO DR btwn BASELINE RD & NAVAHO DR,363096.0182,5024079.758,-75.75596917,45.35423964,9/4/2015,12:00,01 - Clear,01 - Dry,10 - No control,01 - Non intersection,01 - Daylight,03 - P.D. only,04 - Sideswipe,Crestview - Meadowlands
10742,LYNDALE AVE btwn FORWARD AVE & HINCHEY AVE,364995.5648,5029984.449,-75.73100753,45.40720846,8/9/2015,2:35,01 - Clear,01 - Dry,10 - No control,01 - Non intersection,07 - Dark,03 - P.D. only,07 - SMV other,Mechanicsville
10743,BANK ST @ HUNT CLUB RD,371608.7365,5024094.704,-75.64733083,45.35361475,8/11/2015,13:47,01 - Clear,01 - Dry,01 - Traffic signal,02 - Intersection related,01 - Daylight,03 - P.D. only,03 - Rear end,South Keys - Heron Gate - Greenboro West
10744,REGIONAL ROAD 174 btwn OR174 IC105 RAMP16 & OR174 IC105 RAMP26,379221.3184,5036925.383,-75.54824833,45.4682901,9/19/2015,0:04,01 - Clear,01 - Dry,10 - No control,01 - Non intersection,07 - Dark,03 - P.D. only,03 - Rear end,Greenbelt
10745,MCBEAN ST btwn BURKE ST & OTTAWA ST,357590.8399,5005317.951,-75.82822107,45.18585365,9/19/2015,4:28,01 - Clear,01 - Dry,10 - No control,01 - Non intersection,07 - Dark,03 - P.D. only,07 - SMV other,Richmond
10746,CAMPEAU DR/HWY 417 MARCH IC138R63 @ MARCH RD,352841.6249,5020475.386,-75.8871874,45.32258442,9/9/2015,14:58,01 - Clear,01 - Dry,01 - Traffic signal,02 - Intersection related,01 - Daylight,03 - P.D. only,03 - Rear end,Greenbelt
10747,PESKETT RD btwn HOWIE RD & END,339226.3557,5014951.893,-76.06123933,45.2736811,9/16/2015,6:25,01 - Clear,01 - Dry,10 - No control,01 - Non intersection,03 - Dawn,03 - P.D. only,07 - SMV other,Carp - Hardwood Plains
10748,DALHOUSIE ST @ MURRAY ST,368000.6991,5032573.234,-75.69228893,45.43023659,9/1/2015,5:20,01 - Clear,01 - Dry,01 - Traffic signal,02 - Intersection related,07 - Dark,03 - P.D. only,03 - Rear end,Byward Market
10749,MARCH RD @ TERRY FOX DR,349865.3293,5023398.428,-75.92488446,45.34908403,6/28/2015,14:51,02 - Rain,02 - Wet,01 - Traffic signal,03 - At intersection,01 - Daylight,03 - P.D. only,03 - Rear end,South March
10750,MCARTHUR AVE @ NORTH RIVER RD,369819.9865,5032646.942,-75.66903095,45.43073301,6/28/2015,16:30,02 - Rain,02 - Wet,01 - Traffic signal,03 - At intersection,01 - Daylight,03 - P.D. only,03 - Rear end,Vanier South
10751,ST. JOSEPH BLVD @ TENTH LINE RD,382890.0831,5038666.813,-75.5010598,45.48355738,8/31/2015,8:00,01 - Clear,01 - Dry,01 - Traffic signal,02 - Intersection related,01 - Daylight,03 - P.D. only,03 - Rear end,Industrial Park
10752,THIRD AVE btwn BANK ST & O'CONNOR ST,368601.3842,5029705.404,-75.6849842,45.40437831,8/30/2015,19:00,01 - Clear,01 - Dry,10 - No control,01 - Non intersection,01 - Daylight,03 - P.D. only,06 - SMV unattended vehicle,The Glebe
10753,WILLIAM ST btwn CLARENCE ST & YORK ST,367968.2441,5032399.856,-75.6927259,45.42867952,6/19/2015,13:21,01 - Clear,01 - Dry,10 - No control,01 - Non intersection,01 - Daylight,03 - P.D. only,99 - Other,Byward Market
10754,QUEEN ST btwn KENT ST & BANK ST,367287.3141,5031453.389,-75.70154722,45.42022469,6/13/2015,11:45,01 - Clear,01 - Dry,10 - No control,01 - Non intersection,01 - Daylight,03 - P.D. only,06 - SMV unattended vehicle,Downtown
10755,BAY ST @ QUEEN ST,366900.4176,5031212.944,-75.70652075,45.41809568,6/15/2015,7:33,01 - Clear,01 - Dry,01 - Traffic signal,02 - Intersection related,01 - Daylight,03 - P.D. only,04 - Sideswipe,Downtown
10756,ST. JOSEPH BLVD btwn TENTH LINE RD & OR174 IC101 RAMP63,383009.3989,5038704.385,-75.49952775,45.48388207,6/26/2015,14:45,01 - Clear,01 - Dry,10 - No control,01 - Non intersection,01 - Daylight,03 - P.D. only,07 - SMV other,Queenswood Heights
10757,TENTH LINE RD @ LAKEPOINTE DR,384261.4933,5035420.786,-75.48404412,45.45419791,2/11/2015,20:43,03 - Snow,02 - Wet,01 - Traffic signal,02 - Intersection related,07 - Dark,03 - P.D. only,04 - Sideswipe,Avalon
10758,HWY417 IC138 RAMP61 btwn HWY417 IC138 RAMP62 & HIGHWAY 417,353375.8093,5020529.311,-75.88036852,45.32303288,9/16/2015,8:30,01 - Clear,01 - Dry,10 - No control,01 - Non intersection,01 - Daylight,03 - P.D. only,03 - Rear end,Greenbelt
10759,WOODROFFE AVE btwn GEORGINA DR & HWY417 IC127 RAMP36,361926.2632,5025326.195,-75.77075344,45.36555127,9/15/2015,9:37,01 - Clear,01 - Dry,10 - No control,01 - Non intersection,01 - Daylight,03 - P.D. only,04 - Sideswipe,Whitehaven - Queensway Terrace North
10760,CARLING AVE @ RITCHIE ST,359588.6209,5024367.448,-75.80069866,45.3571111,9/16/2015,10:15,01 - Clear,01 - Dry,01 - Traffic signal,02 - Intersection related,01 - Daylight,03 - P.D. only,04 - Sideswipe,Crystal Bay - Lakeview Park - Britannia Village
10761,CATHERINE ST btwn ELGIN ST & QUEEN ELIZABETH DRWY,368582.2592,5030588.022,-75.6851143,45.41232155,6/19/2015,0:00,01 - Clear,01 - Dry,10 - No control,01 - Non intersection,00 - Unknown,03 - P.D. only,06 - SMV unattended vehicle,Golden Triangle
10762,O'CONNOR ST btwn WAVERLEY ST & FRANK ST,368025.4287,5030739.841,-75.69220821,45.4137381,6/22/2015,16:30,01 - Clear,01 - Dry,10 - No control,01 - Non intersection,01 - Daylight,03 - P.D. only,04 - Sideswipe,Centretown
10763,KIRKWOOD AVE @ MERIVALE RD,364853.7014,5026646.903,-75.73322587,45.37719008,9/1/2015,11:21,01 - Clear,01 - Dry,01 - Traffic signal,02 - Intersection related,01 - Daylight,03 - P.D. only,07 - SMV other,Carlington
10764,REGIONAL ROAD 174 btwn OR174 IC112 RAMP36 & OR174 IC112 RAMP26,374752.9295,5032812.476,-75.60597084,45.43174638,6/16/2015,8:29,02 - Rain,02 - Wet,10 - No control,01 - Non intersection,01 - Daylight,03 - P.D. only,04 - Sideswipe,Industrial Park
10765,MERIVALE RD @ 112 N OF CARLING AVE/WESTGATE SC,364833.25,5027797.539,-75.73334705,45.38754504,9/4/2015,15:11,01 - Clear,01 - Dry,01 - Traffic signal,02 - Intersection related,01 - Daylight,03 - P.D. only,03 - Rear end,Civic Hospital - Experimental Farm - Central Park
10766,ARCH ST btwn WESTON DR & VINCENT ST,372797.8349,5028779.488,-75.63151129,45.39565226,7/12/2015,9:00,01 - Clear,01 - Dry,10 - No control,04 - At/near private drive,01 - Daylight,03 - P.D. only,06 - SMV unattended vehicle,Elmvale - Eastway - Riverview - Riverview Park West
10767,ALTA VISTA DR @ SMYTH RD,370431.9952,5029080.476,-75.66168514,45.39858619,8/11/2015,8:50,01 - Clear,01 - Dry,01 - Traffic signal,02 - Intersection related,01 - Daylight,03 - P.D. only,03 - Rear end,Alta Vista
10768,KENT ST @ QUEEN ST,367179.6944,5031387.661,-75.70293056,45.41964289,8/12/2015,12:19,01 - Clear,01 - Dry,01 - Traffic signal,02 - Intersection related,01 - Daylight,03 - P.D. only,03 - Rear end,Downtown
10769,CAMPEAU DR @ KANATA AVE,350596.3085,5019401.584,-75.9159261,45.31307215,9/19/2015,19:00,02 - Rain,02 - Wet,01 - Traffic signal,03 - At intersection,05 - Dusk,03 - P.D. only,05 - Turning movement,Kanata Lakes - Marchwood Lakeside - Morgan's Grant - Kanata
10770,EAGLESON RD @ FALLOWFIELD RD,355960.9134,5012595.487,-75.84821323,45.2514592,9/16/2015,17:50,01 - Clear,01 - Dry,01 - Traffic signal,03 - At intersection,01 - Daylight,03 - P.D. only,02 - Angle,Stittsville - Basswood
10771,INNES RD/PRESTWICK DR @ LANTHIER DR,383540.7631,5035988.204,-75.49316673,45.45938461,10/2/2015,9:25,01 - Clear,01 - Dry,01 - Traffic signal,03 - At intersection,01 - Daylight,03 - P.D. only,02 - Angle,Queenswood Heights
10772,MCCARTHY RD btwn PAUL ANKA DR & HUNTVIEW PRIV,369784.7659,5023830.019,-75.67064218,45.35140459,6/29/2015,9:18,01 - Clear,01 - Dry,10 - No control,04 - At/near private drive,01 - Daylight,03 - P.D. only,02 - Angle,Hunt Club East - Western Community
10773,CATHERINE ST btwn BAY ST & HWY417 IC120B RAMP36,367686.4282,5030056.37,-75.69662617,45.40761899,6/29/2015,12:15,01 - Clear,01 - Dry,10 - No control,04 - At/near private drive,01 - Daylight,03 - P.D. only,05 - Turning movement,Centretown
10774,FRANK KENNY RD @ RUSSELL RD,392562.8487,5026365.115,-75.37953893,45.37173218,8/30/2015,9:15,01 - Clear,01 - Dry,02 - Stop sign,03 - At intersection,01 - Daylight,03 - P.D. only,02 - Angle,Navan - Vars
10775,KING EDWARD AVE @ ST. PATRICK ST,368247.9806,5032822.508,-75.68909684,45.43245707,6/19/2015,14:50,01 - Clear,01 - Dry,01 - Traffic signal,03 - At intersection,01 - Daylight,03 - P.D. only,02 - Angle,Byward Market
10776,KING EDWARD AVE @ ST. ANDREW ST,368160.7734,5032968.093,-75.69019255,45.4337749,6/19/2015,17:54,01 - Clear,01 - Dry,01 - Traffic signal,02 - Intersection related,01 - Daylight,03 - P.D. only,03 - Rear end,Lower Town
10777,ISSAM PRIV btwn ISSAM PRIV & SIEVERIGHT AVE,372437.3725,5024402.672,-75.63671415,45.3563063,9/6/2015,15:02,01 - Clear,01 - Dry,10 - No control,04 - At/near private drive,01 - Daylight,03 - P.D. only,06 - SMV unattended vehicle,Blossom Park - Blossom Park West - Sawmill Creek/ Timbermill
10778,PALLADIUM DR btwn HUNTMAR DR & HWY417 IC142 RAMP25,349542.6203,5017087.977,-75.9295727,45.29232154,9/7/2015,18:00,01 - Clear,01 - Dry,10 - No control,04 - At/near private drive,01 - Daylight,03 - P.D. only,02 - Angle,Stittsville - Basswood
10779,LAUNAY AVE btwn VARENNES BLVD & TEMPO ST,384994.7589,5038385.708,-75.47418666,45.48078967,3/26/2015,7:36,01 - Clear,01 - Dry,10 - No control,01 - Non intersection,01 - Daylight,03 - P.D. only,06 - SMV unattended vehicle,Cardinal Creek
10780,INNES RD @ STAR TOP RD/WINDMILL LANE,374147.0051,5030666.2,-75.614016,45.41249566,3/31/2015,18:05,01 - Clear,01 - Dry,01 - Traffic signal,02 - Intersection related,05 - Dusk,03 - P.D. only,03 - Rear end,Industrial Park
10781,PORTAGE BRIDGE SB btwn PROVINCIAL BOUNDARY & WELLINGTON ST,366412.437,5031484.935,-75.71272125,45.42058612,8/16/2015,19:05,01 - Clear,01 - Dry,10 - No control,01 - Non intersection,01 - Daylight,03 - P.D. only,04 - Sideswipe,LeBreto
10782,ROCKY HILL DR @ PRINCE OF WALES DR,366967.3907,5014403.65,-75.70777745,45.26684273,9/16/2015,15:01,01 - Clear,01 - Dry,01 - Traffic signal,02 - Intersection related,01 - Daylight,03 - P.D. only,03 - Rear end,Chapman Mills - Rideau Crest - Davidson Heights
10783,BROPHY DR @ HWY 416 BANKFIEL IC57R34,364562.2203,5007931.423,-75.73920227,45.20881375,4/2/2015,16:15,01 - Clear,01 - Dry,02 - Stop sign,02 - Intersection related,01 - Daylight,03 - P.D. only,03 - Rear end,Manotick - North Gower
10784,HIGHWAY 417 btwn HWY417 IC138 RAMP36 & HIGHWAY 417,352833.6827,5020191.268,-75.88731626,45.32002841,4/2/2015,15:58,01 - Clear,01 - Dry,10 - No control,01 - Non intersection,01 - Daylight,03 - P.D. only,03 - Rear end,Kanata
10785,HIGHWAY 417 btwn HWY417 IC115 RAMP36 & HWY417 IC115 RAMP26,372385.5163,5031512.751,-75.63640224,45.42028487,4/2/2015,15:35,01 - Clear,01 - Dry,10 - No control,01 - Non intersection,01 - Daylight,03 - P.D. only,03 - Rear end,Overbrook
10786,HIGHWAY 417 btwn HWY417 IC121A RAMP16 & HWY417 IC121A RAMP61,367247.5572,5029754.602,-75.70227041,45.40494306,4/2/2015,15:30,01 - Clear,01 - Dry,10 - No control,01 - Non intersection,01 - Daylight,03 - P.D. only,04 - Sideswipe,Centretown West
10787,WILHAVEN DR btwn DUNNING RD & SARSFIELD RD,391869.0924,5040763.798,-75.3858477,45.50136129,6/12/2015,23:46,01 - Clear,02 - Wet,10 - No control,01 - Non intersection,07 - Dark,03 - P.D. only,07 - SMV other,Cumberland - Estates
10788,ST. LAURENT BLVD btwn INDUSTRIAL AVE & BOURASSA ST,373138.4756,5029919.71,-75.62700304,45.4058783,8/28/2015,9:04,01 - Clear,01 - Dry,10 - No control,04 - At/near private drive,01 - Daylight,03 - P.D. only,02 - Angle,Industrial Park
10789,ST. LAURENT BLVD @ SUSAN ST,373827.4645,5028231.545,-75.61843876,45.39062138,9/13/2015,20:58,02 - Rain,02 - Wet,02 - Stop sign,02 - Intersection related,07 - Dark,03 - P.D. only,03 - Rear end,Hawthorne Meadows
10790,KING EDWARD AVE @ RIDEAU ST,368511.7072,5032412.867,-75.6857796,45.4287473,12/2/2015,7:20,01 - Clear,02 - Wet,01 - Traffic signal,03 - At intersection,03 - Dawn,03 - P.D. only,03 - Rear end,Lowe
10791,BANK ST btwn AYLMER AVE & EUCLID AVE,368698.1898,5028668.529,-75.68388204,45.39504001,12/2/2015,9:53,02 - Rain,02 - Wet,10 - No control,01 - Non intersection,01 - Daylight,03 - P.D. only,03 - Rear end,Old Ottawa South
10792,WALKLEY RD btwn COLLISTON CRES & CEDARWOOD DR,371121.4694,5026409.989,-75.65323832,45.37449317,12/30/2015,11:30,01 - Clear,04 - Slush,10 - No control,01 - Non intersection,01 - Daylight,03 - P.D. only,99 - Other,Ledbury - Heron Gate - Ridgemont - Elmwood
10793,CYRVILLE RD @ INNES RD,375046.4612,5031119.384,-75.60246128,45.41648345,7/17/2015,19:03,01 - Clear,01 - Dry,01 - Traffic signal,02 - Intersection related,01 - Daylight,03 - P.D. only,04 - Sideswipe,Industrial Park
10794,HIGHWAY 417 btwn HWY417 IC155 RAMP26 & HWY417 IC155 RAMP61,339708.6929,5019299.032,-76.0547862,45.312775,4/13/2015,22:30,02 - Rain,02 - Wet,10 - No control,01 - Non intersection,07 - Dark,03 - P.D. only,07 - SMV other,Carp - Hardwood Plains
10795,HIGHWAY 417 btwn HWY417 IC124 RAMP76 & HWY417 IC124 RAMP67,364448.3542,5027562.717,-75.73829029,45.38546504,4/13/2015,17:35,01 - Clear,01 - Dry,10 - No control,01 - Non intersection,01 - Daylight,03 - P.D. only,03 - Rear end,Westboro
10796,HIGHWAY 417 btwn HWY417 IC126 RAMP61 & HWY417 IC124 RAMP76,363672.9726,5026536.174,-75.74831347,45.37629396,4/13/2015,16:45,01 - Clear,01 - Dry,10 - No control,01 - Non intersection,01 - Daylight,03 - P.D. only,04 - Sideswipe,Carlingwood West - Glabar Park - McKellar Heights