Record,Location,X,Y,lon,lat,Date,Time,Environment,Road_Surface,Traffic_Control,Collision_Location,Light,Collision_Classification,Impact_type,Neighborhood
10898,HIGHWAY 417 btwn HWY417 IC134 RAMP26 & HWY417 IC134 RAMP61,356580.1998,5022385.559,-75.83930188,45.33950654,2/2/2015,8:55,03 - Snow,03 - Loose snow,10 - No control,01 - Non intersection,01 - Daylight,03 - P.D. only,07 - SMV other,Crystal Bay - Lakeview Park - Britannia Village
10899,HIGHWAY 417 btwn HWY417 IC123 RAMP62 & HWY417 IC122 RAMP16,365015.6779,5028511.391,-75.73093046,45.39395247,2/7/2015,0:50,01 - Clear,02 - Wet,10 - No control,01 - Non intersection,07 - Dark,03 - P.D. only,07 - SMV other,Island Park
10900,HWY416 IC57 RAMP24 btwn BANKFIELD RD & HIGHWAY 416,364958.6102,5007924.203,-75.73415738,45.20871506,2/7/2015,8:40,03 - Snow,06 - Ice,10 - No control,01 - Non intersection,01 - Daylight,03 - P.D. only,07 - SMV other,Manotick
10901,HIGHWAY 417 btwn HWY417 IC124 RAMP67 & HWY417 IC123 RAMP62,364790.1665,5028095.025,-75.73386104,45.39022545,2/7/2015,10:12,01 - Clear,02 - Wet,10 - No control,01 - Non intersection,01 - Daylight,03 - P.D. only,07 - SMV other,Island Park
10902,HWY417 IC117 RAMP26 btwn HIGHWAY 417 & VANIER PKWY,370847.5655,5031234.68,-75.65608906,45.41792979,2/6/2015,6:50,03 - Snow,03 - Loose snow,10 - No control,01 - Non intersection,03 - Dawn,03 - P.D. only,07 - SMV other,Industrial Park
10903,HIGHWAY 417 btwn HWY417 IC110 RAMP66 & HWY417 IC110 RAMP56,375834.2017,5029141.242,-75.59268259,45.39860569,7/19/2015,20:30,01 - Clear,01 - Dry,10 - No control,01 - Non intersection,05 - Dusk,03 - P.D. only,07 - SMV other,Greenbelt
10904,HIGHWAY 417 btwn HWY417 IC130 RAMP35 & HWY417 IC130 RAMP25,359276.0001,5023071.24,-75.80483134,45.34547217,7/20/2015,8:26,01 - Clear,01 - Dry,10 - No control,01 - Non intersection,01 - Daylight,03 - P.D. only,03 - Rear end,Qualicum - Redwood Park
10905,HIGHWAY 417 btwn HWY417 IC121A RAMP16 & HWY417 IC121A RAMP61,367287.2684,5029772.652,-75.70176089,45.40510192,7/20/2015,13:10,01 - Clear,01 - Dry,10 - No control,01 - Non intersection,01 - Daylight,03 - P.D. only,99 - Other,Centretown
10906,HIGHWAY 417 btwn HWY417 IC121A RAMP51 & HWY417 IC120A RAMP52,367534.9218,5029849.908,-75.69858774,45.4057749,7/20/2015,13:20,01 - Clear,01 - Dry,10 - No control,01 - Non intersection,01 - Daylight,03 - P.D. only,99 - Other,The Glebe
10907,CLEGG ST @ COLONEL BY DR,368969.1501,5029741.861,-75.680282,45.40467272,7/22/2015,17:46,01 - Clear,01 - Dry,01 - Traffic signal,02 - Intersection related,01 - Daylight,03 - P.D. only,03 - Rear end,Old Ottawa East
10908,HIGHWAY 417 btwn HWY417 IC124 RAMP57 & HWY417 IC124 RAMP55,364346.5492,5027403.872,-75.73960939,45.38404444,9/15/2015,8:20,01 - Clear,01 - Dry,10 - No control,01 - Non intersection,01 - Daylight,03 - P.D. only,03 - Rear end,Carlington
10909,DONALD ST @ VANIER PKWY,370312.3717,5032271.244,-75.66278882,45.42730669,11/27/2015,19:35,02 - Rain,02 - Wet,01 - Traffic signal,03 - At intersection,07 - Dark,03 - P.D. only,05 - Turning movement,Overbrook
10910,SHEARWATER PRIV @ UPLANDS DR,369706.7236,5023333.259,-75.67170327,45.34694211,12/29/2015,21:05,03 - Snow,03 - Loose snow,10 - No control,02 - Intersection related,07 - Dark,03 - P.D. only,02 - Angle,Hunt Club East - Western Community
10911,HIGHWAY 417 btwn RAMP & HWY417 IC145 RAMP55,345902.1807,5014761.984,-75.97617557,45.27161368,9/11/2015,15:10,01 - Clear,01 - Dry,10 - No control,01 - Non intersection,01 - Daylight,03 - P.D. only,04 - Sideswipe,Stittsville - Basswood
10912,HWY417 IC124 RAMP67 btwn CARLING AVE & HIGHWAY 417,364452.6864,5027614.703,-75.73822869,45.38593243,9/12/2015,9:30,02 - Rain,02 - Wet,10 - No control,01 - Non intersection,01 - Daylight,03 - P.D. only,03 - Rear end,Westboro
10913,HIGHWAY 417 btwn HWY417 IC144 RAMP35 & HWY417 IC144 RAMP25,347463.1614,5015866.999,-75.95618765,45.28146406,9/13/2015,14:38,02 - Rain,02 - Wet,10 - No control,01 - Non intersection,01 - Daylight,03 - P.D. only,03 - Rear end,Stittsville - Basswood
10914,HIGHWAY 417 btwn HWY417 IC118 RAMP67 & HWY417 IC117 RAMP36,370170.6666,5031114.679,-75.664753,45.41691363,9/15/2015,8:19,01 - Clear,01 - Dry,10 - No control,01 - Non intersection,01 - Daylight,03 - P.D. only,03 - Rear end,Old Ottawa East
10915,HIGHWAY 417 btwn HWY417 IC122 RAMP51 & HWY417 IC122 RAMP15,365339.5863,5028880.212,-75.72674865,45.39724311,4/22/2015,9:20,02 - Rain,02 - Wet,10 - No control,01 - Non intersection,01 - Daylight,03 - P.D. only,03 - Rear end,Civi
10916,HIGHWAY 417 btwn HWY417 IC119B RAMP76 & HWY417 IC119A RAMP67,368288.3354,5030355.093,-75.68889911,45.41025246,4/22/2015,14:40,01 - Clear,01 - Dry,10 - No control,01 - Non intersection,01 - Daylight,03 - P.D. only,03 - Rear end,Centretown
10917,HIGHWAY 417 btwn HWY417 IC121B RAMP16 & HWY417 IC121A RAMP16,366767.3763,5029586.101,-75.70842502,45.40346961,4/22/2015,16:55,01 - Clear,01 - Dry,10 - No control,01 - Non intersection,01 - Daylight,03 - P.D. only,03 - Rear end,Centretown West
10918,PRINCE OF WALES DR @ FALLOWFIELD RD,367398.988,5019167.192,-75.70167692,45.3096663,11/20/2015,15:27,01 - Clear,01 - Dry,01 - Traffic signal,02 - Intersection related,01 - Daylight,03 - P.D. only,03 - Rear end,Greenbelt
10919,ELGIN ST @ LAURIER AVE,367947.9879,5031550.298,-75.69309366,45.42103732,7/30/2015,11:23,01 - Clear,01 - Dry,01 - Traffic signal,02 - Intersection related,01 - Daylight,03 - P.D. only,03 - Rear end,Downtown
10920,CANTIN ST btwn MONTFORT ST & ST. DENIS ST,370957.3194,5033752.959,-75.65434854,45.4405778,10/22/2015,13:40,01 - Clear,01 - Dry,10 - No control,01 - Non intersection,01 - Daylight,03 - P.D. only,04 - Sideswipe,Vanier North
10921,GREENBANK RD btwn MARKETPLACE AVE & JOCKVALE RD,364084.1427,5014422.11,-75.74451428,45.26725777,10/25/2015,17:44,01 - Clear,01 - Dry,10 - No control,01 - Non intersection,01 - Daylight,03 - P.D. only,04 - Sideswipe,New Barrhaven
10922,HERON RD @ HERON RD RAMP 26,368682.9457,5026711.732,-75.68432999,45.37743472,12/19/2015,15:51,01 - Clear,03 - Loose snow,10 - No control,03 - At intersection,01 - Daylight,03 - P.D. only,04 - Sideswipe,Alta Vista
10923,HIGHWAY 417 btwn HIGHWAY 417 & HIGHWAY 417 (2),375450.5586,5030033.292,-75.59745444,45.4066707,2/6/2015,9:00,03 - Snow,03 - Loose snow,10 - No control,01 - Non intersection,01 - Daylight,03 - P.D. only,04 - Sideswipe,Industrial Park
10924,HIGHWAY 417 btwn TRANSIT & HWY417 IC127 RAMP16,361802.5425,5024605.944,-75.77241574,45.35908057,2/6/2015,17:35,03 - Snow,02 - Wet,10 - No control,01 - Non intersection,07 - Dark,03 - P.D. only,03 - Rear end,Whitehaven - Queensway Terrace North
10925,HIGHWAY 417 btwn HWY417 IC124 RAMP76 & HWY417 IC124 RAMP67,364134.9968,5027155.497,-75.74234046,45.38182755,2/6/2015,16:35,03 - Snow,02 - Wet,10 - No control,01 - Non intersection,01 - Daylight,03 - P.D. only,03 - Rear end,Westboro
10926,HIGHWAY 417 btwn HWY417 IC134 RAMP36 & HWY417 IC134 RAMP26,356076.3089,5022088.166,-75.84576176,45.33686758,2/7/2015,21:10,03 - Snow,03 - Loose snow,10 - No control,01 - Non intersection,07 - Dark,03 - P.D. only,04 - Sideswipe,Greenbelt
10927,HIGHWAY 417 btwn HWY417 IC110 RAMP66 & HWY417 IC110 RAMP56,375825.5374,5029188.895,-75.59278639,45.39903533,7/21/2015,7:40,02 - Rain,02 - Wet,10 - No control,01 - Non intersection,01 - Daylight,03 - P.D. only,07 - SMV other,Greenbelt
10928,HIGHWAY 417 btwn HWY417 IC121B RAMP51 & HWY417 IC121A RAMP51,366748.6037,5029568.051,-75.70866706,45.40330886,7/21/2015,11:00,01 - Clear,01 - Dry,10 - No control,01 - Non intersection,01 - Daylight,03 - P.D. only,99 - Other,Little Italy
10929,HIGHWAY 417 btwn HWY 417 ANDERSON IC104R61 & HWY 417 BOUNDARY IC96R16,384993.3016,5024977.002,-75.47638777,45.36015011,7/22/2015,9:45,01 - Clear,01 - Dry,10 - No control,01 - Non intersection,01 - Daylight,03 - P.D. only,04 - Sideswipe,Greenbelt
10930,RIDGEWOOD AVE @ RIVERSIDE DR,368280.4852,5025609.313,-75.68960985,45.36755203,9/8/2015,14:55,01 - Clear,01 - Dry,01 - Traffic signal,02 - Intersection related,01 - Daylight,03 - P.D. only,04 - Sideswipe,Riverside Park
10931,SOUTHMORE DR @ WALKLEY RD,369709.6264,5025574.748,-75.67137191,45.36711013,12/9/2015,19:09,01 - Clear,01 - Dry,02 - Stop sign,02 - Intersection related,07 - Dark,03 - P.D. only,04 - Sideswipe,Riverside Park
10932,DALHOUSIE ST btwn GUIGUES AVE & ST. PATRICK ST,367915.8186,5032709.167,-75.69335617,45.43146733,11/13/2015,12:40,01 - Clear,02 - Wet,10 - No control,01 - Non intersection,01 - Daylight,03 - P.D. only,04 - Sideswipe,Lower Town
10933,HIGHWAY 417 btwn HWY417 IC104 RAMP16 & HWY417 IC104 RAMP61,380135.6105,5025934.046,-75.53823787,45.36929982,3/22/2015,16:40,01 - Clear,01 - Dry,10 - No control,01 - Non intersection,01 - Daylight,03 - P.D. only,07 - SMV other,Greenbelt
10934,HIGHWAY 417 btwn HWY417 IC104 RAMP15 & HWY417 IC96 RAMP51,385006.2886,5024921.931,-75.47623096,45.35965314,3/22/2015,18:00,01 - Clear,01 - Dry,10 - No control,01 - Non intersection,01 - Daylight,03 - P.D. only,07 - SMV other,Greenbelt
10935,HWY 417 INNES IC112R54 @ HWY 417 INNES IC112R5,374252.4189,5030810.243,-75.61264909,45.41378123,3/18/2015,16:30,01 - Clear,01 - Dry,10 - No control,02 - Intersection related,01 - Daylight,03 - P.D. only,04 - Sideswipe,Industrial Park
10936,HIGHWAY 417 btwn HWY417 IC118 RAMP35 & HWY417 IC117 RAMP51,370429.5149,5031132.875,-75.66144361,45.41705312,4/22/2015,17:55,01 - Clear,01 - Dry,10 - No control,01 - Non intersection,01 - Daylight,03 - P.D. only,03 - Rear end,Industrial Park
10937,HIGHWAY 417 btwn HWY417 IC124 RAMP57 & HWY417 IC124 RAMP55,364350.8813,5027404.594,-75.73955399,45.38405057,4/23/2015,6:45,01 - Clear,01 - Dry,10 - No control,01 - Non intersection,01 - Daylight,03 - P.D. only,03 - Rear end,Carlington
10938,HIGHWAY 417 btwn HWY417 IC115 RAMP51 & HWY417 IC115 RAMP35,372345.083,5031484.592,-75.6369227,45.42003542,4/24/2015,13:00,01 - Clear,01 - Dry,10 - No control,01 - Non intersection,01 - Daylight,03 - P.D. only,07 - SMV other,Industrial Park
10939,GREENBANK RD btwn HWY 417 IC129 RAMP57/IRIS ST & HWY417 IC129 RAMP25,360527.1851,5023327.188,-75.78883735,45.34767689,4/24/2015,13:15,01 - Clear,01 - Dry,10 - No control,01 - Non intersection,01 - Daylight,03 - P.D. only,04 - Sideswipe,Iris
10940,ORLEANS BLVD @ FORTUNE DR/SUGAR CREEK WAY,380212.4635,5037785.598,-75.53544265,45.47592332,11/6/2015,11:00,01 - Clear,01 - Dry,02 - Stop sign,03 - At intersection,01 - Daylight,03 - P.D. only,03 - Rear end,Orleans South West
10941,GLADSTONE AVE btwn BAYSWATER AVE & BREEZEHILL AVE N,366047.6431,5029500.679,-75.71762867,45.40276434,10/27/2015,17:05,01 - Clear,01 - Dry,10 - No control,04 - At/near private drive,01 - Daylight,03 - P.D. only,02 - Angle,Civi
10942,WINTHER AVE btwn BLOSSOM DR & NIAGARA DR,369953.2705,5028049.934,-75.66793531,45.38935845,10/30/2015,16:13,01 - Clear,01 - Dry,10 - No control,01 - Non intersection,01 - Daylight,03 - P.D. only,06 - SMV unattended vehicle,Alta Vista
10943,NICHOLAS ST btwn BESSERER ST & DALY AVE,368206.0009,5032079.434,-75.68972899,45.42577497,11/12/2015,19:12,02 - Rain,02 - Wet,10 - No control,04 - At/near private drive,07 - Dark,03 - P.D. only,05 - Turning movement,Byward Market - Parliament Hill
10944,ST. LAURENT BLVD btwn FOLEY AVE & WALKLEY RD,373898.418,5028058.407,-75.61755695,45.38905657,11/13/2015,16:25,01 - Clear,02 - Wet,10 - No control,04 - At/near private drive,05 - Dusk,03 - P.D. only,02 - Angle,Hawthorne Meadows
10945,HIGHWAY 417 btwn HWY417 IC121A RAMP61 & HWY417 IC120B RAMP36,367538.7485,5029884.723,-75.69853443,45.40608781,2/2/2015,10:51,03 - Snow,03 - Loose snow,10 - No control,01 - Non intersection,01 - Daylight,03 - P.D. only,03 - Rear end,The Glebe
10946,HWY417 IC118 RAMP52 btwn HWY417 IC118 RAMP57 & HWY417 IC118 RAMP62,369338.8976,5030884.354,-75.67540964,45.41491847,2/6/2015,22:38,01 - Clear,03 - Loose snow,10 - No control,01 - Non intersection,07 - Dark,03 - P.D. only,07 - SMV other,Old Ottawa East
10947,HIGHWAY 417 btwn HWY417 IC117 RAMP36 & HWY417 IC117 RAMP26,370690.8868,5031181.973,-75.65809782,45.41747032,4/10/2015,12:05,02 - Rain,02 - Wet,10 - No control,01 - Non intersection,01 - Daylight,03 - P.D. only,03 - Rear end,Industrial Park
10948,HIGHWAY 417 btwn REGIONAL ROAD 174 & HWY417 IC113 RAMP85,373936.253,5031704.9,-75.61656254,45.42186221,7/23/2015,10:05,01 - Clear,01 - Dry,10 - No control,01 - Non intersection,01 - Daylight,03 - P.D. only,04 - Sideswipe,Pineview
10949,HIGHWAY 417 btwn HWY417 IC122 RAMP51 & HWY417 IC122 RAMP15,365335.9762,5028879.49,-75.72679484,45.39723693,9/15/2015,12:15,01 - Clear,01 - Dry,10 - No control,01 - Non intersection,01 - Daylight,03 - P.D. only,03 - Rear end,Civi
10950,HIGHWAY 417 btwn HWY 417 ANDERSON IC104R61 & HWY 417 BOUNDARY IC96R16,383198.066,5025417.064,-75.49922935,45.36431252,9/16/2015,1:56,01 - Clear,01 - Dry,10 - No control,01 - Non intersection,07 - Dark,03 - P.D. only,07 - SMV other,Greenbelt
10951,HIGHWAY 417 btwn HWY417 IC115 RAMP36 & HWY417 IC115 RAMP26,372436.7798,5031517.083,-75.63574669,45.4203189,9/16/2015,11:40,01 - Clear,01 - Dry,10 - No control,01 - Non intersection,01 - Daylight,03 - P.D. only,04 - Sideswipe,Overbrook
10952,HIGHWAY 417 btwn HWY417 IC127 RAMP35 & HWY417 IC127 RAMP25,362147.6689,5024844.211,-75.76798324,45.36119633,9/16/2015,14:15,01 - Clear,01 - Dry,10 - No control,01 - Non intersection,01 - Daylight,03 - P.D. only,99 - Other,Braemar Park - Bel Air Heights - Copeland Park
10953,HIGHWAY 417 btwn HWY417 IC124 RAMP65 & HWY417 IC122 RAMP51,364886.1627,5028242.78,-75.73261718,45.39154669,11/13/2015,19:00,02 - Rain,02 - Wet,10 - No control,01 - Non intersection,07 - Dark,03 - P.D. only,03 - Rear end,Civic Hospital - Experimental Farm - Central Park
10954,HIGHWAY 417 btwn HWY417 IC122 RAMP15 & HWY417 IC121B RAMP51,366564.8631,5029510.65,-75.71102114,45.40280862,11/14/2015,8:30,01 - Clear,01 - Dry,10 - No control,01 - Non intersection,01 - Daylight,03 - P.D. only,03 - Rear end,Little Italy
10955,HIGHWAY 417 btwn HWY417 IC121B RAMP51 & HWY417 IC121A RAMP51,366752.5887,5029566.967,-75.7086163,45.40329875,11/14/2015,12:10,01 - Clear,01 - Dry,10 - No control,01 - Non intersection,01 - Daylight,03 - P.D. only,03 - Rear end,Little Italy
10956,HIGHWAY 417 btwn HWY417 IC126 RAMP25 & HWY417 IC124 RAMP57,363678.2352,5026517.545,-75.7482485,45.3761259,11/14/2015,17:00,01 - Clear,01 - Dry,10 - No control,01 - Non intersection,07 - Dark,03 - P.D. only,03 - Rear end,Carlington
10957,HAWTHORNE RD btwn STEVENAGE DR & HUNT CLUB RD,375316.8605,5026873.851,-75.59961373,45.37825714,12/11/2015,13:49,04 - Freezing Rain,02 - Wet,10 - No control,01 - Non intersection,01 - Daylight,03 - P.D. only,07 - SMV other,Industrial Park
10958,HIGHWAY 417 btwn HWY417 IC123 RAMP62 & HWY417 IC122 RAMP16,364826.2676,5028160.729,-75.73339204,45.39081355,3/14/2015,20:30,03 - Snow,03 - Loose snow,10 - No control,01 - Non intersection,07 - Dark,03 - P.D. only,04 - Sideswipe,Island Park
10959,HIGHWAY 417 btwn HWY417 IC127 RAMP67 & HWY417 IC126 RAMP16,362676.1352,5025279.403,-75.7611872,45.36506872,3/19/2015,18:20,01 - Clear,01 - Dry,10 - No control,01 - Non intersection,05 - Dusk,03 - P.D. only,03 - Rear end,Carlingwood West - Glabar Park - McKellar Heights
10960,HWY417 IC117 RAMP26 btwn HIGHWAY 417 & VANIER PKWY,370911.4608,5031280.744,-75.65526655,45.41833822,3/23/2015,16:00,01 - Clear,01 - Dry,10 - No control,01 - Non intersection,01 - Daylight,03 - P.D. only,04 - Sideswipe,Overbrook
10961,EAGLESON RD @ PALOMINO DR S/ROTHESAY DR,354124.6344,5017288.449,-75.87113966,45.29381876,12/24/2015,11:06,01 - Clear,01 - Dry,01 - Traffic signal,03 - At intersection,01 - Daylight,03 - P.D. only,02 - Angle,Bridlewood - Emerald Meadows
10962,KLONDIKE RD @ MARCH RD,349262.249,5024061.621,-75.93252084,45.35509009,12/23/2015,16:18,02 - Rain,02 - Wet,01 - Traffic signal,03 - At intersection,05 - Dusk,03 - P.D. only,05 - Turning movement,Morgan's Grant
10963,PRINCE OF WALES DR btwn TURN LANE & FISHER AVE,367161.7048,5023942.305,-75.7041011,45.35265308,11/3/2015,12:22,01 - Clear,01 - Dry,10 - No control,01 - Non intersection,01 - Daylight,03 - P.D. only,03 - Rear end,Borden Farm - Stewart Farm - Parkwood Hills - Fisher Glen
10964,INNES RD @ PORTOBELLO BLVD,385632.4917,5036891.83,-75.4662762,45.46727569,11/9/2015,21:30,01 - Clear,01 - Dry,01 - Traffic signal,02 - Intersection related,07 - Dark,03 - P.D. only,03 - Rear end,Fallingbrook
10965,RICHMOND RD btwn ATHLONE AVE & TWEEDSMUIR AVE,363488.2452,5028462.94,-75.75044276,45.3936462,10/30/2015,19:40,01 - Clear,01 - Dry,10 - No control,04 - At/near private drive,07 - Dark,03 - P.D. only,02 - Angle,Westboro
10966,PRINCE OF WALES DR @ FAIRPARK DR,367267.8466,5015413.463,-75.70382196,45.27590233,11/13/2015,18:27,02 - Rain,02 - Wet,02 - Stop sign,02 - Intersection related,07 - Dark,03 - P.D. only,03 - Rear end,Greenbelt
10967,CARLING AVE @ WOODROFFE AVE W,361769.1276,5025724.791,-75.77271323,45.36915059,9/18/2015,12:19,01 - Clear,01 - Dry,01 - Traffic signal,02 - Intersection related,01 - Daylight,03 - P.D. only,03 - Rear end,Carlingwood West - Glabar Park - McKellar Heights
10968,HWY417 IC144 RAMP16 btwn CARP RD & HIGHWAY 417,347439.3346,5015985.411,-75.95648118,45.28253102,2/7/2015,9:15,03 - Snow,04 - Slush,10 - No control,01 - Non intersection,01 - Daylight,03 - P.D. only,07 - SMV other,Stittsville - Basswood
10969,HWY417 IC110 RAMP54 btwn HWY417 IC110 RAMP58 & HIGHWAY 417,375608.2089,5029606.224,-75.59550207,45.40281224,2/8/2015,11:30,03 - Snow,03 - Loose snow,10 - No control,01 - Non intersection,01 - Daylight,03 - P.D. only,07 - SMV other,Greenbelt
10970,HIGHWAY 417 btwn HWY417 IC112 RAMP56 & HWY417 IC112 RAMP64,374629.1475,5030773.733,-75.60784162,45.41341524,2/4/2015,10:45,03 - Snow,04 - Slush,10 - No control,01 - Non intersection,01 - Daylight,03 - P.D. only,04 - Sideswipe,Industrial Park
10971,HIGHWAY 417 btwn HWY417 IC121A RAMP51 & HWY417 IC120A RAMP52,367253.3333,5029728.609,-75.70219993,45.40470867,2/5/2015,15:20,01 - Clear,01 - Dry,10 - No control,01 - Non intersection,01 - Daylight,03 - P.D. only,03 - Rear end,Centretown West
10972,HIGHWAY 416 btwn HWY416 IC49 RAMP43 & HWY416 IC42 RAMP34,369654.3975,4998736.125,-75.67557768,45.12562401,7/23/2015,15:40,01 - Clear,01 - Dry,10 - No control,01 - Non intersection,01 - Daylight,03 - P.D. only,03 - Rear end,Kars - Osgoode
10973,HIGHWAY 417 btwn HWY417 IC127 RAMP25 & HWY417 IC126 RAMP51,363179.8318,5025847.365,-75.75469074,45.3701374,7/24/2015,17:40,01 - Clear,01 - Dry,10 - No control,01 - Non intersection,01 - Daylight,03 - P.D. only,03 - Rear end,Braemar Park - Bel Air Heights - Copeland Park
10974,HIGHWAY 417 btwn HWY417 IC119A RAMP75 & HWY417 IC118 RAMP57,368627.0073,5030531.124,-75.68455002,45.41180552,7/24/2015,18:30,01 - Clear,01 - Dry,10 - No control,01 - Non intersection,01 - Daylight,03 - P.D. only,04 - Sideswipe,The Glebe
10975,HIGHWAY 417 btwn HWY417 IC117 RAMP51 & HWY417 IC117 RAMP35,370636.7351,5031163.2,-75.65879216,45.41730651,7/24/2015,17:30,01 - Clear,01 - Dry,10 - No control,01 - Non intersection,01 - Daylight,03 - P.D. only,04 - Sideswipe,Industrial Park
10976,HIGHWAY 7 btwn ASHTON STATION RD & OVERPASS RD,340303.8324,5004022.256,-76.04828699,45.17527619,1/24/2015,15:45,01 - Clear,02 - Wet,10 - No control,01 - Non intersection,01 - Daylight,03 - P.D. only,07 - SMV other,Munster Hamlet - Richmond
10977,HIGHWAY 417 btwn HWY417 IC117 RAMP61 & HWY417 IC115 RAMP36,371557.6561,5031422.07,-75.64699162,45.41954845,1/6/2015,6:50,01 - Clear,02 - Wet,10 - No control,01 - Non intersection,07 - Dark,03 - P.D. only,03 - Rear end,Overbrook
10978,HIGHWAY 417 btwn HWY417 IC119A RAMP67 & HWY417 IC118 RAMP76,369200.2554,5030886.33,-75.67718058,45.41494902,1/25/2015,15:10,01 - Clear,01 - Dry,10 - No control,01 - Non intersection,01 - Daylight,03 - P.D. only,04 - Sideswipe,Old Ottawa East
10979,HIGHWAY 417 btwn HWY417 IC138 RAMP36 & HIGHWAY 417,352894.9428,5020227.506,-75.88653139,45.32035029,9/16/2015,7:30,01 - Clear,01 - Dry,10 - No control,01 - Non intersection,01 - Daylight,03 - P.D. only,03 - Rear end,Kanata
10980,HIGHWAY 417 btwn HWY417 IC118 RAMP35 & HWY417 IC117 RAMP51,370243.9554,5031109.049,-75.66381743,45.41685613,10/1/2015,15:30,01 - Clear,01 - Dry,10 - No control,01 - Non intersection,01 - Daylight,03 - P.D. only,04 - Sideswipe,Old Ottawa East
10981,HIGHWAY 417 btwn HWY417 IC130 RAMP35 & HWY417 IC130 RAMP25,359192.9676,5023060.409,-75.80589204,45.34538115,11/14/2015,17:20,01 - Clear,01 - Dry,10 - No control,01 - Non intersection,07 - Dark,03 - P.D. only,03 - Rear end,Greenbelt
10982,HIGHWAY 417 btwn HWY417 IC124 RAMP65 & HWY417 IC122 RAMP51,364800.2748,5028074.087,-75.7337345,45.39003619,11/14/2015,17:19,01 - Clear,01 - Dry,10 - No control,01 - Non intersection,07 - Dark,03 - P.D. only,03 - Rear end,Civic Hospital - Experimental Farm - Central Park
10983,HIGHWAY 417 btwn HWY417 IC118 RAMP67 & HWY417 IC117 RAMP36,370241.0673,5031119.879,-75.66385289,45.41695384,11/14/2015,17:40,01 - Clear,01 - Dry,10 - No control,01 - Non intersection,07 - Dark,03 - P.D. only,03 - Rear end,Sand
10984,BANKFIELD RD @ PRINCE OF WALES DR,366380.1969,5008974.626,-75.71593184,45.21804404,10/20/2015,8:31,01 - Clear,01 - Dry,01 - Traffic signal,03 - At intersection,01 - Daylight,03 - P.D. only,05 - Turning movement,Manotick
10985,HIGHWAY 417 btwn HWY417 IC118 RAMP57 & HWY417 IC118 RAMP35,369502.0745,5031065.581,-75.67330121,45.41653401,3/15/2015,22:00,01 - Clear,01 - Dry,10 - No control,01 - Non intersection,07 - Dark,03 - P.D. only,04 - Sideswipe,Old Ottawa East
10986,HWY417 IC127 RAMP63 btwn HIGHWAY 417 & WOODROFFE AVE,362025.8277,5024800.303,-75.76954345,45.36081121,3/26/2015,14:45,01 - Clear,01 - Dry,10 - No control,01 - Non intersection,01 - Daylight,03 - P.D. only,03 - Rear end,Whitehaven - Queensway Terrace North
10987,HIGHWAY 417 btwn HWY417 IC119A RAMP67 & HWY417 IC118 RAMP76,368819.7871,5030650.98,-75.68207176,45.41286634,3/27/2015,7:25,99 - Other,06 - Ice,10 - No control,01 - Non intersection,01 - Daylight,03 - P.D. only,07 - SMV other,Old Ottawa East
10988,DORIMA ST @ INNES RD,384312.0399,5036322.561,-75.48325214,45.4623055,10/27/2015,16:09,01 - Clear,01 - Dry,02 - Stop sign,03 - At intersection,01 - Daylight,03 - P.D. only,02 - Angle,Fallingbrook
10989,EAGLESON RD @ FALLOWFIELD RD,355960.9121,5012594.406,-75.84821336,45.25144947,11/12/2015,0:10,02 - Rain,02 - Wet,01 - Traffic signal,02 - Intersection related,07 - Dark,03 - P.D. only,07 - SMV other,Stittsville - Basswood
10990,HUNT CLUB RD @ BRIDLE PATH DR/DAZE ST,371291.7289,5023864.504,-75.65140726,45.35157362,12/28/2015,13:40,01 - Clear,01 - Dry,01 - Traffic signal,02 - Intersection related,01 - Daylight,03 - P.D. only,03 - Rear end,South Keys - Heron Gate - Greenboro West
10991,RIVERSIDE DR @ TREMBLAY RD/HWY417 IC117 RAMP52,370802.0781,5031015.908,-75.6566995,45.41596566,11/12/2015,7:15,02 - Rain,02 - Wet,01 - Traffic signal,02 - Intersection related,01 - Daylight,03 - P.D. only,03 - Rear end,Industrial Park
10992,LAURIER AVE   E btwn HENDERSON AVE & NELSON ST,368844.2062,5032098.025,-75.68157172,45.4258841,11/13/2015,12:06,02 - Rain,02 - Wet,10 - No control,01 - Non intersection,01 - Daylight,03 - P.D. only,04 - Sideswipe,Sandy Hill
10993,ST. LAURENT BLVD btwn COVENTRY RD & LEMIEUX ST,372340.7991,5031864.05,-75.63692541,45.42345002,12/21/2015,19:29,01 - Clear,01 - Dry,10 - No control,01 - Non intersection,07 - Dark,03 - P.D. only,04 - Sideswipe,Overbrook
10994,CARP RD @ HAZELDEAN RD,348805.2979,5014361.158,-75.93921419,45.26783123,11/11/2015,20:30,01 - Clear,01 - Dry,01 - Traffic signal,02 - Intersection related,07 - Dark,03 - P.D. only,07 - SMV other,Stittsville
10995,HIGHWAY 417 btwn HIGHWAY 417 & HIGHWAY 417 (2),375382.1689,5030260.704,-75.59829544,45.40872373,2/9/2015,7:15,01 - Clear,02 - Wet,10 - No control,01 - Non intersection,03 - Dawn,03 - P.D. only,04 - Sideswipe,Industrial Park
10996,HIGHWAY 417 btwn HWY417 IC117 RAMP61 & HWY417 IC115 RAMP36,371194.8579,5031379.085,-75.65163262,45.41919621,2/9/2015,6:50,01 - Clear,06 - Ice,10 - No control,01 - Non intersection,07 - Dark,03 - P.D. only,07 - SMV other,Overbrook
10997,HIGHWAY 416 btwn HWY416 IC66 RAMP62 & HWY416 IC72 RAMP24,359618.7134,5019389.67,-75.80086597,45.31231857,2/9/2015,9:10,01 - Clear,01 - Dry,10 - No control,01 - Non intersection,01 - Daylight,03 - P.D. only,99 - Other,Greenbelt
10998,HIGHWAY 417 btwn HWY417 IC124 RAMP76 & HWY417 IC124 RAMP67,364482.0777,5027608.692,-75.73785412,45.38587584,1/4/2015,14:30,03 - Snow,03 - Loose snow,10 - No control,01 - Non intersection,01 - Daylight,03 - P.D. only,99 - Other,Westboro