Record,Location,X,Y,lon,lat,Date,Time,Environment,Road_Surface,Traffic_Control,Collision_Location,Light,Collision_Classification,Impact_type,Neighborhood
10999,HIGHWAY 417 btwn HWY417 IC118 RAMP35 & HWY417 IC117 RAMP51,370410.7424,5031127.821,-75.66168411,45.41700941,7/25/2015,19:19,02 - Rain,02 - Wet,10 - No control,01 - Non intersection,01 - Daylight,03 - P.D. only,07 - SMV other,Industrial Park
11000,HWY417 IC119A RAMP75 btwn METCALFE ST & HIGHWAY 417,368545.4189,5030474.807,-75.68559956,45.41130624,7/26/2015,16:30,01 - Clear,01 - Dry,10 - No control,01 - Non intersection,01 - Daylight,03 - P.D. only,04 - Sideswipe,The Glebe
11001,HWY 417 ST.LAURE IC115R51 @ ST. LAURENT BLVD,372531.3646,5031410.224,-75.63455292,45.41934828,7/26/2015,18:43,01 - Clear,01 - Dry,01 - Traffic signal,02 - Intersection related,01 - Daylight,03 - P.D. only,03 - Rear end,Industrial Park
11002,HIGHWAY 417 btwn HWY417 IC118 RAMP35 & HWY417 IC117 RAMP51,370204.2442,5031103.273,-75.66432554,45.41680787,9/16/2015,17:30,01 - Clear,01 - Dry,10 - No control,01 - Non intersection,01 - Daylight,03 - P.D. only,03 - Rear end,Old Ottawa East
11003,HIGHWAY 417 btwn HWY417 IC117 RAMP51 & HWY417 IC117 RAMP35,370768.8651,5031184.139,-75.65710129,45.41748246,9/16/2015,17:30,01 - Clear,01 - Dry,10 - No control,01 - Non intersection,01 - Daylight,03 - P.D. only,04 - Sideswipe,Industrial Park
11004,HIGHWAY 417 btwn Continuation of HIGHWAY 417 & HWY417 IC134 RAMP51,355464.6763,5021680.865,-75.85360682,45.33324706,9/17/2015,7:20,01 - Clear,01 - Dry,10 - No control,01 - Non intersection,01 - Daylight,03 - P.D. only,03 - Rear end,Greenbelt
11005,HIGHWAY 417 btwn HWY 417 ANDERSON IC104R61 & HWY 417 BOUNDARY IC96R16,381597.8628,5025615.185,-75.51962251,45.36627222,9/17/2015,7:42,01 - Clear,01 - Dry,10 - No control,01 - Non intersection,01 - Daylight,03 - P.D. only,03 - Rear end,Greenbelt
11006,HIGHWAY 417 btwn HWY417 IC118 RAMP67 & HWY417 IC117 RAMP36,370210.0203,5031116.991,-75.66424992,45.41693076,11/14/2015,17:40,01 - Clear,01 - Dry,10 - No control,01 - Non intersection,07 - Dark,03 - P.D. only,03 - Rear end,Sandy Hill
11007,HIGHWAY 417 btwn HWY417 IC124 RAMP65 & HWY417 IC122 RAMP51,365129.484,5028673.104,-75.7294573,45.39539774,11/16/2015,6:35,01 - Clear,01 - Dry,10 - No control,01 - Non intersection,03 - Dawn,03 - P.D. only,04 - Sideswipe,Civic Hospital - Experimental Farm - Central Park
11008,HIGHWAY 417 btwn HWY417 IC121B RAMP51 & HWY417 IC121A RAMP51,366748.9786,5029568.411,-75.70866223,45.40331207,11/16/2015,6:25,01 - Clear,01 - Dry,10 - No control,01 - Non intersection,03 - Dawn,03 - P.D. only,03 - Rear end,Little Italy
11009,PRINCE OF WALES DR btwn GREENBANK RD & BARNSDALE RD,366637.8611,5011464.341,-75.71234207,45.24042395,11/7/2015,4:10,01 - Clear,01 - Dry,10 - No control,01 - Non intersection,07 - Dark,03 - P.D. only,07 - SMV other,New Barrhaven
11010,INNES RD btwn BLAIR RD & ANDERSON RD,375586.542,5031444.377,-75.59551484,45.41935313,1/14/2015,7:34,03 - Snow,06 - Ice,10 - No control,01 - Non intersection,03 - Dawn,03 - P.D. only,03 - Rear end,Greenbelt
11011,HIGHWAY 417 btwn HWY417 IC115 RAMP25 & REGIONAL ROAD 174,373192.0144,5031662.931,-75.62607728,45.42155774,3/27/2015,7:50,03 - Snow,06 - Ice,10 - No control,01 - Non intersection,01 - Daylight,03 - P.D. only,99 - Other,Industrial Park
11012,HIGHWAY 417 btwn HWY417 IC121A RAMP61 & HWY417 IC120B RAMP36,367537.8099,5029883.121,-75.69854662,45.40607348,3/27/2015,8:15,03 - Snow,06 - Ice,10 - No control,01 - Non intersection,01 - Daylight,03 - P.D. only,03 - Rear end,The Glebe
11013,HIGHWAY 417 btwn HWY417 IC122 RAMP51 & HWY417 IC122 RAMP15,365411.5832,5028930.178,-75.725823,45.39768647,3/27/2015,7:35,03 - Snow,06 - Ice,10 - No control,01 - Non intersection,01 - Daylight,03 - P.D. only,07 - SMV other,Civi
11014,HIGHWAY 417 btwn HWY417 IC122 RAMP61 & HWY417 IC121B RAMP16,366557.4316,5029528.012,-75.71111388,45.40296549,3/27/2015,8:30,03 - Snow,06 - Ice,10 - No control,01 - Non intersection,01 - Daylight,03 - P.D. only,07 - SMV other,Little Italy
11015,BASELINE RD @ FISHER AVE,366166.6936,5026027.811,-75.71653989,45.37150585,11/12/2015,16:50,02 - Rain,02 - Wet,01 - Traffic signal,02 - Intersection related,05 - Dusk,03 - P.D. only,03 - Rear end,Civic Hospital - Experimental Farm - Central Park
11016,TREMBLAY RD btwn RIVERSIDE DR & TRAIN STATION,370825.9048,5031015.908,-75.6563951,45.41596341,1/9/2015,18:24,01 - Clear,01 - Dry,10 - No control,01 - Non intersection,07 - Dark,03 - P.D. only,04 - Sideswipe,Industrial Park
11017,MCARTHUR AVE @ VANIER PKWY,370218.705,5032689.864,-75.66393008,45.43108202,11/18/2015,20:23,01 - Clear,01 - Dry,01 - Traffic signal,02 - Intersection related,07 - Dark,03 - P.D. only,03 - Rear end,Vanier South
11018,BANK ST btwn OSSINGTON AVE & CAMERON AVE,368917.214,5028291.548,-75.6811339,45.39162803,11/19/2015,12:15,02 - Rain,02 - Wet,10 - No control,04 - At/near private drive,01 - Daylight,03 - P.D. only,02 - Angle,Old Ottawa South
11019,RIVERSIDE DR @ PLEASANT PARK RD,369561.973,5028415.736,-75.67288399,45.3926861,12/15/2015,19:06,01 - Clear,02 - Wet,01 - Traffic signal,03 - At intersection,07 - Dark,03 - P.D. only,05 - Turning movement,Alta Vista
11020,HIGHWAY 417 btwn HWY417 IC104 RAMP16 & HWY417 IC104 RAMP61,380178.9318,5025919.606,-75.5376871,45.36916524,2/10/2015,17:15,01 - Clear,01 - Dry,10 - No control,01 - Non intersection,01 - Daylight,03 - P.D. only,07 - SMV other,Greenbelt
11021,HIGHWAY 417 btwn HWY417 IC124 RAMP67 & HWY417 IC123 RAMP62,364681.8632,5027898.636,-75.73526789,45.38846765,1/30/2015,18:15,01 - Clear,01 - Dry,10 - No control,01 - Non intersection,07 - Dark,03 - P.D. only,03 - Rear end,Westboro
11022,HIGHWAY 417 btwn HWY417 IC96 RAMP61 & HWY417 IC88 RAMP16,391387.6836,5023129.96,-75.39510601,45.34277172,1/31/2015,20:30,01 - Clear,01 - Dry,10 - No control,01 - Non intersection,07 - Dark,03 - P.D. only,07 - SMV other,Navan - Vars
11023,HIGHWAY 417 btwn HWY417 IC163 RAMP61 & HWY417 IC155 RAMP36,337622.301,5019852.609,-76.08135793,45.31785698,1/30/2015,3:30,03 - Snow,03 - Loose snow,10 - No control,01 - Non intersection,07 - Dark,03 - P.D. only,07 - SMV other,Carp - Hardwood Plains
11024,HIGHWAY 417 btwn HWY417 IC119B RAMP76 & HWY417 IC119A RAMP67,368157.7056,5030268.761,-75.69057891,45.40948751,1/29/2015,17:03,03 - Snow,03 - Loose snow,10 - No control,01 - Non intersection,05 - Dusk,03 - P.D. only,04 - Sideswipe,The Glebe
11025,HIGHWAY 417 btwn HWY417 IC155 RAMP25 & RAMP,342194.022,5017527.627,-76.02322385,45.29670719,7/27/2015,9:35,01 - Clear,01 - Dry,10 - No control,01 - Non intersection,01 - Daylight,03 - P.D. only,07 - SMV other,Carp - Hardwood Plains
11026,HIGHWAY 417 btwn HWY417 IC127 RAMP25 & HWY417 IC126 RAMP51,363163.9473,5025822.816,-75.75489641,45.36991784,7/28/2015,7:50,01 - Clear,01 - Dry,10 - No control,01 - Non intersection,01 - Daylight,03 - P.D. only,03 - Rear end,Braemar Park - Bel Air Heights - Copeland Park
11027,HIGHWAY 417 btwn HWY 417 ANDERSON IC104R61 & HWY 417 BOUNDARY IC96R16,383481.4172,5025384.052,-75.49561811,45.36398375,9/17/2015,7:46,01 - Clear,01 - Dry,10 - No control,01 - Non intersection,01 - Daylight,03 - P.D. only,03 - Rear end,Greenbelt
11028,HIGHWAY 417 btwn HWY417 IC127 RAMP63 & HWY417 IC127 RAMP67,362156.3331,5024875.98,-75.76786897,45.36148148,9/17/2015,7:15,01 - Clear,01 - Dry,10 - No control,01 - Non intersection,01 - Daylight,03 - P.D. only,07 - SMV other,Carlingwood West - Glabar Park - McKellar Heights
11029,HIGHWAY 417 btwn HWY417 IC119B RAMP57 & HWY417 IC119A RAMP75,368298.4437,5030345.706,-75.68877119,45.41016708,9/17/2015,16:40,01 - Clear,01 - Dry,10 - No control,01 - Non intersection,01 - Daylight,03 - P.D. only,03 - Rear end,The Glebe
11030,HIGHWAY 7 btwn HWY 7 HAZELDEAN RD IC RAMP 52 & HAZELDEAN RD,346367.5378,5012135.28,-75.97046486,45.24795012,11/16/2015,7:10,01 - Clear,01 - Dry,10 - No control,01 - Non intersection,03 - Dawn,03 - P.D. only,07 - SMV other,Stittsville - Basswood
11031,HIGHWAY 417 btwn HWY417 IC121A RAMP61 & HWY417 IC120B RAMP36,367535.7468,5029883.408,-75.69857294,45.40607625,11/16/2015,18:22,01 - Clear,01 - Dry,10 - No control,01 - Non intersection,07 - Dark,03 - P.D. only,03 - Rear end,The Glebe
11032,HIGHWAY 416 btwn HWY416 IC42 RAMP42 & HWY416 IC42 RAMP24,371524.2024,4995082.517,-75.65229828,45.09257456,11/16/2015,20:30,01 - Clear,01 - Dry,10 - No control,01 - Non intersection,07 - Dark,03 - P.D. only,07 - SMV other,Kars - Osgoode
11033,HIGHWAY 417 btwn HWY417 IC138 RAMP61 & HWY417 IC134 RAMP36,355494.8857,5021735.572,-75.85321582,45.33373714,11/17/2015,8:30,01 - Clear,01 - Dry,10 - No control,01 - Non intersection,01 - Daylight,03 - P.D. only,03 - Rear end,Greenbelt
11034,HIGHWAY 417 btwn HWY417 IC163 RAMP15 & HWY417 IC155 RAMP51,336019.9996,5020219.556,-76.10177134,45.32123203,11/17/2015,8:45,01 - Clear,01 - Dry,10 - No control,01 - Non intersection,01 - Daylight,03 - P.D. only,07 - SMV other,Carp - Hardwood Plains
11035,TRIM RD btwn WATTERS RD & SPRINGRIDGE DR,384977.9701,5038701.732,-75.47434979,45.48363487,1/14/2015,8:15,01 - Clear,06 - Ice,10 - No control,01 - Non intersection,01 - Daylight,03 - P.D. only,07 - SMV other,Cardinal Creek
11036,GOLFLINKS DR btwn LOCKHAVEN PRIV & RUSTWOOD PRIV,366189.3189,5013390.803,-75.71781694,45.2577975,1/24/2015,19:30,03 - Snow,03 - Loose snow,10 - No control,01 - Non intersection,07 - Dark,03 - P.D. only,06 - SMV unattended vehicle,New Barrhaven
11037,HIGHWAY 417 btwn HWY417 IC115 RAMP36 & HWY417 IC115 RAMP26,372039.6679,5031473.04,-75.64082636,45.4199609,3/27/2015,8:45,03 - Snow,04 - Slush,10 - No control,01 - Non intersection,01 - Daylight,03 - P.D. only,04 - Sideswipe,Overbrook
11038,HIGHWAY 417 btwn HWY417 IC115 RAMP36 & HWY417 IC115 RAMP26,372123.4224,5031484.592,-75.63975471,45.42005678,3/27/2015,9:26,03 - Snow,04 - Slush,10 - No control,01 - Non intersection,01 - Daylight,03 - P.D. only,04 - Sideswipe,Overbrook
11039,HIGHWAY 417 btwn HWY417 IC124 RAMP57 & HWY417 IC124 RAMP55,364095.2856,5027067.17,-75.74285811,45.38103617,3/27/2015,7:35,03 - Snow,03 - Loose snow,10 - No control,01 - Non intersection,01 - Daylight,03 - P.D. only,07 - SMV other,Carlington
11040,HIGHWAY 417 btwn HWY417 IC118 RAMP57 & HWY417 IC118 RAMP35,369435.6485,5031025.148,-75.67415515,45.41617635,3/27/2015,7:45,03 - Snow,03 - Loose snow,10 - No control,01 - Non intersection,01 - Daylight,03 - P.D. only,07 - SMV other,Old Ottawa East
11041,HIGHWAY 417 btwn HWY417 IC118 RAMP57 & HWY417 IC118 RAMP35,369089.0781,5030789.047,-75.6786136,45.41408393,3/27/2015,7:27,03 - Snow,06 - Ice,10 - No control,01 - Non intersection,01 - Daylight,03 - P.D. only,07 - SMV other,Old Ottawa East
11042,FLODDEN WAY btwn LYDIA WAY & VERSILIA DR,367251.4845,5016530.787,-75.70388988,45.28595737,11/7/2015,12:15,01 - Clear,01 - Dry,10 - No control,04 - At/near private drive,01 - Daylight,03 - P.D. only,02 - Angle,Greenbelt
11043,BRONSON AVE @ POWELL AVE,367387.8789,5029477.214,-75.70051327,45.40243467,2/6/2015,9:35,03 - Snow,03 - Loose snow,01 - Traffic signal,03 - At intersection,01 - Daylight,03 - P.D. only,02 - Angle,The Glebe
11044,HUNT CLUB RD @ RIVERSIDE DR,368036.5225,5021946.221,-75.69319241,45.3346144,4/19/2015,12:03,01 - Clear,01 - Dry,01 - Traffic signal,02 - Intersection related,01 - Daylight,03 - P.D. only,03 - Rear end,Hunt Club Woods - Quintarra - Revelstoke - Riverside South P
11045,CARLINGWOOD SC @ WOODROFFE AVE,361843.3315,5026036.186,-75.77173003,45.37194646,11/19/2015,16:55,02 - Rain,02 - Wet,01 - Traffic signal,02 - Intersection related,07 - Dark,03 - P.D. only,03 - Rear end,Carlingwood West - Glabar Park - McKellar Heights
11046,ISLAND PARK DR @ SCOTT ST,363834.4115,5029039.831,-75.74595293,45.39880786,11/23/2015,8:31,01 - Clear,01 - Dry,01 - Traffic signal,02 - Intersection related,01 - Daylight,03 - P.D. only,03 - Rear end,Island Park
11047,CATHERINE ST btwn HWY417 IC120B RAMP36 & KENT ST,367815.7504,5030131.208,-75.69496467,45.40828072,12/30/2015,10:56,01 - Clear,02 - Wet,10 - No control,04 - At/near private drive,01 - Daylight,03 - P.D. only,02 - Angle,Centretown
11048,HIGHWAY 417 btwn HIGHWAY 417 & HIGHWAY 417 (2),375411.2218,5030159.396,-75.59793884,45.40780929,2/2/2015,12:35,03 - Snow,03 - Loose snow,10 - No control,01 - Non intersection,01 - Daylight,03 - P.D. only,07 - SMV other,Industrial Park
11049,HIGHWAY 417 btwn HWY417 IC134 RAMP36 & HWY417 IC134 RAMP26,356385.9759,5022274.367,-75.84179154,45.33852033,2/3/2015,7:00,03 - Snow,06 - Ice,10 - No control,01 - Non intersection,03 - Dawn,03 - P.D. only,07 - SMV other,Greenbelt
11050,HIGHWAY 417 btwn HWY417 IC117 RAMP61 & HWY417 IC115 RAMP36,371686.3586,5031436.939,-75.64534526,45.41966994,2/11/2015,7:15,01 - Clear,01 - Dry,10 - No control,01 - Non intersection,01 - Daylight,03 - P.D. only,03 - Rear end,Overbrook
11051,HIGHWAY 416 btwn HWY416 IC72 RAMP63 & HWY416 IC72 RAMP53,359722.6874,5019146.664,-75.79956697,45.31012387,2/12/2015,0:45,03 - Snow,03 - Loose snow,10 - No control,01 - Non intersection,07 - Dark,03 - P.D. only,07 - SMV other,Greenbelt
11052,HIGHWAY 417 btwn HWY417 IC118 RAMP35 & HWY417 IC117 RAMP51,369815.4319,5031134.895,-75.66928872,45.41712863,2/12/2015,8:55,03 - Snow,03 - Loose snow,10 - No control,01 - Non intersection,01 - Daylight,03 - P.D. only,99 - Other,Old Ottawa East
11053,HIGHWAY 417 btwn HWY417 IC126 RAMP25 & HWY417 IC124 RAMP57,363667.9184,5026500.073,-75.7483823,45.37596955,7/28/2015,10:22,01 - Clear,01 - Dry,10 - No control,01 - Non intersection,01 - Daylight,03 - P.D. only,03 - Rear end,Carlington
11054,HIGHWAY 417 btwn HWY417 IC122 RAMP61 & HWY417 IC121B RAMP16,366559.1294,5029529.021,-75.71109207,45.40297442,7/28/2015,15:18,01 - Clear,01 - Dry,10 - No control,01 - Non intersection,01 - Daylight,03 - P.D. only,04 - Sideswipe,Little Italy
11055,HIGHWAY 417 btwn HWY417 IC122 RAMP61 & HWY417 IC121B RAMP16,366073.2088,5029347.071,-75.71732122,45.40137998,7/28/2015,16:05,01 - Clear,01 - Dry,10 - No control,01 - Non intersection,01 - Daylight,03 - P.D. only,04 - Sideswipe,Centretow
11056,HIGHWAY 417 btwn HWY417 IC115 RAMP25 & REGIONAL ROAD 174,373279.3791,5031702.643,-75.62495553,45.42190651,9/17/2015,17:03,01 - Clear,01 - Dry,10 - No control,01 - Non intersection,01 - Daylight,03 - P.D. only,04 - Sideswipe,Industrial Park
11057,HIGHWAY 417 btwn HWY417 IC144 RAMP61 & HWY417 IC142 RAMP16,347840.7787,5016269.887,-75.95133957,45.28506638,9/18/2015,8:51,01 - Clear,01 - Dry,10 - No control,01 - Non intersection,01 - Daylight,03 - P.D. only,07 - SMV other,Stittsville - Basswood
11058,HIGHWAY 417 btwn RAMP & HWY417 IC88 RAMP51,392344.5392,5022880.199,-75.38294266,45.34040587,9/18/2015,12:05,01 - Clear,01 - Dry,10 - No control,01 - Non intersection,01 - Daylight,03 - P.D. only,07 - SMV other,Navan - Vars
11059,HIGHWAY 417 btwn HWY417 IC127 RAMP63 & HWY417 IC127 RAMP67,362140.4486,5024866.593,-75.7680728,45.36139832,11/17/2015,15:30,01 - Clear,01 - Dry,10 - No control,01 - Non intersection,01 - Daylight,03 - P.D. only,04 - Sideswipe,Carlingwood West - Glabar Park - McKellar Heights
11060,HIGHWAY 417 btwn HWY417 IC122 RAMP51 & HWY417 IC122 RAMP15,365317.2036,5028865.049,-75.72703637,45.39710862,11/17/2015,16:00,01 - Clear,01 - Dry,10 - No control,01 - Non intersection,01 - Daylight,03 - P.D. only,03 - Rear end,Civi
11061,HIGHWAY 417 btwn HWY417 IC115 RAMP51 & HWY417 IC115 RAMP35,372350.1372,5031485.314,-75.63685802,45.42004142,11/17/2015,17:30,01 - Clear,01 - Dry,10 - No control,01 - Non intersection,07 - Dark,03 - P.D. only,03 - Rear end,Industrial Park
11062,DUNROBIN RD btwn KINBURN SIDE RD & VANCES SIDE RD,338082.4117,5035869.697,-76.07440918,45.46196286,9/7/2015,20:20,01 - Clear,01 - Dry,10 - No control,01 - Non intersection,07 - Dark,03 - P.D. only,01 - Approaching,Woodlawn
11063,HIGHWAY 417 btwn HWY417 IC118 RAMP76 & HWY417 IC118 RAMP67,369360.5582,5030991.935,-75.67511883,45.41588445,3/27/2015,7:27,03 - Snow,06 - Ice,10 - No control,01 - Non intersection,01 - Daylight,03 - P.D. only,04 - Sideswipe,Old Ottawa East
11064,HIGHWAY 416 btwn HWY416 IC66 RAMP53 & HWY416 IC57 RAMP34,361920.104,5011987.5,-75.77236921,45.24553,3/24/2015,10:00,01 - Clear,01 - Dry,10 - No control,01 - Non intersection,01 - Daylight,03 - P.D. only,07 - SMV other,Munster Hamlet - Richmond
11065,HIGHWAY 417 btwn HWY417 IC138 RAMP26 & HWY417 IC138 RAMP61,353080.6141,5020333.506,-75.88415289,45.32129136,3/27/2015,23:26,01 - Clear,01 - Dry,10 - No control,01 - Non intersection,07 - Dark,03 - P.D. only,07 - SMV other,Greenbelt
11066,HIGHWAY 417 btwn HWY417 IC122 RAMP51 & HWY417 IC122 RAMP15,365346.0845,5028880.934,-75.72666557,45.39724905,3/27/2015,7:25,01 - Clear,06 - Ice,10 - No control,01 - Non intersection,01 - Daylight,03 - P.D. only,07 - SMV other,Civi
11067,HIGHWAY 417 btwn HWY417 IC123 RAMP62 & HWY417 IC122 RAMP16,365104.9293,5028678.046,-75.72977028,45.39544432,3/27/2015,8:27,03 - Snow,06 - Ice,10 - No control,01 - Non intersection,01 - Daylight,03 - P.D. only,07 - SMV other,Island Park
11068,DWYER HILL RD @ FLEWELLYN RD,343839.5085,5004008.407,-76.00330551,45.1749648,10/23/2015,6:55,01 - Clear,01 - Dry,02 - Stop sign,03 - At intersection,07 - Dark,03 - P.D. only,02 - Angle,Munster Hamlet - Richmond
11069,LYON ST @ NEPEAN ST,367234.8576,5030934.053,-75.70228324,45.41555654,5/15/2015,16:13,01 - Clear,01 - Dry,02 - Stop sign,03 - At intersection,01 - Daylight,03 - P.D. only,05 - Turning movement,Centretown
11070,MCLEOD ST @ O'CONNOR ST,368117.5292,5030591.31,-75.69105069,45.41239334,5/25/2015,13:07,02 - Rain,02 - Wet,01 - Traffic signal,02 - Intersection related,01 - Daylight,03 - P.D. only,04 - Sideswipe,Centretown
11071,LORRY GREENBERG DR btwn HEARTLEAF PRIV & HUNT CLUB RD,372810.7423,5024839.274,-75.63188914,45.36019857,11/23/2015,10:46,01 - Clear,01 - Dry,10 - No control,04 - At/near private drive,01 - Daylight,03 - P.D. only,02 - Angle,Greenboro East
11072,CARLING AVE @ BROADVIEW AVE,363182.1306,5026637.82,-75.75456796,45.37724963,11/23/2015,15:08,01 - Clear,01 - Dry,01 - Traffic signal,02 - Intersection related,01 - Daylight,03 - P.D. only,03 - Rear end,Carlingwood - McKellar Park - Laurentien View
11073,HIGHWAY 417 btwn HWY 417 ANDERSON IC104R61 & HWY 417 BOUNDARY IC96R16,386897.1479,5023955.125,-75.45226021,45.35073577,2/2/2015,7:30,03 - Snow,05 - Packed snow,10 - No control,01 - Non intersection,01 - Daylight,03 - P.D. only,03 - Rear end,Greenbelt
11074,HIGHWAY 417 btwn HWY417 IC96 RAMP61 & HWY417 IC88 RAMP16,395135.2094,5022479.746,-75.34741429,45.33644927,4/2/2015,7:25,04 - Freezing Rain,06 - Ice,10 - No control,01 - Non intersection,01 - Daylight,03 - P.D. only,04 - Sideswipe,Navan - Vars
11075,LEITRIM RD @ RIVER RD,368018.2592,5017176.736,-75.69403395,45.29170099,7/28/2015,18:15,01 - Clear,01 - Dry,02 - Stop sign,02 - Intersection related,01 - Daylight,03 - P.D. only,07 - SMV other,Gloucester
11076,HIGHWAY 417 btwn HWY417 IC119A RAMP75 & HWY417 IC118 RAMP57,368746.0496,5030589.827,-75.68302168,45.41232285,7/28/2015,23:00,01 - Clear,01 - Dry,10 - No control,01 - Non intersection,07 - Dark,03 - P.D. only,04 - Sideswipe,Old Ottawa East
11077,HIGHWAY 417 btwn HWY417 IC96 RAMP61 & HIGHWAY 417,387532.4295,5023860.299,-75.44416987,45.34980795,7/29/2015,14:22,01 - Clear,01 - Dry,10 - No control,01 - Non intersection,01 - Daylight,03 - P.D. only,07 - SMV other,Navan - Vars
11078,HIGHWAY 417 btwn HWY417 IC121A RAMP16 & HWY417 IC121A RAMP61,367282.9362,5029769.764,-75.70181659,45.40507633,7/29/2015,15:15,01 - Clear,01 - Dry,10 - No control,01 - Non intersection,01 - Daylight,03 - P.D. only,03 - Rear end,Centretown
11079,HIGHWAY 417 btwn HWY417 IC123 RAMP62 & HWY417 IC122 RAMP16,364976.4154,5028437.725,-75.73144086,45.39329302,9/18/2015,21:20,01 - Clear,01 - Dry,10 - No control,01 - Non intersection,07 - Dark,03 - P.D. only,99 - Other,Island Park
11080,HIGHWAY 417 btwn HWY417 IC88 RAMP15 & END,395384.3069,5022450.865,-75.344242,45.33615732,9/19/2015,16:50,01 - Clear,01 - Dry,10 - No control,01 - Non intersection,01 - Daylight,03 - P.D. only,07 - SMV other,Navan - Vars
11081,HWY417 IC129 RAMP61 btwn HWY417 IC129 RAMP63 & HIGHWAY 417,360584.9469,5023714.914,-75.78805654,45.35116105,9/19/2015,20:00,02 - Rain,02 - Wet,10 - No control,01 - Non intersection,07 - Dark,03 - P.D. only,04 - Sideswipe,Whitehaven - Queensway Terrace North
11082,HIGHWAY 416 btwn HWY416 IC42 RAMP42 & HWY416 IC42 RAMP24,371520.5923,4995088.293,-75.65234337,45.09262687,9/20/2015,20:45,01 - Clear,01 - Dry,10 - No control,01 - Non intersection,07 - Dark,03 - P.D. only,07 - SMV other,Kars - Osgoode
11083,HWY417 IC127 RAMP63 btwn HIGHWAY 417 & WOODROFFE AVE,362096.4053,5024888.254,-75.76863244,45.36159682,11/17/2015,23:46,01 - Clear,00 - Unknown,10 - No control,01 - Non intersection,07 - Dark,03 - P.D. only,07 - SMV other,Whitehaven - Queensway Terrace North
11084,HIGHWAY 417 btwn Continuation of HIGHWAY 417 & HWY417 IC134 RAMP51,355460.5956,5021686.042,-75.85365835,45.33329394,11/18/2015,14:20,01 - Clear,01 - Dry,10 - No control,01 - Non intersection,01 - Daylight,03 - P.D. only,07 - SMV other,Greenbelt
11085,HIGHWAY 416 btwn HWY416 IC42 RAMP34 & HWY416 IC42 RAMP43,371400.0147,4995270.243,-75.65385091,45.09427544,11/18/2015,20:45,01 - Clear,01 - Dry,10 - No control,01 - Non intersection,07 - Dark,03 - P.D. only,07 - SMV other,Manotick - North Gower
11086,HIGHWAY 417 btwn HWY417 IC120A RAMP52 & HWY417 IC119B RAMP57,368100.6535,5030209.103,-75.69131536,45.40895589,11/18/2015,23:20,01 - Clear,01 - Dry,10 - No control,01 - Non intersection,07 - Dark,03 - P.D. only,03 - Rear end,The Glebe
11087,HIGHWAY 417 btwn HWY417 IC163 RAMP51 & HWY417 IC163 RAMP15,330943.7488,5021547.803,-76.16645042,45.33339174,11/19/2015,6:00,02 - Rain,02 - Wet,10 - No control,01 - Non intersection,07 - Dark,03 - P.D. only,07 - SMV other,Car
11088,RIVER RUN AVE btwn HALF MOON BAY & PARK GLADE WAY,364526.834,5013132.913,-75.73902834,45.2556201,6/30/2015,9:00,01 - Clear,01 - Dry,10 - No control,01 - Non intersection,01 - Daylight,03 - P.D. only,06 - SMV unattended vehicle,New Barrhaven
11089,HIGHWAY 417 btwn HWY417 IC124 RAMP76 & HWY417 IC124 RAMP67,364362.4336,5027449.36,-75.73940108,45.38445238,3/27/2015,7:40,03 - Snow,06 - Ice,10 - No control,01 - Non intersection,01 - Daylight,03 - P.D. only,07 - SMV other,Westboro
11090,HIGHWAY 417 btwn HWY417 IC112 RAMP66 & HWY417 IC113 RAMP65,374177.574,5031435.495,-75.61351719,45.41941435,3/27/2015,8:30,03 - Snow,06 - Ice,10 - No control,01 - Non intersection,01 - Daylight,03 - P.D. only,03 - Rear end,Pineview
11091,HIGHWAY 417 btwn HWY417 IC118 RAMP57 & HWY417 IC118 RAMP35,369762.0023,5031136.339,-75.66997113,45.41714658,3/25/2015,15:00,01 - Clear,01 - Dry,10 - No control,01 - Non intersection,01 - Daylight,03 - P.D. only,04 - Sideswipe,Old Ottawa East
11092,HIGHWAY 417 btwn HWY417 IC126 RAMP61 & HWY417 IC124 RAMP76,363246.2578,5025979.495,-75.75382715,45.37132076,3/19/2015,17:15,01 - Clear,01 - Dry,10 - No control,01 - Non intersection,01 - Daylight,03 - P.D. only,04 - Sideswipe,Carlingwood West - Glabar Park - McKellar Heights
11093,MONTREAL RD @ SHEFFORD RD,376125.7305,5034853.575,-75.58813225,45.44997228,12/7/2015,7:01,01 - Clear,01 - Dry,01 - Traffic signal,03 - At intersection,03 - Dawn,03 - P.D. only,05 - Turning movement,Beacon Hill South - Cardinal Heights
11094,INNES RD btwn STAR TOP RD & HWY417 IC112 RAMP55,374162.1662,5030678.113,-75.61382065,45.41260134,6/11/2015,13:35,01 - Clear,01 - Dry,10 - No control,01 - Non intersection,01 - Daylight,03 - P.D. only,03 - Rear end,Industrial Park
11095,VIEWMOUNT DR @ MERIVALE RD,365194.4191,5022950.661,-75.72932761,45.3439026,6/30/2015,22:02,01 - Clear,01 - Dry,01 - Traffic signal,02 - Intersection related,07 - Dark,03 - P.D. only,04 - Sideswipe,Borden Farm - Stewart Farm - Parkwood Hills - Fisher Glen
11096,CHAPEL ST @ STEWART ST,369013.7081,5032439.314,-75.67936136,45.42893935,11/24/2015,9:24,03 - Snow,03 - Loose snow,02 - Stop sign,02 - Intersection related,01 - Daylight,03 - P.D. only,03 - Rear end,Sandy Hill
11097,MARIPOSA AVE @ SPRINGFIELD RD,369060.6988,5034593.332,-75.67847968,45.44831604,11/24/2015,18:46,01 - Clear,02 - Wet,02 - Stop sign,03 - At intersection,07 - Dark,03 - P.D. only,02 - Angle,Rockcliffe - Manor Park
11098,KING EDWARD AVE @ RIDEAU ST,368510.9852,5032412.145,-75.68578892,45.42874087,12/31/2015,11:36,01 - Clear,02 - Wet,01 - Traffic signal,02 - Intersection related,01 - Daylight,03 - P.D. only,04 - Sideswipe,Lowe