Record,Location,X,Y,lon,lat,Date,Time,Environment,Road_Surface,Traffic_Control,Collision_Location,Light,Collision_Classification,Impact_type,Neighborhood
11199,CHAMPLAIN BRIDGE/ISLAND PARK DR btwn BATE ISLAND & OTTAWA RIVER PKWY,363026.0717,5029990.705,-75.75616471,45.40743136,2/23/2015,16:27,01 - Clear,01 - Dry,10 - No control,01 - Non intersection,01 - Daylight,03 - P.D. only,03 - Rear end,Westboro
11200,ROCKCLIFFE PKWY btwn ROCKCLIFFE PRKY RAMPS & Continuation of ROCKCLIFF,372182.2492,5035698.61,-75.63842623,45.4579668,2/24/2015,18:43,01 - Clear,01 - Dry,10 - No control,01 - Non intersection,07 - Dark,03 - P.D. only,07 - SMV other,Gloucester
11201,LISGAR RD @ ROCKCLIFFE PKWY,368353.399,5035224.917,-75.6874394,45.45406346,2/25/2015,7:34,03 - Snow,03 - Loose snow,03 - Yield sign,03 - At intersection,01 - Daylight,03 - P.D. only,05 - Turning movement,Rockcliffe - Manor Park
11202,COLONEL BY DR @ LEONARD AVE,368228.0188,5028575.012,-75.68989856,45.39424132,2/24/2015,16:46,01 - Clear,02 - Wet,02 - Stop sign,03 - At intersection,01 - Daylight,03 - P.D. only,02 - Angle,Old Ottawa South
11203,OTTAWA RIVER PKWY WB btwn OTTAWA RIVER PKWY WB RAMP/CARLING AVE WB & W,361347.9547,5026902.346,-75.7779548,45.37978024,2/25/2015,12:00,01 - Clear,06 - Ice,10 - No control,01 - Non intersection,01 - Daylight,03 - P.D. only,99 - Other,Woodroffe - Lincoln Heights
11204,PRESTON ST @ PRINCE OF WALES DR/QUEEN ELIZABET,366896.8843,5028773.541,-75.70687314,45.39614694,2/26/2015,9:52,01 - Clear,01 - Dry,01 - Traffic signal,02 - Intersection related,01 - Daylight,03 - P.D. only,03 - Rear end,The Glebe
11205,OTTAWA RIVER PKWY WB btwn TUNNEY'S PASTURE/REMIC RAPIDS ENT & PARKDALE,363578.4291,5029876.988,-75.74912253,45.40636198,2/26/2015,17:19,01 - Clear,02 - Wet,10 - No control,01 - Non intersection,07 - Dark,03 - P.D. only,03 - Rear end,Island Park
11206,RIDEAU ST btwn KING EDWARD AVE & NELSON ST,368608.8501,5032481.448,-75.68452938,45.42935551,3/1/2015,16:45,01 - Clear,01 - Dry,10 - No control,04 - At/near private drive,01 - Daylight,03 - P.D. only,02 - Angle,Lower Town
11207,ROCKCLIFFE PKWY btwn PRINCESS AVE & BUENA VISTA RD,368247.7957,5034412.481,-75.68889424,45.44676308,3/2/2015,2:30,01 - Clear,01 - Dry,10 - No control,01 - Non intersection,07 - Dark,03 - P.D. only,07 - SMV other,Rockcliffe - Manor Park
11208,BOTELER ST @ SUSSEX DR,367448.6079,5032953.05,-75.69929568,45.43370372,3/2/2015,7:45,01 - Clear,02 - Wet,01 - Traffic signal,02 - Intersection related,01 - Daylight,03 - P.D. only,03 - Rear end,Byward Market - Parliament Hill
11209,EMMERSON AVE btwn PARKDALE AVE & FORWARD AVE,364731.7146,5030279.799,-75.73434198,45.40988859,3/3/2015,9:58,01 - Clear,01 - Dry,10 - No control,04 - At/near private drive,01 - Daylight,03 - P.D. only,07 - SMV other,Mechanicsville
11210,COLONEL BY DR @ COLONEL BY DR SB ON RAMP 43,367640.7191,5028448.11,-75.69741496,45.39315244,3/3/2015,16:39,03 - Snow,02 - Wet,02 - Stop sign,02 - Intersection related,01 - Daylight,03 - P.D. only,03 - Rear end,Carleton University
11211,AVIATION PKWY @ OGILVIE RD,373108.2593,5032373.056,-75.62704891,45.42795528,3/3/2015,19:00,03 - Snow,03 - Loose snow,01 - Traffic signal,02 - Intersection related,07 - Dark,03 - P.D. only,03 - Rear end,Industrial Park
11212,COLONEL BY DR btwn UNIVERSITY RD & HOG'S BACK RD,367533.9959,5025943.634,-75.69909611,45.37062738,3/5/2015,16:58,01 - Clear,01 - Dry,10 - No control,01 - Non intersection,01 - Daylight,03 - P.D. only,03 - Rear end,Carleton University
11213,OTTAWA RIVER PKWY WB btwn TRANSIT & TURN LANE,362684.3463,5028722.413,-75.76067873,45.39604781,3/12/2015,22:40,01 - Clear,01 - Dry,10 - No control,01 - Non intersection,07 - Dark,03 - P.D. only,04 - Sideswipe,Westboro Beach
11214,HIGHWAY 417 btwn HWY417 IC127 RAMP25 & HWY417 IC126 RAMP51,363145.1747,5025798.267,-75.75513895,45.36969851,8/26/2015,7:35,01 - Clear,01 - Dry,10 - No control,01 - Non intersection,01 - Daylight,03 - P.D. only,03 - Rear end,Braemar Park - Bel Air Heights - Copeland Park
11215,HIGHWAY 417 btwn HWY417 IC155 RAMP61 & HWY417 IC145 RAMP56,340707.8,5019024.857,-76.0420642,45.31025748,8/26/2015,7:50,01 - Clear,01 - Dry,10 - No control,01 - Non intersection,01 - Daylight,03 - P.D. only,07 - SMV other,Carp - Hardwood Plains
11216,HIGHWAY 417 btwn HWY417 IC144 RAMP35 & HWY417 IC144 RAMP25,347638.5291,5016026.67,-75.95393862,45.28289018,8/26/2015,16:40,02 - Rain,02 - Wet,10 - No control,01 - Non intersection,01 - Daylight,03 - P.D. only,04 - Sideswipe,Stittsville - Basswood
11217,HIGHWAY 417 btwn HWY417 IC155 RAMP61 & HWY417 IC145 RAMP56,342299.788,5017506.38,-76.02187698,45.29651036,8/26/2015,19:37,01 - Clear,02 - Wet,10 - No control,01 - Non intersection,05 - Dusk,03 - P.D. only,03 - Rear end,Carp - Hardwood Plains
11218,HIGHWAY 417 btwn HWY417 IC119B RAMP57 & HWY417 IC119A RAMP75,368405.3467,5030414.879,-75.68739665,45.41077977,6/6/2015,10:15,01 - Clear,01 - Dry,10 - No control,01 - Non intersection,01 - Daylight,03 - P.D. only,07 - SMV other,The Glebe
11219,HIGHWAY 417 btwn HWY417 IC144 RAMP35 & HWY417 IC144 RAMP25,347471.8256,5015874.219,-75.9560766,45.28152851,6/7/2015,21:15,01 - Clear,01 - Dry,10 - No control,01 - Non intersection,07 - Dark,03 - P.D. only,07 - SMV other,Stittsville - Basswood
11220,HWY417 IC115 RAMP25 btwn Continuation of HWY417 IC115 RAMP25 & HIGHWAY,372601.4007,5031482.426,-75.63364819,45.41999113,6/7/2015,21:35,02 - Rain,02 - Wet,10 - No control,01 - Non intersection,07 - Dark,03 - P.D. only,04 - Sideswipe,Industrial Park
11221,HIGHWAY 417 btwn HWY 417 ANDERSON IC104R61 & HWY 417 BOUNDARY IC96R16,382883.6606,5025441.837,-75.50323828,45.3645705,2/22/2015,17:30,01 - Clear,01 - Dry,10 - No control,01 - Non intersection,05 - Dusk,03 - P.D. only,07 - SMV other,Greenbelt
11222,HIGHWAY 416 btwn HWY416 IC57 RAMP53 & HWY416 IC49 RAMP34,365240.1987,5007163.531,-75.73066524,45.20184638,2/22/2015,12:16,03 - Snow,03 - Loose snow,10 - No control,01 - Non intersection,01 - Daylight,03 - P.D. only,07 - SMV other,Manotick - North Gower
11223,HWY417 IC118 RAMP35 btwn HWY417 IC118 RAMP45 & HIGHWAY 417,369626.9842,5031103.849,-75.67170037,45.41686677,2/21/2015,23:00,03 - Snow,03 - Loose snow,10 - No control,01 - Non intersection,07 - Dark,03 - P.D. only,03 - Rear end,Sandy Hill
11224,HIGHWAY 417 btwn HIGHWAY 417 & Continuation of HIGHWAY 417,353004.6901,5020241.225,-75.88513027,45.32046621,6/8/2015,6:23,02 - Rain,02 - Wet,10 - No control,01 - Non intersection,01 - Daylight,03 - P.D. only,07 - SMV other,Greenbelt
11225,HIGHWAY 417 btwn HWY417 IC127 RAMP25 & HWY417 IC126 RAMP51,363169.7235,5025836.535,-75.75482106,45.3700408,6/8/2015,9:40,02 - Rain,02 - Wet,10 - No control,01 - Non intersection,01 - Daylight,03 - P.D. only,03 - Rear end,Braemar Park - Bel Air Heights - Copeland Park
11226,HIGHWAY 417 btwn HWY417 IC118 RAMP57 & HWY417 IC118 RAMP35,369397.3814,5030996.989,-75.67464773,45.41592652,6/8/2015,15:20,01 - Clear,01 - Dry,10 - No control,01 - Non intersection,01 - Daylight,03 - P.D. only,03 - Rear end,Old Ottawa East
11227,HIGHWAY 416 btwn HWY416 IC72 RAMP63 & HWY416 IC72 RAMP53,359573.229,5019403.704,-75.80144447,45.3124484,3/7/2015,12:40,01 - Clear,01 - Dry,10 - No control,01 - Non intersection,01 - Daylight,03 - P.D. only,04 - Sideswipe,Greenbelt
11228,HIGHWAY 417 btwn HWY417 IC134 RAMP36 & HWY417 IC134 RAMP26,356404.0265,5022283.754,-75.84156027,45.33860347,3/10/2015,16:30,01 - Clear,01 - Dry,10 - No control,01 - Non intersection,01 - Daylight,03 - P.D. only,03 - Rear end,Greenbelt
11229,HWY417 IC104 RAMP51 btwn HIGHWAY 417 & ANDERSON RD,379997.9246,5025664.449,-75.54003641,45.36688894,9/11/2015,8:40,01 - Clear,01 - Dry,10 - No control,01 - Non intersection,01 - Daylight,03 - P.D. only,07 - SMV other,Greenbelt
11230,HIGHWAY 417 btwn HWY417 IC118 RAMP35 & HWY417 IC117 RAMP51,370023.7388,5031108.327,-75.66663095,45.41687019,3/11/2015,7:55,01 - Clear,01 - Dry,10 - No control,01 - Non intersection,01 - Daylight,03 - P.D. only,07 - SMV other,Old Ottawa East
11231,HIGHWAY 417 btwn HWY417 IC127 RAMP63 & HWY417 IC127 RAMP67,362113.7338,5024846.377,-75.76841612,45.3612186,3/11/2015,16:40,01 - Clear,01 - Dry,10 - No control,01 - Non intersection,01 - Daylight,03 - P.D. only,03 - Rear end,Whitehaven - Queensway Terrace North
11232,HIGHWAY 416 btwn HWY416 IC66 RAMP53 & HWY416 IC57 RAMP34,363751.5785,5009924.329,-75.74928524,45.22681441,3/11/2015,17:30,01 - Clear,01 - Dry,10 - No control,01 - Non intersection,01 - Daylight,03 - P.D. only,07 - SMV other,New Barrhaven
11233,HIGHWAY 417 btwn HWY417 IC118 RAMP57 & HWY417 IC118 RAMP35,369757.6702,5031136.339,-75.67002648,45.41714699,3/11/2015,20:40,01 - Clear,01 - Dry,10 - No control,01 - Non intersection,07 - Dark,03 - P.D. only,04 - Sideswipe,Old Ottawa East
11234,OTTAWA RIVER PKWY WB btwn TRANSIT & TURN LANE,363219.2819,5029367.872,-75.75377046,45.40181112,10/22/2015,17:13,01 - Clear,01 - Dry,10 - No control,01 - Non intersection,01 - Daylight,03 - P.D. only,07 - SMV other,Westboro
11235,OTTAWA RIVER PKWY OFFR-EB @ PARKDALE AVE,364683.0144,5030332.095,-75.73495775,45.41036331,10/26/2015,8:49,01 - Clear,01 - Dry,03 - Yield sign,02 - Intersection related,01 - Daylight,03 - P.D. only,03 - Rear end,Tunney's Pasture
11236,BANKFIELD RD @ HWY 416 BANKFIEL IC57R24,364910.9568,5008141.532,-75.73473775,45.21067467,3/12/2015,11:05,01 - Clear,01 - Dry,02 - Stop sign,03 - At intersection,01 - Daylight,03 - P.D. only,04 - Sideswipe,Manotick
11237,HIGHWAY 417 btwn HWY417 IC119A RAMP67 & HWY417 IC118 RAMP76,368693.4333,5030589.608,-75.68369387,45.41232568,3/12/2015,18:00,01 - Clear,01 - Dry,10 - No control,01 - Non intersection,01 - Daylight,03 - P.D. only,04 - Sideswipe,Old Ottawa East
11238,REGIONAL ROAD 174 btwn HIGHWAY 417 & HWY417 IC113 RAMP65,373344.6969,5031738.344,-75.62411602,45.42222133,3/12/2015,21:24,01 - Clear,01 - Dry,10 - No control,01 - Non intersection,07 - Dark,03 - P.D. only,07 - SMV other,Pineview
11239,OTTAWA RIVER PKWY WB @ PARKDALE AVE WB ON RAMP,364637.8527,5030468.581,-75.73551809,45.41159524,9/28/2015,15:40,02 - Rain,02 - Wet,03 - Yield sign,02 - Intersection related,01 - Daylight,03 - P.D. only,07 - SMV other,Mechanicsville
11240,COLONEL BY DR btwn ECHO DR & CLEGG ST (2),369046.8088,5029554.395,-75.67931449,45.40297884,9/29/2015,14:13,02 - Rain,02 - Wet,10 - No control,01 - Non intersection,01 - Daylight,03 - P.D. only,07 - SMV other,Old Ottawa East
11241,ROCKCLIFFE PKWY btwn GL/OT BOUNDARY & ST. JOSEPH BLVD,376033.604,5036563.153,-75.58906224,45.46536337,10/2/2015,9:30,01 - Clear,01 - Dry,10 - No control,04 - At/near private drive,01 - Daylight,03 - P.D. only,05 - Turning movement,Greenbelt
11242,BOOTH ST @ OTTAWA RIVER PKWY/WELLINGTON ST,366263.0719,5031003.915,-75.71468964,45.41627118,10/2/2015,8:00,01 - Clear,01 - Dry,01 - Traffic signal,02 - Intersection related,01 - Daylight,03 - P.D. only,03 - Rear end,LeBreton Flats
11243,HIGHWAY 417 btwn HWY417 IC118 RAMP67 & HWY417 IC117 RAMP36,369745.3958,5031159.444,-75.67018025,45.41735602,3/13/2015,19:45,01 - Clear,01 - Dry,10 - No control,01 - Non intersection,07 - Dark,03 - P.D. only,07 - SMV other,Sandy Hill
11244,HIGHWAY 417 btwn HWY417 IC127 RAMP25 & HWY417 IC126 RAMP51,363166.8354,5025827.87,-75.75485895,45.36996307,3/15/2015,0:50,03 - Snow,04 - Slush,10 - No control,01 - Non intersection,07 - Dark,03 - P.D. only,07 - SMV other,Braemar Park - Bel Air Heights - Copeland Park
11245,HIGHWAY 417 btwn HWY417 IC118 RAMP76 & HWY417 IC118 RAMP67,369497.0203,5031080.744,-75.67336379,45.41667091,3/13/2015,20:00,01 - Clear,01 - Dry,10 - No control,01 - Non intersection,07 - Dark,03 - P.D. only,03 - Rear end,Sandy Hill
11246,CARLING AVE @ ISLAND PARK DR,365346.1408,5028000.554,-75.72677288,45.38932758,10/21/2015,14:13,01 - Clear,01 - Dry,01 - Traffic signal,03 - At intersection,01 - Daylight,03 - P.D. only,02 - Angle,Civic Hospital - Experimental Farm - Central Park
11247,ISLAND PARK DR @ RICHMOND RD,364132.717,5028868.069,-75.74216367,45.39723717,10/27/2015,9:40,01 - Clear,01 - Dry,01 - Traffic signal,02 - Intersection related,01 - Daylight,03 - P.D. only,03 - Rear end,Island Park
11248,CHAMPLAIN BRIDGE/ISLAND PARK DR btwn BATE ISLAND & PROVINCIAL BOUNDARY,362867.1325,5030166.598,-75.75817426,45.40902721,10/28/2015,6:40,01 - Clear,01 - Dry,10 - No control,01 - Non intersection,03 - Dawn,03 - P.D. only,03 - Rear end,Westboro
11249,CARLING AVE @ ISLAND PARK DR,365348.8861,5027997.809,-75.72673816,45.38930264,10/28/2015,23:25,02 - Rain,02 - Wet,01 - Traffic signal,02 - Intersection related,07 - Dark,03 - P.D. only,03 - Rear end,Civic Hospital - Experimental Farm - Central Park
11250,HIGHWAY 417 btwn HWY417 IC110 RAMP64 & HWY417 IC104 RAMP16,376376.8522,5027705.473,-75.58596049,45.38563215,5/22/2015,10:15,01 - Clear,01 - Dry,10 - No control,01 - Non intersection,01 - Daylight,03 - P.D. only,04 - Sideswipe,Greenbelt
11251,HIGHWAY 417 btwn HWY417 IC121B RAMP51 & HWY417 IC121A RAMP51,366750.7698,5029566.607,-75.70863958,45.40329568,5/22/2015,11:35,01 - Clear,01 - Dry,10 - No control,01 - Non intersection,01 - Daylight,03 - P.D. only,04 - Sideswipe,Little Italy
11252,HIGHWAY 417 btwn HWY417 IC117 RAMP51 & HWY417 IC117 RAMP35,370763.811,5031183.417,-75.65716596,45.41747644,5/22/2015,12:15,01 - Clear,01 - Dry,10 - No control,01 - Non intersection,01 - Daylight,03 - P.D. only,03 - Rear end,Industrial Park
11253,HIGHWAY 417 btwn HWY417 IC115 RAMP61 & REGIONAL ROAD 174,372897.4296,5031593.617,-75.62985067,45.42096283,5/22/2015,12:30,01 - Clear,01 - Dry,10 - No control,01 - Non intersection,01 - Daylight,03 - P.D. only,03 - Rear end,Cummings
11254,HIGHWAY 417 btwn HWY417 IC124 RAMP67 & HWY417 IC123 RAMP62,364771.3939,5028059.646,-75.73410506,45.38990873,2/21/2015,10:10,01 - Clear,01 - Dry,10 - No control,01 - Non intersection,01 - Daylight,03 - P.D. only,04 - Sideswipe,Westboro
11255,HWY417 IC117 RAMP61 btwn HWY417 IC117 RAMP63 & HIGHWAY 417,371170.3092,5031378.363,-75.65194636,45.41919204,2/19/2015,20:00,01 - Clear,06 - Ice,10 - No control,01 - Non intersection,07 - Dark,03 - P.D. only,07 - SMV other,Overbrook
11256,HIGHWAY 417 btwn HWY417 IC126 RAMP61 & HWY417 IC124 RAMP76,363484.5249,5026284.188,-75.75074929,45.37404243,2/15/2015,15:58,01 - Clear,04 - Slush,10 - No control,01 - Non intersection,01 - Daylight,03 - P.D. only,07 - SMV other,Carlingwood West - Glabar Park - McKellar Heights
11257,HIGHWAY 417 btwn HWY417 IC117 RAMP61 & HWY417 IC115 RAMP36,372011.8218,5031471.358,-75.64118236,45.41994844,2/23/2015,7:15,01 - Clear,01 - Dry,10 - No control,01 - Non intersection,01 - Daylight,03 - P.D. only,04 - Sideswipe,Overbrook
11258,HIGHWAY 416 btwn HWY416 IC49 RAMP43 & HWY416 IC42 RAMP34,370349.9585,4996971.928,-75.66696773,45.10968545,3/15/2015,2:07,03 - Snow,03 - Loose snow,10 - No control,01 - Non intersection,07 - Dark,03 - P.D. only,04 - Sideswipe,Manotick - North Gower
11259,HIGHWAY 417 btwn HWY417 IC129 RAMP26 & HWY417 IC129 RAMP61,360519.9649,5023605.167,-75.78889816,45.35017872,3/15/2015,3:07,03 - Snow,02 - Wet,10 - No control,01 - Non intersection,07 - Dark,03 - P.D. only,07 - SMV other,Whitehaven - Queensway Terrace North
11260,HIGHWAY 416 btwn HWY416 IC57 RAMP24 & HWY416 IC49 RAMP42,366457.1144,5005295.506,-75.71540775,45.18493236,3/15/2015,7:40,03 - Snow,03 - Loose snow,10 - No control,01 - Non intersection,01 - Daylight,03 - P.D. only,07 - SMV other,Manotick - North Gower
11261,HIGHWAY 417 btwn HWY417 IC119B RAMP57 & HWY417 IC119A RAMP75,368292.6675,5030339.208,-75.68884581,45.41010914,3/16/2015,15:20,01 - Clear,01 - Dry,10 - No control,01 - Non intersection,01 - Daylight,03 - P.D. only,07 - SMV other,The Glebe
11262,ISLAND PARK DR @ SCOTT ST,363830.7337,5029046.514,-75.7459991,45.39886831,10/29/2015,6:15,02 - Rain,02 - Wet,01 - Traffic signal,03 - At intersection,03 - Dawn,03 - P.D. only,05 - Turning movement,Island Park
11263,OTTAWA RIVER PKWY WB btwn TUNNEY'S PASTURE/REMIC RAPIDS ENT & PARKDALE,364215.0761,5030199.541,-75.74095139,45.4092105,11/2/2015,17:14,01 - Clear,01 - Dry,10 - No control,01 - Non intersection,05 - Dusk,03 - P.D. only,03 - Rear end,Island Park
11264,TRANSITWAY - LINCOLN FIEL @ OTTAWA RIVER PKWY ,360926.2035,5025505.074,-75.78349839,45.3672416,11/3/2015,7:00,01 - Clear,02 - Wet,01 - Traffic signal,02 - Intersection related,03 - Dawn,03 - P.D. only,07 - SMV other,Woodroffe - Lincoln Heights
11265,OTTAWA RIVER PKWY WB btwn WOODROFFE AVE & TRANSIT,361417.6127,5027108.33,-75.77704181,45.38162804,11/4/2015,7:50,01 - Clear,01 - Dry,10 - No control,01 - Non intersection,01 - Daylight,03 - P.D. only,03 - Rear end,Woodroffe - Lincoln Heights
11266,HWY417 IC118 RAMP35 btwn HWY417 IC118 RAMP45 & HIGHWAY 417,369578.6088,5031086.52,-75.67232068,45.41671533,5/1/2015,15:45,01 - Clear,01 - Dry,10 - No control,01 - Non intersection,01 - Daylight,03 - P.D. only,03 - Rear end,Old Ottawa East
11267,HIGHWAY 417 btwn HWY417 IC124 RAMP57 & HWY417 IC124 RAMP55,364359.5456,5027411.093,-75.73944257,45.38410831,5/1/2015,18:30,01 - Clear,01 - Dry,10 - No control,01 - Non intersection,01 - Daylight,03 - P.D. only,03 - Rear end,Carlington
11268,HWY417 IC104 RAMP61 btwn ANDERSON RD & HIGHWAY 417,380332.5577,5025908.934,-75.53572777,45.36905268,5/2/2015,16:40,01 - Clear,01 - Dry,10 - No control,01 - Non intersection,01 - Daylight,03 - P.D. only,07 - SMV other,Greenbelt
11269,HIGHWAY 417 btwn HWY417 IC119B RAMP57 & HWY417 IC119A RAMP75,368409.6788,5030412.713,-75.68734159,45.41075989,5/3/2015,14:30,01 - Clear,01 - Dry,10 - No control,01 - Non intersection,01 - Daylight,03 - P.D. only,03 - Rear end,The Glebe
11270,HWY417 IC115 RAMP36 btwn HIGHWAY 417 & TRANSIT,372069.9928,5031485.314,-75.64043724,45.42006842,2/16/2015,8:30,01 - Clear,06 - Ice,10 - No control,01 - Non intersection,01 - Daylight,03 - P.D. only,07 - SMV other,Overbrook
11271,HIGHWAY 416 btwn HWY416 IC42 RAMP34 & HWY416 IC42 RAMP43,371412.2891,4995244.25,-75.65369844,45.09404039,2/16/2015,12:30,01 - Clear,01 - Dry,10 - No control,01 - Non intersection,01 - Daylight,03 - P.D. only,07 - SMV other,Manotick - North Gower
11272,HIGHWAY 417 btwn HWY417 IC129 RAMP25 & HWY417 IC129 RAMP35,360617.4378,5023650.654,-75.78764917,45.35058026,2/17/2015,6:45,01 - Clear,01 - Dry,10 - No control,01 - Non intersection,03 - Dawn,03 - P.D. only,03 - Rear end,Iris
11273,HIGHWAY 417 btwn HWY 417 ANDERSON IC104R61 & HWY 417 BOUNDARY IC96R16,386387.0077,5024075.201,-75.45874982,45.35187565,2/17/2015,8:53,01 - Clear,01 - Dry,10 - No control,01 - Non intersection,01 - Daylight,03 - P.D. only,07 - SMV other,Greenbelt
11274,EAGLESON RD @ HWY 417 EAGLESO IC138R51/PARK AN,353034.7872,5020016.439,-75.88476828,45.31844147,2/17/2015,8:00,01 - Clear,06 - Ice,01 - Traffic signal,02 - Intersection related,01 - Daylight,03 - P.D. only,03 - Rear end,Greenbelt
11275,HIGHWAY 417 btwn HWY417 IC134 RAMP61 & HWY417 IC131 RAMP66,357424.2032,5022695.474,-75.82850045,45.34223238,2/2/2015,13:50,01 - Clear,06 - Ice,10 - No control,01 - Non intersection,01 - Daylight,03 - P.D. only,07 - SMV other,Greenbelt
11276,HIGHWAY 417 btwn HWY417 IC121B RAMP16 & HWY417 IC121A RAMP16,366761.8495,5029588.847,-75.70849526,45.4034948,2/2/2015,10:30,03 - Snow,05 - Packed snow,10 - No control,01 - Non intersection,01 - Daylight,03 - P.D. only,04 - Sideswipe,Centretown West
11277,HIGHWAY 417 btwn HWY417 IC127 RAMP63 & HWY417 IC127 RAMP67,362108.6797,5024842.045,-75.76848113,45.36118003,2/2/2015,17:45,03 - Snow,03 - Loose snow,10 - No control,01 - Non intersection,05 - Dusk,03 - P.D. only,03 - Rear end,Whitehaven - Queensway Terrace North
11278,HIGHWAY 417 btwn HWY417 IC117 RAMP26 & HWY417 IC117 RAMP61,370906.7712,5031253.453,-75.65533013,45.41809311,1/30/2015,15:00,01 - Clear,01 - Dry,10 - No control,01 - Non intersection,01 - Daylight,03 - P.D. only,04 - Sideswipe,Industrial Park
11279,HIGHWAY 416 btwn HWY416 IC66 RAMP53 & HWY416 IC57 RAMP34,363789.8955,5009849.204,-75.74880624,45.22613522,5/22/2015,20:10,01 - Clear,01 - Dry,10 - No control,01 - Non intersection,01 - Daylight,03 - P.D. only,07 - SMV other,New Barrhaven
11280,HIGHWAY 417 btwn HWY417 IC88 RAMP16 & HWY417 IC88 RAMP61,395495.4982,5022496.352,-75.34281527,45.3365522,5/23/2015,17:00,01 - Clear,01 - Dry,10 - No control,01 - Non intersection,01 - Daylight,03 - P.D. only,07 - SMV other,Navan - Vars
11281,HIGHWAY 417 btwn HWY417 IC88 RAMP16 & HWY417 IC88 RAMP61,395569.8665,5022501.888,-75.34186558,45.33659239,5/24/2015,7:50,01 - Clear,01 - Dry,10 - No control,01 - Non intersection,01 - Daylight,03 - P.D. only,07 - SMV other,Navan - Vars
11282,HIGHWAY 417 btwn HWY417 IC134 RAMP36 & HWY417 IC134 RAMP26,356157.0951,5022137.183,-75.84472598,45.33730273,2/24/2015,6:15,01 - Clear,01 - Dry,10 - No control,01 - Non intersection,03 - Dawn,03 - P.D. only,07 - SMV other,Greenbelt
11283,HIGHWAY 417 btwn HWY417 IC96 RAMP61 & HWY417 IC88 RAMP16,392318.535,5022937.607,-75.38326425,45.34092561,2/25/2015,6:50,05 - Drifting Snow,03 - Loose snow,10 - No control,01 - Non intersection,03 - Dawn,03 - P.D. only,07 - SMV other,Navan - Vars
11284,HIGHWAY 416 btwn HWY416 IC72 RAMP62 & HWY416 IC72 RAMP24,359465.6477,5019646.303,-75.80278965,45.3146397,2/25/2015,9:45,01 - Clear,06 - Ice,10 - No control,01 - Non intersection,01 - Daylight,03 - P.D. only,07 - SMV other,Greenbelt
11285,HIGHWAY 417 btwn HWY417 IC117 RAMP51 & HWY417 IC117 RAMP35,371069.9481,5031318.435,-75.65323665,45.41866235,3/17/2015,3:10,02 - Rain,02 - Wet,10 - No control,01 - Non intersection,07 - Dark,03 - P.D. only,07 - SMV other,Industrial Park
11286,HIGHWAY 417 btwn HWY417 IC126 RAMP16 & HWY417 IC126 RAMP61,363148.0628,5025843.033,-75.7550968,45.37010107,2/27/2015,17:00,01 - Clear,02 - Wet,10 - No control,01 - Non intersection,05 - Dusk,03 - P.D. only,03 - Rear end,Carlingwood West - Glabar Park - McKellar Heights
11287,COLONEL BY DR btwn ECHO DR & CLEGG ST (1),368950.7232,5029831.671,-75.68050568,45.40548249,11/4/2015,9:00,01 - Clear,01 - Dry,10 - No control,01 - Non intersection,01 - Daylight,03 - P.D. only,03 - Rear end,Old Ottawa East
11288,OTTAWA RIVER PKWY @ ISLAND PARK DR,363295.3997,5029455.564,-75.75278783,45.4025938,11/9/2015,16:20,01 - Clear,01 - Dry,01 - Traffic signal,02 - Intersection related,01 - Daylight,03 - P.D. only,03 - Rear end,Westboro
11289,HIGHWAY 417 btwn HWY417 IC110 RAMP55 & HWY417 IC110 RAMP65,375806.7648,5028970.845,-75.59305753,45.39707533,5/4/2015,14:35,01 - Clear,01 - Dry,10 - No control,01 - Non intersection,01 - Daylight,03 - P.D. only,99 - Other,Greenbelt
11290,HIGHWAY 417 btwn HWY417 IC127 RAMP35 & HWY417 IC127 RAMP25,362152.001,5024852.153,-75.76792703,45.36126744,5/5/2015,9:00,01 - Clear,01 - Dry,10 - No control,01 - Non intersection,01 - Daylight,03 - P.D. only,03 - Rear end,Carlingwood West - Glabar Park - McKellar Heights
11291,HIGHWAY 417 btwn HWY417 IC131 RAMP55 & HWY417 IC130 RAMP35,358850.918,5022990.781,-75.81026422,45.34478108,5/5/2015,9:20,01 - Clear,01 - Dry,10 - No control,01 - Non intersection,01 - Daylight,03 - P.D. only,03 - Rear end,Greenbelt
11292,HIGHWAY 417 btwn HWY417 IC119B RAMP76 & HWY417 IC119A RAMP67,368408.9568,5030431.485,-75.68734839,45.41092886,2/17/2015,11:15,01 - Clear,01 - Dry,10 - No control,01 - Non intersection,01 - Daylight,03 - P.D. only,07 - SMV other,Centretown
11293,HIGHWAY 417 btwn HWY417 IC117 RAMP26 & HWY417 IC117 RAMP61,370842.1698,5031222.821,-75.65615958,45.41782359,2/17/2015,7:45,01 - Clear,02 - Wet,10 - No control,01 - Non intersection,01 - Daylight,03 - P.D. only,03 - Rear end,Industrial Park
11294,HIGHWAY 417 btwn HWY417 IC118 RAMP57 & HWY417 IC118 RAMP35,369422.6752,5031016.323,-75.67432205,45.41609815,2/17/2015,6:40,01 - Clear,01 - Dry,10 - No control,01 - Non intersection,03 - Dawn,03 - P.D. only,03 - Rear end,Old Ottawa East
11295,HIGHWAY 417 btwn HWY417 IC126 RAMP16 & HWY417 IC126 RAMP61,363121.348,5025814.152,-75.75544123,45.36984343,2/2/2015,8:54,03 - Snow,03 - Loose snow,10 - No control,01 - Non intersection,01 - Daylight,03 - P.D. only,04 - Sideswipe,Carlingwood West - Glabar Park - McKellar Heights
11296,HIGHWAY 417 btwn HWY417 IC117 RAMP36 & HWY417 IC117 RAMP26,370449.0095,5031150.926,-75.66119214,45.41721371,1/26/2015,9:05,01 - Clear,01 - Dry,10 - No control,01 - Non intersection,01 - Daylight,03 - P.D. only,03 - Rear end,Industrial Park
11297,HIGHWAY 417 btwn HWY417 IC117 RAMP36 & HWY417 IC117 RAMP26,370653.3416,5031175.475,-75.65857836,45.41741539,1/26/2015,9:45,01 - Clear,01 - Dry,10 - No control,01 - Non intersection,01 - Daylight,03 - P.D. only,03 - Rear end,Industrial Park