Record,Location,X,Y,lon,lat,Date,Time,Environment,Road_Surface,Traffic_Control,Collision_Location,Light,Collision_Classification,Impact_type,Neighborhood
11298,HIGHWAY 417 btwn HWY417 IC134 RAMP61 & HWY417 IC131 RAMP66,357337.1754,5022672.849,-75.82961328,45.34203532,1/26/2015,2:30,03 - Snow,02 - Wet,10 - No control,01 - Non intersection,07 - Dark,03 - P.D. only,07 - SMV other,Crystal Bay - Lakeview Park - Britannia Village
11299,HIGHWAY 416 btwn HWY416 IC66 RAMP24 & HWY416 IC57 RAMP62,362856.823,5011731.875,-75.76046754,45.24315322,5/24/2015,17:20,01 - Clear,01 - Dry,10 - No control,01 - Non intersection,01 - Daylight,03 - P.D. only,07 - SMV other,Munster Hamlet - Richmond
11300,HIGHWAY 417 btwn HWY417 IC131 RAMP55 & HWY417 IC130 RAMP35,358983.5814,5023032.973,-75.80856682,45.34515049,5/24/2015,20:50,01 - Clear,01 - Dry,10 - No control,01 - Non intersection,07 - Dark,03 - P.D. only,07 - SMV other,Bayshore
11301,HIGHWAY 417 btwn HWY417 IC169 RAMP25 & HWY417 IC163 RAMP51,327827.9167,5023265.895,-76.20612259,45.34896128,5/25/2015,10:35,04 - Freezing Rain,02 - Wet,10 - No control,01 - Non intersection,01 - Daylight,03 - P.D. only,07 - SMV other,Mississipp
11302,HIGHWAY 417 btwn HWY417 IC127 RAMP35 & HWY417 IC127 RAMP25,362149.1129,5024848.543,-75.76796431,45.3612352,5/25/2015,15:16,02 - Rain,02 - Wet,10 - No control,01 - Non intersection,01 - Daylight,03 - P.D. only,99 - Other,Carlingwood West - Glabar Park - McKellar Heights
11303,HIGHWAY 417 btwn HWY417 IC115 RAMP36 & HWY417 IC115 RAMP26,372499.5957,5031523.581,-75.63494323,45.42037129,5/25/2015,16:54,02 - Rain,02 - Wet,10 - No control,01 - Non intersection,01 - Daylight,03 - P.D. only,04 - Sideswipe,Overbrook
11304,HIGHWAY 416 btwn HWY416 IC72 RAMP62 & HWY416 IC72 RAMP24,359399.2217,5019765.437,-75.80362366,45.31571685,2/25/2015,10:11,01 - Clear,06 - Ice,10 - No control,01 - Non intersection,01 - Daylight,03 - P.D. only,07 - SMV other,Greenbelt
11305,HIGHWAY 416 btwn HWY416 IC49 RAMP24 & HWY416 IC42 RAMP42,369718.1522,4999083.114,-75.67472229,45.1287404,2/25/2015,7:20,03 - Snow,04 - Slush,10 - No control,01 - Non intersection,01 - Daylight,03 - P.D. only,04 - Sideswipe,Kars - Osgoode
11306,HIGHWAY 416 btwn HWY416 IC66 RAMP62 & HWY416 IC72 RAMP24,360269.2578,5017725.003,-75.79275613,45.29728872,2/25/2015,9:05,01 - Clear,06 - Ice,10 - No control,01 - Non intersection,01 - Daylight,03 - P.D. only,07 - SMV other,Greenbelt
11307,HWY417 IC144 RAMP25 btwn CARP RD & HIGHWAY 417,347526.6993,5015847.504,-75.95537947,45.28128478,2/25/2015,7:53,03 - Snow,03 - Loose snow,10 - No control,01 - Non intersection,01 - Daylight,03 - P.D. only,07 - SMV other,Stittsville - Basswood
11308,HIGHWAY 417 btwn HWY417 IC169 RAMP35 & HWY417 IC169 RAMP25,325592.6711,5024746.335,-76.23458573,45.36235295,3/15/2015,9:30,03 - Snow,03 - Loose snow,10 - No control,01 - Non intersection,01 - Daylight,03 - P.D. only,04 - Sideswipe,Antrim
11309,HIGHWAY 417 btwn HWY417 IC124 RAMP55 & HWY417 IC124 RAMP65,364475.5795,5027564.648,-75.73794242,45.38548009,3/18/2015,16:45,01 - Clear,01 - Dry,10 - No control,01 - Non intersection,01 - Daylight,03 - P.D. only,03 - Rear end,Civic Hospital - Experimental Farm - Central Park
11310,HIGHWAY 416 btwn HWY416 IC66 RAMP62 & HWY416 IC72 RAMP24,359308.6791,5016117.027,-75.80517947,45.28289516,3/5/2015,10:00,01 - Clear,01 - Dry,10 - No control,01 - Non intersection,01 - Daylight,03 - P.D. only,04 - Sideswipe,Greenbelt
11311,HIGHWAY 417 btwn HWY417 IC144 RAMP51 & HWY417 IC144 RAMP35,347365.9733,5015775.575,-75.95743426,45.28064729,3/4/2015,7:20,01 - Clear,06 - Ice,10 - No control,01 - Non intersection,01 - Daylight,03 - P.D. only,07 - SMV other,Stittsville - Basswood
11312,TRANSITWAY - LINCOLN FIEL @ OTTAWA RIVER PKWY ,360931.6941,5025496.838,-75.78342924,45.36716705,11/19/2015,16:00,02 - Rain,02 - Wet,01 - Traffic signal,02 - Intersection related,05 - Dusk,03 - P.D. only,03 - Rear end,Woodroffe - Lincoln Heights
11313,HIGHWAY 417 btwn HWY417 IC131 RAMP66 & HWY417 IC130 RAMP26,358941.8927,5023044.211,-75.80909754,45.34525483,5/5/2015,12:27,01 - Clear,01 - Dry,10 - No control,01 - Non intersection,01 - Daylight,03 - P.D. only,07 - SMV other,Bayshore
11314,HIGHWAY 417 btwn HWY417 IC120A RAMP52 & HWY417 IC119B RAMP57,368064.2541,5030180.929,-75.69178394,45.40870568,5/5/2015,15:10,01 - Clear,01 - Dry,10 - No control,01 - Non intersection,01 - Daylight,03 - P.D. only,04 - Sideswipe,The Glebe
11315,HIGHWAY 417 btwn HWY417 IC118 RAMP57 & HWY417 IC118 RAMP35,369750.4499,5031135.617,-75.67011882,45.41714116,5/5/2015,19:39,01 - Clear,01 - Dry,10 - No control,01 - Non intersection,05 - Dusk,03 - P.D. only,04 - Sideswipe,Old Ottawa East
11316,HIGHWAY 417 btwn HWY417 IC115 RAMP25 & REGIONAL ROAD 174,373281.1359,5031702.404,-75.62493312,45.42190418,5/6/2015,6:32,01 - Clear,01 - Dry,10 - No control,01 - Non intersection,01 - Daylight,03 - P.D. only,07 - SMV other,Industrial Park
11317,HIGHWAY 417 btwn HWY417 IC119A RAMP75 & HWY417 IC118 RAMP57,368786.5741,5030610.547,-75.6825013,45.41250557,2/17/2015,15:35,01 - Clear,02 - Wet,10 - No control,01 - Non intersection,01 - Daylight,03 - P.D. only,03 - Rear end,Old Ottawa East
11318,HIGHWAY 417 btwn HWY417 IC117 RAMP26 & HWY417 IC117 RAMP61,370833.5055,5031218.489,-75.65627086,45.41778543,2/17/2015,18:15,01 - Clear,01 - Dry,10 - No control,01 - Non intersection,07 - Dark,03 - P.D. only,03 - Rear end,Industrial Park
11319,HIGHWAY 417 btwn HWY417 IC117 RAMP61 & HWY417 IC115 RAMP36,371377.1878,5031401.882,-75.64930006,45.419384,2/17/2015,18:37,01 - Clear,01 - Dry,10 - No control,01 - Non intersection,07 - Dark,03 - P.D. only,03 - Rear end,Industrial Park
11320,HIGHWAY 417 btwn HWY417 IC117 RAMP26 & HWY417 IC117 RAMP61,370949.029,5031276.973,-75.65478709,45.41830074,2/18/2015,9:35,01 - Clear,01 - Dry,10 - No control,01 - Non intersection,01 - Daylight,03 - P.D. only,03 - Rear end,Industrial Park
11321,HIGHWAY 417 btwn HWY417 IC122 RAMP16 & HWY417 IC122 RAMP61,365329.478,5028893.208,-75.72687615,45.39736092,2/2/2015,10:00,03 - Snow,03 - Loose snow,10 - No control,01 - Non intersection,01 - Daylight,03 - P.D. only,04 - Sideswipe,Civi
11322,HIGHWAY 417 btwn HWY417 IC112 RAMP66 & HWY417 IC112 RAMP56,374439.4226,5030877.391,-75.61025066,45.41436681,5/26/2015,12:50,01 - Clear,01 - Dry,10 - No control,01 - Non intersection,01 - Daylight,03 - P.D. only,04 - Sideswipe,Industrial Park
11323,HIGHWAY 417 btwn HWY417 IC115 RAMP25 & REGIONAL ROAD 174,373277.0999,5031702.194,-75.62498472,45.42190269,5/26/2015,17:05,01 - Clear,01 - Dry,10 - No control,01 - Non intersection,01 - Daylight,03 - P.D. only,03 - Rear end,Industrial Park
11324,HIGHWAY 417 btwn HWY417 IC115 RAMP36 & HWY417 IC115 RAMP26,372407.7858,5031513.746,-75.63611758,45.42029167,5/27/2015,8:15,01 - Clear,01 - Dry,10 - No control,01 - Non intersection,01 - Daylight,03 - P.D. only,04 - Sideswipe,Overbrook
11325,HIGHWAY 417 btwn HWY417 IC118 RAMP67 & HWY417 IC117 RAMP36,370005.6882,5031129.025,-75.66685882,45.41705811,2/21/2015,14:00,03 - Snow,03 - Loose snow,10 - No control,01 - Non intersection,01 - Daylight,03 - P.D. only,99 - Other,Old Ottawa East
11326,HIGHWAY 417 btwn HWY417 IC117 RAMP61 & HWY417 IC115 RAMP36,371748.1672,5031445.751,-75.64455438,45.41974332,2/24/2015,9:00,01 - Clear,01 - Dry,10 - No control,01 - Non intersection,01 - Daylight,03 - P.D. only,03 - Rear end,Overbrook
11327,HIGHWAY 417 btwn HWY417 IC121B RAMP51 & HWY417 IC121A RAMP51,366741.6329,5029563.577,-75.70875666,45.40326922,2/25/2015,8:00,03 - Snow,03 - Loose snow,10 - No control,01 - Non intersection,01 - Daylight,03 - P.D. only,07 - SMV other,Little Italy
11328,HIGHWAY 417 btwn HWY417 IC124 RAMP67 & HWY417 IC123 RAMP62,364726.7337,5027975.152,-75.73468563,45.38915229,1/23/2015,6:05,01 - Clear,01 - Dry,10 - No control,01 - Non intersection,07 - Dark,03 - P.D. only,04 - Sideswipe,Westboro
11329,HIGHWAY 417 btwn HWY417 IC117 RAMP36 & HWY417 IC117 RAMP26,370734.2081,5031190.637,-75.6575432,45.4175442,2/19/2015,12:51,01 - Clear,01 - Dry,10 - No control,01 - Non intersection,01 - Daylight,03 - P.D. only,03 - Rear end,Industrial Park
11330,HIGHWAY 417 btwn HWY417 IC124 RAMP76 & HWY417 IC124 RAMP67,364308.282,5027377.158,-75.74010123,45.38380732,3/19/2015,18:55,01 - Clear,01 - Dry,10 - No control,01 - Non intersection,05 - Dusk,03 - P.D. only,03 - Rear end,Westboro
11331,HIGHWAY 417 btwn HWY417 IC155 RAMP61 & HWY417 IC145 RAMP56,340591.761,5019061.042,-76.04354139,45.31058901,3/15/2015,8:45,03 - Snow,04 - Slush,10 - No control,01 - Non intersection,01 - Daylight,03 - P.D. only,07 - SMV other,Carp - Hardwood Plains
11332,OTTAWA RIVER PKWY WB btwn RAMP & RIVER ST,365052.3399,5030362.282,-75.73023612,45.41060322,3/14/2015,2:05,01 - Clear,00 - Unknown,10 - No control,01 - Non intersection,07 - Dark,03 - P.D. only,04 - Sideswipe,Mechanicsville
11333,RUSSELL AVE @ LAURIER AVE,369037.7364,5032219.326,-75.67908301,45.42695777,11/27/2015,11:10,02 - Rain,02 - Wet,02 - Stop sign,03 - At intersection,01 - Daylight,03 - P.D. only,02 - Angle,Sandy Hill
11334,HAWTHORNE AVE/ISABELLA ST @ QUEEN ELIZABETH DR,368662.3633,5030483.69,-75.6841045,45.4113755,12/7/2015,18:05,01 - Clear,01 - Dry,01 - Traffic signal,03 - At intersection,07 - Dark,03 - P.D. only,05 - Turning movement,The Glebe
11335,COLONEL BY DR btwn ROSEDALE AVE & ECHO DR,368314.6322,5028653.282,-75.68878237,45.39493771,6/5/2015,17:51,02 - Rain,02 - Wet,10 - No control,01 - Non intersection,01 - Daylight,03 - P.D. only,07 - SMV other,Old Ottawa South
11336,HIGHWAY 417 btwn HWY417 IC118 RAMP57 & HWY417 IC118 RAMP35,369414.7099,5031012.152,-75.67442436,45.41606135,5/6/2015,16:45,01 - Clear,01 - Dry,10 - No control,01 - Non intersection,01 - Daylight,03 - P.D. only,04 - Sideswipe,Old Ottawa East
11337,HIGHWAY 417 btwn HWY417 IC117 RAMP36 & HWY417 IC117 RAMP26,370711.1034,5031186.305,-75.65783896,45.4175074,5/7/2015,9:12,01 - Clear,01 - Dry,10 - No control,01 - Non intersection,01 - Daylight,03 - P.D. only,03 - Rear end,Industrial Park
11338,HIGHWAY 416 btwn HWY416 IC75A RAMP26 & HWY416 IC72 RAMP62,358929.4297,5021547.052,-75.80942035,45.3317843,5/9/2015,7:30,01 - Clear,01 - Dry,10 - No control,01 - Non intersection,01 - Daylight,03 - P.D. only,07 - SMV other,Briar Green - Leslie Park
11339,BOUNDARY RD @ HWY 417 BOUNDARY IC96R61,387305.7147,5024118.061,-75.4470197,45.35215378,2/15/2015,15:20,01 - Clear,01 - Dry,02 - Stop sign,02 - Intersection related,01 - Daylight,03 - P.D. only,03 - Rear end,Navan - Vars
11340,HIGHWAY 417 btwn HWY417 IC118 RAMP57 & HWY417 IC118 RAMP35,369438.5366,5031026.592,-75.67411806,45.41618908,2/17/2015,6:30,01 - Clear,06 - Ice,10 - No control,01 - Non intersection,03 - Dawn,03 - P.D. only,03 - Rear end,Old Ottawa East
11341,HIGHWAY 417 btwn HWY417 IC127 RAMP25 & HWY417 IC126 RAMP51,363179.1098,5025845.921,-75.75470013,45.37012447,2/17/2015,8:40,01 - Clear,01 - Dry,10 - No control,01 - Non intersection,01 - Daylight,03 - P.D. only,04 - Sideswipe,Braemar Park - Bel Air Heights - Copeland Park
11342,HIGHWAY 417 btwn HWY417 IC131 RAMP53 & HWY417 IC131 RAMP51,357986.4694,5022730.446,-75.82132252,45.34250465,5/27/2015,9:40,01 - Clear,01 - Dry,10 - No control,01 - Non intersection,01 - Daylight,03 - P.D. only,04 - Sideswipe,Greenbelt
11343,HIGHWAY 417 btwn HWY417 IC138 RAMP26 & HWY417 IC138 RAMP61,353147.7621,5020374.662,-75.88329241,45.32165707,5/26/2015,17:30,01 - Clear,01 - Dry,10 - No control,01 - Non intersection,01 - Daylight,03 - P.D. only,04 - Sideswipe,Greenbelt
11344,HIGHWAY 416 btwn HWY416 IC49 RAMP42 & HWY416 IC49 RAMP24,369267.6993,5000928.064,-75.68021028,45.14538265,5/27/2015,14:00,01 - Clear,01 - Dry,10 - No control,01 - Non intersection,01 - Daylight,03 - P.D. only,07 - SMV other,Kars - Osgoode
11345,BOUNDARY RD @ HWY 417 BOUNDARY IC96R51,387507.8808,5023591.707,-75.44452802,45.34739429,5/27/2015,18:10,01 - Clear,01 - Dry,02 - Stop sign,02 - Intersection related,01 - Daylight,03 - P.D. only,03 - Rear end,Greenbelt
11346,HIGHWAY 417 btwn HWY417 IC118 RAMP67 & HWY417 IC117 RAMP36,370128.7893,5031112.513,-75.6652883,45.41689806,2/26/2015,11:30,01 - Clear,01 - Dry,10 - No control,01 - Non intersection,01 - Daylight,03 - P.D. only,03 - Rear end,Old Ottawa East
11347,HIGHWAY 417 btwn HWY417 IC118 RAMP67 & HWY417 IC117 RAMP36,369842.1467,5031155.834,-75.66894465,45.41731455,2/21/2015,15:00,03 - Snow,03 - Loose snow,10 - No control,01 - Non intersection,01 - Daylight,03 - P.D. only,99 - Other,Sandy Hill
11348,HIGHWAY 416 btwn HWY416 IC75A RAMP26 & HWY416 IC72 RAMP62,359184.316,5020909.594,-75.80623879,45.32602872,2/22/2015,8:00,01 - Clear,01 - Dry,10 - No control,01 - Non intersection,01 - Daylight,03 - P.D. only,07 - SMV other,Greenbelt
11349,HIGHWAY 417 btwn HWY417 IC169 RAMP25 & HWY417 IC163 RAMP51,326393.2876,5024170.686,-76.22439128,45.35714873,3/15/2015,9:30,03 - Snow,04 - Slush,10 - No control,01 - Non intersection,01 - Daylight,03 - P.D. only,07 - SMV other,Antrim
11350,HIGHWAY 417 btwn HWY417 IC120B RAMP36 & HWY417 IC119B RAMP76,367950.8063,5030129.331,-75.69323973,45.40825166,3/21/2015,6:50,03 - Snow,03 - Loose snow,10 - No control,01 - Non intersection,01 - Daylight,03 - P.D. only,07 - SMV other,The Glebe
11351,AVIATION PKWY @ OGILVIE RD,373108.3041,5032372.402,-75.62704843,45.42794939,12/24/2015,17:05,01 - Clear,01 - Dry,01 - Traffic signal,03 - At intersection,07 - Dark,03 - P.D. only,05 - Turning movement,Industrial Park
11352,OTTAWA RIVER PKWY @ ISLAND PARK DR,363300.0569,5029454.666,-75.75272845,45.40258533,12/16/2015,17:01,01 - Clear,01 - Dry,01 - Traffic signal,02 - Intersection related,07 - Dark,03 - P.D. only,04 - Sideswipe,Westboro
11353,ISLAND PARK DR @ HELENA ST,364412.239,5028239.35,-75.73866971,45.39155633,12/31/2015,15:58,01 - Clear,01 - Dry,02 - Stop sign,02 - Intersection related,05 - Dusk,03 - P.D. only,05 - Turning movement,Westboro
11354,HIGHWAY 416 btwn HIGHWAY 416 & HWY416 IC57 RAMP53,364755.0001,5007975.467,-75.73674302,45.20919369,5/9/2015,23:00,01 - Clear,01 - Dry,10 - No control,01 - Non intersection,07 - Dark,03 - P.D. only,07 - SMV other,Manotick - North Gower
11355,HWY417 IC131 RAMP55 btwn HIGHWAY 417 & HWY416 IC75B RAMP25,358377.8052,5022767.991,-75.81632524,45.3428127,5/11/2015,7:22,01 - Clear,01 - Dry,10 - No control,01 - Non intersection,01 - Daylight,03 - P.D. only,04 - Sideswipe,Greenbelt
11356,HIGHWAY 417 btwn HWY417 IC121A RAMP16 & HWY417 IC121A RAMP61,367276.438,5029766.876,-75.70189996,45.40505092,2/19/2015,18:53,01 - Clear,01 - Dry,10 - No control,01 - Non intersection,07 - Dark,03 - P.D. only,07 - SMV other,Centretown
11357,HIGHWAY 417 btwn HWY417 IC126 RAMP16 & HWY417 IC126 RAMP61,363158.8932,5025858.195,-75.75495675,45.3702366,2/18/2015,18:20,01 - Clear,01 - Dry,10 - No control,01 - Non intersection,07 - Dark,03 - P.D. only,03 - Rear end,Carlingwood West - Glabar Park - McKellar Heights
11358,HIGHWAY 417 btwn HWY417 IC115 RAMP36 & HWY417 IC115 RAMP26,372436.7798,5031519.249,-75.63574639,45.42033838,2/19/2015,15:15,01 - Clear,01 - Dry,10 - No control,01 - Non intersection,01 - Daylight,03 - P.D. only,03 - Rear end,Overbrook
11359,HIGHWAY 417 btwn HWY417 IC117 RAMP61 & HWY417 IC115 RAMP36,371557.6561,5031421.348,-75.64699172,45.41954195,2/20/2015,7:10,01 - Clear,01 - Dry,10 - No control,01 - Non intersection,03 - Dawn,03 - P.D. only,03 - Rear end,Overbrook
11360,HIGHWAY 417 btwn HWY417 IC130 RAMP35 & HWY417 IC130 RAMP25,359265.8918,5023066.908,-75.8049608,45.34543397,5/28/2015,8:40,01 - Clear,01 - Dry,10 - No control,01 - Non intersection,01 - Daylight,03 - P.D. only,03 - Rear end,Qualicum - Redwood Park
11361,HIGHWAY 417 btwn HWY417 IC110 RAMP64 & HWY417 IC104 RAMP16,377994.605,5026437.59,-75.56549241,45.37405729,5/28/2015,0:30,01 - Clear,01 - Dry,10 - No control,01 - Non intersection,07 - Dark,03 - P.D. only,07 - SMV other,Greenbelt
11362,HIGHWAY 417 btwn HWY417 IC121A RAMP16 & HWY417 IC121A RAMP61,367172.4669,5029724.999,-75.7032333,45.4046834,2/27/2015,7:30,01 - Clear,99 - Other,10 - No control,01 - Non intersection,01 - Daylight,03 - P.D. only,04 - Sideswipe,Centretown West
11363,HIGHWAY 417 btwn HWY417 IC127 RAMP63 & HWY417 IC127 RAMP67,362136.8385,5024865.871,-75.76811896,45.36139212,2/24/2015,16:55,01 - Clear,01 - Dry,10 - No control,01 - Non intersection,01 - Daylight,03 - P.D. only,03 - Rear end,Carlingwood West - Glabar Park - McKellar Heights
11364,HWY417 IC115 RAMP36 btwn HIGHWAY 417 & TRANSIT,372197.0686,5031512.029,-75.63881002,45.42029656,2/27/2015,8:24,01 - Clear,06 - Ice,10 - No control,01 - Non intersection,01 - Daylight,03 - P.D. only,03 - Rear end,Overbrook
11365,HIGHWAY 417 btwn HWY417 IC118 RAMP76 & HWY417 IC118 RAMP67,369504.9626,5031087.242,-75.67326147,45.41672864,2/23/2015,10:25,01 - Clear,03 - Loose snow,10 - No control,01 - Non intersection,01 - Daylight,03 - P.D. only,99 - Other,Sandy Hill
11366,ROCKCLIFFE PKWY btwn Continuation of ROCKCLIFFE PKWY & GL/OT BOUNDARY,372423.2948,5035823.929,-75.63532725,45.45907107,12/21/2015,15:10,02 - Rain,06 - Ice,10 - No control,01 - Non intersection,01 - Daylight,03 - P.D. only,07 - SMV other,Gloucester
11367,BYRON AVE @ ISLAND PARK DR,364253.3558,5028610.077,-75.74065402,45.39490557,11/27/2015,17:46,02 - Rain,02 - Wet,01 - Traffic signal,02 - Intersection related,07 - Dark,03 - P.D. only,03 - Rear end,Island Park
11368,OTTAWA RIVER PKWY WB RAMP/CARLING AVE WB btwn CARLING AVE & OTTAWA RIV,360869.4234,5025365.516,-75.78423902,45.36599041,12/9/2015,18:11,01 - Clear,01 - Dry,10 - No control,01 - Non intersection,07 - Dark,03 - P.D. only,03 - Rear end,Woodroffe - Lincoln Heights
11369,HIGHWAY 417 btwn HWY417 IC121A RAMP51 & HWY417 IC120A RAMP52,367267.7738,5029734.385,-75.70201475,45.40475935,5/11/2015,8:10,02 - Rain,02 - Wet,10 - No control,01 - Non intersection,01 - Daylight,03 - P.D. only,03 - Rear end,Centretown West
11370,HIGHWAY 417 btwn HWY417 IC127 RAMP63 & HWY417 IC127 RAMP67,362159.9432,5024883.2,-75.76782205,45.36154615,5/11/2015,17:00,01 - Clear,01 - Dry,10 - No control,01 - Non intersection,01 - Daylight,03 - P.D. only,03 - Rear end,Carlingwood West - Glabar Park - McKellar Heights
11371,HIGHWAY 417 btwn HWY417 IC117 RAMP26 & HWY417 IC117 RAMP61,370834.1904,5031217.738,-75.65626221,45.41777861,2/20/2015,8:40,01 - Clear,99 - Other,10 - No control,01 - Non intersection,01 - Daylight,03 - P.D. only,07 - SMV other,Industrial Park
11372,HWY417 IC138 RAMP36 btwn HIGHWAY 417 & MARCH RD,352574.4769,5020011.485,-75.89063966,45.31842837,2/20/2015,6:40,01 - Clear,03 - Loose snow,10 - No control,01 - Non intersection,03 - Dawn,03 - P.D. only,07 - SMV other,Kanata
11373,HIGHWAY 417 btwn HWY417 IC127 RAMP35 & HWY417 IC127 RAMP25,362145.5028,5024843.489,-75.76801097,45.36119001,2/20/2015,6:50,01 - Clear,02 - Wet,10 - No control,01 - Non intersection,03 - Dawn,03 - P.D. only,03 - Rear end,Braemar Park - Bel Air Heights - Copeland Park
11374,HWY417 IC144 RAMP35 btwn HIGHWAY 417 & CARP RD,347426.6231,5015623.228,-75.95667431,45.27927274,2/20/2015,8:15,01 - Clear,01 - Dry,10 - No control,01 - Non intersection,01 - Daylight,03 - P.D. only,07 - SMV other,Stittsville - Basswood
11375,HIGHWAY 417 btwn HWY417 IC117 RAMP61 & HWY417 IC115 RAMP36,371204.2442,5031379.807,-75.6515126,45.41920182,2/20/2015,7:25,01 - Clear,01 - Dry,10 - No control,01 - Non intersection,01 - Daylight,03 - P.D. only,03 - Rear end,Overbrook
11376,HWY417 IC124 RAMP57 btwn HIGHWAY 417 & CARLING AVE,364124.1665,5027029.865,-75.74249384,45.38069806,5/30/2015,23:36,01 - Clear,02 - Wet,10 - No control,01 - Non intersection,07 - Dark,03 - P.D. only,03 - Rear end,Carlington
11377,HIGHWAY 417 btwn HWY417 IC117 RAMP26 & HWY417 IC117 RAMP61,370922.6557,5031259.951,-75.65512632,45.41815007,5/31/2015,11:20,01 - Clear,01 - Dry,10 - No control,01 - Non intersection,01 - Daylight,03 - P.D. only,07 - SMV other,Industrial Park
11378,HIGHWAY 417 btwn HWY417 IC118 RAMP57 & HWY417 IC118 RAMP35,369447.5655,5031033.236,-75.67400184,45.41624802,6/2/2015,15:50,01 - Clear,01 - Dry,10 - No control,01 - Non intersection,01 - Daylight,03 - P.D. only,04 - Sideswipe,Old Ottawa East
11379,HIGHWAY 417 btwn HWY417 IC118 RAMP76 & HWY417 IC118 RAMP67,369430.959,5031043.345,-75.67421268,45.41634052,5/31/2015,0:00,00 - Unknown,00 - Unknown,10 - No control,01 - Non intersection,00 - Unknown,03 - P.D. only,07 - SMV other,Old Ottawa East
11380,HIGHWAY 417 btwn HWY417 IC155 RAMP25 & RAMP,343356.4301,5016505.618,-76.00848306,45.28744788,6/1/2015,6:30,01 - Clear,01 - Dry,10 - No control,01 - Non intersection,01 - Daylight,03 - P.D. only,07 - SMV other,Carp - Hardwood Plains
11381,HIGHWAY 417 btwn HWY417 IC118 RAMP35 & HWY417 IC117 RAMP51,370186.9157,5031098.94,-75.6645475,45.4167705,2/24/2015,9:10,01 - Clear,01 - Dry,10 - No control,01 - Non intersection,01 - Daylight,03 - P.D. only,07 - SMV other,Old Ottawa East
11382,HIGHWAY 417 btwn HWY417 IC117 RAMP51 & HWY417 IC117 RAMP35,370669.2261,5031168.254,-75.65837639,45.41734892,2/24/2015,10:25,01 - Clear,01 - Dry,10 - No control,01 - Non intersection,01 - Daylight,03 - P.D. only,03 - Rear end,Industrial Park
11383,ROCKCLIFFE PKWY btwn Continuation of ROCKCLIFFE PKWY & GL/OT BOUNDARY,372571.0282,5035860.166,-75.63343346,45.45938279,11/25/2015,8:00,01 - Clear,01 - Dry,10 - No control,01 - Non intersection,01 - Daylight,03 - P.D. only,03 - Rear end,Gloucester
11384,OTTAWA RIVER PKWY @ WOODROFFE AVE,361426.9082,5026998.946,-75.77693567,45.38064306,12/15/2015,6:30,02 - Rain,02 - Wet,02 - Stop sign,02 - Intersection related,07 - Dark,03 - P.D. only,03 - Rear end,Woodroffe - Lincoln Heights
11385,COLONEL BY DR @ LEONARD AVE,368233.7969,5028576.628,-75.68982456,45.39425533,12/10/2015,16:50,01 - Clear,01 - Dry,02 - Stop sign,02 - Intersection related,05 - Dusk,03 - P.D. only,03 - Rear end,Old Ottawa South
11386,COLONEL BY DR btwn LEONARD AVE & ROSEDALE AVE,368270.0334,5028604.502,-75.68935821,45.39450285,12/29/2015,18:03,03 - Snow,03 - Loose snow,10 - No control,01 - Non intersection,07 - Dark,03 - P.D. only,01 - Approaching,Old Ottawa South
11387,HIGHWAY 417 btwn HWY417 IC131 RAMP53 & HWY417 IC131 RAMP51,357887.7411,5022726.521,-75.82258266,45.34247681,5/13/2015,6:25,01 - Clear,01 - Dry,10 - No control,01 - Non intersection,01 - Daylight,03 - P.D. only,07 - SMV other,Greenbelt
11388,HIGHWAY 417 btwn HWY417 IC118 RAMP35 & HWY417 IC117 RAMP51,370198.468,5031101.106,-75.66439962,45.41678891,5/13/2015,10:30,01 - Clear,01 - Dry,10 - No control,01 - Non intersection,01 - Daylight,03 - P.D. only,04 - Sideswipe,Old Ottawa East
11389,HIGHWAY 417 btwn HWY417 IC129 RAMP25 & HWY417 IC129 RAMP35,360506.2465,5023561.845,-75.7890781,45.34979,5/13/2015,15:45,01 - Clear,01 - Dry,10 - No control,01 - Non intersection,01 - Daylight,03 - P.D. only,03 - Rear end,Whitehaven - Queensway Terrace North
11390,HWY417 IC140 RAMP25 btwn TERRY FOX DR & HIGHWAY 417,351113.7613,5018372.389,-75.90942318,45.30377725,5/13/2015,17:15,01 - Clear,01 - Dry,10 - No control,01 - Non intersection,01 - Daylight,03 - P.D. only,03 - Rear end,Katimavik - Hazeldean
11391,HIGHWAY 417 btwn HWY417 IC117 RAMP51 & HWY417 IC117 RAMP35,370841.7893,5031205.078,-75.65616682,45.41766398,2/20/2015,7:10,01 - Clear,01 - Dry,10 - No control,01 - Non intersection,03 - Dawn,03 - P.D. only,07 - SMV other,Industrial Park
11392,HIGHWAY 417 btwn HWY417 IC118 RAMP57 & HWY417 IC118 RAMP35,369454.0637,5031038.291,-75.67391816,45.41629291,2/20/2015,18:05,01 - Clear,01 - Dry,10 - No control,01 - Non intersection,07 - Dark,03 - P.D. only,03 - Rear end,Old Ottawa East
11393,HIGHWAY 417 btwn HWY417 IC119B RAMP76 & HWY417 IC119A RAMP67,368430.6174,5030443.038,-75.6870702,45.41103084,2/20/2015,17:22,01 - Clear,01 - Dry,10 - No control,01 - Non intersection,05 - Dusk,03 - P.D. only,03 - Rear end,Centretown
11394,HIGHWAY 417 btwn RAMP & HWY417 IC129 RAMP76,359850.4102,5023169.306,-75.79749093,45.34630972,2/21/2015,12:25,03 - Snow,04 - Slush,10 - No control,01 - Non intersection,01 - Daylight,03 - P.D. only,07 - SMV other,Whitehaven - Queensway Terrace North
11395,HIGHWAY 417 btwn HWY417 IC115 RAMP61 & REGIONAL ROAD 174,373211.2251,5031699.916,-75.6258267,45.42188864,6/1/2015,8:58,01 - Clear,01 - Dry,10 - No control,01 - Non intersection,01 - Daylight,03 - P.D. only,04 - Sideswipe,Cummings
11396,HIGHWAY 417 btwn HWY417 IC144 RAMP35 & HWY417 IC144 RAMP25,347473.2697,5015874.219,-75.95605819,45.28152842,6/2/2015,1:00,01 - Clear,01 - Dry,10 - No control,01 - Non intersection,07 - Dark,03 - P.D. only,07 - SMV other,Stittsville - Basswood