Record,Location,X,Y,lon,lat,Date,Time,Environment,Road_Surface,Traffic_Control,Collision_Location,Light,Collision_Classification,Impact_type,Neighborhood
11494,HIGHWAY 417 btwn HWY417 IC126 RAMP61 & HWY417 IC124 RAMP76,364103.8142,5027116.767,-75.74274326,45.38148171,9/3/2015,11:15,01 - Clear,01 - Dry,10 - No control,01 - Non intersection,01 - Daylight,03 - P.D. only,04 - Sideswipe,Westboro
11495,HIGHWAY 417 btwn HWY417 IC121A RAMP16 & HWY417 IC121A RAMP61,367283.6583,5029768.32,-75.70180755,45.40506327,9/3/2015,15:10,01 - Clear,01 - Dry,10 - No control,01 - Non intersection,01 - Daylight,03 - P.D. only,04 - Sideswipe,The Glebe
11496,HIGHWAY 417 btwn HWY417 IC129 RAMP25 & HWY417 IC129 RAMP35,360489.4317,5023551.483,-75.78929384,45.34969809,9/3/2015,15:39,01 - Clear,01 - Dry,10 - No control,01 - Non intersection,01 - Daylight,03 - P.D. only,03 - Rear end,Whitehaven - Queensway Terrace North
11497,HIGHWAY 417 btwn HWY417 IC127 RAMP67 & HWY417 IC126 RAMP16,362916.6552,5025513.135,-75.75808963,45.36715191,2/2/2015,12:35,01 - Clear,06 - Ice,10 - No control,01 - Non intersection,01 - Daylight,03 - P.D. only,07 - SMV other,Carlingwood West - Glabar Park - McKellar Heights
11498,HWY417 IC127 RAMP35 btwn HIGHWAY 417 & WOODROFFE AVE,362151.279,5024742.406,-75.76794898,45.36028001,2/2/2015,15:50,01 - Clear,06 - Ice,10 - No control,01 - Non intersection,01 - Daylight,03 - P.D. only,07 - SMV other,Iris
11499,HIGHWAY 417 btwn HWY417 IC96 RAMP61 & HWY417 IC88 RAMP16,390429.0297,5023338.923,-75.4073004,45.34476944,2/3/2015,5:20,01 - Clear,06 - Ice,10 - No control,01 - Non intersection,07 - Dark,03 - P.D. only,07 - SMV other,Navan - Vars
11500,HWY417 IC138 RAMP25 btwn EAGLESON RD & EAGLESON RD,353067.2257,5020249.7,-75.88433183,45.32053817,2/8/2015,7:40,03 - Snow,06 - Ice,10 - No control,01 - Non intersection,01 - Daylight,03 - P.D. only,07 - SMV other,Greenbelt
11501,HIGHWAY 417 btwn HWY417 IC140 RAMP51 & HWY417 IC140 RAMP35,350488.6664,5018287.397,-75.91740159,45.3030534,1/30/2015,9:20,01 - Clear,06 - Ice,10 - No control,01 - Non intersection,01 - Daylight,03 - P.D. only,07 - SMV other,Katimavik - Hazeldean
11502,AVIATION PKWY btwn HEMLOCK RD NB ONRAMP & ROCKCLIFFE PRKY RAMPS S,371596.8673,5035329.16,-75.64596047,45.45469888,9/3/2015,5:57,"07 - Fog, mist, smoke, dust",01 - Dry,10 - No control,01 - Non intersection,03 - Dawn,03 - P.D. only,03 - Rear end,Gloucester
11503,QUEEN ELIZABETH DRWY btwn QUEEN ELIZABETH PL & FIFTH AVE,368968.803,5029156.343,-75.68036262,45.39940445,9/11/2015,19:37,02 - Rain,02 - Wet,10 - No control,01 - Non intersection,07 - Dark,03 - P.D. only,07 - SMV other,The Glebe
11504,HIGHWAY 417 btwn HWY417 IC123 RAMP62 & HWY417 IC122 RAMP16,364875.3419,5028247.986,-75.73275473,45.39159446,9/3/2015,16:20,01 - Clear,01 - Dry,10 - No control,01 - Non intersection,01 - Daylight,03 - P.D. only,03 - Rear end,Island Park
11505,HIGHWAY 417 btwn HWY417 IC118 RAMP67 & HWY417 IC117 RAMP36,370244.6774,5031119.879,-75.66380677,45.4169535,9/4/2015,15:10,01 - Clear,01 - Dry,10 - No control,01 - Non intersection,01 - Daylight,03 - P.D. only,03 - Rear end,Sand
11506,HIGHWAY 417 btwn HWY417 IC119A RAMP67 & HWY417 IC118 RAMP76,368945.0384,5030717.713,-75.68046301,45.41345531,9/4/2015,15:35,01 - Clear,01 - Dry,10 - No control,01 - Non intersection,01 - Daylight,03 - P.D. only,04 - Sideswipe,Old Ottawa East
11507,HIGHWAY 417 btwn HWY417 IC127 RAMP35 & HWY417 IC127 RAMP25,362149.1129,5024847.099,-75.76796448,45.3612222,9/4/2015,16:05,01 - Clear,01 - Dry,10 - No control,01 - Non intersection,01 - Daylight,03 - P.D. only,03 - Rear end,Braemar Park - Bel Air Heights - Copeland Park
11508,ISLAND PARK DR @ MERIVALE RD,364650.8219,5028022.248,-75.73564928,45.38958254,9/12/2015,8:28,02 - Rain,02 - Wet,01 - Traffic signal,02 - Intersection related,01 - Daylight,03 - P.D. only,03 - Rear end,Westboro
11509,PARKDALE AVE WB OFF RAMP/OTTAWA RIVER PKWY btwn OTTAWA RIVER PKWY & PA,364645.5592,5030398.321,-75.73542818,45.4109624,9/12/2015,14:10,02 - Rain,02 - Wet,10 - No control,06 - Underpass or tunnel,01 - Daylight,03 - P.D. only,07 - SMV other,Tunney's Pasture
11510,COLONEL BY DR btwn ECHO DR & CLEGG ST (2),368976.6969,5029708.918,-75.68018989,45.40437561,9/12/2015,14:45,02 - Rain,02 - Wet,10 - No control,01 - Non intersection,01 - Daylight,03 - P.D. only,03 - Rear end,Old Ottawa East
11511,HIGHWAY 417 btwn RAMP & HWY417 IC88 RAMP51,392415.0212,5022866.935,-75.38204584,45.34027774,9/8/2015,2:31,01 - Clear,01 - Dry,10 - No control,01 - Non intersection,07 - Dark,03 - P.D. only,99 - Other,Navan - Vars
11512,HWY417 IC119A RAMP75 btwn METCALFE ST & HIGHWAY 417,368505.7462,5030445.774,-75.68611012,45.41104862,9/8/2015,8:40,01 - Clear,01 - Dry,10 - No control,01 - Non intersection,01 - Daylight,03 - P.D. only,03 - Rear end,The Glebe
11513,HIGHWAY 417 btwn HWY417 IC122 RAMP61 & HWY417 IC121B RAMP16,366451.4996,5029493.93,-75.71247118,45.40266817,10/14/2015,16:27,01 - Clear,01 - Dry,10 - No control,01 - Non intersection,01 - Daylight,03 - P.D. only,04 - Sideswipe,Little Italy
11514,HIGHWAY 417 btwn HWY417 IC134 RAMP26 & HWY417 IC134 RAMP61,356573.7016,5022383.393,-75.83938502,45.33948753,10/14/2015,17:48,01 - Clear,01 - Dry,10 - No control,01 - Non intersection,01 - Daylight,03 - P.D. only,03 - Rear end,Crystal Bay - Lakeview Park - Britannia Village
11515,HIGHWAY 417 btwn HWY417 IC121A RAMP51 & HWY417 IC120A RAMP52,367261.9976,5029732.219,-75.7020888,45.40474038,10/14/2015,17:54,01 - Clear,01 - Dry,10 - No control,01 - Non intersection,01 - Daylight,03 - P.D. only,03 - Rear end,Centretown West
11516,HIGHWAY 417 btwn HWY417 IC127 RAMP63 & HWY417 IC127 RAMP67,362152.723,5024873.092,-75.76791538,45.36145579,10/14/2015,13:30,01 - Clear,01 - Dry,10 - No control,01 - Non intersection,01 - Daylight,03 - P.D. only,04 - Sideswipe,Carlingwood West - Glabar Park - McKellar Heights
11517,AVIATION PKWY @ OGILVIE RD,373107.8549,5032377.067,-75.62705352,45.42799141,4/24/2015,17:00,01 - Clear,01 - Dry,01 - Traffic signal,03 - At intersection,01 - Daylight,03 - P.D. only,05 - Turning movement,Industrial Park
11518,OTTAWA RIVER PKWY EB btwn TUNNEY'S PASTURE/REMIC RAPIDS ENT & ISLAND P,364261.3879,5030185.185,-75.74036152,45.40907739,9/10/2015,20:57,01 - Clear,01 - Dry,10 - No control,01 - Non intersection,07 - Dark,03 - P.D. only,04 - Sideswipe,Island Park
11519,ISLAND PARK DR btwn RUSKIN ST & DEVONSHIRE AVE,364969.2105,5028151.182,-75.73156781,45.39071538,8/3/2015,12:10,01 - Clear,01 - Dry,10 - No control,04 - At/near private drive,01 - Daylight,03 - P.D. only,05 - Turning movement,Civic Hospital - Experimental Farm - Central Park
11520,HIGHWAY 417 btwn HWY 417 ANDERSON IC104R61 & HWY 417 BOUNDARY IC96R16,385013.6216,5024961.762,-75.47613091,45.36001067,9/8/2015,8:10,01 - Clear,01 - Dry,10 - No control,01 - Non intersection,01 - Daylight,03 - P.D. only,07 - SMV other,Greenbelt
11521,HIGHWAY 417 btwn HWY417 IC127 RAMP25 & HWY417 IC126 RAMP51,363173.3336,5025840.867,-75.75477446,45.37007948,9/8/2015,9:20,01 - Clear,01 - Dry,10 - No control,01 - Non intersection,01 - Daylight,03 - P.D. only,03 - Rear end,Carlingwood West - Glabar Park - McKellar Heights
11522,HIGHWAY 417 btwn HWY417 IC96 RAMP61 & HWY417 IC88 RAMP16,392398.6908,5022909.08,-75.38224671,45.34065895,9/8/2015,8:00,01 - Clear,01 - Dry,10 - No control,01 - Non intersection,01 - Daylight,03 - P.D. only,07 - SMV other,Navan - Vars
11523,HIGHWAY 417 btwn HWY417 IC122 RAMP61 & HWY417 IC121B RAMP16,366553.5347,5029526.907,-75.71116379,45.40295589,9/8/2015,11:10,01 - Clear,01 - Dry,10 - No control,01 - Non intersection,01 - Daylight,03 - P.D. only,03 - Rear end,Little Italy
11524,HIGHWAY 417 btwn HWY417 IC118 RAMP76 & HWY417 IC118 RAMP67,369555.5041,5031108.903,-75.67261292,45.41691887,1/23/2015,19:30,01 - Clear,01 - Dry,10 - No control,01 - Non intersection,07 - Dark,03 - P.D. only,04 - Sideswipe,Sandy Hill
11525,HIGHWAY 417 btwn HWY417 IC118 RAMP67 & HWY417 IC117 RAMP36,370390.1471,5031141.204,-75.66194545,45.41713176,1/14/2015,22:21,01 - Clear,01 - Dry,10 - No control,01 - Non intersection,07 - Dark,03 - P.D. only,03 - Rear end,Industrial Park
11526,HIGHWAY 417 btwn HWY417 IC117 RAMP26 & HWY417 IC117 RAMP61,371036.3565,5031326.763,-75.6536647,45.41874046,1/21/2015,7:20,01 - Clear,01 - Dry,10 - No control,01 - Non intersection,03 - Dawn,03 - P.D. only,03 - Rear end,Overbrook
11527,HIGHWAY 417 btwn HWY417 IC113 RAMP62 & HWY417 IC113 RAMP65,373966.3204,5031785.969,-75.61616699,45.42258865,1/21/2015,8:50,01 - Clear,01 - Dry,10 - No control,01 - Non intersection,01 - Daylight,03 - P.D. only,03 - Rear end,Pineview
11528,HIGHWAY 417 btwn HWY417 IC119A RAMP67 & HWY417 IC118 RAMP76,369042.8687,5030776.051,-75.67920562,45.41397124,10/14/2015,22:00,01 - Clear,01 - Dry,10 - No control,01 - Non intersection,07 - Dark,03 - P.D. only,03 - Rear end,Old Ottawa East
11529,SUSSEX DR btwn GEORGE ST & RIDEAU ST,367918.3134,5032052.715,-75.69340843,45.42556058,10/15/2015,10:15,01 - Clear,00 - Unknown,10 - No control,01 - Non intersection,01 - Daylight,03 - P.D. only,07 - SMV other,Byward Market - Parliament Hill
11530,HWY416 IC57 RAMP34 btwn HIGHWAY 416 & BROPHY DR,364508.0687,5008350.918,-75.7398413,45.212593,10/15/2015,0:30,01 - Clear,01 - Dry,10 - No control,01 - Non intersection,07 - Dark,03 - P.D. only,07 - SMV other,New Barrhaven
11531,OTTAWA RIVER PKWY EB btwn TUNNEY'S PASTURE/REMIC RAPIDS ENT & ISLAND P,364327.8285,5030253.599,-75.73950454,45.40968732,8/26/2015,18:09,01 - Clear,01 - Dry,10 - No control,01 - Non intersection,01 - Daylight,03 - P.D. only,04 - Sideswipe,Tunney's Pasture
11532,QUEEN ELIZABETH DRWY @ QUEEN ELIZABETH PL,368588.3593,5028841.901,-75.68526225,45.39660997,9/8/2015,17:57,01 - Clear,01 - Dry,02 - Stop sign,03 - At intersection,01 - Daylight,03 - P.D. only,02 - Angle,The Glebe
11533,AVIATION PKWY @ OGILVIE RD,373110.7055,5032371.366,-75.62701789,45.42793984,9/9/2015,8:00,01 - Clear,01 - Dry,01 - Traffic signal,02 - Intersection related,01 - Daylight,03 - P.D. only,03 - Rear end,Industrial Park
11534,HIGHWAY 417 btwn HWY417 IC124 RAMP67 & HWY417 IC123 RAMP62,364759.8416,5028036.542,-75.73425539,45.38970183,9/8/2015,15:10,01 - Clear,01 - Dry,10 - No control,01 - Non intersection,01 - Daylight,03 - P.D. only,04 - Sideswipe,Westboro
11535,HIGHWAY 417 btwn HWY417 IC122 RAMP16 & HWY417 IC122 RAMP61,365325.8679,5028892.486,-75.72692235,45.39735474,9/8/2015,16:00,01 - Clear,01 - Dry,10 - No control,01 - Non intersection,01 - Daylight,03 - P.D. only,03 - Rear end,Civi
11536,HIGHWAY 417 btwn HWY417 IC120B RAMP36 & HWY417 IC119B RAMP76,367797.3169,5030029.093,-75.69521319,45.40736358,9/9/2015,15:40,01 - Clear,01 - Dry,10 - No control,01 - Non intersection,01 - Daylight,03 - P.D. only,03 - Rear end,The Glebe
11537,HWY 417 WOODROFF IC127R53 @ WOODROFFE AVE,362206.2464,5024626.548,-75.76726087,45.35923303,9/9/2015,18:41,01 - Clear,01 - Dry,03 - Yield sign,02 - Intersection related,01 - Daylight,03 - P.D. only,03 - Rear end,Iris
11538,HIGHWAY 417 btwn HWY417 IC122 RAMP51 & HWY417 IC122 RAMP15,365309.2614,5028859.273,-75.72713851,45.39705733,10/15/2015,9:12,01 - Clear,01 - Dry,10 - No control,01 - Non intersection,01 - Daylight,03 - P.D. only,03 - Rear end,Civi
11539,HIGHWAY 417 btwn HWY417 IC140 RAMP35 & HWY417 IC140 RAMP25,351032.1729,5018615.71,-75.91044081,45.30597209,10/15/2015,16:35,02 - Rain,02 - Wet,10 - No control,01 - Non intersection,01 - Daylight,03 - P.D. only,07 - SMV other,Katimavik - Hazeldean
11540,HWY417 IC117 RAMP26 btwn HIGHWAY 417 & VANIER PKWY,370880.0564,5031257.785,-75.65567086,45.41813461,10/15/2015,17:30,02 - Rain,02 - Wet,10 - No control,01 - Non intersection,01 - Daylight,03 - P.D. only,03 - Rear end,Industrial Park
11541,HIGHWAY 417 btwn HWY417 IC117 RAMP51 & HWY417 IC117 RAMP35,370872.8362,5031214.464,-75.65576891,45.4177455,10/16/2015,8:14,01 - Clear,01 - Dry,10 - No control,01 - Non intersection,01 - Daylight,03 - P.D. only,04 - Sideswipe,Industrial Park
11542,CHAMPLAIN BRIDGE/ISLAND PARK DR btwn BATE ISLAND & PROVINCIAL BOUNDARY,362866.1353,5030161.065,-75.75818765,45.40897751,9/16/2015,17:18,01 - Clear,01 - Dry,10 - No control,01 - Non intersection,01 - Daylight,03 - P.D. only,03 - Rear end,Westboro
11543,ROCKCLIFFE PKWY btwn PRINCESS AVE & BUENA VISTA RD,368479.5984,5034767.613,-75.68588525,45.44993734,9/18/2015,22:10,01 - Clear,01 - Dry,10 - No control,01 - Non intersection,07 - Dark,03 - P.D. only,07 - SMV other,Rockcliffe - Manor Park
11544,HIGHWAY 417 btwn HWY417 IC118 RAMP67 & HWY417 IC117 RAMP36,370212.9084,5031118.435,-75.66421283,45.41694348,9/10/2015,17:15,01 - Clear,01 - Dry,10 - No control,01 - Non intersection,01 - Daylight,03 - P.D. only,03 - Rear end,Sandy Hill
11545,HWY417 IC119A RAMP75 btwn METCALFE ST & HIGHWAY 417,368506.4297,5030446.648,-75.68610127,45.41105642,10/16/2015,22:15,02 - Rain,02 - Wet,10 - No control,01 - Non intersection,07 - Dark,03 - P.D. only,04 - Sideswipe,The Glebe
11546,HWY417 IC126 RAMP51 btwn HIGHWAY 417 & HWY417 IC126 RAMP52,363260.247,5025928.186,-75.75365464,45.37085792,10/17/2015,2:58,01 - Clear,01 - Dry,10 - No control,01 - Non intersection,07 - Dark,03 - P.D. only,07 - SMV other,Carlington
11547,MACDONALD-CARTIER BR btwn RAMP & END (1),367458.6498,5033216.894,-75.69913377,45.43607679,9/23/2015,20:40,01 - Clear,01 - Dry,10 - No control,01 - Non intersection,07 - Dark,03 - P.D. only,04 - Sideswipe,Byward Market - Parliament Hill
11548,TRANSITWAY - LINCOLN FIEL @ OTTAWA RIVER PKWY ,360922.4737,5025494.874,-75.78354716,45.36715012,9/27/2015,0:00,02 - Rain,02 - Wet,01 - Traffic signal,02 - Intersection related,00 - Unknown,03 - P.D. only,05 - Turning movement,Woodroffe - Lincoln Heights
11549,HWY417 IC138 RAMP63 btwn MARCH RD & HWY417 IC138 RAMP62,352959.6445,5020482.913,-75.88568131,45.32264406,10/17/2015,9:50,01 - Clear,01 - Dry,10 - No control,01 - Non intersection,01 - Daylight,03 - P.D. only,04 - Sideswipe,Greenbelt
11550,COLONEL BY DR btwn UNIVERSITY RD & HOG'S BACK RD,367469.1751,5026084.287,-75.69990573,45.37189874,9/29/2015,17:43,02 - Rain,02 - Wet,10 - No control,01 - Non intersection,01 - Daylight,03 - P.D. only,03 - Rear end,Carleton University
11551,COLONEL BY DR btwn ECHO DR & CLEGG ST (2),368984.8101,5029669.887,-75.68009135,45.40402368,9/29/2015,18:24,02 - Rain,02 - Wet,10 - No control,01 - Non intersection,05 - Dusk,03 - P.D. only,01 - Approaching,Old Ottawa East
11552,CHAMPLAIN BRIDGE/ISLAND PARK DR @ BATE ISLAND,362967.8793,5030052.304,-75.75690078,45.40799045,10/8/2015,7:39,01 - Clear,01 - Dry,02 - Stop sign,02 - Intersection related,01 - Daylight,03 - P.D. only,07 - SMV other,Westboro
11553,QUEEN ELIZABETH DRWY @ SOMERSET ST,368574.3256,5031480.229,-75.68510018,45.42035005,10/9/2015,11:35,02 - Rain,02 - Wet,02 - Stop sign,03 - At intersection,01 - Daylight,03 - P.D. only,05 - Turning movement,Golden Triangle
11554,OTTAWA RIVER PKWY @ REMIC RAPIDS ENT/TUNNEY'S ,364255.4674,5030252.284,-75.74042906,45.40968164,10/8/2015,13:10,02 - Rain,02 - Wet,01 - Traffic signal,02 - Intersection related,01 - Daylight,03 - P.D. only,03 - Rear end,Island Park
11555,KING EDWARD AVE @ LAURIER AVE,368739.2211,5032034.558,-75.68292144,45.42532265,10/15/2015,15:40,01 - Clear,01 - Dry,01 - Traffic signal,02 - Intersection related,01 - Daylight,03 - P.D. only,99 - Other,Sandy Hill
11556,ISLAND PARK DR btwn MAILES AVE & RICHMOND RD,364097.5888,5028887.51,-75.74260997,45.39741507,10/16/2015,17:00,01 - Clear,01 - Dry,10 - No control,01 - Non intersection,01 - Daylight,03 - P.D. only,04 - Sideswipe,Island Park
11557,ISLAND PARK DR btwn CLEARVIEW AVE & OTTAWA RIVER PKWY,363469.5826,5029396.23,-75.75057009,45.40204534,10/16/2015,17:47,01 - Clear,01 - Dry,10 - No control,01 - Non intersection,01 - Daylight,03 - P.D. only,03 - Rear end,Island Park
11558,OTTAWA RIVER PKWY btwn VIMY PLACE PRIV & BOOTH ST,366234.2132,5030985.542,-75.71506063,45.4161084,10/15/2015,0:00,01 - Clear,01 - Dry,10 - No control,01 - Non intersection,00 - Unknown,03 - P.D. only,04 - Sideswipe,LeBreton Flats
11559,HWY417 IC131 RAMP63 btwn HWY417 IC131 RAMP53 & HWY417 IC131 RAMP66,358441.5053,5022643.747,-75.81552593,45.34168988,11/29/2015,3:09,01 - Clear,01 - Dry,10 - No control,01 - Non intersection,07 - Dark,03 - P.D. only,07 - SMV other,Greenbelt
11560,HIGHWAY 417 btwn HWY417 IC115 RAMP36 & HWY417 IC115 RAMP26,372437.5018,5031520.693,-75.63573697,45.42035131,11/30/2015,9:40,01 - Clear,01 - Dry,10 - No control,01 - Non intersection,01 - Daylight,03 - P.D. only,04 - Sideswipe,Overbrook
11561,HIGHWAY 417 btwn HWY417 IC144 RAMP16 & HWY417 IC144 RAMP61,347456.6632,5015913.208,-75.95626651,45.28188026,11/29/2015,17:30,01 - Clear,01 - Dry,10 - No control,01 - Non intersection,07 - Dark,03 - P.D. only,07 - SMV other,Stittsville - Basswood
11562,HIGHWAY 417 btwn HWY417 IC122 RAMP61 & HWY417 IC121B RAMP16,366069.6597,5029341.98,-75.71736718,45.40133448,8/19/2015,10:10,01 - Clear,01 - Dry,10 - No control,01 - Non intersection,01 - Daylight,03 - P.D. only,04 - Sideswipe,Centretow
11563,HIGHWAY 417 btwn HWY417 IC120B RAMP36 & HWY417 IC119B RAMP76,367756.9994,5029999.637,-75.69573195,45.40710218,8/19/2015,18:16,01 - Clear,01 - Dry,10 - No control,01 - Non intersection,01 - Daylight,03 - P.D. only,04 - Sideswipe,The Glebe
11564,HWY417 IC140 RAMP25 btwn TERRY FOX DR & HIGHWAY 417,351053.1115,5018507.407,-75.91018392,45.30499617,8/19/2015,23:30,01 - Clear,01 - Dry,10 - No control,01 - Non intersection,07 - Dark,03 - P.D. only,03 - Rear end,Katimavik - Hazeldean
11565,HIGHWAY 7 btwn HWY 7 HAZELDEAN RD IC RAMP 34 & HAZELDEAN RD IC RAMP 63,346370.3055,5012461.33,-75.97040234,45.2508839,11/30/2015,22:30,01 - Clear,01 - Dry,10 - No control,01 - Non intersection,07 - Dark,03 - P.D. only,07 - SMV other,Stittsville - Basswood
11566,CATHERINE ST/HWY 417 O'CONN IC119BR76 @ O'CONN,368243.7355,5030392.926,-75.68946397,45.41059691,12/1/2015,15:50,02 - Rain,02 - Wet,01 - Traffic signal,03 - At intersection,05 - Dusk,03 - P.D. only,04 - Sideswipe,Centretown
11567,HIGHWAY 417 btwn HWY417 IC131 RAMP66 & HWY417 IC130 RAMP26,359231.9568,5023080.626,-75.80539231,45.34556004,12/1/2015,18:00,02 - Rain,02 - Wet,10 - No control,01 - Non intersection,07 - Dark,03 - P.D. only,03 - Rear end,Bayshore
11568,HWY 417 WOODROFF IC127R62 @ WOODROFFE AVE,362049.4739,5025020.384,-75.76921614,45.36278955,1/21/2015,12:15,01 - Clear,01 - Dry,03 - Yield sign,02 - Intersection related,01 - Daylight,03 - P.D. only,03 - Rear end,Whitehaven - Queensway Terrace North
11569,HIGHWAY 417 btwn HWY417 IC126 RAMP16 & HWY417 IC126 RAMP61,363130.7343,5025821.372,-75.75532056,45.36990761,1/22/2015,12:00,01 - Clear,01 - Dry,10 - No control,01 - Non intersection,01 - Daylight,03 - P.D. only,99 - Other,Carlingwood West - Glabar Park - McKellar Heights
11570,HIGHWAY 417 btwn HIGHWAY 417 & Continuation of HIGHWAY 417,353022.5048,5020254.533,-75.88490176,45.32058474,8/20/2015,18:30,02 - Rain,02 - Wet,10 - No control,01 - Non intersection,01 - Daylight,03 - P.D. only,07 - SMV other,Greenbelt
11571,HIGHWAY 417 btwn HWY417 IC118 RAMP35 & HWY417 IC117 RAMP51,370218.6846,5031102.551,-75.66414115,45.41680002,8/20/2015,19:15,02 - Rain,02 - Wet,10 - No control,01 - Non intersection,01 - Daylight,03 - P.D. only,07 - SMV other,Old Ottawa East
11572,HIGHWAY 417 btwn HWY417 IC124 RAMP67 & HWY417 IC123 RAMP62,364721.2784,5027967.771,-75.73475618,45.38908634,8/21/2015,15:00,01 - Clear,01 - Dry,10 - No control,01 - Non intersection,01 - Daylight,03 - P.D. only,03 - Rear end,Westboro
11573,HWY417 IC131 RAMP66 btwn HWY417 IC130 RAMP36 & HWY417 IC131 RAMP63,358447.2182,5022894.661,-75.81542582,45.34394718,12/2/2015,18:20,01 - Clear,01 - Dry,10 - No control,01 - Non intersection,07 - Dark,03 - P.D. only,03 - Rear end,Greenbelt
11574,HIGHWAY 417 btwn HWY 417 ANDERSON IC104R61 & HWY 417 BOUNDARY IC96R16,381535.6327,5025633.388,-75.52041397,45.36644281,12/3/2015,6:45,01 - Clear,01 - Dry,10 - No control,01 - Non intersection,07 - Dark,03 - P.D. only,03 - Rear end,Greenbelt
11575,HIGHWAY 417 btwn HWY417 IC140 RAMP51 & HWY417 IC140 RAMP35,350511.4348,5018302.433,-75.91710988,45.30318722,1/30/2015,9:00,01 - Clear,06 - Ice,10 - No control,01 - Non intersection,01 - Daylight,03 - P.D. only,07 - SMV other,Katimavik - Hazeldean
11576,HIGHWAY 417 btwn HWY417 IC134 RAMP36 & HWY417 IC134 RAMP26,356080.4538,5022088.808,-75.84570881,45.33687305,2/2/2015,9:50,03 - Snow,06 - Ice,10 - No control,01 - Non intersection,01 - Daylight,03 - P.D. only,07 - SMV other,Greenbelt
11577,HWY417 IC144 RAMP62 btwn CARP RD & HWY417 IC144 RAMP63,347340.9089,5015988.195,-75.9577355,45.28256204,1/29/2015,15:00,03 - Snow,03 - Loose snow,10 - No control,01 - Non intersection,01 - Daylight,03 - P.D. only,07 - SMV other,Stittsville - Basswood
11578,HWY417 IC140 RAMP25 btwn TERRY FOX DR & HIGHWAY 417,351061.7758,5018555.782,-75.91006893,45.30543089,2/2/2015,8:05,03 - Snow,06 - Ice,10 - No control,01 - Non intersection,01 - Daylight,03 - P.D. only,07 - SMV other,Katimavik - Hazeldean
11579,HIGHWAY 417 btwn HWY417 IC117 RAMP61 & HWY417 IC115 RAMP36,371554.046,5031422.07,-75.64703774,45.41954879,8/21/2015,16:25,01 - Clear,01 - Dry,10 - No control,01 - Non intersection,01 - Daylight,03 - P.D. only,04 - Sideswipe,Overbrook
11580,HIGHWAY 417 btwn HWY417 IC126 RAMP61 & HWY417 IC124 RAMP76,364099.6178,5027115.064,-75.74279704,45.38146674,8/21/2015,17:30,01 - Clear,01 - Dry,10 - No control,01 - Non intersection,01 - Daylight,03 - P.D. only,03 - Rear end,Westboro
11581,HIGHWAY 417 btwn HIGHWAY 417 & HIGHWAY 417 (2),375396.5616,5030226.293,-75.59811652,45.40841267,8/21/2015,18:29,01 - Clear,01 - Dry,10 - No control,01 - Non intersection,01 - Daylight,03 - P.D. only,03 - Rear end,Industrial Park
11582,HIGHWAY 417 btwn HWY417 IC121B RAMP51 & HWY417 IC121A RAMP51,366751.1594,5029568.681,-75.70863434,45.4033143,12/4/2015,12:42,01 - Clear,01 - Dry,10 - No control,01 - Non intersection,01 - Daylight,03 - P.D. only,03 - Rear end,Little Italy
11583,HIGHWAY 417 btwn HWY417 IC155 RAMP26 & HWY417 IC155 RAMP61,339795.0915,5019279.281,-76.05368573,45.31259297,12/4/2015,21:20,01 - Clear,01 - Dry,10 - No control,01 - Non intersection,07 - Dark,03 - P.D. only,03 - Rear end,Carp - Hardwood Plains
11584,HIGHWAY 416 btwn HWY416 IC42 RAMP42 & HWY416 IC42 RAMP24,371549.8531,4995023.102,-75.65198035,45.09203752,12/5/2015,19:45,01 - Clear,01 - Dry,10 - No control,01 - Non intersection,07 - Dark,03 - P.D. only,07 - SMV other,Manotick - North Gower
11585,HWY417 IC138 RAMP61 btwn HWY417 IC138 RAMP62 & HIGHWAY 417,353513.105,5020599.932,-75.87861034,45.32365883,12/5/2015,6:10,01 - Clear,01 - Dry,10 - No control,01 - Non intersection,07 - Dark,03 - P.D. only,07 - SMV other,Greenbelt
11586,HIGHWAY 417 btwn HWY417 IC124 RAMP55 & HWY417 IC124 RAMP65,364477.0235,5027566.092,-75.73792381,45.38549296,1/31/2015,15:09,01 - Clear,01 - Dry,10 - No control,01 - Non intersection,01 - Daylight,03 - P.D. only,03 - Rear end,Civic Hospital - Experimental Farm - Central Park
11587,HIGHWAY 417 btwn HWY417 IC124 RAMP55 & HWY417 IC124 RAMP65,364482.0777,5027576.923,-75.73785796,45.38558999,1/31/2015,15:15,01 - Clear,01 - Dry,10 - No control,01 - Non intersection,01 - Daylight,03 - P.D. only,03 - Rear end,Civic Hospital - Experimental Farm - Central Park
11588,HIGHWAY 417 btwn HWY417 IC124 RAMP76 & HWY417 IC124 RAMP67,364464.7491,5027578.367,-75.73807906,45.38560446,1/30/2015,15:15,01 - Clear,03 - Loose snow,10 - No control,01 - Non intersection,01 - Daylight,03 - P.D. only,04 - Sideswipe,Westboro
11589,HIGHWAY 417 btwn HWY417 IC124 RAMP76 & HWY417 IC124 RAMP67,364377.3845,5027468.62,-75.73920785,45.38462441,2/2/2015,9:00,03 - Snow,03 - Loose snow,10 - No control,01 - Non intersection,01 - Daylight,03 - P.D. only,99 - Other,Westboro
11590,HIGHWAY 416 btwn HWY416 IC66 RAMP53 & HWY416 IC57 RAMP34,363749.6265,5009947.003,-75.74930741,45.2270186,8/22/2015,13:40,01 - Clear,01 - Dry,10 - No control,01 - Non intersection,01 - Daylight,03 - P.D. only,03 - Rear end,New Barrhaven
11591,HIGHWAY 417 btwn HWY417 IC126 RAMP61 & HWY417 IC124 RAMP76,364106.116,5027117.23,-75.74271381,45.38148568,8/22/2015,14:35,01 - Clear,01 - Dry,10 - No control,01 - Non intersection,01 - Daylight,03 - P.D. only,03 - Rear end,Westboro
11592,HWY 417 MAITLAND IC126R63 @ MAITLAND AVE,363165.3914,5025928.953,-75.75486544,45.37087273,12/8/2015,7:30,01 - Clear,01 - Dry,03 - Yield sign,02 - Intersection related,03 - Dawn,03 - P.D. only,03 - Rear end,Carlingwood West - Glabar Park - McKellar Heights