Record,Location,X,Y,lon,lat,Date,Time,Environment,Road_Surface,Traffic_Control,Collision_Location,Light,Collision_Classification,Impact_type,Neighborhood
11593,HIGHWAY 417 btwn HWY417 IC127 RAMP63 & HWY417 IC127 RAMP67,362171.1675,5024889.242,-75.76767809,45.3615996,12/8/2015,18:06,01 - Clear,01 - Dry,10 - No control,01 - Non intersection,07 - Dark,03 - P.D. only,03 - Rear end,Carlingwood West - Glabar Park - McKellar Heights
11594,HIGHWAY 417 btwn HWY417 IC118 RAMP57 & HWY417 IC118 RAMP35,369450.0889,5031033.09,-75.67396962,45.41624648,12/10/2015,15:50,01 - Clear,01 - Dry,10 - No control,01 - Non intersection,01 - Daylight,03 - P.D. only,03 - Rear end,Old Ottawa East
11595,HIGHWAY 417 btwn HWY417 IC119A RAMP75 & HWY417 IC118 RAMP57,368715.0709,5030578.217,-75.68341893,45.41222121,12/10/2015,16:35,01 - Clear,01 - Dry,10 - No control,01 - Non intersection,05 - Dusk,03 - P.D. only,03 - Rear end,Old Ottawa East
11596,HIGHWAY 417 btwn HWY417 IC124 RAMP76 & HWY417 IC124 RAMP67,364344.8935,5027426.742,-75.73962777,45.38425036,2/2/2015,8:50,03 - Snow,03 - Loose snow,10 - No control,01 - Non intersection,01 - Daylight,03 - P.D. only,07 - SMV other,Westboro
11597,HIGHWAY 417 btwn HWY417 IC142 RAMP25 & HIGHWAY 417,349411.1745,5017637.627,-75.93119899,45.29727583,2/2/2015,11:50,03 - Snow,03 - Loose snow,10 - No control,01 - Non intersection,01 - Daylight,03 - P.D. only,07 - SMV other,Stittsville - Basswood
11598,HWY417 IC127 RAMP25 btwn WOODROFFE AVE & HIGHWAY 417,362330.3403,5024969.12,-75.76563718,45.36230529,2/2/2015,7:30,03 - Snow,03 - Loose snow,10 - No control,01 - Non intersection,01 - Daylight,03 - P.D. only,07 - SMV other,Braemar Park - Bel Air Heights - Copeland Park
11599,HIGHWAY 417 btwn HWY417 IC129 RAMP26 & HWY417 IC129 RAMP61,360658.6198,5023708.523,-75.7871171,45.35109768,2/2/2015,8:55,03 - Snow,03 - Loose snow,10 - No control,01 - Non intersection,01 - Daylight,03 - P.D. only,03 - Rear end,Whitehaven - Queensway Terrace North
11600,HIGHWAY 416 btwn HWY416 IC66 RAMP62 & HWY416 IC72 RAMP24,360073.1621,5018611.539,-75.79515736,45.30528128,2/2/2015,12:15,03 - Snow,03 - Loose snow,10 - No control,01 - Non intersection,01 - Daylight,03 - P.D. only,07 - SMV other,Greenbelt
11601,HIGHWAY 417 btwn HWY417 IC126 RAMP25 & HWY417 IC124 RAMP57,363679.5027,5026515.256,-75.74823259,45.37610519,8/25/2015,6:30,01 - Clear,01 - Dry,10 - No control,01 - Non intersection,01 - Daylight,03 - P.D. only,03 - Rear end,Carlington
11602,HIGHWAY 417 btwn HWY417 IC121A RAMP61 & HWY417 IC120B RAMP36,367542.142,5029884.565,-75.6984911,45.40608609,8/25/2015,8:45,01 - Clear,01 - Dry,10 - No control,01 - Non intersection,01 - Daylight,03 - P.D. only,04 - Sideswipe,The Glebe
11603,HWY417 IC96 RAMP15 btwn BOUNDARY RD & RAMP,387295.6064,5023697.122,-75.4472189,45.34836772,12/11/2015,10:38,01 - Clear,01 - Dry,10 - No control,01 - Non intersection,01 - Daylight,03 - P.D. only,07 - SMV other,Greenbelt
11604,HWY 417 TERRYFO IC140R61 @ TERRY FOX DR,350808.3462,5018709.573,-75.91328622,45.30683139,12/11/2015,13:45,01 - Clear,01 - Dry,01 - Traffic signal,03 - At intersection,01 - Daylight,03 - P.D. only,03 - Rear end,Kanata Lakes - Marchwood Lakeside - Morgan's Grant - Kanata
11605,HWY417 IC124 RAMP67 btwn CARLING AVE & HIGHWAY 417,364377.4604,5027555.034,-75.73919645,45.38540194,12/13/2015,16:30,02 - Rain,02 - Wet,10 - No control,01 - Non intersection,05 - Dusk,03 - P.D. only,03 - Rear end,Westboro
11606,DONNELLY DR btwn MERLYN WILSON RD & MCCORDICK RD,370404.6467,4991811.449,-75.66694804,45.06324568,12/18/2015,6:50,01 - Clear,01 - Dry,10 - No control,01 - Non intersection,07 - Dark,03 - P.D. only,07 - SMV other,Munster Hamlet - Richmond
11607,HIGHWAY 416 btwn HWY416 IC66 RAMP62 & HWY416 IC72 RAMP24,360213.1214,5017636.05,-75.79348177,45.29649274,2/2/2015,13:15,03 - Snow,03 - Loose snow,10 - No control,01 - Non intersection,01 - Daylight,03 - P.D. only,07 - SMV other,Greenbelt
11608,LEES AVE @  TRANSITWAY/HWY 417 NICHOLAS IC118R,369366.3344,5031280.744,-75.67500719,45.41848251,1/23/2015,13:50,01 - Clear,01 - Dry,01 - Traffic signal,02 - Intersection related,01 - Daylight,03 - P.D. only,99 - Other,Sandy Hill
11609,HIGHWAY 417 btwn HWY417 IC112 RAMP55 & HIGHWAY 417,374914.5128,5030674.503,-75.60421027,45.41249388,1/23/2015,19:40,01 - Clear,06 - Ice,10 - No control,01 - Non intersection,07 - Dark,03 - P.D. only,07 - SMV other,Industrial Park
11610,HIGHWAY 417 btwn HWY417 IC121B RAMP51 & HWY417 IC121A RAMP51,367036.7268,5029652.796,-75.70497623,45.40404582,12/18/2015,14:45,01 - Clear,01 - Dry,10 - No control,01 - Non intersection,01 - Daylight,03 - P.D. only,03 - Rear end,The Glebe Annex
11611,HIGHWAY 417 btwn HWY417 IC142 RAMP35 & HWY417 IC142 RAMP25,349006.3075,5017270.412,-75.9363936,45.2939971,1/30/2015,9:08,05 - Drifting Snow,06 - Ice,10 - No control,01 - Non intersection,01 - Daylight,03 - P.D. only,07 - SMV other,Stittsville - Basswood
11612,HWY417 IC118 RAMP35 btwn HWY417 IC118 RAMP45 & HIGHWAY 417,369754.0601,5031131.285,-75.67007327,45.41710185,1/30/2015,6:30,02 - Rain,03 - Loose snow,10 - No control,01 - Non intersection,07 - Dark,03 - P.D. only,03 - Rear end,Old Ottawa East
11613,HIGHWAY 417 btwn HWY417 IC138 RAMP61 & HWY417 IC134 RAMP36,355101.1042,5021514.521,-75.85826198,45.33177643,1/30/2015,7:30,01 - Clear,05 - Packed snow,10 - No control,01 - Non intersection,03 - Dawn,03 - P.D. only,07 - SMV other,Greenbelt
11614,HIGHWAY 417 btwn HWY417 IC140 RAMP25 & HWY417 IC139 RAMP15,352061.6442,5019505.971,-75.89722867,45.31391435,1/30/2015,9:30,01 - Clear,05 - Packed snow,10 - No control,01 - Non intersection,01 - Daylight,03 - P.D. only,07 - SMV other,Katimavik - Hazeldean
11615,HIGHWAY 417 btwn HWY417 IC134 RAMP36 & HWY417 IC134 RAMP26,356422.799,5022293.862,-75.8413197,45.33869304,1/30/2015,11:49,01 - Clear,01 - Dry,10 - No control,06 - Underpass or tunnel,01 - Daylight,03 - P.D. only,99 - Other,Greenbelt
11616,HIGHWAY 417 btwn HWY417 IC169 RAMP25 & HWY417 IC163 RAMP51,329822.4729,5021890.613,-76.18073843,45.33651741,1/30/2015,7:30,03 - Snow,06 - Ice,10 - No control,01 - Non intersection,03 - Dawn,03 - P.D. only,07 - SMV other,Car
11617,HIGHWAY 417 btwn HWY417 IC129 RAMP26 & HWY417 IC129 RAMP61,360692.5281,5023739.463,-75.78668089,45.35137338,1/30/2015,13:20,01 - Clear,01 - Dry,10 - No control,01 - Non intersection,01 - Daylight,03 - P.D. only,07 - SMV other,Whitehaven - Queensway Terrace North
11618,HIGHWAY 417 btwn HWY417 IC124 RAMP76 & HWY417 IC124 RAMP67,364333.5528,5027408.926,-75.73977473,45.38409102,11/27/2015,18:10,02 - Rain,02 - Wet,10 - No control,01 - Non intersection,07 - Dark,03 - P.D. only,03 - Rear end,Westboro
11619,HIGHWAY 417 btwn HWY417 IC131 RAMP53 & HWY417 IC131 RAMP51,358017.2527,5022730.138,-75.82092978,45.34249954,11/27/2015,18:30,02 - Rain,02 - Wet,10 - No control,01 - Non intersection,07 - Dark,03 - P.D. only,07 - SMV other,Greenbelt
11620,HWY416 IC75B RAMP25 btwn HWY416 IC75C RAMP24 & HWY417 IC131 RAMP55,358555.8809,5022728.694,-75.81405735,45.34244548,11/28/2015,6:30,01 - Clear,01 - Dry,10 - No control,01 - Non intersection,07 - Dark,03 - P.D. only,04 - Sideswipe,Greenbelt
11621,HIGHWAY 417 btwn HWY417 IC163 RAMP61 & HWY417 IC155 RAMP36,336154.2331,5020232.993,-76.10005831,45.32134696,8/9/2015,16:54,01 - Clear,01 - Dry,10 - No control,01 - Non intersection,01 - Daylight,03 - P.D. only,03 - Rear end,Carp - Hardwood Plains
11622,HIGHWAY 417 btwn HWY417 IC134 RAMP35 & HWY417 IC134 RAMP25,356479.8387,5022276.533,-75.84059376,45.33853291,8/9/2015,17:35,01 - Clear,01 - Dry,10 - No control,01 - Non intersection,01 - Daylight,03 - P.D. only,04 - Sideswipe,Greenbelt
11623,HWY417 IC118 RAMP67 btwn HWY417 IC118 RAMP64 & HIGHWAY 417,369598.1034,5031165.942,-75.67206118,45.41742814,8/9/2015,17:40,01 - Clear,01 - Dry,10 - No control,01 - Non intersection,01 - Daylight,03 - P.D. only,04 - Sideswipe,Sandy Hill
11624,HIGHWAY 417 btwn HWY417 IC117 RAMP51 & HWY417 IC117 RAMP35,370742.8723,5031177.641,-75.65743424,45.41742645,1/17/2015,17:00,01 - Clear,01 - Dry,10 - No control,01 - Non intersection,05 - Dusk,03 - P.D. only,99 - Other,Industrial Park
11625,HIGHWAY 417 btwn HWY417 IC117 RAMP26 & HWY417 IC117 RAMP61,370995.5799,5031303.995,-75.65418872,45.41853947,1/26/2015,14:42,01 - Clear,01 - Dry,10 - No control,01 - Non intersection,01 - Daylight,03 - P.D. only,03 - Rear end,Industrial Park
11626,HIGHWAY 417 btwn HWY417 IC122 RAMP51 & HWY417 IC122 RAMP15,365495.543,5028984.905,-75.72474397,45.39817162,1/27/2015,15:45,01 - Clear,01 - Dry,10 - No control,01 - Non intersection,01 - Daylight,03 - P.D. only,03 - Rear end,Civic Hospital - Experimental Farm - Central Park
11627,HIGHWAY 417 btwn HWY417 IC118 RAMP76 & HWY417 IC118 RAMP67,369486.19,5031077.856,-75.67350254,45.41664593,1/16/2015,18:16,01 - Clear,01 - Dry,10 - No control,01 - Non intersection,07 - Dark,03 - P.D. only,99 - Other,Sandy Hill
11628,HIGHWAY 417 btwn HWY417 IC118 RAMP76 & HWY417 IC118 RAMP67,369567.0564,5031113.235,-75.67246476,45.41695678,8/10/2015,12:13,01 - Clear,01 - Dry,10 - No control,01 - Non intersection,01 - Daylight,03 - P.D. only,99 - Other,Sandy Hill
11629,HIGHWAY 417 btwn HWY417 IC118 RAMP57 & HWY417 IC118 RAMP35,369576.4427,5031098.072,-75.67234684,45.41681948,8/10/2015,15:30,01 - Clear,01 - Dry,10 - No control,01 - Non intersection,01 - Daylight,03 - P.D. only,03 - Rear end,Sandy Hill
11630,HIGHWAY 417 btwn HWY417 IC127 RAMP63 & HWY417 IC127 RAMP67,362144.7808,5024870.926,-75.768017,45.36143695,8/10/2015,15:46,01 - Clear,01 - Dry,10 - No control,01 - Non intersection,01 - Daylight,03 - P.D. only,03 - Rear end,Carlingwood West - Glabar Park - McKellar Heights
11631,HIGHWAY 416 btwn HWY416 IC42 RAMP24 & END,372247.9259,4994181.359,-75.64322596,45.08439726,11/8/2015,21:25,01 - Clear,01 - Dry,10 - No control,01 - Non intersection,07 - Dark,03 - P.D. only,07 - SMV other,Manotick - North Gower
11632,HIGHWAY 417 btwn RAMP & HWY417 IC88 RAMP51,392376.4898,5022866.879,-75.38253741,45.34028204,11/9/2015,0:16,01 - Clear,01 - Dry,10 - No control,01 - Non intersection,07 - Dark,03 - P.D. only,07 - SMV other,Navan - Vars
11633,HIGHWAY 417 btwn HWY417 IC163 RAMP15 & HWY417 IC155 RAMP51,331612.2173,5021373.116,-76.15793152,45.33179459,11/9/2015,5:20,01 - Clear,01 - Dry,10 - No control,01 - Non intersection,07 - Dark,03 - P.D. only,07 - SMV other,Carp - Hardwood Plains
11634,HIGHWAY 417 btwn HWY417 IC124 RAMP76 & HWY417 IC124 RAMP67,364388.4264,5027479.685,-75.73906553,45.38472303,11/9/2015,15:45,01 - Clear,01 - Dry,10 - No control,01 - Non intersection,01 - Daylight,03 - P.D. only,03 - Rear end,Westboro
11635,HIGHWAY 417 btwn HWY417 IC138 RAMP61 & HWY417 IC134 RAMP36,355601.5659,5021821.932,-75.85184598,45.33450651,11/9/2015,17:15,01 - Clear,01 - Dry,10 - No control,01 - Non intersection,07 - Dark,03 - P.D. only,07 - SMV other,Greenbelt
11636,HIGHWAY 417 btwn HIGHWAY 417 & HWY417 IC129 RAMP51,360041.2645,5023222.495,-75.79504964,45.34677331,1/21/2015,8:15,01 - Clear,01 - Dry,10 - No control,01 - Non intersection,01 - Daylight,03 - P.D. only,99 - Other,Whitehaven - Queensway Terrace North
11637,HIGHWAY 417 btwn HWY417 IC121B RAMP16 & HWY417 IC121A RAMP16,366767.1152,5029587.754,-75.70842814,45.4034845,1/13/2015,7:20,01 - Clear,01 - Dry,10 - No control,01 - Non intersection,03 - Dawn,03 - P.D. only,99 - Other,Centretown West
11638,HIGHWAY 417 btwn HWY417 IC118 RAMP57 & HWY417 IC118 RAMP35,369292.7469,5030927.826,-75.67599354,45.41531387,1/27/2015,17:30,01 - Clear,01 - Dry,10 - No control,01 - Non intersection,05 - Dusk,03 - P.D. only,03 - Rear end,Old Ottawa East
11639,HIGHWAY 417 btwn HWY417 IC126 RAMP61 & HWY417 IC124 RAMP76,364018.992,5027001.706,-75.74384007,45.38045358,1/26/2015,16:45,01 - Clear,01 - Dry,10 - No control,01 - Non intersection,05 - Dusk,03 - P.D. only,03 - Rear end,Carlingwood West - Glabar Park - McKellar Heights
11640,HIGHWAY 417 btwn HWY417 IC118 RAMP35 & HWY417 IC117 RAMP51,370207.8543,5031102.551,-75.66427951,45.41680104,8/11/2015,6:10,02 - Rain,02 - Wet,10 - No control,01 - Non intersection,03 - Dawn,03 - P.D. only,07 - SMV other,Old Ottawa East
11641,HIGHWAY 417 btwn HWY417 IC118 RAMP67 & HWY417 IC117 RAMP36,370266.338,5031123.489,-75.66352956,45.41698396,8/11/2015,8:45,01 - Clear,02 - Wet,10 - No control,01 - Non intersection,01 - Daylight,03 - P.D. only,03 - Rear end,Ol
11642,HIGHWAY 417 btwn HWY417 IC124 RAMP57 & HWY417 IC124 RAMP55,364120.5564,5027097.735,-75.74253178,45.38130904,8/11/2015,16:56,01 - Clear,01 - Dry,10 - No control,01 - Non intersection,01 - Daylight,03 - P.D. only,03 - Rear end,Carlington
11643,HIGHWAY 417 btwn HWY417 IC122 RAMP61 & HWY417 IC121B RAMP16,366070.067,5029342.452,-75.71736192,45.4013387,8/11/2015,17:35,01 - Clear,01 - Dry,10 - No control,01 - Non intersection,01 - Daylight,03 - P.D. only,03 - Rear end,Centretow
11644,HWY 417 TERRYFO IC140R61 @ TERRY FOX DR,350809.7902,5018708.129,-75.91326794,45.3068183,11/9/2015,20:50,01 - Clear,01 - Dry,01 - Traffic signal,02 - Intersection related,07 - Dark,03 - P.D. only,05 - Turning movement,Kanata Lakes - Marchwood Lakeside - Morgan's Grant - Kanata
11645,HIGHWAY 417 btwn REGIONAL ROAD 174 & HWY417 IC113 RAMP62,373441.4247,5031809.986,-75.62287017,45.42285644,1/29/2015,7:00,01 - Clear,01 - Dry,10 - No control,01 - Non intersection,03 - Dawn,03 - P.D. only,03 - Rear end,Pineview
11646,GREENBANK RD @ HWY 417 GREENBA IC126R35,360469.4234,5023475.203,-75.78955776,45.34901332,1/29/2015,15:45,03 - Snow,03 - Loose snow,10 - No control,02 - Intersection related,01 - Daylight,03 - P.D. only,03 - Rear end,Iris
11647,HIGHWAY 417 btwn HWY417 IC122 RAMP15 & HWY417 IC121B RAMP51,365803.5724,5029181.386,-75.72078561,45.39991274,1/29/2015,17:50,03 - Snow,05 - Packed snow,10 - No control,01 - Non intersection,07 - Dark,03 - P.D. only,03 - Rear end,Civic Hospital - Experimental Farm - Central Park
11648,HIGHWAY 417 btwn HWY417 IC140 RAMP61 & HWY417 IC139 RAMP61,351949.7309,5019459.039,-75.89866039,45.31349957,1/29/2015,20:20,03 - Snow,03 - Loose snow,10 - No control,01 - Non intersection,07 - Dark,03 - P.D. only,07 - SMV other,Kanata
11649,HIGHWAY 417 btwn HWY417 IC115 RAMP51 & HWY417 IC115 RAMP35,372342.195,5031486.036,-75.6369594,45.42004869,8/11/2015,18:55,01 - Clear,01 - Dry,10 - No control,01 - Non intersection,01 - Daylight,03 - P.D. only,99 - Other,Industrial Park
11650,HIGHWAY 417 btwn HWY417 IC120A RAMP52 & HWY417 IC119B RAMP57,368070.3835,5030182.352,-75.69170546,45.40871793,8/12/2015,15:37,01 - Clear,01 - Dry,10 - No control,01 - Non intersection,01 - Daylight,03 - P.D. only,03 - Rear end,The Glebe
11651,HIGHWAY 417 btwn HWY417 IC127 RAMP25 & HWY417 IC126 RAMP51,363158.8932,5025819.206,-75.75496136,45.36988578,8/12/2015,16:09,01 - Clear,01 - Dry,10 - No control,01 - Non intersection,01 - Daylight,03 - P.D. only,03 - Rear end,Braemar Park - Bel Air Heights - Copeland Park
11652,HIGHWAY 417 btwn HWY417 IC117 RAMP25 & HWY417 IC115 RAMP51,371538.8836,5031397.521,-75.64723479,45.41932936,8/13/2015,17:44,01 - Clear,01 - Dry,10 - No control,01 - Non intersection,01 - Daylight,03 - P.D. only,03 - Rear end,Industrial Park
11653,HIGHWAY 417 btwn HWY417 IC118 RAMP67 & HWY417 IC117 RAMP36,369918.681,5031145.004,-75.66796829,45.41720998,1/30/2015,0:02,03 - Snow,03 - Loose snow,10 - No control,01 - Non intersection,07 - Dark,03 - P.D. only,07 - SMV other,Sandy Hill
11654,HIGHWAY 417 btwn HWY417 IC113 RAMP62 & HWY417 IC113 RAMP65,373990.8832,5031768.83,-75.61585557,45.42243201,1/29/2015,20:07,03 - Snow,03 - Loose snow,10 - No control,01 - Non intersection,07 - Dark,03 - P.D. only,03 - Rear end,Pineview
11655,HIGHWAY 416 btwn HWY416 IC49 RAMP43 & HWY416 IC42 RAMP34,369964.5417,4997415.454,-75.67180751,45.11371196,1/27/2015,3:35,01 - Clear,01 - Dry,10 - No control,01 - Non intersection,07 - Dark,03 - P.D. only,07 - SMV other,Manotick - North Gower
11656,HIGHWAY 417 btwn HWY417 IC124 RAMP57 & HWY417 IC124 RAMP55,364320.5564,5027369.215,-75.73994546,45.38373481,8/15/2015,17:30,01 - Clear,01 - Dry,10 - No control,01 - Non intersection,01 - Daylight,03 - P.D. only,04 - Sideswipe,Carlington
11657,HIGHWAY 417 btwn HWY417 IC126 RAMP61 & HWY417 IC124 RAMP76,363675.1386,5026532.564,-75.74828625,45.3762613,8/16/2015,19:00,01 - Clear,01 - Dry,10 - No control,01 - Non intersection,01 - Daylight,03 - P.D. only,04 - Sideswipe,Carlingwood West - Glabar Park - McKellar Heights
11658,HIGHWAY 417 btwn HWY417 IC113 RAMP85 & HWY417 IC112 RAMP54,374138.0317,5031376.325,-75.61403072,45.41888589,8/17/2015,13:30,01 - Clear,01 - Dry,10 - No control,01 - Non intersection,01 - Daylight,03 - P.D. only,07 - SMV other,Industrial Park
11659,HIGHWAY 417 btwn HWY417 IC121B RAMP16 & HWY417 IC121A RAMP16,366865.031,5029614.847,-75.70717407,45.4037196,8/17/2015,15:15,01 - Clear,01 - Dry,10 - No control,01 - Non intersection,01 - Daylight,03 - P.D. only,03 - Rear end,Centretown West
11660,HIGHWAY 417 btwn HWY417 IC127 RAMP35 & HWY417 IC127 RAMP25,362158.4992,5024855.041,-75.76784375,45.3612929,8/18/2015,7:15,01 - Clear,01 - Dry,10 - No control,01 - Non intersection,01 - Daylight,03 - P.D. only,04 - Sideswipe,Carlingwood West - Glabar Park - McKellar Heights
11661,HIGHWAY 417 btwn REGIONAL ROAD 174 & HWY417 IC113 RAMP85,373846.1363,5031751.924,-75.61770734,45.4222942,8/18/2015,9:30,01 - Clear,01 - Dry,10 - No control,01 - Non intersection,01 - Daylight,03 - P.D. only,04 - Sideswipe,Pineview
11662,HIGHWAY 417 btwn HWY417 IC155 RAMP61 & HWY417 IC145 RAMP56,344407.9922,5015408.336,-75.99516585,45.27751559,8/18/2015,9:35,01 - Clear,01 - Dry,10 - No control,01 - Non intersection,01 - Daylight,03 - P.D. only,07 - SMV other,Stittsville - Basswood
11663,HIGHWAY 417 btwn HWY417 IC96 RAMP51 & HIGHWAY 417,387263.1154,5023855.245,-75.44760711,45.3497942,8/18/2015,10:15,01 - Clear,01 - Dry,10 - No control,01 - Non intersection,01 - Daylight,03 - P.D. only,07 - SMV other,Greenbelt
11664,HIGHWAY 417 btwn HWY417 IC138 RAMP61 & HWY417 IC134 RAMP36,355502.929,5021753.775,-75.85311134,45.33390035,8/18/2015,17:00,01 - Clear,01 - Dry,10 - No control,01 - Non intersection,01 - Daylight,03 - P.D. only,03 - Rear end,Greenbelt
11665,HIGHWAY 417 btwn HWY417 IC88 RAMP15 & END,395262.1238,5022446.263,-75.34580144,45.33613168,1/30/2015,16:50,01 - Clear,05 - Packed snow,10 - No control,01 - Non intersection,05 - Dusk,03 - P.D. only,99 - Other,Navan - Vars
11666,HWY417 IC127 RAMP51 btwn HIGHWAY 417 & HWY417 IC127 RAMP53,362014.0948,5024668.759,-75.76970843,45.35962854,1/30/2015,16:25,01 - Clear,02 - Wet,10 - No control,01 - Non intersection,01 - Daylight,03 - P.D. only,07 - SMV other,Iris
11667,HIGHWAY 417 btwn HWY417 IC121A RAMP16 & HWY417 IC121A RAMP61,367278.6041,5029764.71,-75.70187257,45.40503124,1/27/2015,12:50,01 - Clear,01 - Dry,10 - No control,01 - Non intersection,01 - Daylight,03 - P.D. only,99 - Other,The Glebe
11668,HIGHWAY 417 btwn HWY417 IC119B RAMP57 & HWY417 IC119A RAMP75,368422.2864,5030422.472,-75.68717928,45.41084655,1/27/2015,15:20,01 - Clear,01 - Dry,10 - No control,01 - Non intersection,01 - Daylight,03 - P.D. only,04 - Sideswipe,The Glebe
11669,HIGHWAY 417 btwn HWY417 IC144 RAMP25 & HWY417 IC142 RAMP51,348207.6624,5016539.013,-75.94663941,45.28746551,1/30/2015,6:45,01 - Clear,05 - Packed snow,10 - No control,01 - Non intersection,07 - Dark,03 - P.D. only,03 - Rear end,Stittsville - Basswood
11670,HIGHWAY 417 btwn HWY417 IC180 RAMP35 & HWY417 IC169 RAMP51,319309.3062,5030893.928,-76.31461034,45.41783065,7/2/2015,5:00,01 - Clear,01 - Dry,10 - No control,01 - Non intersection,03 - Dawn,03 - P.D. only,07 - SMV other,Arnprior
11671,HIGHWAY 417 btwn HWY417 IC129 RAMP76 & HWY417 IC129 RAMP26,360411.6326,5023520.984,-75.79029006,45.34942984,7/3/2015,0:30,01 - Clear,01 - Dry,10 - No control,01 - Non intersection,07 - Dark,03 - P.D. only,07 - SMV other,Whitehaven - Queensway Terrace North
11672,HIGHWAY 417 btwn HWY 417 ANDERSON IC104R61 & HWY 417 BOUNDARY IC96R16,381541.9827,5025630.425,-75.52033338,45.36641546,7/4/2015,4:35,01 - Clear,01 - Dry,10 - No control,01 - Non intersection,07 - Dark,03 - P.D. only,07 - SMV other,Greenbelt
11673,HIGHWAY 417 btwn HWY417 IC124 RAMP76 & HWY417 IC124 RAMP67,364337.1629,5027410.371,-75.73972846,45.38410371,1/15/2015,15:00,01 - Clear,01 - Dry,10 - No control,01 - Non intersection,01 - Daylight,03 - P.D. only,03 - Rear end,Westboro
11674,HIGHWAY 417 btwn HWY417 IC118 RAMP57 & HWY417 IC118 RAMP35,369374.9987,5030985.437,-75.67493519,45.41582465,1/14/2015,17:05,01 - Clear,01 - Dry,10 - No control,01 - Non intersection,05 - Dusk,03 - P.D. only,03 - Rear end,Old Ottawa East
11675,CASTLEFRANK RD btwn TORCASTLE WAY & TORCASTLE WAY,353441.3858,5017073.394,-75.87987126,45.29193127,11/4/2015,0:00,01 - Clear,01 - Dry,10 - No control,01 - Non intersection,00 - Unknown,03 - P.D. only,06 - SMV unattended vehicle,Glen Cairn - Kanata South Business Park
11676,BLAKE BLVD btwn LAFONTAINE AVE & JEAN TALON ST,370958.0025,5033039.391,-75.65443571,45.43415737,10/3/2015,21:21,01 - Clear,01 - Dry,10 - No control,04 - At/near private drive,07 - Dark,03 - P.D. only,06 - SMV unattended vehicle,Vanier South
11677,SOMERSET ST    W btwn BOOTH ST & UPPER LORNE PL,366607.8379,5030265.021,-75.71037767,45.40959245,10/26/2015,23:15,01 - Clear,01 - Dry,10 - No control,01 - Non intersection,07 - Dark,03 - P.D. only,06 - SMV unattended vehicle,Chinatown
11678,HIGHWAY 417 btwn HWY417 IC122 RAMP15 & HWY417 IC121B RAMP51,366083.7369,5029325.775,-75.71718939,45.40118744,7/4/2015,15:00,01 - Clear,01 - Dry,10 - No control,01 - Non intersection,01 - Daylight,03 - P.D. only,99 - Other,Centretown West
11679,HIGHWAY 417 btwn HWY417 IC126 RAMP16 & HWY417 IC126 RAMP61,363080.1928,5025760,-75.75597298,45.3693596,1/15/2015,22:45,03 - Snow,03 - Loose snow,10 - No control,01 - Non intersection,07 - Dark,03 - P.D. only,04 - Sideswipe,Carlingwood West - Glabar Park - McKellar Heights
11680,HIGHWAY 417 btwn HWY417 IC123 RAMP62 & HWY417 IC122 RAMP16,364820.987,5028155.668,-75.73346008,45.39076846,1/5/2015,23:19,01 - Clear,01 - Dry,10 - No control,01 - Non intersection,07 - Dark,03 - P.D. only,03 - Rear end,Island Park
11681,HIGHWAY 417 btwn HWY417 IC112 RAMP66 & HWY417 IC112 RAMP56,374427.1482,5030886.777,-75.61040614,45.41445248,1/13/2015,10:30,01 - Clear,03 - Loose snow,10 - No control,01 - Non intersection,01 - Daylight,03 - P.D. only,07 - SMV other,Industrial Park
11682,HIGHWAY 417 btwn HWY417 IC127 RAMP67 & HWY417 IC126 RAMP16,362513.0314,5025163.361,-75.76328267,45.36403803,1/16/2015,18:22,01 - Clear,01 - Dry,10 - No control,01 - Non intersection,07 - Dark,03 - P.D. only,03 - Rear end,Carlingwood West - Glabar Park - McKellar Heights
11683,LAVAL ST btwn LOYER ST & ST. CHARLES ST,369470.4574,5033625.806,-75.67336895,45.43957285,11/2/2015,21:00,01 - Clear,01 - Dry,10 - No control,01 - Non intersection,07 - Dark,03 - P.D. only,06 - SMV unattended vehicle,Vanier North
11684,INVERNESS AVE btwn KILMORY CRES & BENSON ST,365970.7815,5024449.274,-75.71923625,45.3573196,11/13/2015,0:00,01 - Clear,01 - Dry,10 - No control,01 - Non intersection,00 - Unknown,03 - P.D. only,06 - SMV unattended vehicle,Borden Farm - Stewart Farm - Parkwood Hills - Fisher Glen
11685,GEORGE ST btwn 26 W OF BYWARD MARKET/FREIMAN MALL & BY WARD MARKET SQ,368010.4541,5032205.03,-75.69221153,45.42692273,10/28/2015,11:45,02 - Rain,02 - Wet,10 - No control,01 - Non intersection,01 - Daylight,03 - P.D. only,06 - SMV unattended vehicle,Byward Market
11686,HIGHWAY 417 btwn HWY417 IC126 RAMP61 & HWY417 IC124 RAMP76,363268.07,5026014.526,-75.75354455,45.37163414,1/16/2015,18:30,01 - Clear,01 - Dry,10 - No control,01 - Non intersection,07 - Dark,03 - P.D. only,03 - Rear end,Carlingwood West - Glabar Park - McKellar Heights
11687,HIGHWAY 417 btwn HWY417 IC127 RAMP67 & HWY417 IC126 RAMP16,362378.5393,5025046.696,-75.76501294,45.36299935,1/16/2015,18:30,01 - Clear,01 - Dry,10 - No control,01 - Non intersection,07 - Dark,03 - P.D. only,03 - Rear end,Carlingwood West - Glabar Park - McKellar Heights
11688,HIGHWAY 417 btwn HWY417 IC127 RAMP16 & HWY417 IC127 RAMP63,361901.6209,5024676.158,-75.77114309,45.35970429,1/16/2015,19:52,01 - Clear,01 - Dry,10 - No control,01 - Non intersection,07 - Dark,03 - P.D. only,03 - Rear end,Whitehaven - Queensway Terrace North
11689,HIGHWAY 417 btwn HWY417 IC138 RAMP61 & HWY417 IC134 RAMP36,353825.0214,5020770.552,-75.87461484,45.32517238,1/16/2015,11:50,01 - Clear,01 - Dry,10 - No control,01 - Non intersection,01 - Daylight,03 - P.D. only,99 - Other,Greenbelt