Record,Location,X,Y,lon,lat,Date,Time,Environment,Road_Surface,Traffic_Control,Collision_Location,Light,Collision_Classification,Impact_type,Neighborhood
11690,HARBOUR ST btwn PIGOTT ST & HIRAM WILSON ST,327141.1203,5036664.013,-76.21428002,45.46954601,11/11/2015,21:51,02 - Rain,02 - Wet,10 - No control,01 - Non intersection,07 - Dark,03 - P.D. only,06 - SMV unattended vehicle,Fitzro
11691,HARDING RD btwn SAMUEL DR & WALKLEY RD,373129.2712,5027644.932,-75.62743567,45.38541176,11/14/2015,23:39,01 - Clear,01 - Dry,10 - No control,01 - Non intersection,07 - Dark,03 - P.D. only,06 - SMV unattended vehicle,Urbandale
11692,SELBY AVE btwn CHURCHILL AVE N & FERNDALE AVE,363001.1191,5029032.68,-75.75659652,45.39881329,9/11/2015,0:00,01 - Clear,01 - Dry,10 - No control,01 - Non intersection,00 - Unknown,03 - P.D. only,06 - SMV unattended vehicle,Westboro Beach
11693,HIGHWAY 417 btwn RAMP & HWY417 IC88 RAMP51,392384.5411,5022866.935,-75.38243468,45.34028154,6/11/2015,7:40,01 - Clear,01 - Dry,10 - No control,01 - Non intersection,01 - Daylight,03 - P.D. only,04 - Sideswipe,Navan - Vars
11694,HIGHWAY 417 btwn HWY417 IC117 RAMP51 & HWY417 IC117 RAMP35,370719.0456,5031171.143,-75.65773952,45.41737023,6/11/2015,13:22,01 - Clear,01 - Dry,10 - No control,01 - Non intersection,01 - Daylight,03 - P.D. only,99 - Other,Industrial Park
11695,HIGHWAY 417 btwn HWY417 IC119B RAMP57 & HWY417 IC119A RAMP75,368392.3503,5030405.492,-75.68756389,45.41069649,6/11/2015,15:30,01 - Clear,01 - Dry,10 - No control,01 - Non intersection,01 - Daylight,03 - P.D. only,04 - Sideswipe,The Glebe
11696,HIGHWAY 17 btwn KINBURN SIDE RD & GRANTS SIDE RD,326103.8685,5025228.265,-76.22803969,45.36667427,7/5/2015,12:49,01 - Clear,01 - Dry,10 - No control,01 - Non intersection,01 - Daylight,03 - P.D. only,07 - SMV other,Antrim
11697,HIGHWAY 417 btwn HWY417 IC138 RAMP61 & HWY417 IC134 RAMP36,355570.6625,5021791.875,-75.85224332,45.33423829,7/6/2015,12:13,01 - Clear,01 - Dry,10 - No control,01 - Non intersection,01 - Daylight,03 - P.D. only,03 - Rear end,Greenbelt
11698,HIGHWAY 417 btwn HWY417 IC124 RAMP65 & HWY417 IC122 RAMP51,365143.9244,5028692.599,-75.72927049,45.3955719,7/7/2015,13:00,01 - Clear,01 - Dry,10 - No control,01 - Non intersection,01 - Daylight,03 - P.D. only,99 - Other,Civic Hospital - Experimental Farm - Central Park
11699,HIGHWAY 417 btwn HWY417 IC124 RAMP57 & HWY417 IC124 RAMP55,364319.1123,5027369.937,-75.73996381,45.38374143,7/7/2015,13:10,01 - Clear,01 - Dry,10 - No control,01 - Non intersection,01 - Daylight,03 - P.D. only,04 - Sideswipe,Carlington
11700,HIGHWAY 417 btwn HWY417 IC155 RAMP25 & RAMP,344345.5735,5015394.201,-75.99596252,45.27739191,1/8/2015,18:15,01 - Clear,02 - Wet,10 - No control,01 - Non intersection,07 - Dark,03 - P.D. only,07 - SMV other,Stittsville - Basswood
11701,HIGHWAY 417 btwn HWY417 IC140 RAMP25 & HWY417 IC139 RAMP15,351837.0955,5019308.859,-75.9001111,45.31215577,1/12/2015,7:18,03 - Snow,03 - Loose snow,10 - No control,01 - Non intersection,03 - Dawn,03 - P.D. only,03 - Rear end,Katimavik - Hazeldean
11702,HIGHWAY 417 btwn HWY417 IC134 RAMP51 & HWY417 IC134 RAMP35,356081.4056,5022047.233,-75.84570098,45.33649888,1/13/2015,6:35,01 - Clear,01 - Dry,10 - No control,01 - Non intersection,07 - Dark,03 - P.D. only,03 - Rear end,Greenbelt
11703,HIGHWAY 417 btwn HWY417 IC124 RAMP67 & HWY417 IC123 RAMP62,364768.5058,5028058.924,-75.73414203,45.38990248,1/16/2015,13:35,01 - Clear,01 - Dry,10 - No control,01 - Non intersection,01 - Daylight,03 - P.D. only,03 - Rear end,Westboro
11704,HIGHWAY 417 btwn HWY417 IC127 RAMP16 & HWY417 IC127 RAMP63,361919.51,5024698.362,-75.7709122,45.35990262,1/8/2015,6:25,03 - Snow,06 - Ice,10 - No control,01 - Non intersection,07 - Dark,03 - P.D. only,07 - SMV other,Whitehaven - Queensway Terrace North
11705,HIGHWAY 417 btwn HWY417 IC130 RAMP25 & HIGHWAY 417,359651.64,5023117.135,-75.80003307,45.34585586,1/8/2015,6:35,03 - Snow,06 - Ice,10 - No control,01 - Non intersection,07 - Dark,03 - P.D. only,03 - Rear end,Qualicum - Redwood Park
11706,HIGHWAY 417 btwn HWY417 IC138 RAMP61 & HWY417 IC134 RAMP36,355779.3843,5021913.899,-75.84956795,45.33532114,1/8/2015,8:18,03 - Snow,06 - Ice,10 - No control,01 - Non intersection,01 - Daylight,03 - P.D. only,03 - Rear end,Greenbelt
11707,JAMES ST btwn KENT ST & BANK ST,367741.2348,5030646.808,-75.69585069,45.41292664,11/17/2015,0:00,01 - Clear,01 - Dry,10 - No control,01 - Non intersection,00 - Unknown,03 - P.D. only,06 - SMV unattended vehicle,Centretown
11708,KIDGROVE GDN btwn BENLEA DR & LANSFIELD WAY,363883.6175,5021687.367,-75.74620367,45.33264722,12/5/2015,20:06,01 - Clear,02 - Wet,10 - No control,01 - Non intersection,07 - Dark,03 - P.D. only,06 - SMV unattended vehicle,Tanglewood
11709,FOXLEIGH CRES btwn EQUESTRIAN DR & BLUEGRASS DR,354660.3225,5016268.796,-75.86441285,45.28460589,12/7/2015,17:50,01 - Clear,01 - Dry,10 - No control,01 - Non intersection,07 - Dark,03 - P.D. only,06 - SMV unattended vehicle,Bridlewood - Emerald Meadows
11710,BLOHM DR btwn JOHNSTON RD & SAI CRES,374671.7884,5026515.072,-75.60790001,45.37509364,10/20/2015,15:03,01 - Clear,01 - Dry,10 - No control,01 - Non intersection,01 - Daylight,03 - P.D. only,06 - SMV unattended vehicle,Industrial Park
11711,MOFFATT POND CRT btwn ANJANA CIRC & COBBLE HILL DR,361687.1405,5013993.397,-75.775107,45.26359813,11/18/2015,0:00,01 - Clear,01 - Dry,10 - No control,01 - Non intersection,00 - Unknown,03 - P.D. only,06 - SMV unattended vehicle,Munster Hamlet - Richmond
11712,AYLMER AVE btwn GALT ST & BANK ST,368630.4692,5028703.958,-75.68474231,45.39536496,11/18/2015,0:00,01 - Clear,01 - Dry,10 - No control,01 - Non intersection,00 - Unknown,03 - P.D. only,06 - SMV unattended vehicle,Old Ottawa South
11713,HIGHWAY 417 btwn HWY417 IC117 RAMP51 & HWY417 IC117 RAMP35,370728.4319,5031174.031,-75.65761921,45.41739533,6/11/2015,16:04,01 - Clear,01 - Dry,10 - No control,01 - Non intersection,01 - Daylight,03 - P.D. only,03 - Rear end,Industrial Park
11714,HIGHWAY 417 btwn HWY417 IC119A RAMP75 & HWY417 IC118 RAMP57,368939.2622,5030691.72,-75.68054018,45.41322196,6/11/2015,17:50,01 - Clear,01 - Dry,10 - No control,01 - Non intersection,01 - Daylight,03 - P.D. only,03 - Rear end,Old Ottawa East
11715,HIGHWAY 417 btwn HWY417 IC121A RAMP51 & HWY417 IC120A RAMP52,367269.2261,5029734.319,-75.7019962,45.40475863,6/11/2015,23:15,01 - Clear,01 - Dry,10 - No control,01 - Non intersection,07 - Dark,03 - P.D. only,03 - Rear end,Centretown West
11716,HIGHWAY 417 btwn HWY417 IC124 RAMP65 & HWY417 IC122 RAMP51,364729.9427,5027941.056,-75.73464879,45.38884522,7/7/2015,12:50,01 - Clear,01 - Dry,10 - No control,01 - Non intersection,01 - Daylight,03 - P.D. only,07 - SMV other,Civic Hospital - Experimental Farm - Central Park
11717,HIGHWAY 417 btwn HWY417 IC117 RAMP51 & HWY417 IC117 RAMP35,370759.4788,5031184.139,-75.65722121,45.41748335,7/7/2015,16:40,01 - Clear,01 - Dry,10 - No control,01 - Non intersection,01 - Daylight,03 - P.D. only,03 - Rear end,Industrial Park
11718,HIGHWAY 417 btwn HWY417 IC163 RAMP16 & HWY417 IC163 RAMP61,331569.0195,5021433.001,-76.15847939,45.33233511,7/5/2015,21:00,01 - Clear,01 - Dry,10 - No control,01 - Non intersection,05 - Dusk,03 - P.D. only,07 - SMV other,Carp - Hardwood Plains
11719,HIGHWAY 416 btwn HWY416 IC66 RAMP53 & HWY416 IC57 RAMP34,363761.885,5009905.043,-75.74915629,45.22664001,7/7/2015,20:30,02 - Rain,02 - Wet,10 - No control,01 - Non intersection,05 - Dusk,03 - P.D. only,07 - SMV other,New Barrhaven
11720,BIRCH AVE EXT./ROCKCLIFFE PKWY @ ROCKCLIFFE PK,370128.0521,5035713.643,-75.66468708,45.45829715,5/4/2015,10:30,01 - Clear,01 - Dry,02 - Stop sign,02 - Intersection related,01 - Daylight,03 - P.D. only,04 - Sideswipe,Rockcliffe - Manor Park
11721,OTTAWA RIVER PKWY EB btwn TUNNEY'S PASTURE/REMIC RAPIDS ENT & ISLAND P,364227.6173,5030105.437,-75.74080253,45.4083627,5/8/2015,7:30,01 - Clear,01 - Dry,10 - No control,01 - Non intersection,01 - Daylight,03 - P.D. only,04 - Sideswipe,Tunney's Pasture
11722,OTTAWA RIVER PKWY @ ISLAND PARK DR,363295.0649,5029452.22,-75.75279251,45.40256374,5/13/2015,16:40,01 - Clear,01 - Dry,01 - Traffic signal,02 - Intersection related,01 - Daylight,03 - P.D. only,02 - Angle,Westboro
11723,HIGHWAY 417 btwn HWY417 IC127 RAMP63 & HWY417 IC127 RAMP67,362199.0661,5024914.086,-75.76731912,45.36182086,1/8/2015,16:00,03 - Snow,06 - Ice,10 - No control,01 - Non intersection,01 - Daylight,03 - P.D. only,03 - Rear end,Carlingwood West - Glabar Park - McKellar Heights
11724,HWY417 IC126 RAMP61 btwn HWY417 IC126 RAMP63 & HIGHWAY 417,363084.6257,5025852.153,-75.75590552,45.37018841,1/17/2015,9:25,01 - Clear,01 - Dry,10 - No control,01 - Non intersection,01 - Daylight,03 - P.D. only,03 - Rear end,Glabar Park
11725,HIGHWAY 417 btwn HWY417 IC124 RAMP67 & HWY417 IC123 RAMP62,364686.3795,5027910.004,-75.73520884,45.38856955,1/17/2015,12:45,01 - Clear,01 - Dry,10 - No control,01 - Non intersection,01 - Daylight,03 - P.D. only,07 - SMV other,Westboro
11726,HWY417 IC118 RAMP35 btwn HWY417 IC118 RAMP45 & HIGHWAY 417,369658.4524,5031108.061,-75.67129779,45.41690176,1/17/2015,20:35,01 - Clear,01 - Dry,10 - No control,01 - Non intersection,07 - Dark,03 - P.D. only,07 - SMV other,Old Ottawa East
11727,YORK ST WB btwn TO BE DETERMINED & CUMBERLAND ST,368240.316,5032532.43,-75.68923216,45.42984775,12/12/2015,16:00,01 - Clear,01 - Dry,10 - No control,01 - Non intersection,05 - Dusk,03 - P.D. only,06 - SMV unattended vehicle,Byward Market
11728,SADLER CRES btwn WINSLOW CRT & REMBRANDT RD,361700.3707,5025011.098,-75.77367312,45.36273442,9/19/2015,0:00,01 - Clear,01 - Dry,10 - No control,01 - Non intersection,00 - Unknown,03 - P.D. only,06 - SMV unattended vehicle,Whitehaven - Queensway Terrace North
11729,BENJAMIN AVE btwn FAIRLAWN AVE & BLYTHDALE RD,362324.6674,5025191.515,-75.7656837,45.36430684,10/2/2015,0:00,01 - Clear,01 - Dry,10 - No control,01 - Non intersection,00 - Unknown,03 - P.D. only,06 - SMV unattended vehicle,Glabar Park
11730,GRADY CRES btwn JANSEN RD & JANSEN RD,360099.8524,5021166.853,-75.79453177,45.32827201,11/19/2015,0:00,01 - Clear,01 - Dry,10 - No control,01 - Non intersection,00 - Unknown,03 - P.D. only,06 - SMV unattended vehicle,Sheahan Estates - Trend Village - Arlington Woods
11731,ROLAND MICHENER DR btwn EARL GREY DR & TRANSITWAY,350863.4664,5018912.512,-75.91256448,45.30865388,1/2/2015,15:25,01 - Clear,01 - Dry,10 - No control,04 - At/near private drive,01 - Daylight,03 - P.D. only,05 - Turning movement,Kanata
11732,DONALD ST btwn QUILL ST & BEAUDRY ST,370744.3905,5032319.706,-75.65726197,45.42770213,9/20/2015,0:00,01 - Clear,01 - Dry,10 - No control,01 - Non intersection,00 - Unknown,03 - P.D. only,06 - SMV unattended vehicle,Vanier South
11733,HIGHWAY 417 btwn HWY417 IC117 RAMP36 & HWY417 IC117 RAMP26,370755.8687,5031197.857,-75.6572655,45.41760712,6/12/2015,9:15,02 - Rain,02 - Wet,10 - No control,01 - Non intersection,01 - Daylight,03 - P.D. only,04 - Sideswipe,Industrial Park
11734,HIGHWAY 417 btwn REGIONAL ROAD 174 & HWY417 IC113 RAMP62,373897.385,5031823.128,-75.61704256,45.4229298,6/13/2015,12:55,01 - Clear,01 - Dry,10 - No control,01 - Non intersection,01 - Daylight,03 - P.D. only,03 - Rear end,Pineview
11735,HIGHWAY 417 btwn REGIONAL ROAD 174 & HWY417 IC113 RAMP62,373299.551,5031737.208,-75.624693,45.42221553,6/13/2015,15:54,01 - Clear,01 - Dry,10 - No control,01 - Non intersection,01 - Daylight,03 - P.D. only,03 - Rear end,Pineview
11736,HIGHWAY 7 btwn HAZELDEAN IC RAMP 53 & HIGHWAY 7,342355.7711,5008437.959,-76.02184854,45.21490512,7/8/2015,12:25,01 - Clear,01 - Dry,10 - No control,01 - Non intersection,01 - Daylight,03 - P.D. only,07 - SMV other,Munster Hamlet - Richmond
11737,HIGHWAY 417 btwn HWY417 IC121A RAMP51 & HWY417 IC120A RAMP52,367699.9864,5029942.641,-75.69646749,45.40659447,7/8/2015,9:30,01 - Clear,01 - Dry,10 - No control,01 - Non intersection,01 - Daylight,03 - P.D. only,07 - SMV other,The Glebe
11738,HIGHWAY 417 btwn HWY417 IC124 RAMP76 & HWY417 IC124 RAMP67,364350.8813,5027432.753,-75.73955059,45.38430394,7/8/2015,17:20,01 - Clear,01 - Dry,10 - No control,01 - Non intersection,01 - Daylight,03 - P.D. only,03 - Rear end,Westboro
11739,CHAPEL ST @ LAURIER AVE,369122.4427,5032254.175,-75.67799608,45.42726355,5/13/2015,22:32,01 - Clear,01 - Dry,01 - Traffic signal,03 - At intersection,07 - Dark,03 - P.D. only,05 - Turning movement,Sandy Hill
11740,OTTAWA RIVER PKWY WB RAMP/CARLING AVE WB btwn CARLING AVE & OTTAWA RIV,360860.9098,5025327.256,-75.78435203,45.36564683,5/19/2015,15:57,01 - Clear,01 - Dry,10 - No control,01 - Non intersection,01 - Daylight,03 - P.D. only,03 - Rear end,Woodroffe - Lincoln Heights
11741,OTTAWA RIVER PKWY WB btwn OTTAWA RIVER PKWY WB RAMP/CARLING AVE WB & W,360908.8409,5025797.389,-75.78368682,45.36987322,5/20/2015,10:52,01 - Clear,01 - Dry,10 - No control,01 - Non intersection,01 - Daylight,03 - P.D. only,07 - SMV other,Woodroffe - Lincoln Heights
11742,OTTAWA RIVER PKWY EB btwn TRANSIT & TURN LANE (1),363086.1379,5029247.41,-75.75548529,45.40073832,5/21/2015,16:58,01 - Clear,01 - Dry,10 - No control,01 - Non intersection,01 - Daylight,03 - P.D. only,04 - Sideswipe,Westboro Beach
11743,HWY417 IC117 RAMP26 btwn HIGHWAY 417 & VANIER PKWY,370846.1214,5031234.68,-75.65610751,45.41792992,1/16/2015,12:00,01 - Clear,02 - Wet,10 - No control,01 - Non intersection,01 - Daylight,03 - P.D. only,07 - SMV other,Industrial Park
11744,HIGHWAY 417 btwn HWY417 IC120A RAMP52 & HWY417 IC119B RAMP57,368012.1864,5030143.706,-75.69245382,45.40837546,1/18/2015,22:30,"07 - Fog, mist, smoke, dust",02 - Wet,10 - No control,01 - Non intersection,07 - Dark,03 - P.D. only,03 - Rear end,The Glebe
11745,HIGHWAY 417 btwn HWY417 IC119A RAMP75 & HWY417 IC118 RAMP57,368626.6268,5030534.319,-75.68455447,45.41183431,1/19/2015,13:15,01 - Clear,02 - Wet,10 - No control,01 - Non intersection,01 - Daylight,03 - P.D. only,04 - Sideswipe,The Glebe
11746,HIGHWAY 417 btwn HWY417 IC142 RAMP16 & HWY417 IC142 RAMP61,348915.8676,5017247.736,-75.93754862,45.29379874,1/19/2015,6:30,03 - Snow,04 - Slush,10 - No control,01 - Non intersection,07 - Dark,03 - P.D. only,07 - SMV other,Stittsville - Basswood
11747,SUNNYBROOKE DR btwn BRIDGESTONE DR & GRASSY PLAINS DR,355190.6926,5015546.77,-75.85772578,45.27807113,12/5/2015,0:00,01 - Clear,01 - Dry,10 - No control,01 - Non intersection,00 - Unknown,03 - P.D. only,06 - SMV unattended vehicle,Bridlewood - Emerald Meadows
11748,IRISH ROSE CRES btwn HERITAGE GLEN DR & HERITAGE GLEN DR,365666.4498,5015553.97,-75.72421328,45.27730706,9/14/2015,0:00,01 - Clear,02 - Wet,10 - No control,01 - Non intersection,00 - Unknown,03 - P.D. only,06 - SMV unattended vehicle,New Barrhaven
11749,CENTREPOINTE DR btwn REC PATH BEN FRANKLIN PL & CONSTELLATION CRES,362398.8654,5023077.831,-75.76498288,45.34528199,12/10/2015,11:38,01 - Clear,01 - Dry,10 - No control,01 - Non intersection,01 - Daylight,03 - P.D. only,06 - SMV unattended vehicle,Centrepointe
11750,MACASSA CIRC btwn Continuation of MACASSA CIRC & KANATA AVE,350434.7715,5019495.242,-75.91797757,45.31392542,11/27/2015,0:00,01 - Clear,01 - Dry,10 - No control,01 - Non intersection,00 - Unknown,03 - P.D. only,06 - SMV unattended vehicle,Kanata Lakes - Marchwood Lakeside - Morgan's Grant - Kanata
11751,MORRIS ST btwn FIFTH AVE & HOLMWOOD AVE,368107.3557,5029112.852,-75.69137048,45.39909156,12/16/2015,15:41,01 - Clear,01 - Dry,10 - No control,01 - Non intersection,01 - Daylight,03 - P.D. only,06 - SMV unattended vehicle,The Glebe
11752,NEWBURY AVE btwn TIVERTON DR & BELIVEAU ST,365471.4248,5024444.74,-75.72560984,45.35732219,12/15/2015,0:00,01 - Clear,02 - Wet,10 - No control,01 - Non intersection,00 - Unknown,03 - P.D. only,06 - SMV unattended vehicle,Borden Farm - Stewart Farm - Parkwood Hills - Fisher Glen
11753,HIGHWAY 417 btwn HWY417 IC122 RAMP51 & HWY417 IC122 RAMP15,365308.5394,5028859.995,-75.72714764,45.39706389,6/13/2015,20:19,01 - Clear,01 - Dry,10 - No control,01 - Non intersection,01 - Daylight,03 - P.D. only,04 - Sideswipe,Civi
11754,HIGHWAY 417 btwn HWY417 IC117 RAMP61 & HWY417 IC115 RAMP36,371561.6449,5031423.128,-75.64694051,45.41955759,6/13/2015,22:09,01 - Clear,01 - Dry,10 - No control,01 - Non intersection,07 - Dark,03 - P.D. only,04 - Sideswipe,Overbrook
11755,HIGHWAY 417 btwn HWY417 IC118 RAMP35 & HWY417 IC117 RAMP51,370160.9229,5031101.106,-75.66487928,45.41679242,6/13/2015,22:56,01 - Clear,01 - Dry,10 - No control,01 - Non intersection,07 - Dark,03 - P.D. only,03 - Rear end,Old Ottawa East
11756,HIGHWAY 417 btwn HWY 417 ANDERSON IC104R61 & HWY 417 BOUNDARY IC96R16,384972.9815,5024987.162,-75.47664545,45.36024385,6/14/2015,8:00,01 - Clear,01 - Dry,10 - No control,01 - Non intersection,01 - Daylight,03 - P.D. only,07 - SMV other,Greenbelt
11757,HWY417 IC145 RAMP55 btwn HIGHWAY 7 & HIGHWAY 417,346229.3652,5014662.927,-75.97201423,45.27070313,7/9/2015,7:17,01 - Clear,01 - Dry,10 - No control,01 - Non intersection,01 - Daylight,03 - P.D. only,04 - Sideswipe,Stittsville - Basswood
11758,HIGHWAY 417 btwn HWY417 IC124 RAMP67 & HWY417 IC123 RAMP62,364721.2784,5027966.327,-75.73475636,45.38907335,7/9/2015,17:10,01 - Clear,01 - Dry,10 - No control,01 - Non intersection,01 - Daylight,03 - P.D. only,03 - Rear end,Westboro
11759,HIGHWAY 417 btwn HWY417 IC104 RAMP15 & HWY417 IC96 RAMP51,383184.818,5025312.283,-75.49941506,45.36337126,7/10/2015,9:15,01 - Clear,01 - Dry,10 - No control,01 - Non intersection,01 - Daylight,03 - P.D. only,07 - SMV other,Greenbelt
11760,HIGHWAY 416 btwn HWY416 IC66 RAMP24 & HWY416 IC57 RAMP62,363823.0572,5009868.71,-75.74838167,45.22630796,7/10/2015,12:46,01 - Clear,01 - Dry,10 - No control,01 - Non intersection,01 - Daylight,03 - P.D. only,07 - SMV other,New Barrhaven
11761,HIGHWAY 417 btwn HWY417 IC122 RAMP51 & HWY417 IC122 RAMP15,365340.3083,5028879.49,-75.72673952,45.39723656,7/10/2015,15:07,01 - Clear,01 - Dry,10 - No control,01 - Non intersection,01 - Daylight,03 - P.D. only,07 - SMV other,Civi
11762,OTTAWA RIVER PKWY EB btwn TRANSIT & TURN LANE (2),361309.8533,5026802.356,-75.77845271,45.37888361,5/23/2015,8:58,01 - Clear,01 - Dry,10 - No control,01 - Non intersection,01 - Daylight,03 - P.D. only,03 - Rear end,Woodroffe - Lincoln Heights
11763,ISLAND PARK DR @ RICHMOND RD,364127.2519,5028867.361,-75.74223355,45.39723126,5/23/2015,16:30,01 - Clear,01 - Dry,01 - Traffic signal,02 - Intersection related,01 - Daylight,03 - P.D. only,03 - Rear end,Island Park
11764,ROSINGDALE ST btwn FOXLIGHT CIR & SUMMERGAZE ST,"356,850.68","5,015,533.99",-75.8365705,45.2778352,10/2/2015,8:20,01 - Clear,01 - Dry,10 - No control,01 - Non intersection,01 - Daylight,03 - P.D. only,06 - SMV unattended vehicle,Bridlewood - Emerald Meadows
11765,GLENORA ST btwn HERRIDGE ST & CLEGG ST,369159.4326,5029986.955,-75.67781953,45.40686052,12/14/2015,0:00,01 - Clear,01 - Dry,10 - No control,01 - Non intersection,00 - Unknown,03 - P.D. only,06 - SMV unattended vehicle,Old Ottawa East
11766,CHURCHILL AVE   N btwn RAVENHILL AVE & KENWOOD AVE,363349.5697,5028008.945,-75.75226763,45.38957283,11/20/2015,0:00,01 - Clear,01 - Dry,10 - No control,01 - Non intersection,00 - Unknown,03 - P.D. only,06 - SMV unattended vehicle,Westboro
11767,ARGYLE AVE btwn O'CONNOR ST & METCALFE ST,368257.6826,5030530.054,-75.68926815,45.41182948,10/22/2015,0:00,01 - Clear,01 - Dry,10 - No control,01 - Non intersection,00 - Unknown,03 - P.D. only,06 - SMV unattended vehicle,Centretown
11768,RIDEOUT CRES btwn RUSTIC DR & RUSTIC DR,361937.2483,5023871.067,-75.77078143,45.35245723,12/19/2015,0:00,01 - Clear,01 - Dry,10 - No control,01 - Non intersection,00 - Unknown,03 - P.D. only,06 - SMV unattended vehicle,Iris
11769,HOLLAND AVE btwn WELLINGTON ST W & BYRON AVE,364944.8639,5029120.341,-75.73176056,45.39943776,3/30/2015,16:59,01 - Clear,01 - Dry,10 - No control,01 - Non intersection,01 - Daylight,03 - P.D. only,06 - SMV unattended vehicle,Island Park
11770,HIGHWAY 417 btwn HWY417 IC115 RAMP51 & HWY417 IC115 RAMP35,372391.2924,5031493.256,-75.63633112,45.42010891,6/14/2015,13:23,01 - Clear,01 - Dry,10 - No control,01 - Non intersection,01 - Daylight,03 - P.D. only,03 - Rear end,Industrial Park
11771,HIGHWAY 417 btwn HWY417 IC96 RAMP61 & HIGHWAY 417,387498.7149,5023864.236,-75.4445994,45.34984735,6/14/2015,23:13,02 - Rain,02 - Wet,10 - No control,01 - Non intersection,07 - Dark,03 - P.D. only,07 - SMV other,Navan - Vars
11772,HIGHWAY 417 btwn HWY417 IC117 RAMP25 & HWY417 IC115 RAMP51,371525.1651,5031395.355,-75.64741035,45.41931118,6/14/2015,23:00,02 - Rain,02 - Wet,10 - No control,01 - Non intersection,07 - Dark,03 - P.D. only,03 - Rear end,Industrial Park
11773,HIGHWAY 417 btwn HWY417 IC124 RAMP76 & HWY417 IC124 RAMP67,364415.8632,5027521.562,-75.73871014,45.3850975,7/10/2015,15:00,01 - Clear,01 - Dry,10 - No control,01 - Non intersection,01 - Daylight,03 - P.D. only,03 - Rear end,Westboro
11774,HIGHWAY 416 btwn HWY416 IC42 RAMP24 & END,372360.9561,4994149.185,-75.64179466,45.08409697,11/4/2015,21:20,01 - Clear,01 - Dry,10 - No control,01 - Non intersection,07 - Dark,03 - P.D. only,07 - SMV other,Kars - Osgoode
11775,HIGHWAY 417 btwn HWY417 IC163 RAMP15 & HWY417 IC155 RAMP51,335990.3663,5020230.14,-76.10214865,45.32132859,11/5/2015,6:40,01 - Clear,01 - Dry,10 - No control,01 - Non intersection,03 - Dawn,03 - P.D. only,07 - SMV other,Carp - Hardwood Plains
11776,HIGHWAY 417 btwn HWY417 IC121B RAMP16 & HWY417 IC121A RAMP16,366767.0127,5029586.907,-75.70842956,45.40347689,11/5/2015,7:00,01 - Clear,01 - Dry,10 - No control,01 - Non intersection,03 - Dawn,03 - P.D. only,07 - SMV other,Centretown West
11777,HIGHWAY 417 btwn HWY417 IC117 RAMP51 & HWY417 IC117 RAMP35,370716.8795,5031171.143,-75.65776719,45.41737043,11/5/2015,17:18,01 - Clear,01 - Dry,10 - No control,01 - Non intersection,07 - Dark,03 - P.D. only,04 - Sideswipe,Industrial Park
11778,QUEEN ELIZABETH DRWY @ TORRINGTON PL,367983.4982,5028615.354,-75.69301609,45.39462641,5/25/2015,0:00,02 - Rain,02 - Wet,02 - Stop sign,02 - Intersection related,00 - Unknown,03 - P.D. only,07 - SMV other,The Glebe
11779,CHAMPLAIN BRIDGE/ISLAND PARK DR btwn BATE ISLAND & OTTAWA RIVER PKWY,363035.8272,5029966.037,-75.756043,45.40720859,5/26/2015,16:13,01 - Clear,01 - Dry,10 - No control,01 - Non intersection,01 - Daylight,03 - P.D. only,03 - Rear end,Westboro
11780,ALBERT ST @ PRESTON ST,366161.4354,5030462.799,-75.7160555,45.41141128,5/27/2015,16:30,00 - Unknown,00 - Unknown,01 - Traffic signal,02 - Intersection related,01 - Daylight,03 - P.D. only,04 - Sideswipe,Little Italy
11781,DOUGLAS AVE btwn PUTMAN AVE & BEECHWOOD AVE,369303.6375,5033717.002,-75.6754891,45.4404088,11/5/2015,17:30,01 - Clear,01 - Dry,10 - No control,01 - Non intersection,07 - Dark,03 - P.D. only,06 - SMV unattended vehicle,Lindenlea
11782,BALSAM ST btwn PRESTON ST & ROCHESTER ST,366531.5024,5029817.936,-75.71140877,45.40557644,11/14/2015,18:43,01 - Clear,01 - Dry,10 - No control,01 - Non intersection,07 - Dark,03 - P.D. only,06 - SMV unattended vehicle,Little Italy
11783,CRAIG HENRY DR btwn CHARTWELL AVE & BERTONA ST,362524.0054,5021849.721,-75.76352938,45.33422123,10/19/2015,0:00,01 - Clear,02 - Wet,10 - No control,01 - Non intersection,00 - Unknown,03 - P.D. only,06 - SMV unattended vehicle,Woodvale - Craig Henry - Manordale - Estates of Arlington Wo
11784,LAFRANCE DR btwn DES EPINETTES AVE & PRESTWICK DR,383262.2397,5036538.709,-75.49663971,45.4643689,10/25/2015,16:15,01 - Clear,01 - Dry,10 - No control,01 - Non intersection,01 - Daylight,03 - P.D. only,06 - SMV unattended vehicle,Queenswood Heights
11785,SABLE RIDGE DR btwn COURTYARD CRES & COURTYARD CRES,372691.1432,5024534.802,-75.63345739,45.35747063,3/28/2015,0:00,01 - Clear,01 - Dry,10 - No control,01 - Non intersection,00 - Unknown,03 - P.D. only,06 - SMV unattended vehicle,Blossom Park - Blossom Park West - Sawmill Creek/ Timbermill
11786,KENT ST btwn QUEEN ST & ALBERT ST,367208.1914,5031337.717,-75.70257279,45.41919097,10/7/2015,0:00,01 - Clear,01 - Dry,10 - No control,01 - Non intersection,00 - Unknown,03 - P.D. only,06 - SMV unattended vehicle,Downtown
11787,HIGHWAY 417 btwn HWY417 IC144 RAMP25 & HWY417 IC142 RAMP51,348201.4331,5016536.416,-75.94671905,45.28744252,6/16/2015,6:00,02 - Rain,02 - Wet,10 - No control,01 - Non intersection,01 - Daylight,03 - P.D. only,07 - SMV other,Stittsville - Basswood