Record,Location,X,Y,lon,lat,Date,Time,Environment,Road_Surface,Traffic_Control,Collision_Location,Light,Collision_Classification,Impact_type,Neighborhood
11788,HWY417 IC131 RAMP53 btwn HIGHWAY 417 & HWY417 IC131 RAMP63,357971.9859,5022704.395,-75.82151013,45.34227134,6/16/2015,6:00,02 - Rain,02 - Wet,10 - No control,01 - Non intersection,01 - Daylight,03 - P.D. only,07 - SMV other,Greenbelt
11789,HIGHWAY 417 btwn HWY417 IC119A RAMP75 & HWY417 IC118 RAMP57,368934.5655,5030690.852,-75.68060029,45.41321458,6/18/2015,12:15,01 - Clear,01 - Dry,10 - No control,01 - Non intersection,01 - Daylight,03 - P.D. only,04 - Sideswipe,Old Ottawa East
11790,HIGHWAY 417 btwn HWY417 IC126 RAMP16 & HWY417 IC126 RAMP61,363116.2939,5025806.932,-75.7555066,45.36977888,11/7/2015,0:20,01 - Clear,01 - Dry,10 - No control,01 - Non intersection,07 - Dark,03 - P.D. only,07 - SMV other,Carlingwood West - Glabar Park - McKellar Heights
11791,HIGHWAY 416 btwn HWY416 IC42 RAMP34 & HWY416 IC42 RAMP43,371430.7195,4995206.496,-75.65346933,45.09369894,11/8/2015,8:50,01 - Clear,01 - Dry,10 - No control,01 - Non intersection,01 - Daylight,03 - P.D. only,07 - SMV other,Manotick - North Gower
11792,ISLAND PARK DR btwn MERIVALE RD & ISLAND PARK CRES,364576.8753,5028022.504,-75.73659354,45.38959116,5/31/2015,9:45,01 - Clear,01 - Dry,10 - No control,01 - Non intersection,01 - Daylight,03 - P.D. only,04 - Sideswipe,Westboro
11793,OTTAWA RIVER PKWY btwn VIMY PLACE PRIV & BOOTH ST,366194.0694,5030955.934,-75.71557718,45.41584552,6/2/2015,14:17,01 - Clear,01 - Dry,10 - No control,01 - Non intersection,01 - Daylight,03 - P.D. only,04 - Sideswipe,LeBreton Flats
11794,OTTAWA RIVER PKWY @ ISLAND PARK DR,363300.5249,5029452.959,-75.75272268,45.40256993,6/3/2015,17:48,01 - Clear,01 - Dry,01 - Traffic signal,02 - Intersection related,01 - Daylight,03 - P.D. only,04 - Sideswipe,Westboro
11795,BRONSON PL @ COLONEL BY DR,367811.2634,5028522.891,-75.69522747,45.39380997,6/5/2015,20:28,01 - Clear,01 - Dry,02 - Stop sign,02 - Intersection related,05 - Dusk,03 - P.D. only,07 - SMV other,Old Ottawa South
11796,LLOYDALEX CRES btwn CARP RD & ROTHBOURNE RD,348128.6517,5015185.46,-75.94776477,45.27529062,10/21/2015,0:00,01 - Clear,01 - Dry,10 - No control,01 - Non intersection,00 - Unknown,03 - P.D. only,06 - SMV unattended vehicle,Stittsville
11797,NICHOLAS ST btwn DALY AVE & SB RAMP FROM WALLER/NICHOLAS/MACKENZIE KIN,368247.2517,5032016.016,-75.68921006,45.42520061,10/20/2015,16:00,01 - Clear,01 - Dry,10 - No control,01 - Non intersection,01 - Daylight,03 - P.D. only,06 - SMV unattended vehicle,Byward Market - Parliament Hill
11798,BEAVERPOND DR btwn HALLMARK PL & APPLETON DR (2),375281.9785,5031843.924,-75.5993488,45.42297878,11/1/2015,16:18,01 - Clear,01 - Dry,10 - No control,01 - Non intersection,01 - Daylight,03 - P.D. only,06 - SMV unattended vehicle,Pineview
11799,HIGHWAY 417 btwn HWY417 IC127 RAMP63 & HWY417 IC127 RAMP67,362131.7844,5024859.373,-75.76818422,45.36133406,1/19/2015,17:25,01 - Clear,01 - Dry,10 - No control,01 - Non intersection,05 - Dusk,03 - P.D. only,03 - Rear end,Carlingwood West - Glabar Park - McKellar Heights
11800,HIGHWAY 417 btwn REGIONAL ROAD 174 & HWY417 IC113 RAMP85,373555.5242,5031791.405,-75.62141492,45.42267806,1/19/2015,22:50,01 - Clear,01 - Dry,10 - No control,01 - Non intersection,07 - Dark,03 - P.D. only,99 - Other,Pineview
11801,HIGHWAY 417 btwn HWY417 IC124 RAMP57 & HWY417 IC124 RAMP55,364349.4373,5027404.594,-75.73957243,45.38405069,1/20/2015,6:40,01 - Clear,01 - Dry,10 - No control,01 - Non intersection,07 - Dark,03 - P.D. only,03 - Rear end,Carlington
11802,HIGHWAY 417 btwn HWY417 IC119A RAMP75 & HWY417 IC118 RAMP57,368938.1756,5030691.574,-75.68055408,45.41322075,1/20/2015,11:40,01 - Clear,01 - Dry,10 - No control,01 - Non intersection,01 - Daylight,03 - P.D. only,03 - Rear end,Old Ottawa East
11803,HIGHWAY 417 btwn HWY417 IC117 RAMP51 & HWY417 IC117 RAMP35,370652.6196,5031166.088,-75.65858884,45.417331,6/18/2015,15:00,01 - Clear,01 - Dry,10 - No control,01 - Non intersection,01 - Daylight,03 - P.D. only,04 - Sideswipe,Industrial Park
11804,HIGHWAY 417 btwn HWY417 IC124 RAMP76 & HWY417 IC124 RAMP67,364360.2676,5027443.584,-75.73942943,45.3844006,6/18/2015,15:45,01 - Clear,01 - Dry,10 - No control,01 - Non intersection,01 - Daylight,03 - P.D. only,03 - Rear end,Westboro
11805,HIGHWAY 417 btwn HWY417 IC110 RAMP66 & HWY417 IC110 RAMP56,375837.8118,5029112.361,-75.59264065,45.39834547,6/18/2015,15:25,01 - Clear,01 - Dry,10 - No control,01 - Non intersection,01 - Daylight,03 - P.D. only,04 - Sideswipe,Greenbelt
11806,HIGHWAY 417 btwn HWY417 IC119B RAMP57 & HWY417 IC119A RAMP75,368588.7402,5030514.518,-75.68504102,45.4116596,6/18/2015,15:59,01 - Clear,01 - Dry,10 - No control,01 - Non intersection,01 - Daylight,03 - P.D. only,03 - Rear end,The Glebe
11807,HIGHWAY 417 btwn HWY417 IC124 RAMP65 & HWY417 IC122 RAMP51,365129.484,5028674.548,-75.72945712,45.39541073,11/8/2015,11:00,01 - Clear,01 - Dry,10 - No control,01 - Non intersection,01 - Daylight,03 - P.D. only,07 - SMV other,Civic Hospital - Experimental Farm - Central Park
11808,HIGHWAY 417 btwn HWY417 IC119B RAMP57 & HWY417 IC119A RAMP75,368588.0887,5030514.756,-75.68504931,45.4116618,11/8/2015,20:50,01 - Clear,01 - Dry,10 - No control,01 - Non intersection,07 - Dark,03 - P.D. only,07 - SMV other,The Glebe
11809,MONTREAL RD @ VANIER PKWY,370068.4456,5033066.264,-75.66580034,45.43448275,6/6/2015,10:21,01 - Clear,01 - Dry,01 - Traffic signal,02 - Intersection related,01 - Daylight,03 - P.D. only,03 - Rear end,Vanier
11810,OTTAWA RIVER PKWY @ PORTAGE BRIDGE,366516.783,5031316.721,-75.71140912,45.41906338,6/7/2015,3:55,01 - Clear,01 - Dry,01 - Traffic signal,03 - At intersection,07 - Dark,03 - P.D. only,07 - SMV other,LeBreton Flats
11811,PRESTON ST @ PRINCE OF WALES DR/QUEEN ELIZABET,366902.9515,5028776.711,-75.70679525,45.39617492,6/9/2015,19:25,02 - Rain,02 - Wet,01 - Traffic signal,02 - Intersection related,01 - Daylight,03 - P.D. only,99 - Other,The Glebe
11812,HUNTERSWOOD CRES btwn FOLKWAY GT (2) & HUNTERSWOOD CRES,375158.1279,5026785.919,-75.60165276,45.37748193,9/9/2015,0:00,01 - Clear,01 - Dry,10 - No control,01 - Non intersection,00 - Unknown,03 - P.D. only,06 - SMV unattended vehicle,Industrial Park
11813,CONN ST btwn POULIN AVE & PRISCILLA ST,360303.0915,5025152.341,-75.79149198,45.36411734,10/29/2015,0:00,01 - Clear,01 - Dry,10 - No control,01 - Non intersection,00 - Unknown,03 - P.D. only,06 - SMV unattended vehicle,Woodroffe - Lincoln Heights
11814,VISENEAU DR btwn BARRINGTON ST & BROMONT WAY,381587.4984,5035534.271,-75.51820965,45.4555179,11/4/2015,18:00,01 - Clear,01 - Dry,10 - No control,01 - Non intersection,07 - Dark,03 - P.D. only,06 - SMV unattended vehicle,Orleans Village - Chateauneuf
11815,HIGHWAY 417 btwn HWY417 IC126 RAMP25 & HWY417 IC124 RAMP57,363736.5424,5026591.79,-75.74749525,45.37678904,1/20/2015,6:45,01 - Clear,01 - Dry,10 - No control,01 - Non intersection,07 - Dark,03 - P.D. only,03 - Rear end,Carlington
11816,HIGHWAY 417 btwn HWY417 IC117 RAMP61 & HWY417 IC115 RAMP36,371988.1637,5031469.43,-75.64148489,45.41993336,1/20/2015,7:30,01 - Clear,01 - Dry,10 - No control,01 - Non intersection,03 - Dawn,03 - P.D. only,03 - Rear end,Overbrook
11817,HIGHWAY 417 btwn HWY417 IC122 RAMP61 & HWY417 IC121B RAMP16,365810.0706,5029205.935,-75.72069958,45.40013305,1/20/2015,18:00,01 - Clear,01 - Dry,10 - No control,01 - Non intersection,07 - Dark,03 - P.D. only,03 - Rear end,Civi
11818,HIGHWAY 417 btwn HWY417 IC118 RAMP57 & HWY417 IC118 RAMP35,369130.9554,5030816.484,-75.67807503,45.41432695,1/20/2015,17:25,01 - Clear,01 - Dry,10 - No control,01 - Non intersection,05 - Dusk,03 - P.D. only,03 - Rear end,Old Ottawa East
11819,HWY417 IC127 RAMP63 btwn HIGHWAY 417 & WOODROFFE AVE,362002.5425,5024937.352,-75.76982478,45.36204627,6/18/2015,22:00,02 - Rain,02 - Wet,10 - No control,01 - Non intersection,07 - Dark,03 - P.D. only,07 - SMV other,Whitehaven - Queensway Terrace North
11820,HIGHWAY 417 btwn HWY417 IC115 RAMP36 & HWY417 IC115 RAMP26,372431.7256,5031517.083,-75.63581126,45.42031938,6/18/2015,23:15,01 - Clear,01 - Dry,10 - No control,01 - Non intersection,07 - Dark,03 - P.D. only,03 - Rear end,Overbrook
11821,HIGHWAY 416 btwn HWY416 IC57 RAMP34 & HWY416 IC57 RAMP43,364640.9207,5008163.914,-75.73817254,45.21089905,6/19/2015,21:40,01 - Clear,01 - Dry,10 - No control,01 - Non intersection,07 - Dark,03 - P.D. only,07 - SMV other,New Barrhaven
11822,CARLING AVE @ ISLAND PARK DR,365343.7734,5027997.122,-75.72680354,45.3892969,6/10/2015,17:50,02 - Rain,02 - Wet,01 - Traffic signal,02 - Intersection related,01 - Daylight,03 - P.D. only,03 - Rear end,Civic Hospital - Experimental Farm - Central Park
11823,MONTREAL RD @ VANIER PKWY,370073.8846,5033066.264,-75.66573083,45.43448225,6/11/2015,11:07,01 - Clear,01 - Dry,01 - Traffic signal,02 - Intersection related,01 - Daylight,03 - P.D. only,04 - Sideswipe,Vanier
11824,OTTAWA RIVER PKWY WB RAMP/CARLING AVE WB btwn CARLING AVE & OTTAWA RIV,360892.8638,5025444.421,-75.78393085,45.36669852,6/10/2015,17:00,02 - Rain,02 - Wet,10 - No control,01 - Non intersection,01 - Daylight,03 - P.D. only,03 - Rear end,Woodroffe - Lincoln Heights
11825,DUHAMEL ST btwn ST. FRANCIS ST & FAIRMONT AVE,365662.2319,5029498.578,-75.72255168,45.40277905,11/4/2015,0:00,01 - Clear,01 - Dry,10 - No control,01 - Non intersection,00 - Unknown,03 - P.D. only,06 - SMV unattended vehicle,Civi
11826,THORNTON AVE btwn RALPH ST & MONK ST,368221.9506,5029208.8,-75.68989457,45.3999445,9/10/2015,18:00,01 - Clear,01 - Dry,10 - No control,01 - Non intersection,01 - Daylight,03 - P.D. only,06 - SMV unattended vehicle,The Glebe
11827,PAUL METIVIER DR btwn GLENDORE ST & TAPESTRY DR,365884.9673,5014708.932,-75.72153234,45.26968449,10/27/2015,0:00,01 - Clear,01 - Dry,10 - No control,01 - Non intersection,00 - Unknown,03 - P.D. only,06 - SMV unattended vehicle,New Barrhaven
11828,HIGHWAY 417 btwn HWY417 IC127 RAMP67 & HWY417 IC126 RAMP16,362894.471,5025486.658,-75.75837592,45.36691552,1/15/2015,10:30,01 - Clear,01 - Dry,10 - No control,01 - Non intersection,01 - Daylight,03 - P.D. only,99 - Other,Carlingwood West - Glabar Park - McKellar Heights
11829,HIGHWAY 417 btwn HWY417 IC120B RAMP36 & HWY417 IC119B RAMP76,368110.718,5030235.959,-75.69118334,45.40919662,1/20/2015,16:15,01 - Clear,01 - Dry,10 - No control,01 - Non intersection,01 - Daylight,03 - P.D. only,03 - Rear end,The Glebe
11830,HIGHWAY 417 btwn HWY417 IC118 RAMP57 & HWY417 IC118 RAMP35,369096.2776,5030793.36,-75.67852106,45.41412207,1/20/2015,17:25,01 - Clear,01 - Dry,10 - No control,01 - Non intersection,05 - Dusk,03 - P.D. only,03 - Rear end,Old Ottawa East
11831,HIGHWAY 417 btwn HWY 417 ANDERSON IC104R61 & HWY 417 BOUNDARY IC96R16,385008.5416,5024971.922,-75.47619409,45.36010266,6/20/2015,19:10,01 - Clear,01 - Dry,10 - No control,01 - Non intersection,01 - Daylight,03 - P.D. only,07 - SMV other,Greenbelt
11832,HIGHWAY 417 btwn HWY417 IC127 RAMP25 & HWY417 IC126 RAMP51,363202.9365,5025878.412,-75.75439213,45.37041484,6/20/2015,20:00,01 - Clear,01 - Dry,10 - No control,01 - Non intersection,01 - Daylight,03 - P.D. only,04 - Sideswipe,Carlington
11833,HIGHWAY 416 btwn HWY416 IC66 RAMP53 & HWY416 IC57 RAMP34,363791.7305,5009825.53,-75.74878568,45.22592205,6/20/2015,22:05,01 - Clear,01 - Dry,10 - No control,01 - Non intersection,07 - Dark,03 - P.D. only,07 - SMV other,New Barrhaven
11834,HIGHWAY 417 btwn HWY417 IC155 RAMP25 & RAMP,343879.6712,5015931.577,-76.00185825,45.28225351,6/21/2015,17:45,01 - Clear,01 - Dry,10 - No control,01 - Non intersection,01 - Daylight,03 - P.D. only,07 - SMV other,Carp - Hardwood Plains
11835,ISLAND PARK DR btwn BYRON AVE & IONA ST,364265.0397,5028580.907,-75.74050832,45.39464211,6/13/2015,14:14,01 - Clear,01 - Dry,10 - No control,01 - Non intersection,01 - Daylight,03 - P.D. only,03 - Rear end,Island Park
11836,CHAMPLAIN BRIDGE/ISLAND PARK DR btwn BATE ISLAND & PROVINCIAL BOUNDARY,362869.0314,5030147.337,-75.75815227,45.40885375,6/15/2015,7:56,01 - Clear,01 - Dry,10 - No control,01 - Non intersection,01 - Daylight,03 - P.D. only,03 - Rear end,Westboro
11837,COLONEL BY DR btwn RIDEAU ST & MACKENZIE AVE,367985.3112,5031942.205,-75.69256652,45.4245602,6/15/2015,14:21,01 - Clear,01 - Dry,10 - No control,01 - Non intersection,01 - Daylight,03 - P.D. only,07 - SMV other,Byward Market - Parliament Hill
11838,KINGSTON AVE btwn MERIVALE RD & PRINCE ST,365009.9958,5026337.96,-75.73126813,45.37439685,9/13/2015,0:00,02 - Rain,02 - Wet,10 - No control,01 - Non intersection,00 - Unknown,03 - P.D. only,06 - SMV unattended vehicle,Carlington
11839,GEORGE ST    W btwn PRESTON ST & END,366577.6203,5029399.623,-75.7108721,45.4018085,9/8/2015,19:30,01 - Clear,01 - Dry,10 - No control,01 - Non intersection,07 - Dark,03 - P.D. only,06 - SMV unattended vehicle,Little Italy
11840,MACLAREN ST btwn KENT ST & BANK ST,367649.4108,5030789.896,-75.69700549,45.41422235,9/9/2015,0:00,01 - Clear,01 - Dry,10 - No control,01 - Non intersection,00 - Unknown,03 - P.D. only,06 - SMV unattended vehicle,Centretown
11841,HIGHWAY 417 btwn HWY417 IC122 RAMP16 & HWY417 IC122 RAMP61,365404.5682,5028943.75,-75.72591093,45.39780919,1/20/2015,17:15,01 - Clear,01 - Dry,10 - No control,01 - Non intersection,05 - Dusk,03 - P.D. only,04 - Sideswipe,Civi
11842,HIGHWAY 417 btwn HWY417 IC145 RAMP56 & Continuation of HIGHWAY 417,346643.9124,5015178.15,-75.96668794,45.27531477,1/22/2015,13:00,01 - Clear,01 - Dry,10 - No control,01 - Non intersection,01 - Daylight,03 - P.D. only,99 - Other,Stittsville - Basswood
11843,HIGHWAY 417 btwn HWY417 IC121B RAMP16 & HWY417 IC121A RAMP16,366932.7557,5029639.078,-75.70630598,45.40393162,1/23/2015,8:50,01 - Clear,02 - Wet,10 - No control,01 - Non intersection,01 - Daylight,03 - P.D. only,07 - SMV other,Centretown West
11844,HIGHWAY 417 btwn HWY417 IC115 RAMP61 & REGIONAL ROAD 174,372838.2238,5031577.733,-75.63060931,45.42082567,6/22/2015,15:30,01 - Clear,01 - Dry,10 - No control,01 - Non intersection,01 - Daylight,03 - P.D. only,04 - Sideswipe,Cummings
11845,HIGHWAY 417 btwn HWY417 IC163 RAMP51 & HWY417 IC163 RAMP15,331006.5647,5021531.918,-76.16564986,45.33324645,6/22/2015,19:00,01 - Clear,01 - Dry,10 - No control,01 - Non intersection,01 - Daylight,03 - P.D. only,07 - SMV other,Car
11846,HWY417 IC115 RAMP25 btwn Continuation of HWY417 IC115 RAMP25 & HIGHWAY,372706.8159,5031512.751,-75.6322972,45.42025376,6/22/2015,22:00,01 - Clear,01 - Dry,10 - No control,01 - Non intersection,07 - Dark,03 - P.D. only,03 - Rear end,Industrial Park
11847,HIGHWAY 417 btwn HWY417 IC129 RAMP51 & HWY417 IC129 RAMP35,360304.7734,5023411.958,-75.79166592,45.34845729,6/23/2015,7:30,01 - Clear,01 - Dry,10 - No control,01 - Non intersection,01 - Daylight,03 - P.D. only,03 - Rear end,Qualicum - Redwood Park
11848,OTTAWA RIVER PKWY EB btwn TRANSIT & TURN LANE (1),363220.753,5029329.675,-75.75375619,45.4014673,6/19/2015,0:00,01 - Clear,01 - Dry,10 - No control,01 - Non intersection,00 - Unknown,03 - P.D. only,03 - Rear end,Westboro Beach
11849,INNES RD @ STONEHENGE CRES W,375201.0423,5031217.006,-75.60047249,45.41734627,6/24/2015,14:30,01 - Clear,01 - Dry,01 - Traffic signal,02 - Intersection related,01 - Daylight,03 - P.D. only,03 - Rear end,Industrial Park
11850,CHESTNUT ST btwn LEES AVE & EVELYN AVE,369383.4687,5030771.163,-75.67485506,45.41389591,10/7/2015,12:00,01 - Clear,01 - Dry,10 - No control,01 - Non intersection,01 - Daylight,03 - P.D. only,06 - SMV unattended vehicle,Old Ottawa East
11851,ARLINGTON AVE btwn CAMBRIDGE ST N & BRONSON AVE,367135.09,5029829.448,-75.70369751,45.40562653,9/8/2015,22:03,01 - Clear,01 - Dry,10 - No control,01 - Non intersection,07 - Dark,03 - P.D. only,06 - SMV unattended vehicle,Centretown West
11852,YORK ST EB btwn BY WARD MARKET SQ & SUSSEX DR,367894.2555,5032292.488,-75.69368512,45.42772014,10/28/2015,0:00,01 - Clear,01 - Dry,10 - No control,01 - Non intersection,00 - Unknown,03 - P.D. only,06 - SMV unattended vehicle,Byward Market
11853,HIGHWAY 417 btwn HWY417 IC122 RAMP51 & HWY417 IC122 RAMP15,365340.3083,5028875.88,-75.72673996,45.39720407,6/23/2015,11:20,01 - Clear,01 - Dry,10 - No control,01 - Non intersection,01 - Daylight,03 - P.D. only,07 - SMV other,Civi
11854,HIGHWAY 417 btwn HWY417 IC117 RAMP51 & HWY417 IC117 RAMP35,370727.7099,5031174.753,-75.65762834,45.41740189,6/23/2015,12:45,01 - Clear,01 - Dry,10 - No control,01 - Non intersection,01 - Daylight,03 - P.D. only,03 - Rear end,Industrial Park
11855,HIGHWAY 417 btwn HIGHWAY 417 & HWY417 IC115 RAMP25,372623.0614,5031520.693,-75.63336618,45.42033334,6/23/2015,16:25,01 - Clear,01 - Dry,10 - No control,01 - Non intersection,01 - Daylight,03 - P.D. only,04 - Sideswipe,Industrial Park
11856,HIGHWAY 417 btwn HWY417 IC110 RAMP55 & HWY417 IC104 RAMP51,376521.9358,5027500.549,-75.58413778,45.38377352,6/23/2015,16:00,01 - Clear,01 - Dry,10 - No control,01 - Non intersection,01 - Daylight,03 - P.D. only,03 - Rear end,Greenbelt
11857,HIGHWAY 417 btwn HWY417 IC124 RAMP65 & HWY417 IC122 RAMP51,364738.903,5027959.285,-75.73453215,45.38900848,1/13/2015,7:45,01 - Clear,01 - Dry,10 - No control,01 - Non intersection,03 - Dawn,03 - P.D. only,03 - Rear end,Civic Hospital - Experimental Farm - Central Park
11858,HWY417 IC131 RAMP66 btwn TRANSIT & HWY417 IC130 RAMP36,357996.5904,5022819.342,-75.82118383,45.34330377,1/12/2015,18:02,01 - Clear,02 - Wet,10 - No control,01 - Non intersection,07 - Dark,03 - P.D. only,04 - Sideswipe,Greenbelt
11859,HWY417 IC127 RAMP63 btwn HIGHWAY 417 & WOODROFFE AVE,362032.1454,5024799.445,-75.76946291,45.36080297,1/14/2015,2:30,01 - Clear,01 - Dry,10 - No control,01 - Non intersection,07 - Dark,03 - P.D. only,07 - SMV other,Whitehaven - Queensway Terrace North
11860,HIGHWAY 417 btwn HWY417 IC131 RAMP55 & HWY417 IC130 RAMP35,358814.0948,5022975.619,-75.81073573,45.34464749,1/14/2015,7:15,01 - Clear,01 - Dry,10 - No control,01 - Non intersection,03 - Dawn,03 - P.D. only,04 - Sideswipe,Greenbelt
11861,CLARENCE ST btwn DALHOUSIE ST & CUMBERLAND ST,368173.15,5032583.238,-75.69008392,45.43031099,11/1/2015,16:09,01 - Clear,01 - Dry,10 - No control,01 - Non intersection,01 - Daylight,03 - P.D. only,06 - SMV unattended vehicle,Byward Market
11862,ROSSBURN CRES btwn DALKENA PL & KILBIRNIE DR N,365575.5173,5012536.173,-75.72574139,45.25016083,2/10/2015,15:37,01 - Clear,05 - Packed snow,10 - No control,04 - At/near private drive,01 - Daylight,03 - P.D. only,02 - Angle,New Barrhaven
11863,RICHMOND RD btwn ROOSEVELT AVE & WINSTON AVE,363014.8755,5028143.787,-75.75652571,45.39081402,11/3/2015,16:00,01 - Clear,01 - Dry,10 - No control,01 - Non intersection,01 - Daylight,03 - P.D. only,06 - SMV unattended vehicle,Westboro
11864,HIGHWAY 417 btwn HWY417 IC142 RAMP51 & HWY417 IC142 RAMP35,348814.4512,5017098.9,-75.93885477,45.29246582,6/24/2015,14:20,01 - Clear,01 - Dry,10 - No control,01 - Non intersection,01 - Daylight,03 - P.D. only,04 - Sideswipe,Stittsville - Basswood
11865,HIGHWAY 417 btwn HWY417 IC124 RAMP65 & HWY417 IC122 RAMP51,365166.3011,5028719.201,-75.72898146,45.39580933,6/24/2015,15:00,01 - Clear,01 - Dry,10 - No control,01 - Non intersection,01 - Daylight,03 - P.D. only,07 - SMV other,Civic Hospital - Experimental Farm - Central Park
11866,HIGHWAY 417 btwn HWY417 IC122 RAMP61 & HWY417 IC121B RAMP16,365806.7343,5029205.121,-75.72074229,45.40012602,6/24/2015,15:50,01 - Clear,01 - Dry,10 - No control,01 - Non intersection,01 - Daylight,03 - P.D. only,03 - Rear end,Civi
11867,HIGHWAY 417 btwn HWY417 IC155 RAMP25 & RAMP,344357.1921,5015388.016,-75.99581493,45.2773356,6/26/2015,6:05,01 - Clear,01 - Dry,10 - No control,01 - Non intersection,01 - Daylight,03 - P.D. only,07 - SMV other,Stittsville - Basswood
11868,HIGHWAY 417 btwn HWY417 IC126 RAMP51 & HWY417 IC126 RAMP25,363258.5322,5025952.78,-75.75367362,45.37107936,1/14/2015,8:30,01 - Clear,01 - Dry,10 - No control,01 - Non intersection,01 - Daylight,03 - P.D. only,03 - Rear end,Carlington
11869,HWY417 IC117 RAMP35 btwn RIVERSIDE DR & HIGHWAY 417,371025.4987,5031284.139,-75.65380915,45.41835798,1/14/2015,7:30,99 - Other,06 - Ice,10 - No control,01 - Non intersection,03 - Dawn,03 - P.D. only,07 - SMV other,Industrial Park
11870,HWY417 IC117 RAMP36 btwn HIGHWAY 417 & VANIER PKWY,370450.4084,5031155.393,-75.66117368,45.41725377,1/14/2015,6:45,01 - Clear,06 - Ice,10 - No control,01 - Non intersection,07 - Dark,03 - P.D. only,03 - Rear end,Overbrook
11871,HIGHWAY 417 btwn HWY417 IC118 RAMP76 & HWY417 IC118 RAMP67,369603.2063,5031123.715,-75.67200154,45.41704772,1/13/2015,6:45,01 - Clear,06 - Ice,10 - No control,01 - Non intersection,07 - Dark,03 - P.D. only,03 - Rear end,Sandy Hill
11872,BOWHILL AVE btwn HILLHURST PL & CHESTERTON DR,365642.094,5023819.079,-75.72350867,45.3516778,11/6/2015,16:20,01 - Clear,01 - Dry,10 - No control,01 - Non intersection,01 - Daylight,03 - P.D. only,06 - SMV unattended vehicle,Borden Farm - Stewart Farm - Parkwood Hills - Fisher Glen
11873,ARGYLE AVE btwn ELGIN ST & CARTIER ST,368596.6524,5030698.78,-75.68491609,45.4133168,9/13/2015,19:00,02 - Rain,02 - Wet,10 - No control,01 - Non intersection,05 - Dusk,03 - P.D. only,06 - SMV unattended vehicle,Golden Triangle
11874,DRAPER AVE btwn MORRISON DR & CORNELL ST,360167.753,5022523.513,-75.79351385,45.3404739,10/21/2015,0:00,02 - Rain,02 - Wet,10 - No control,01 - Non intersection,00 - Unknown,03 - P.D. only,06 - SMV unattended vehicle,Qualicum - Redwood Park
11875,HIGHWAY 417 btwn HWY417 IC117 RAMP51 & HWY417 IC117 RAMP35,370762.3669,5031181.251,-75.6571847,45.41745709,6/26/2015,23:06,01 - Clear,01 - Dry,10 - No control,01 - Non intersection,07 - Dark,03 - P.D. only,03 - Rear end,Industrial Park
11876,HIGHWAY 417 btwn HWY417 IC117 RAMP51 & HWY417 IC117 RAMP35,370698.107,5031170.421,-75.65800712,45.4173657,6/26/2015,23:58,01 - Clear,01 - Dry,10 - No control,01 - Non intersection,07 - Dark,03 - P.D. only,03 - Rear end,Industrial Park
11877,HIGHWAY 417 btwn HWY417 IC122 RAMP15 & HWY417 IC121B RAMP51,366066.2964,5029317.927,-75.71741312,45.40111836,6/28/2015,22:54,02 - Rain,02 - Wet,10 - No control,01 - Non intersection,07 - Dark,03 - P.D. only,07 - SMV other,Civic Hospital - Experimental Farm - Central Park
11878,HIGHWAY 417 btwn HWY417 IC129 RAMP25 & HWY417 IC129 RAMP35,360464.3692,5023527.91,-75.78961632,45.34948797,1/14/2015,6:55,01 - Clear,06 - Ice,10 - No control,01 - Non intersection,03 - Dawn,03 - P.D. only,03 - Rear end,Iris
11879,HIGHWAY 417 btwn HWY417 IC122 RAMP15 & HWY417 IC121B RAMP51,366561.8502,5029508.796,-75.71105985,45.4027922,1/14/2015,8:26,01 - Clear,06 - Ice,10 - No control,01 - Non intersection,01 - Daylight,03 - P.D. only,07 - SMV other,Little Italy
11880,HIGHWAY 417 btwn HWY417 IC118 RAMP76 & HWY417 IC118 RAMP67,369256.4351,5030922.514,-75.67645813,45.41526942,1/14/2015,11:45,01 - Clear,01 - Dry,10 - No control,01 - Non intersection,01 - Daylight,03 - P.D. only,03 - Rear end,Old Ottawa East
11881,HWY417 IC124 RAMP76 btwn HIGHWAY 417 & CARLING AVE,364140.1896,5027214.933,-75.74226702,45.38236191,1/14/2015,17:45,01 - Clear,01 - Dry,10 - No control,01 - Non intersection,07 - Dark,03 - P.D. only,03 - Rear end,Westboro
11882,MICHELE DR btwn ROSEVIEW AVE & PENNY DR,359553.085,5024101.455,-75.80118166,45.35472047,11/1/2015,0:00,01 - Clear,01 - Dry,10 - No control,01 - Non intersection,00 - Unknown,03 - P.D. only,06 - SMV unattended vehicle,Whitehaven - Queensway Terrace North
11883,COLONEL MURRAY ST btwn ROYAL YORK ST & BURKE ST,357460.3797,5005677.607,-75.82984312,45.1890997,11/1/2015,0:00,01 - Clear,01 - Dry,10 - No control,01 - Non intersection,00 - Unknown,03 - P.D. only,06 - SMV unattended vehicle,Richmond
11884,MICHELE DR btwn ROSEVIEW AVE & PENNY DR,359537.0466,5024090.894,-75.80138751,45.35462669,11/2/2015,0:00,01 - Clear,01 - Dry,10 - No control,01 - Non intersection,00 - Unknown,03 - P.D. only,06 - SMV unattended vehicle,Whitehaven - Queensway Terrace North
11885,HIGHWAY 417 btwn HWY417 IC122 RAMP16 & HWY417 IC122 RAMP61,365326.5899,5028893.93,-75.72691295,45.39736767,6/30/2015,16:21,01 - Clear,01 - Dry,10 - No control,01 - Non intersection,01 - Daylight,03 - P.D. only,04 - Sideswipe,Civi
11886,HWY417 IC118 RAMP67 btwn HWY417 IC118 RAMP64 & HIGHWAY 417,369589.4391,5031168.108,-75.67217159,45.41744843,6/30/2015,20:30,01 - Clear,01 - Dry,10 - No control,01 - Non intersection,05 - Dusk,03 - P.D. only,04 - Sideswipe,Sandy Hill