Record,Location,X,Y,lon,lat,Date,Time,Environment,Road_Surface,Traffic_Control,Collision_Location,Light,Collision_Classification,Impact_type,Neighborhood
11887,SMYTH RD E/LANCASTER RD @ ST. LAURENT BLVD N/R,373364.298,5029424.552,-75.62418743,45.40140102,11/3/2015,11:36,01 - Clear,01 - Dry,01 - Traffic signal,02 - Intersection related,01 - Daylight,03 - P.D. only,04 - Sideswipe,Sheffield Glen
11888,HOGAN ST @ MEADOWLANDS DR,366123.4177,5024893.432,-75.71723313,45.36130272,11/3/2015,16:16,01 - Clear,01 - Dry,02 - Stop sign,02 - Intersection related,01 - Daylight,03 - P.D. only,03 - Rear end,Cityview - Skyline - Fisher Heights
11889,BAYSHORE DR @ WOODRIDGE CRES N,359072.1503,5023875.438,-75.80734423,45.35272415,10/29/2015,15:39,01 - Clear,01 - Dry,01 - Traffic signal,02 - Intersection related,01 - Daylight,03 - P.D. only,03 - Rear end,Bayshore
11890,LEITRIM RD @ LIMEBANK RD S,369354.7832,5017878.288,-75.67690511,45.29789193,10/29/2015,16:38,01 - Clear,01 - Dry,01 - Traffic signal,02 - Intersection related,01 - Daylight,03 - P.D. only,03 - Rear end,Gloucester
11891,BATON CRT btwn AIRD PL & END,351794.1963,5019004.752,-75.90068702,45.30942221,11/4/2015,18:00,01 - Clear,01 - Dry,10 - No control,04 - At/near private drive,07 - Dark,03 - P.D. only,06 - SMV unattended vehicle,Katimavik - Hazeldean
11892,BROADVIEW AVE @ RICHMOND RD,362679.692,5027865.91,-75.76083864,45.38834151,10/25/2015,15:12,01 - Clear,01 - Dry,02 - Stop sign,03 - At intersection,01 - Daylight,03 - P.D. only,02 - Angle,Woodroffe - Lincoln Heights
11893,WOODROFFE AVE @ SPORTSPLEX N,363762.9416,5021068.315,-75.74781687,45.32708719,10/26/2015,7:30,01 - Clear,01 - Dry,01 - Traffic signal,02 - Intersection related,01 - Daylight,03 - P.D. only,03 - Rear end,Merivale Gardens - Grenfell Glen - Pineglen - Country Place
11894,ST. LAURENT BLVD @ COVENTRY RD/OGILVIE RD,372305.7195,5031951.935,-75.63736158,45.42424415,8/29/2015,20:25,02 - Rain,02 - Wet,01 - Traffic signal,02 - Intersection related,07 - Dark,03 - P.D. only,04 - Sideswipe,Overbrook
11895,DONALD ST btwn QUILL ST & BEAUDRY ST,370712.6788,5032315.381,-75.65766776,45.4276662,11/7/2015,0:23,01 - Clear,01 - Dry,10 - No control,04 - At/near private drive,07 - Dark,03 - P.D. only,05 - Turning movement,Overbrook
11896,BAYSHORE DR @ RICHMOND RD,359372.6852,5023368.886,-75.80356479,45.34814287,5/30/2015,16:30,02 - Rain,02 - Wet,01 - Traffic signal,03 - At intersection,01 - Daylight,03 - P.D. only,05 - Turning movement,Bayshore
11897,CUMMINGS AVE btwn WELDON DR & OGILVIE RD,372720.7111,5032232.911,-75.63202037,45.42673207,9/22/2015,13:40,01 - Clear,01 - Dry,10 - No control,04 - At/near private drive,01 - Daylight,03 - P.D. only,05 - Turning movement,Cummings
11898,PARKDALE AVE @ BURNSIDE AVE,364788.3831,5030097.368,-75.73364028,45.40824226,9/23/2015,15:49,01 - Clear,01 - Dry,01 - Traffic signal,02 - Intersection related,01 - Daylight,03 - P.D. only,03 - Rear end,Tunney's Pasture
11899,ROCKDALE RD btwn HWY417 IC88 RAMP15 & HWY417 IC88 RAMP16,395303.6145,5022467.779,-75.34526824,45.33631991,11/9/2015,6:33,01 - Clear,01 - Dry,10 - No control,07 - Overpass or bridge,03 - Dawn,03 - P.D. only,03 - Rear end,Navan - Vars
11900,CROWNRIDGE DR @ MEADOWBREEZE DR,356004.2727,5015125.37,-75.84740011,45.2742205,11/9/2015,7:34,01 - Clear,01 - Dry,02 - Stop sign,03 - At intersection,01 - Daylight,03 - P.D. only,07 - SMV other,Bridlewood - Emerald Meadows
11901,CLARENCE ST @ CUMBERLAND ST,368212.6974,5032607.228,-75.68957546,45.43052326,10/15/2015,17:00,02 - Rain,02 - Wet,02 - Stop sign,02 - Intersection related,05 - Dusk,03 - P.D. only,03 - Rear end,Byward Market
11902,PARKDALE AVE @ SCOTT ST,364949.9231,5029726.34,-75.73162203,45.40488997,11/3/2015,15:00,01 - Clear,01 - Dry,01 - Traffic signal,02 - Intersection related,01 - Daylight,03 - P.D. only,05 - Turning movement,Islan
11903,MAPLE GROVE RD @ TERRY FOX DR,351553.6086,5017864.825,-75.90386257,45.29918091,10/31/2015,7:40,01 - Clear,01 - Dry,01 - Traffic signal,02 - Intersection related,01 - Daylight,03 - P.D. only,07 - SMV other,Katimavik - Hazeldean
11904,PARKDALE AVE @ KENILWORTH ST,365445.1069,5028595.363,-75.72543601,45.39467098,9/30/2015,8:58,01 - Clear,01 - Dry,02 - Stop sign,03 - At intersection,01 - Daylight,03 - P.D. only,02 - Angle,Civic Hospital - Experimental Farm - Central Park
11905,HEMLOCK RD btwn JUSTIN AVE & THORNWOOD RD,370614.0859,5034728.594,-75.65860493,45.44938852,9/30/2015,8:45,01 - Clear,01 - Dry,10 - No control,01 - Non intersection,01 - Daylight,03 - P.D. only,03 - Rear end,Manor Park
11906,STRANDHERD DR btwn WOODROFFE AVE & 210 W OF WOODROFFE AVE,366013.9018,5015352.266,-75.71981004,45.27546197,11/15/2015,18:05,01 - Clear,01 - Dry,10 - No control,01 - Non intersection,07 - Dark,03 - P.D. only,03 - Rear end,New Barrhaven
11907,MOODIE DR btwn HWY417 IC134 RAMP66 & HWY417 IC134 RAMP26,356395.8613,5022442.567,-75.84164788,45.34003308,10/20/2015,14:35,01 - Clear,01 - Dry,10 - No control,01 - Non intersection,01 - Daylight,03 - P.D. only,07 - SMV other,Greenbelt
11908,JAMIE AVE @ SUNDERLAND ST,366065.4238,5022021.425,-75.71832911,45.33546594,10/20/2015,16:00,01 - Clear,01 - Dry,02 - Stop sign,03 - At intersection,01 - Daylight,03 - P.D. only,02 - Angle,Industrial Park
11909,BOWESVILLE RD/HIGH RD @ LEITRIM RD,371676.1727,5019286.391,-75.6471199,45.31034456,11/2/2015,8:40,01 - Clear,01 - Dry,02 - Stop sign,02 - Intersection related,01 - Daylight,03 - P.D. only,03 - Rear end,Gloucester
11910,BANK ST @ CATHERINE ST,368040.4261,5030265.77,-75.69207743,45.40947121,11/2/2015,9:39,01 - Clear,01 - Dry,01 - Traffic signal,03 - At intersection,01 - Daylight,03 - P.D. only,02 - Angle,Centretown
11911,ISABELLA ST/HWY 417 O'CONN IC119BR57 @ O'CONNO,368298.4252,5030309.926,-75.68877603,45.40984515,11/1/2015,18:03,01 - Clear,02 - Wet,01 - Traffic signal,03 - At intersection,07 - Dark,03 - P.D. only,05 - Turning movement,The Glebe
11912,FISHER AVE @ MEADOWLANDS DR,366575.7856,5025045.086,-75.71144044,45.36262755,11/2/2015,17:16,01 - Clear,01 - Dry,01 - Traffic signal,03 - At intersection,05 - Dusk,03 - P.D. only,05 - Turning movement,Carleton Heights - Rideauview
11913,MARCH RD btwn BURNT LANDS RD & UPPER DWYER HILL RD,333991.3518,5014216.905,-76.12800063,45.26730404,10/29/2015,20:15,01 - Clear,01 - Dry,10 - No control,01 - Non intersection,07 - Dark,03 - P.D. only,07 - SMV other,Carp - Hardwood Plains
11914,BOOTH ST @ GLADSTONE AVE,366767.9847,5029849.481,-75.70838415,45.40583937,10/30/2015,9:01,01 - Clear,01 - Dry,01 - Traffic signal,02 - Intersection related,01 - Daylight,03 - P.D. only,03 - Rear end,Centretown West
11915,BROCKINGTON CRES btwn ABITIBI CRES & MEDHURST DR,363517.9557,5021960.041,-75.75083608,45.33513142,11/5/2015,11:54,01 - Clear,01 - Dry,10 - No control,01 - Non intersection,01 - Daylight,03 - P.D. only,06 - SMV unattended vehicle,Tanglewood
11916,SMYTH RD @ SOUTH HAVEN PL/GENERAL HOSPITAL ENTRANCE W,371121.4454,5029136.192,-75.65287229,45.39902253,11/5/2015,12:49,01 - Clear,01 - Dry,01 - Traffic signal,03 - At intersection,01 - Daylight,03 - P.D. only,05 - Turning movement,Alta Vista
11917,MAITLAND AVE btwn CARLING AVE & DUNCAN PL,362978.1296,5026402.02,-75.75720023,45.3751449,10/26/2015,14:43,01 - Clear,01 - Dry,10 - No control,04 - At/near private drive,01 - Daylight,03 - P.D. only,05 - Turning movement,Carlingwood West - Glabar Park - McKellar Heights
11918,IPSWICH TER btwn BEACON WAY & BEACON WAY,349061.7004,5023031.376,-75.93517257,45.34583239,10/26/2015,8:45,01 - Clear,06 - Ice,10 - No control,01 - Non intersection,01 - Daylight,03 - P.D. only,06 - SMV unattended vehicle,Morgan's Grant
11919,ELGIN ST @ LAURIER AVE,367949.4306,5031549.215,-75.69307536,45.42102744,10/1/2015,22:50,01 - Clear,01 - Dry,01 - Traffic signal,02 - Intersection related,07 - Dark,03 - P.D. only,03 - Rear end,Downtown
11920,"EGLISE, RUE DE L btwn COLLEGE CIRC & COTE ST",371365.6698,5033192.809,-75.64920516,45.43549907,10/6/2015,12:45,01 - Clear,01 - Dry,10 - No control,01 - Non intersection,01 - Daylight,03 - P.D. only,06 - SMV unattended vehicle,Vanier South
11921,CARP RD btwn MCGEE SIDE RD & ARBOURBROOK BLVD,344540.0983,5019053.985,-75.99319,45.31031318,10/8/2015,0:00,01 - Clear,01 - Dry,10 - No control,01 - Non intersection,00 - Unknown,03 - P.D. only,07 - SMV other,Stittsville - Basswood
11922,ANALDEA DR @ BANK ST,375697.7499,5020812.408,-75.59562006,45.32368058,6/14/2015,10:37,01 - Clear,01 - Dry,01 - Traffic signal,02 - Intersection related,01 - Daylight,03 - P.D. only,03 - Rear end,Greenbelt
11923,HAWTHORNE RD btwn HAWTHORNE RD & WHYTE SIDE RD,376217.4776,5024665.064,-75.58843506,45.35829235,6/16/2015,7:30,02 - Rain,02 - Wet,10 - No control,01 - Non intersection,01 - Daylight,03 - P.D. only,07 - SMV other,Greenbelt
11924,REGIONAL ROAD 174 btwn QUIGLEY HILL RD & REGIONAL ROAD 174 DIVIDED,388071.0639,5042390.329,-75.43416314,45.51645863,9/24/2015,23:16,01 - Clear,01 - Dry,10 - No control,01 - Non intersection,07 - Dark,03 - P.D. only,07 - SMV other,Cumberland - Estates
11925,HINES RD @ SOLANDT RD,350332.1398,5022566.167,-75.91900403,45.34156502,10/13/2015,20:04,02 - Rain,02 - Wet,10 - No control,03 - At intersection,07 - Dark,03 - P.D. only,02 - Angle,South March
11926,BESSERER ST @ WALLER ST,368314.4919,5032191.617,-75.68832824,45.42677451,11/9/2015,11:30,01 - Clear,01 - Dry,01 - Traffic signal,02 - Intersection related,01 - Daylight,03 - P.D. only,04 - Sideswipe,Byward Market - Parliament Hill
11927,MONTREAL RD @ BATHGATE DR/BURMA RD,373225.4431,5034515.511,-75.62525371,45.44722053,11/9/2015,11:03,01 - Clear,01 - Dry,01 - Traffic signal,03 - At intersection,01 - Daylight,03 - P.D. only,05 - Turning movement,Carson Grove - Carson Meadows
11928,INNES RD @ TENTH LINE RD,383953.2017,5036159.2,-75.4878663,45.46087648,10/18/2015,14:07,01 - Clear,01 - Dry,01 - Traffic signal,02 - Intersection related,01 - Daylight,03 - P.D. only,03 - Rear end,Queenswood Heights
11929,THURSTON DR btwn ST. LAURENT BLVD & THOMAS SPRATT PL,373764.5621,5027310.956,-75.61937063,45.38234453,11/6/2015,13:11,01 - Clear,01 - Dry,10 - No control,04 - At/near private drive,01 - Daylight,03 - P.D. only,02 - Angle,Industrial Park
11930,CUMBERLAND ST @ YORK ST,368262.6987,5032521.239,-75.68894758,45.42974503,11/2/2015,11:00,01 - Clear,01 - Dry,01 - Traffic signal,03 - At intersection,01 - Daylight,03 - P.D. only,02 - Angle,Byward Market
11931,BANK ST btwn ANOKA ST & WILDWOOD AVE,370028.1524,5026753.885,-75.66715036,45.37769006,9/30/2015,14:42,01 - Clear,01 - Dry,10 - No control,01 - Non intersection,01 - Daylight,03 - P.D. only,04 - Sideswipe,Alta Vista
11932,SECOND AVE btwn LYON ST S & BANK ST,368198.5068,5029564.37,-75.69014828,45.40314593,9/30/2015,15:47,01 - Clear,01 - Dry,10 - No control,04 - At/near private drive,01 - Daylight,03 - P.D. only,02 - Angle,The Glebe
11933,DUNROBIN RD btwn CONSTANCE BAY RD & KINBURN SIDE RD,337098.1475,5036904.371,-76.08692689,45.47131932,11/15/2015,21:28,01 - Clear,01 - Dry,10 - No control,01 - Non intersection,07 - Dark,03 - P.D. only,07 - SMV other,Woodlawn
11934,EARL ARMSTRONG RD @ RIVER RD,367572.7185,5014684.037,-75.70002884,45.26931186,10/20/2015,15:00,01 - Clear,01 - Dry,01 - Traffic signal,02 - Intersection related,01 - Daylight,03 - P.D. only,03 - Rear end,Gloucester
11935,PRINCE OF WALES DR @ STRANDHERD DR,367174.5691,5014823.11,-75.70508487,45.27059866,10/21/2015,7:21,01 - Clear,01 - Dry,01 - Traffic signal,02 - Intersection related,03 - Dawn,03 - P.D. only,03 - Rear end,Greenbelt
11936,THICKET WAY btwn ESPLANADE AVE & ESPLANADE AVE,384703.2771,5036568.075,-75.47821015,45.46446977,11/1/2015,15:00,01 - Clear,01 - Dry,10 - No control,04 - At/near private drive,01 - Daylight,03 - P.D. only,06 - SMV unattended vehicle,Fallingbrook
11937,BANK ST @ 80 S OF HUNT CLUB RD/TOWNGATE PLAZA ,371689.0149,5024095.504,-75.64630626,45.3536143,11/2/2015,22:30,02 - Rain,02 - Wet,01 - Traffic signal,02 - Intersection related,07 - Dark,03 - P.D. only,05 - Turning movement,South Keys - Heron Gate - Greenboro West
11938,RIVERSIDE DR RAMP 34 @ RIVERSIDE DR,368339.7,5027183.497,-75.68865146,45.38171074,10/30/2015,12:43,01 - Clear,01 - Dry,03 - Yield sign,02 - Intersection related,01 - Daylight,03 - P.D. only,03 - Rear end,Riverside Park
11939,STRANDHERD DR @ WOODROFFE AVE,366106.154,5015395.509,-75.71862902,45.27584303,11/5/2015,12:45,01 - Clear,01 - Dry,01 - Traffic signal,03 - At intersection,01 - Daylight,03 - P.D. only,05 - Turning movement,New Barrhaven
11940,MOODIE DR btwn ROBERTSON RD & HADLEY CIRC,357094.9493,5020394.315,-75.83294466,45.32155096,11/5/2015,12:20,01 - Clear,01 - Dry,10 - No control,04 - At/near private drive,01 - Daylight,03 - P.D. only,02 - Angle,Bells Corners West
11941,EAGLESON RD btwn FAULKNER TR & FALLOWFIELD RD,355920.553,5012692.063,-75.84871746,45.25233114,10/26/2015,16:47,01 - Clear,01 - Dry,10 - No control,01 - Non intersection,01 - Daylight,03 - P.D. only,99 - Other,Stittsville - Basswood
11942,PRINCE OF WALES DR @ WEST HUNT CLUB RD,367458.7103,5021891.143,-75.70057072,45.33417065,10/26/2015,17:00,01 - Clear,01 - Dry,01 - Traffic signal,02 - Intersection related,01 - Daylight,03 - P.D. only,03 - Rear end,Industrial Park
11943,LEITRIM RD btwn HIGH RD & ALBION RD,371852.8891,5019428.948,-75.64484717,45.3116104,10/11/2015,23:55,01 - Clear,01 - Dry,10 - No control,01 - Non intersection,07 - Dark,03 - P.D. only,07 - SMV other,Greenbelt
11944,BANK ST btwn ARENA PL & WHITE ALDER AVE,375522.5394,5021198.93,-75.59779958,45.32717603,10/19/2015,6:24,01 - Clear,01 - Dry,10 - No control,04 - At/near private drive,07 - Dark,03 - P.D. only,02 - Angle,Greenbelt
11945,LYON ST @ WELLINGTON ST,366935.9917,5031425.806,-75.70603941,45.42000779,6/16/2015,8:48,02 - Rain,02 - Wet,01 - Traffic signal,03 - At intersection,01 - Daylight,03 - P.D. only,04 - Sideswipe,Downtown
11946,BANK ST @ HERON RD,369994.9993,5026851.182,-75.66756078,45.37856859,6/12/2015,15:45,01 - Clear,01 - Dry,01 - Traffic signal,02 - Intersection related,01 - Daylight,03 - P.D. only,03 - Rear end,Alta Vista
11947,250 N OF KLONDIKE RD @ MARCH RD,349101.815,5024237.589,-75.93455262,45.35668364,10/16/2015,18:19,01 - Clear,01 - Dry,01 - Traffic signal,02 - Intersection related,05 - Dusk,03 - P.D. only,03 - Rear end,Morgan's Grant
11948,BANK ST @ SURREY AVE,370382.5548,5025809.241,-75.66275118,45.36915738,11/9/2015,11:40,01 - Clear,01 - Dry,02 - Stop sign,02 - Intersection related,01 - Daylight,03 - P.D. only,03 - Rear end,Ledbury - Heron Gate - Ridgemont - Elmwood
11949,CONLEY RD btwn BLEEKS RD & COPELAND RD,351380.7385,5004663.471,-75.90730302,45.18040181,11/9/2015,14:42,01 - Clear,08 - Loose sand or gravel,10 - No control,01 - Non intersection,01 - Daylight,03 - P.D. only,07 - SMV other,Munster Hamlet - Richmond
11950,MERIVALE RD/LOTTA AVE @ CLYDE AVE,364521.6391,5024507.407,-75.73772394,45.3579676,10/21/2015,18:34,02 - Rain,02 - Wet,01 - Traffic signal,02 - Intersection related,07 - Dark,03 - P.D. only,03 - Rear end,Cityview - Skyline - Fisher Heights
11951,HERZBERG RD @ CARLING AVE,352037.62,5022300.132,-75.89726847,45.33905842,10/22/2015,7:41,01 - Clear,02 - Wet,01 - Traffic signal,02 - Intersection related,01 - Daylight,03 - P.D. only,03 - Rear end,Kanata Lakes - Marchwood Lakeside - Morgan's Grant - Kanata
11952,COOPER ST btwn CARTIER ST & DRIVEWAY (THE),368393.045,5031436.252,-75.687422,45.41997086,11/8/2015,23:35,01 - Clear,01 - Dry,10 - No control,01 - Non intersection,07 - Dark,03 - P.D. only,04 - Sideswipe,Golden Triangle
11953,MARCH RD btwn TERRY FOX DR & SOLANDT RD,350471.5905,5022728.16,-75.91720975,45.3430136,11/15/2015,21:40,01 - Clear,01 - Dry,10 - No control,01 - Non intersection,07 - Dark,03 - P.D. only,07 - SMV other,South March
11954,MARCH RD btwn TERRY FOX DR & SOLANDT RD,350473.0319,5022724.556,-75.9171917,45.34298108,11/15/2015,23:58,01 - Clear,01 - Dry,10 - No control,01 - Non intersection,07 - Dark,03 - P.D. only,07 - SMV other,South March
11955,RIVERSIDE DR @ HERON RD,368120.3842,5026647.581,-75.69152039,45.37690858,10/21/2015,7:00,01 - Clear,01 - Dry,01 - Traffic signal,02 - Intersection related,03 - Dawn,03 - P.D. only,03 - Rear end,Riverside Park
11956,BANK ST @ HUNT CLUB RD,371608.7365,5024095.425,-75.64733074,45.35362124,10/21/2015,11:00,01 - Clear,01 - Dry,01 - Traffic signal,02 - Intersection related,01 - Daylight,03 - P.D. only,03 - Rear end,South Keys - Heron Gate - Greenboro West
11957,OGILVIE RD @ CITY PARK DR E/CSIS HQ ACCESS,374188.7282,5033009.496,-75.61315294,45.43357527,11/2/2015,15:15,01 - Clear,01 - Dry,01 - Traffic signal,02 - Intersection related,01 - Daylight,03 - P.D. only,03 - Rear end,Industrial Park
11958,OGILVIE RD btwn JASMINE CRES & ELMRIDGE DR,375404.2685,5033799.609,-75.5975059,45.44056258,11/2/2015,15:33,01 - Clear,01 - Dry,10 - No control,01 - Non intersection,01 - Daylight,03 - P.D. only,04 - Sideswipe,Beacon Hill South - Cardinal Heights
11959,KING EDWARD AVE @ ST. PATRICK ST,368248.7013,5032822.508,-75.68908763,45.43245701,9/20/2015,17:44,01 - Clear,01 - Dry,01 - Traffic signal,02 - Intersection related,01 - Daylight,03 - P.D. only,03 - Rear end,Byward Market
11960,CONROY RD @ HUNT CLUB RD,373763.74,5025403.442,-75.61964748,45.36518162,11/2/2015,16:06,01 - Clear,01 - Dry,01 - Traffic signal,02 - Intersection related,01 - Daylight,03 - P.D. only,04 - Sideswipe,Greenboro East
11961,PRINCE OF WALES DR @ FALLOWFIELD RD,367398.9893,5019166.831,-75.70167695,45.30966305,11/5/2015,18:20,01 - Clear,01 - Dry,01 - Traffic signal,02 - Intersection related,07 - Dark,03 - P.D. only,03 - Rear end,Greenbelt
11962,LYON ST    N btwn WELLINGTON ST & SPARKS ST,366932.3881,5031407.067,-75.70608781,45.4198395,11/5/2015,18:30,01 - Clear,01 - Dry,10 - No control,01 - Non intersection,07 - Dark,03 - P.D. only,04 - Sideswipe,Downtown
11963,TIMM DR btwn EAGLESON RD & HAANEL DR,353373.9034,5019557.182,-75.88048816,45.31428561,10/27/2015,19:09,01 - Clear,01 - Dry,10 - No control,01 - Non intersection,07 - Dark,03 - P.D. only,07 - SMV other,Greenbelt
11964,RUSTIC DR btwn DRURY LANE & RIDEOUT CRES,361792.8173,5023810.051,-75.77263162,45.35191997,10/28/2015,7:15,01 - Clear,01 - Dry,10 - No control,01 - Non intersection,03 - Dawn,03 - P.D. only,07 - SMV other,Iris
11965,DEVINE RD @ ROCKDALE RD,394888.5973,5024096.096,-75.35026582,45.35102307,10/21/2015,6:56,01 - Clear,01 - Dry,02 - Stop sign,03 - At intersection,03 - Dawn,03 - P.D. only,02 - Angle,Navan - Vars
11966,GREENBANK RD btwn BANNER RD & CANFIELD RD,361067.0402,5021459.267,-75.78216095,45.33082627,10/22/2015,6:49,01 - Clear,01 - Dry,10 - No control,01 - Non intersection,03 - Dawn,03 - P.D. only,03 - Rear end,Woodvale - Craig Henry - Manordale - Estates of Arlington Wo
11967,BANK ST @ WALKLEY RD,370338.7831,5025948.119,-75.6632915,45.37041105,6/16/2015,10:45,02 - Rain,02 - Wet,01 - Traffic signal,02 - Intersection related,01 - Daylight,03 - P.D. only,03 - Rear end,Ledbury - Heron Gate - Ridgemont - Elmwood
11968,PARKDALE AVE @ WELLINGTON ST,365148.9799,5029269.475,-75.72913535,45.40076207,10/26/2015,15:00,01 - Clear,01 - Dry,01 - Traffic signal,02 - Intersection related,01 - Daylight,03 - P.D. only,03 - Rear end,Islan
11969,MONTREAL RD btwn GRANVILLE ST & ALFRED ST,370893.8541,5033507.724,-75.65519263,45.43837729,8/29/2015,12:18,01 - Clear,01 - Dry,10 - No control,04 - At/near private drive,01 - Daylight,03 - P.D. only,02 - Angle,Vanier South
11970,FALLOWFIELD RD @ VIA PARK PL/275 W OF WOODROFFE AVE,364846.5166,5017764.94,-75.73439538,45.29727179,10/22/2015,9:30,01 - Clear,01 - Dry,01 - Traffic signal,03 - At intersection,01 - Daylight,03 - P.D. only,05 - Turning movement,New Barrhaven
11971,CROYDON AVE @ RICHMOND RD,360544.9661,5025274.322,-75.78839088,45.36519573,10/22/2015,16:50,01 - Clear,01 - Dry,01 - Traffic signal,02 - Intersection related,01 - Daylight,03 - P.D. only,03 - Rear end,Woodroffe - Lincoln Heights
11972,SILVESTRI CRES btwn MATHESON RD & TREATY CRT,373161.9893,5032657.474,-75.62632286,45.43050908,11/9/2015,8:12,01 - Clear,01 - Dry,10 - No control,01 - Non intersection,01 - Daylight,03 - P.D. only,06 - SMV unattended vehicle,Carson Grove - Carson Meadows
11973,STAR TOP RD btwn Continuation of STAR TOP RD & INNES RD,374075.9078,5030854.571,-75.61489776,45.41419756,11/9/2015,15:59,01 - Clear,01 - Dry,10 - No control,04 - At/near private drive,01 - Daylight,03 - P.D. only,05 - Turning movement,Industrial Park
11974,CASTLESTONE WAY btwn CORTLEIGH DR & WILLOW CREEK CIRC,366680.0893,5014168.5,-75.71146758,45.26475219,11/16/2015,7:46,01 - Clear,01 - Dry,10 - No control,01 - Non intersection,01 - Daylight,03 - P.D. only,05 - Turning movement,New Barrhaven
11975,BAYSHORE DR btwn WOODRIDGE CRES S & BAYSHORE CS,359175.0256,5023627.384,-75.80605864,45.35048419,10/21/2015,18:50,02 - Rain,02 - Wet,10 - No control,01 - Non intersection,07 - Dark,03 - P.D. only,03 - Rear end,Bayshore
11976,VANIER PKWY SB btwn RIVERSIDE DR & TO BE DETERMINED,370799.6211,5031262.059,-75.65669792,45.41818066,10/22/2015,12:06,01 - Clear,01 - Dry,10 - No control,01 - Non intersection,01 - Daylight,03 - P.D. only,03 - Rear end,Overbrook
11977,DIAMONDVIEW RD @ DONALD B. MUNRO DR,338122.7934,5022170.429,-76.07481841,45.33869021,8/15/2015,15:02,01 - Clear,01 - Dry,02 - Stop sign,03 - At intersection,01 - Daylight,03 - P.D. only,02 - Angle,Carp - Hardwood Plains
11978,INDUSTRIAL AVE/INNES RD @ ST. LAURENT BLVD,373099.7274,5030005.206,-75.62748613,45.40665134,9/21/2015,17:57,01 - Clear,01 - Dry,01 - Traffic signal,03 - At intersection,01 - Daylight,03 - P.D. only,07 - SMV other,Industrial Park
11979,MOODIE DR @ FITZGERALD RD/STAFFORD RD,356920.1803,5020812.551,-75.83512978,45.32532729,11/3/2015,7:15,01 - Clear,02 - Wet,01 - Traffic signal,03 - At intersection,01 - Daylight,03 - P.D. only,02 - Angle,Bells Corners West
11980,REGIONAL ROAD 174 btwn QUIGLEY HILL RD & CAMERON ST,389772.8457,5042604.231,-75.41234784,45.51817776,11/3/2015,7:36,01 - Clear,02 - Wet,10 - No control,01 - Non intersection,01 - Daylight,03 - P.D. only,03 - Rear end,Cumberland - Estates
11981,CAESAR AVE btwn CLEOPATRA DR & CLEOPATRA DR,365586.7093,5021038.864,-75.72455701,45.32666661,11/6/2015,9:30,01 - Clear,01 - Dry,10 - No control,04 - At/near private drive,01 - Daylight,03 - P.D. only,05 - Turning movement,Merivale Gardens - Grenfell Glen - Pineglen - Country Place
11982,BREWER RD @ BRONSON AVE,368109.0471,5027764.634,-75.69152188,45.38696053,11/6/2015,11:20,01 - Clear,02 - Wet,01 - Traffic signal,02 - Intersection related,01 - Daylight,03 - P.D. only,02 - Angle,Carleto
11983,DUNROBIN RD btwn BUCKHAMS BAY RD & KILMAURS SIDE RD,335758.6506,5038255.249,-76.10397265,45.48353553,10/28/2015,7:59,01 - Clear,01 - Dry,10 - No control,01 - Non intersection,01 - Daylight,03 - P.D. only,04 - Sideswipe,Kilmaurs
11984,DONALD ST @ ST. LAURENT BLVD,372093.7129,5032472.225,-75.63999936,45.42894591,10/24/2015,18:56,01 - Clear,01 - Dry,01 - Traffic signal,03 - At intersection,07 - Dark,03 - P.D. only,05 - Turning movement,Overbrook
11985,LAURIER AVE @ NICHOLAS ST,368373.637,5031797.91,-75.6876233,45.4232267,10/24/2015,20:54,02 - Rain,02 - Wet,01 - Traffic signal,03 - At intersection,07 - Dark,03 - P.D. only,02 - Angle,Sandy Hill
11986,DONALD ST btwn GL/OT BOUNDARY & 110 E OF ST. LAURENT BLVD,372192.4516,5032483.756,-75.63873607,45.42904015,6/19/2015,19:00,01 - Clear,01 - Dry,10 - No control,01 - Non intersection,01 - Daylight,03 - P.D. only,05 - Turning movement,Cummings
11987,ANTARES DR btwn AURIGA DR & WEST HUNT CLUB RD,367090.3152,5022069.368,-75.70524799,45.33580709,10/30/2015,16:52,01 - Clear,01 - Dry,10 - No control,04 - At/near private drive,01 - Daylight,03 - P.D. only,05 - Turning movement,Industrial Park
11988,WEST HUNT CLUB RD @ ANTARES DR/LASER ST,367107.7113,5022080.421,-75.70502466,45.335905,10/22/2015,16:51,01 - Clear,01 - Dry,01 - Traffic signal,02 - Intersection related,01 - Daylight,03 - P.D. only,03 - Rear end,Industrial Park
11989,HAZELDEAN RD @ TERRY FOX DR,352206.8903,5017241.37,-75.89559289,45.29352713,10/23/2015,14:50,01 - Clear,01 - Dry,01 - Traffic signal,02 - Intersection related,01 - Daylight,03 - P.D. only,04 - Sideswipe,Glen Cairn - Kanata South Business Park
11990,STATION BLVD btwn BLAIR ST & ACTON ST,371236.3945,5030117.968,-75.65127193,45.40784526,11/8/2015,16:03,01 - Clear,01 - Dry,10 - No control,01 - Non intersection,01 - Daylight,03 - P.D. only,06 - SMV unattended vehicle,Elmvale - Eastway - Riverview - Riverview Park West