Record,Location,X,Y,lon,lat,Date,Time,Environment,Road_Surface,Traffic_Control,Collision_Location,Light,Collision_Classification,Impact_type,Neighborhood
11991,LENESTER AVE @ MAITLAND AVE,363077.2465,5026147.605,-75.75596487,45.37284747,11/11/2015,10:34,01 - Clear,01 - Dry,02 - Stop sign,03 - At intersection,01 - Daylight,03 - P.D. only,02 - Angle,Carlingwood West - Glabar Park - McKellar Heights
11992,BANK ST @ STRATHCONA AVE,368136.5477,5030028.199,-75.69088009,45.40732493,10/23/2015,14:42,01 - Clear,01 - Dry,01 - Traffic signal,02 - Intersection related,01 - Daylight,03 - P.D. only,04 - Sideswipe,The Glebe
11993,BASELINE RD btwn COBDEN RD & BARBARA ANN PRIV,361641.9697,5023211.925,-75.7746254,45.3465503,11/16/2015,10:50,01 - Clear,01 - Dry,10 - No control,01 - Non intersection,01 - Daylight,03 - P.D. only,04 - Sideswipe,Iris
11994,MCLEOD ST W @ METCALFE ST,368271.3427,5030686.098,-75.68907355,45.41323228,10/23/2015,13:55,01 - Clear,01 - Dry,01 - Traffic signal,02 - Intersection related,01 - Daylight,03 - P.D. only,04 - Sideswipe,Centretown
11995,ANDERSON RD btwn DOLMAN RIDGE RD & RIDGE RD,379023.2709,5028529.073,-75.55204631,45.39276697,10/27/2015,6:00,01 - Clear,01 - Dry,10 - No control,01 - Non intersection,07 - Dark,03 - P.D. only,07 - SMV other,Greenbelt
11996,EARL ARMSTRONG RD btwn BOWESVILLE RD & HIGH RD,373747.8859,5018164.014,-75.62085828,45.30004543,9/11/2015,19:44,01 - Clear,01 - Dry,10 - No control,01 - Non intersection,05 - Dusk,03 - P.D. only,06 - SMV unattended vehicle,Greenbelt
11997,MARCH RD @ SOLANDT RD,350488.8878,5022710.142,-75.91699071,45.34285035,8/27/2015,13:56,01 - Clear,01 - Dry,01 - Traffic signal,03 - At intersection,01 - Daylight,03 - P.D. only,05 - Turning movement,South March
11998,CAPRIHANI WAY btwn LOBELIA WAY & END,386136.4717,5038343.385,-75.45959183,45.48027682,9/21/2015,8:45,01 - Clear,01 - Dry,10 - No control,04 - At/near private drive,01 - Daylight,03 - P.D. only,06 - SMV unattended vehicle,Springridge
11999,ST. LAURENT BLVD @ COVENTRY RD/OGILVIE RD,372305.7195,5031949.773,-75.63736187,45.4242247,9/22/2015,18:13,01 - Clear,01 - Dry,01 - Traffic signal,02 - Intersection related,01 - Daylight,03 - P.D. only,03 - Rear end,Overbrook
12000,ALTA VISTA DR btwn 75 S OF CALEDON ST & CALEDON ST,370773.9046,5030384.944,-75.65714389,45.41029115,11/3/2015,8:35,01 - Clear,01 - Dry,10 - No control,04 - At/near private drive,01 - Daylight,03 - P.D. only,02 - Angle,Industrial Park
12001,RIDEAU ST @ WALLER ST,368284.1893,5032274.224,-75.6887048,45.42752053,7/18/2015,11:56,01 - Clear,01 - Dry,01 - Traffic signal,03 - At intersection,01 - Daylight,03 - P.D. only,03 - Rear end,Byward Market - Parliament Hill
12002,FRANKTOWN RD btwn CONLEY RD & JOY'S RD,354142.0855,5003839.189,-75.87225098,45.17279686,10/28/2015,11:58,02 - Rain,02 - Wet,10 - No control,04 - At/near private drive,01 - Daylight,03 - P.D. only,05 - Turning movement,Munster Hamlet - Richmond
12003,FLOWER AVE @ WOODROFFE AVE,361811.6801,5026114.45,-75.77212506,45.37265325,10/28/2015,15:40,02 - Rain,02 - Wet,02 - Stop sign,02 - Intersection related,01 - Daylight,03 - P.D. only,03 - Rear end,Carlingwood - McKellar Park - Laurentien View
12004,REGIONAL ROAD 174 btwn TRANSIT & OR174 IC109 RAMP54,376381.4062,5034786.638,-75.58487371,45.44934388,10/26/2015,2:08,01 - Clear,01 - Dry,10 - No control,01 - Non intersection,07 - Dark,03 - P.D. only,07 - SMV other,Greenbelt
12005,ST. LAURENT BLVD @ TREMBLAY RD,372594.9932,5031240.495,-75.63376335,45.41781497,10/26/2015,11:47,01 - Clear,01 - Dry,01 - Traffic signal,03 - At intersection,01 - Daylight,03 - P.D. only,05 - Turning movement,Industrial Park
12006,LAURIER AVE @ LYON ST,367153.6957,5031068.209,-75.70330316,45.41677088,7/29/2015,18:54,01 - Clear,01 - Dry,01 - Traffic signal,02 - Intersection related,01 - Daylight,03 - P.D. only,03 - Rear end,Downtown
12007,BRONSON AVE @ SUNNYSIDE AVE/UNIVERSITY RD - CA,367923.4308,5028091.187,-75.69385026,45.38991552,8/26/2015,18:15,01 - Clear,02 - Wet,01 - Traffic signal,02 - Intersection related,01 - Daylight,03 - P.D. only,03 - Rear end,Carleto
12008,OLD PRESCOTT RD @ PARKWAY RD,377889.0365,5013683.081,-75.56872189,45.25930921,10/31/2015,11:55,01 - Clear,01 - Dry,01 - Traffic signal,03 - At intersection,01 - Daylight,03 - P.D. only,02 - Angle,Greely
12009,REGIONAL ROAD 174 btwn REGIONAL ROAD 174 & OR174 IC102 RAMP61,381677.966,5038309.193,-75.51661905,45.48047437,11/1/2015,17:08,01 - Clear,01 - Dry,10 - No control,01 - Non intersection,07 - Dark,03 - P.D. only,04 - Sideswipe,Chatelaine Village
12010,HENDERSON AVE btwn SOMERSET ST E & TEMPLETON ST,369080.6961,5031636.138,-75.67861017,45.42170652,9/9/2015,20:08,01 - Clear,01 - Dry,10 - No control,01 - Non intersection,07 - Dark,03 - P.D. only,06 - SMV unattended vehicle,Sandy Hill
12011,MACLAREN ST btwn ELGIN ST & CARTIER ST,368220.7693,5031133.952,-75.68966199,45.4172665,9/10/2015,10:15,01 - Clear,01 - Dry,10 - No control,01 - Non intersection,01 - Daylight,03 - P.D. only,06 - SMV unattended vehicle,Golden Triangle
12012,LEWIS ST @ METCALFE ST,368121.4328,5030923.936,-75.69095809,45.41538585,10/23/2015,14:30,01 - Clear,01 - Dry,02 - Stop sign,03 - At intersection,01 - Daylight,03 - P.D. only,05 - Turning movement,Centretown
12013,RICHMOND RD btwn CROYDON AVE & ASSALY RD,360660.4847,5025456.102,-75.7868958,45.36682218,10/23/2015,16:56,01 - Clear,01 - Dry,10 - No control,01 - Non intersection,01 - Daylight,03 - P.D. only,03 - Rear end,Woodroffe - Lincoln Heights
12014,HAZELDEAN RD btwn JINKINSON RD/HAZELDEAN IC RAMP 62 & KITTIWAKE DR,347195.4953,5012690.323,-75.95987051,45.25289525,11/10/2015,7:17,01 - Clear,01 - Dry,10 - No control,01 - Non intersection,01 - Daylight,03 - P.D. only,07 - SMV other,Stittsville - Basswood
12015,WOODROFFE AVE btwn HERITAGE GLEN DR & STRANDHERD DR,366016.8682,5015612.588,-75.71974013,45.27780407,11/10/2015,10:13,01 - Clear,01 - Dry,10 - No control,01 - Non intersection,01 - Daylight,03 - P.D. only,07 - SMV other,New Barrhaven
12016,ELGIN ST @ SLATER ST,367889.987,5031646.215,-75.69382244,45.42190558,11/12/2015,13:21,02 - Rain,02 - Wet,01 - Traffic signal,03 - At intersection,01 - Daylight,03 - P.D. only,02 - Angle,Downtown
12017,PRESTON ST @ PRINCE OF WALES DR/QUEEN ELIZABET,366899.9908,5028775.467,-75.70683322,45.39616399,11/12/2015,13:36,02 - Rain,02 - Wet,01 - Traffic signal,02 - Intersection related,01 - Daylight,03 - P.D. only,03 - Rear end,The Glebe
12018,DONALD ST btwn ALESTHER ST & ST. LAURENT BLVD,372059.1183,5032470.783,-75.64044162,45.42893626,10/24/2015,13:30,01 - Clear,01 - Dry,10 - No control,01 - Non intersection,01 - Daylight,03 - P.D. only,05 - Turning movement,Castle Heights
12019,PRESTON ST @ SOMERSET ST,366306.2572,5030126.487,-75.71424741,45.40837253,10/24/2015,23:53,02 - Rain,02 - Wet,01 - Traffic signal,03 - At intersection,07 - Dark,03 - P.D. only,05 - Turning movement,Little Italy
12020,PORTOBELLO BLVD @ CELESTE WAY/NESTING WAY,385533.3935,5037116.902,-75.46750633,45.46931213,11/16/2015,15:14,01 - Clear,01 - Dry,02 - Stop sign,02 - Intersection related,01 - Daylight,03 - P.D. only,07 - SMV other,Cardinal Creek
12021,CARLING AVE btwn RICHARDSON SIDE RD & HERZBERG RD,351918.6808,5022284.064,-75.89878753,45.33892183,10/27/2015,7:05,01 - Clear,01 - Dry,10 - No control,01 - Non intersection,01 - Daylight,03 - P.D. only,07 - SMV other,South March
12022,HUNT CLUB RD @ DOWNPATRICK RD/MCCARTHY RD,370507.7344,5023400.869,-75.66147342,45.34747586,10/27/2015,9:19,01 - Clear,01 - Dry,01 - Traffic signal,03 - At intersection,01 - Daylight,03 - P.D. only,02 - Angle,Hunt Club East - Western Community
12023,ELGIN ST NB @ WELLINGTON ST/RIDEAU ST,367802.4338,5031964.555,-75.69490039,45.42477779,10/11/2015,17:20,01 - Clear,01 - Dry,01 - Traffic signal,02 - Intersection related,01 - Daylight,03 - P.D. only,03 - Rear end,Byward Market - Parliament Hill
12024,BANK ST @ PARKWAY RD,378746.0451,5014207.081,-75.55772563,45.26393439,9/4/2015,10:32,01 - Clear,01 - Dry,01 - Traffic signal,02 - Intersection related,01 - Daylight,03 - P.D. only,03 - Rear end,Greely
12025,AIRPORT PKWY @ HUNT CLUB RD,371018.528,5023702.638,-75.65491525,45.35014305,9/22/2015,16:45,01 - Clear,01 - Dry,01 - Traffic signal,02 - Intersection related,01 - Daylight,03 - P.D. only,03 - Rear end,Hunt Club East - Western Community
12026,SMYTH RD btwn MAIN ST & RAMP,369879.0512,5029124.825,-75.66874127,45.39903684,9/24/2015,12:36,01 - Clear,01 - Dry,10 - No control,01 - Non intersection,01 - Daylight,03 - P.D. only,04 - Sideswipe,Alta Vista
12027,INNES RD btwn INDUSTRIAL AVE & BANTREE ST,373110.5382,5030009.531,-75.62734744,45.4066892,11/3/2015,15:40,01 - Clear,01 - Dry,10 - No control,01 - Non intersection,01 - Daylight,03 - P.D. only,03 - Rear end,Industrial Park
12028,HOLLAND AVE/TUNNEY'S PASTURE @ SCOTT ST,364736.9789,5029595.562,-75.73435792,45.40373153,11/3/2015,16:02,01 - Clear,01 - Dry,01 - Traffic signal,02 - Intersection related,01 - Daylight,03 - P.D. only,03 - Rear end,Island Park
12029,MONTREAL RD @ DEN HAAG DR/LANG'S RD,372385.9973,5034221.944,-75.63602422,45.44466084,7/20/2015,19:46,01 - Clear,01 - Dry,01 - Traffic signal,03 - At intersection,01 - Daylight,03 - P.D. only,05 - Turning movement,Carson Grove - Carson Meadows
12030,MACLAREN ST btwn ELGIN ST & CARTIER ST,368285.699,5031172.32,-75.68882751,45.41760584,7/28/2015,11:44,01 - Clear,01 - Dry,10 - No control,01 - Non intersection,01 - Daylight,03 - P.D. only,04 - Sideswipe,Golden Triangle
12031,CENTRAL PARK DR N @ MERIVALE RD,364953.6246,5025873.948,-75.7320443,45.37022659,10/28/2015,15:00,02 - Rain,02 - Wet,01 - Traffic signal,03 - At intersection,01 - Daylight,03 - P.D. only,05 - Turning movement,Civic Hospital - Experimental Farm - Central Park
12032,WOODROFFE AVE @ HWY 417 WOODROFF IC127R26/HWY4,362083.4076,5024939.878,-75.76879235,45.36206239,10/28/2015,15:50,02 - Rain,02 - Wet,01 - Traffic signal,02 - Intersection related,01 - Daylight,03 - P.D. only,03 - Rear end,Carlingwood West - Glabar Park - McKellar Heights
12033,ABBOTT ST @ MOSS HILL TR,350944.4956,5013955.425,-75.91199222,45.26404321,10/28/2015,11:53,02 - Rain,02 - Wet,02 - Stop sign,02 - Intersection related,01 - Daylight,03 - P.D. only,07 - SMV other,Stittsville - Basswood
12034,BOOTH ST btwn 148 N OF MIDDLE ST/E.B. EDDY S & MIDDLE ST,366104.0492,5031304.696,-75.71668386,45.41899147,8/27/2015,9:09,01 - Clear,01 - Dry,10 - No control,01 - Non intersection,01 - Daylight,03 - P.D. only,04 - Sideswipe,LeBreto
12035,CARLING AVE @ KIRKWOOD AVE S,364351.7005,5027337.099,-75.73955167,45.38344319,8/30/2015,16:14,01 - Clear,01 - Dry,01 - Traffic signal,02 - Intersection related,01 - Daylight,03 - P.D. only,03 - Rear end,Carlington
12036,ST. JOSEPH BLVD @ REGIONAL RD 174/TRANSITWAY,376557.8808,5035056.22,-75.58257855,45.45175131,11/1/2015,20:15,01 - Clear,01 - Dry,01 - Traffic signal,02 - Intersection related,07 - Dark,03 - P.D. only,03 - Rear end,Greenbelt
12037,CHRYSALIS WAY @ MERIDIAN PL,362756.3652,5022756.066,-75.76045891,45.34235732,11/2/2015,13:31,01 - Clear,01 - Dry,03 - Yield sign,03 - At intersection,01 - Daylight,03 - P.D. only,02 - Angle,Centrepointe
12038,ALBION RD btwn QUINN RD & DEL ZOTTO AVE,373677.6604,5019972.589,-75.62150225,45.3163253,9/10/2015,16:00,01 - Clear,01 - Dry,10 - No control,01 - Non intersection,01 - Daylight,03 - P.D. only,03 - Rear end,Greenbelt
12039,RIVERDALE AVE btwn SUNNYSIDE AVE & SOUTHERN DR,369077.4515,5028897.138,-75.67900876,45.39706224,9/10/2015,21:05,01 - Clear,01 - Dry,10 - No control,01 - Non intersection,07 - Dark,03 - P.D. only,05 - Turning movement,Old Ottawa South
12040,MARCH RD @ TERRY FOX DR,349864.6086,5023399.869,-75.92489352,45.34909705,10/23/2015,20:05,01 - Clear,01 - Dry,01 - Traffic signal,02 - Intersection related,07 - Dark,03 - P.D. only,03 - Rear end,South March
12041,LEITRIM RD @ ALBION RD,373497.5851,5020418.901,-75.62373685,45.32035871,10/24/2015,13:31,01 - Clear,01 - Dry,01 - Traffic signal,02 - Intersection related,01 - Daylight,03 - P.D. only,03 - Rear end,Greenbelt
12042,MORIN RD @ REGIONAL RD 174,392041.1512,5042785.364,-75.38328678,45.51952724,11/10/2015,10:33,01 - Clear,01 - Dry,02 - Stop sign,02 - Intersection related,01 - Daylight,03 - P.D. only,03 - Rear end,Cumberland - Estates
12043,GLADSTONE AVE btwn BRONSON AVE & PERCY ST,367318.6184,5030200.44,-75.7013062,45.40894824,11/10/2015,17:44,01 - Clear,01 - Dry,10 - No control,01 - Non intersection,07 - Dark,03 - P.D. only,03 - Rear end,Centretown
12044,CARLING AVE @ MELROSE AVE,365970.7053,5028391.911,-75.71874888,45.39279464,11/12/2015,18:04,02 - Rain,02 - Wet,02 - Stop sign,03 - At intersection,07 - Dark,03 - P.D. only,02 - Angle,Civic Hospital - Experimental Farm - Central Park
12045,ORANGEVILLE ST/HWY 417 ROCHEST IC121BR51 @ ROC,366778.1524,5029521.56,-75.70829549,45.40288793,10/25/2015,8:35,02 - Rain,02 - Wet,01 - Traffic signal,03 - At intersection,01 - Daylight,03 - P.D. only,05 - Turning movement,Little Italy
12046,TERRY FOX DR btwn HWY417 IC140 RAMP16 & HWY417 IC140 RAMP35,350958.617,5018542.91,-75.91138554,45.30532185,11/16/2015,18:56,01 - Clear,01 - Dry,10 - No control,01 - Non intersection,07 - Dark,03 - P.D. only,03 - Rear end,Katimavik - Hazeldean
12047,PINECREST RD/HWY 417 PINECRE IC129R63 @ TRANSI,360387.0401,5023676.479,-75.79058641,45.35083093,11/16/2015,21:33,01 - Clear,01 - Dry,01 - Traffic signal,03 - At intersection,07 - Dark,03 - P.D. only,02 - Angle,Whitehaven - Queensway Terrace North
12048,SWEETLAND AVE btwn SOMERSET ST E & TEMPLETON ST,369227.761,5031722.956,-75.67671979,45.42247414,10/27/2015,12:10,01 - Clear,01 - Dry,10 - No control,04 - At/near private drive,01 - Daylight,03 - P.D. only,99 - Other,Sandy Hill
12049,BASELINE RD @ CORDOVA ST,363593.6882,5024409.166,-75.74957879,45.35716207,10/15/2015,18:18,02 - Rain,02 - Wet,01 - Traffic signal,03 - At intersection,07 - Dark,03 - P.D. only,05 - Turning movement,Braemar Park - Bel Air Heights - Copeland Park
12050,GRENADIER WAY btwn QUEENSBURY DR & FIELDCREST AVE,365724.2765,5016154.863,-75.72340254,45.28270886,10/1/2015,9:46,01 - Clear,01 - Dry,10 - No control,01 - Non intersection,01 - Daylight,03 - P.D. only,06 - SMV unattended vehicle,New Barrhaven
12051,IRIS ST @ WOODROFFE AVE,362283.4128,5024441.159,-75.76629755,45.35755859,11/3/2015,18:02,01 - Clear,01 - Dry,01 - Traffic signal,02 - Intersection related,07 - Dark,03 - P.D. only,03 - Rear end,Iris
12052,MEADOWLANDS DR btwn HOGAN ST & NESS ST,366304.9758,5024895.097,-75.71491563,45.36130179,11/3/2015,19:35,01 - Clear,01 - Dry,10 - No control,01 - Non intersection,07 - Dark,03 - P.D. only,03 - Rear end,Borden Farm - Stewart Farm - Parkwood Hills - Fisher Glen
12053,PARKDALE AVE btwn GRANT ST & WELLINGTON ST W,365130.8429,5029310.7,-75.72936196,45.40113457,8/26/2015,11:59,01 - Clear,01 - Dry,10 - No control,04 - At/near private drive,01 - Daylight,03 - P.D. only,02 - Angle,Islan
12054,TERRY FOX DR @ PALLADIUM DR/KATIMAVIK RD,351269.718,5018180.694,-75.90745255,45.30204202,10/28/2015,16:50,02 - Rain,02 - Wet,01 - Traffic signal,02 - Intersection related,01 - Daylight,03 - P.D. only,03 - Rear end,Katimavik - Hazeldean
12055,BANK ST @ CATHERINE ST,368038.9847,5030266.491,-75.69209575,45.40947782,10/28/2015,19:30,02 - Rain,02 - Wet,01 - Traffic signal,03 - At intersection,07 - Dark,03 - P.D. only,05 - Turning movement,Centretown
12056,BRONSON AVE btwn BREWER WAY & RIVERSIDE DR RAMPS 34B & 42A-3,368206.3444,5027587.337,-75.69030226,45.38535647,10/29/2015,8:33,02 - Rain,02 - Wet,10 - No control,01 - Non intersection,01 - Daylight,03 - P.D. only,03 - Rear end,Carleto
12057,SOMERSET ST    W btwn ROCHESTER ST & BOOTH ST,366576.8795,5030243.707,-75.71077581,45.40940341,10/29/2015,11:11,06 - Strong wind,02 - Wet,10 - No control,01 - Non intersection,01 - Daylight,03 - P.D. only,07 - SMV other,Chinatown
12058,KING EDWARD AVE @ OSGOODE ST/THOMAS MORE PRIV,368850.4275,5031851.494,-75.68152428,45.42366533,9/10/2015,15:30,01 - Clear,01 - Dry,01 - Traffic signal,03 - At intersection,01 - Daylight,03 - P.D. only,03 - Rear end,Sandy Hill
12059,NEPEAN ST @ O'CONNOR ST,367719.9892,5031226.224,-75.69604813,45.41814195,9/12/2015,10:03,02 - Rain,02 - Wet,02 - Stop sign,02 - Intersection related,01 - Daylight,03 - P.D. only,05 - Turning movement,Centretown
12060,INDUSTRIAL AVE @ ALTA VISTA DR/SANDFORD FLEMIN,370884.0031,5030557.93,-75.65571428,45.41183723,11/2/2015,19:15,01 - Clear,01 - Dry,01 - Traffic signal,03 - At intersection,07 - Dark,03 - P.D. only,05 - Turning movement,Industrial Park
12061,OSGOODE ST btwn RUSSELL AVE & CHAPEL ST,369221.7766,5032078.776,-75.67674972,45.42567623,9/10/2015,0:00,01 - Clear,01 - Dry,10 - No control,01 - Non intersection,00 - Unknown,03 - P.D. only,06 - SMV unattended vehicle,Sandy Hill
12062,WELLINGTON ST btwn LYON ST N & KENT ST,366985.5088,5031456.431,-75.70540289,45.42027895,9/11/2015,9:41,01 - Clear,01 - Dry,10 - No control,01 - Non intersection,01 - Daylight,03 - P.D. only,03 - Rear end,Downtown
12063,DONALD ST @ ST. LAURENT BLVD,372092.9922,5032472.225,-75.64000857,45.42894597,10/25/2015,11:59,01 - Clear,01 - Dry,01 - Traffic signal,03 - At intersection,01 - Daylight,03 - P.D. only,05 - Turning movement,Overbrook
12064,GOLDERS GREEN LANE btwn FAIRLOP WAY & FAIRLOP WAY,364780.4147,5016068.193,-75.73544327,45.28201017,10/26/2015,10:36,01 - Clear,01 - Dry,10 - No control,04 - At/near private drive,01 - Daylight,03 - P.D. only,06 - SMV unattended vehicle,New Barrhaven
12065,DONNELLY DR @ MERLYN WILSON RD,369252.9723,4990841.855,-75.68169503,45.0546268,11/10/2015,23:46,01 - Clear,01 - Dry,02 - Stop sign,03 - At intersection,07 - Dark,03 - P.D. only,07 - SMV other,Munster Hamlet - Richmond
12066,MORIN RD @ REGIONAL RD 174,392040.5105,5042781.2,-75.38329572,45.51948985,6/4/2015,7:41,01 - Clear,01 - Dry,02 - Stop sign,03 - At intersection,01 - Daylight,03 - P.D. only,03 - Rear end,Cumberland - Estates
12067,QUEEN ST btwn LYON ST N & KENT ST,367063.348,5031315.938,-75.70442612,45.41900791,10/29/2015,9:53,01 - Clear,01 - Dry,10 - No control,01 - Non intersection,01 - Daylight,03 - P.D. only,04 - Sideswipe,Downtown
12068,ST. LAURENT BLVD @ COVENTRY RD/OGILVIE RD,372305.7195,5031951.935,-75.63736158,45.42424415,10/29/2015,10:20,02 - Rain,02 - Wet,01 - Traffic signal,03 - At intersection,01 - Daylight,03 - P.D. only,07 - SMV other,Overbrook
12069,BANK ST btwn TURN LANE & SPRINGHILL RD,384393.4705,5008282.537,-75.48672085,45.21001232,11/16/2015,22:42,01 - Clear,01 - Dry,10 - No control,01 - Non intersection,07 - Dark,03 - P.D. only,07 - SMV other,Metcalfe
12070,MILTON RD btwn SMITH RD & PERRAULT RD,387608.1207,5030964.861,-75.44201241,45.41371938,11/16/2015,23:46,01 - Clear,01 - Dry,10 - No control,01 - Non intersection,07 - Dark,03 - P.D. only,07 - SMV other,Navan - Vars
12071,BASELINE RD @ FARLANE BLVD,365356.6921,5025516.452,-75.7269428,45.36697519,10/20/2015,9:03,01 - Clear,01 - Dry,01 - Traffic signal,03 - At intersection,01 - Daylight,03 - P.D. only,05 - Turning movement,Cityview - Skyline - Fisher Heights
12072,CATHERINE ST btwn BANK ST & O'CONNOR ST,368135.6268,5030326.35,-75.69085354,45.41000768,10/20/2015,9:49,01 - Clear,01 - Dry,10 - No control,01 - Non intersection,01 - Daylight,03 - P.D. only,03 - Rear end,Centretown
12073,STRANDHERD DR btwn CEDARVIEW RD & MADRID AVE,363032.3881,5014083.24,-75.75795587,45.26429646,10/11/2015,19:40,01 - Clear,01 - Dry,10 - No control,01 - Non intersection,07 - Dark,03 - P.D. only,05 - Turning movement,New Barrhaven
12074,FITZGERALD RD @ ROBERTSON RD,356789.5756,5020290.38,-75.83685054,45.32063842,10/13/2015,15:15,01 - Clear,01 - Dry,01 - Traffic signal,02 - Intersection related,01 - Daylight,03 - P.D. only,04 - Sideswipe,Bells Corners West
12075,MONTREAL RD/HANNAH ST @ CODY AVE,370256.1346,5033171.324,-75.66338777,45.4354105,10/3/2015,9:41,01 - Clear,01 - Dry,01 - Traffic signal,02 - Intersection related,01 - Daylight,03 - P.D. only,04 - Sideswipe,Vanier
12076,RICHMOND RD @ WOODROFFE AVE,361583.9657,5026654.163,-75.77497003,45.37752802,10/5/2015,14:56,01 - Clear,01 - Dry,01 - Traffic signal,02 - Intersection related,01 - Daylight,03 - P.D. only,03 - Rear end,Carlingwood - McKellar Park - Laurentien View
12077,WOODROFFE AVE btwn EARL MULLIGAN DR & LONGFIELDS DR,365339.7285,5017293.972,-75.7281649,45.29299173,11/4/2015,6:50,01 - Clear,01 - Dry,10 - No control,01 - Non intersection,03 - Dawn,03 - P.D. only,03 - Rear end,Greenbelt
12078,FALLOWFIELD RD @ WOODROFFE AVE,365083.8726,5017903.702,-75.73135245,45.29850004,11/4/2015,8:55,01 - Clear,01 - Dry,01 - Traffic signal,02 - Intersection related,01 - Daylight,03 - P.D. only,04 - Sideswipe,New Barrhaven
12079,HAWTHORNE RD @ HUNT CLUB RD,375507.7499,5026406.169,-75.59724365,45.37402993,8/26/2015,13:00,01 - Clear,01 - Dry,01 - Traffic signal,02 - Intersection related,01 - Daylight,03 - P.D. only,04 - Sideswipe,Industrial Park
12080,ALBION RD    S btwn TURN LANE & ALBION RD,371930.7721,5024166.82,-75.64321141,45.35423287,8/27/2015,19:14,01 - Clear,01 - Dry,10 - No control,04 - At/near private drive,05 - Dusk,03 - P.D. only,02 - Angle,Emerald Woods - Sawmill Creek
12081,CARLING AVE @ FAIRLAWN AVE/WOODROFFE AVE E,361934.6841,5025830.528,-75.77058762,45.37008852,10/28/2015,20:31,02 - Rain,02 - Wet,01 - Traffic signal,03 - At intersection,07 - Dark,03 - P.D. only,04 - Sideswipe,Carlingwood West - Glabar Park - McKellar Heights
12082,PRESTON ST @ PRINCE OF WALES DR/QUEEN ELIZABET,366900.7115,5028776.908,-75.70682383,45.39617689,10/28/2015,23:24,02 - Rain,02 - Wet,01 - Traffic signal,02 - Intersection related,07 - Dark,03 - P.D. only,02 - Angle,The Glebe
12083,BASELINE RD @ CLYDE AVE,364357.9826,5024890.873,-75.73976643,45.3614319,10/29/2015,12:54,01 - Clear,01 - Dry,01 - Traffic signal,02 - Intersection related,01 - Daylight,03 - P.D. only,03 - Rear end,Civic Hospital - Experimental Farm - Central Park
12084,INDUSTRIAL AVE @ TRAINYARDS DR,371685.2344,5030539.839,-75.64548138,45.41159833,10/9/2015,10:21,02 - Rain,02 - Wet,01 - Traffic signal,02 - Intersection related,01 - Daylight,03 - P.D. only,04 - Sideswipe,Industrial Park
12085,ROCKY HILL DR @ PRINCE OF WALES DR,366968.3092,5014403.65,-75.70776574,45.26684265,10/28/2015,19:53,02 - Rain,02 - Wet,01 - Traffic signal,02 - Intersection related,07 - Dark,03 - P.D. only,03 - Rear end,Chapman Mills - Rideau Crest - Davidson Heights
12086,SOUTHMORE DR @ WALKLEY RD,369710.871,5025574.942,-75.671356,45.36711176,11/3/2015,7:54,01 - Clear,01 - Dry,02 - Stop sign,02 - Intersection related,01 - Daylight,03 - P.D. only,03 - Rear end,Riverside Park
12087,LAFONTAINE AVE @ MCARTHUR AVE,370948.9916,5032771.934,-75.6545868,45.43175176,11/3/2015,14:28,01 - Clear,01 - Dry,01 - Traffic signal,03 - At intersection,01 - Daylight,03 - P.D. only,02 - Angle,Vanier South
12088,KENT ST @ SLATER ST,367262.4281,5031251.506,-75.70189078,45.41841043,9/11/2015,14:40,01 - Clear,01 - Dry,01 - Traffic signal,02 - Intersection related,01 - Daylight,03 - P.D. only,04 - Sideswipe,Downtown
12089,CARLING AVE WB btwn FOREST ST & CROYDON AVE,360642.0047,5025033.776,-75.78717942,45.36302358,9/11/2015,18:49,02 - Rain,02 - Wet,10 - No control,01 - Non intersection,01 - Daylight,03 - P.D. only,04 - Sideswipe,Whitehaven - Queensway Terrace North
12090,OTTAWA RIVER PKWY @ VIMY PLACE PRIV,365974.8394,5030797.607,-75.71839764,45.41444013,10/28/2015,7:00,01 - Clear,01 - Dry,01 - Traffic signal,02 - Intersection related,03 - Dawn,03 - P.D. only,04 - Sideswipe,LeBreton Flats
12091,KANATA AVE @ TERRY FOX DR,349306.5882,5019210.504,-75.93239119,45.31143568,10/28/2015,13:54,02 - Rain,02 - Wet,01 - Traffic signal,02 - Intersection related,01 - Daylight,03 - P.D. only,03 - Rear end,Kanata Lakes - Marchwood Lakeside - Morgan's Grant - Kanata
12092,ARMSTRONG ST @ PARKDALE AVE,365090.6921,5029404.198,-75.72986335,45.4019793,11/11/2015,8:00,01 - Clear,01 - Dry,01 - Traffic signal,02 - Intersection related,01 - Daylight,03 - P.D. only,03 - Rear end,Islan
12093,BANK ST btwn SCRIVENS DR & JOHN QUINN RD,383320.4451,5010785.656,-75.49998432,45.23265451,9/12/2015,16:29,02 - Rain,02 - Wet,10 - No control,01 - Non intersection,01 - Daylight,03 - P.D. only,07 - SMV other,Osgoode
12094,INDUSTRIAL AVE/INNES RD @ ST. LAURENT BLVD,373099.0067,5030003.765,-75.62749553,45.40663844,8/10/2015,11:28,01 - Clear,01 - Dry,01 - Traffic signal,02 - Intersection related,01 - Daylight,03 - P.D. only,03 - Rear end,Industrial Park