Record,Location,X,Y,lon,lat,Date,Time,Environment,Road_Surface,Traffic_Control,Collision_Location,Light,Collision_Classification,Impact_type,Neighborhood
12198,RIVERSIDE DR @ TREMBLAY RD/HWY417 IC117 RAMP52,370802.0781,5031015.548,-75.65669955,45.41596242,9/16/2015,11:12,01 - Clear,01 - Dry,01 - Traffic signal,03 - At intersection,01 - Daylight,03 - P.D. only,03 - Rear end,Industrial Park
12199,KING EDWARD AVE @ SOMERSET ST/MARIE CURIE PRIV,368958.431,5031671.776,-75.68016769,45.4220384,9/16/2015,16:04,01 - Clear,01 - Dry,01 - Traffic signal,02 - Intersection related,01 - Daylight,03 - P.D. only,04 - Sideswipe,Sandy Hill
12200,FALLOWFIELD RD @ WOODROFFE AVE,365085.15,5017902.109,-75.73133636,45.2984856,11/2/2015,18:10,01 - Clear,01 - Dry,01 - Traffic signal,02 - Intersection related,07 - Dark,03 - P.D. only,03 - Rear end,New Barrhaven
12201,HUNT CLUB RD @ RIVERSIDE DR,368037.4237,5021944.417,-75.69318114,45.33459808,11/2/2015,18:15,01 - Clear,01 - Dry,01 - Traffic signal,02 - Intersection related,07 - Dark,03 - P.D. only,03 - Rear end,Hunt Club Woods - Quintarra - Revelstoke - Riverside South P
12202,YOUNG ST @ PRESTON ST,366588.3517,5029486.792,-75.71072411,45.40259188,10/1/2015,14:54,01 - Clear,01 - Dry,02 - Stop sign,02 - Intersection related,01 - Daylight,03 - P.D. only,03 - Rear end,Little Italy
12203,CHURCHILL AVE   N btwn IRENE CRES & CURRELL AVE,363684.657,5027239.995,-75.74808036,45.38262585,10/2/2015,8:30,01 - Clear,01 - Dry,10 - No control,04 - At/near private drive,01 - Daylight,03 - P.D. only,02 - Angle,Westboro
12204,TENTH LINE RD btwn Continuation of TENTH LINE RD & WALL RD,385112.3412,5033406.244,-75.47349615,45.43597565,9/23/2015,13:17,01 - Clear,01 - Dry,10 - No control,01 - Non intersection,01 - Daylight,03 - P.D. only,04 - Sideswipe,Avalon
12205,HUNT CLUB RD @ BRIDLE PATH DR/DAZE ST,371291.0082,5023864.864,-75.65141641,45.35157692,9/22/2015,15:30,01 - Clear,01 - Dry,01 - Traffic signal,02 - Intersection related,01 - Daylight,03 - P.D. only,03 - Rear end,South Keys - Heron Gate - Greenboro West
12206,RICHMOND RD btwn STEEPLE HILL CRES & CAMBRIAN RD,359113.932,5009711.094,-75.80836179,45.22526858,11/13/2015,23:37,02 - Rain,02 - Wet,10 - No control,01 - Non intersection,07 - Dark,03 - P.D. only,07 - SMV other,Munster Hamlet - Richmond
12207,CRESTWAY DR @ STRANDHERD DR,366346.1821,5015470.773,-75.71556073,45.27649928,11/14/2015,17:10,01 - Clear,01 - Dry,01 - Traffic signal,02 - Intersection related,05 - Dusk,03 - P.D. only,03 - Rear end,Chapman Mills - Rideau Crest - Davidson Heights
12208,BESSERER ST @ CUMBERLAND ST,368415.9823,5032256.934,-75.68702296,45.42735298,10/11/2015,23:30,01 - Clear,01 - Dry,01 - Traffic signal,02 - Intersection related,07 - Dark,03 - P.D. only,04 - Sideswipe,Byward Market - Parliament Hill
12209,BYRON AVE @ HOLLAND AVE,365014.7003,5028958.195,-75.73088841,45.3979728,10/28/2015,13:40,02 - Rain,02 - Wet,02 - Stop sign,03 - At intersection,01 - Daylight,03 - P.D. only,07 - SMV other,Island Park
12210,MAITLAND AVE/HWY 417 MAITLAND IC126R53 @ HWY 4,363229.679,5025774.662,-75.75406302,45.36947908,11/4/2015,17:24,01 - Clear,01 - Dry,01 - Traffic signal,02 - Intersection related,07 - Dark,03 - P.D. only,03 - Rear end,Braemar Park - Bel Air Heights - Copeland Park
12211,BRONSON AVE btwn POWELL AVE & CLEMOW AVE,367417.4285,5029412.71,-75.70014404,45.40185164,10/16/2015,12:17,01 - Clear,01 - Dry,10 - No control,01 - Non intersection,01 - Daylight,03 - P.D. only,04 - Sideswipe,The Glebe
12212,BESSERER ST @ WALLER ST,368315.9333,5032192.338,-75.68830973,45.42678086,7/27/2015,20:13,02 - Rain,02 - Wet,01 - Traffic signal,03 - At intersection,05 - Dusk,03 - P.D. only,03 - Rear end,Byward Market - Parliament Hill
12213,ELGIN ST @ NEPEAN ST,368029.7084,5031410.491,-75.69206748,45.419772,9/16/2015,17:47,01 - Clear,01 - Dry,01 - Traffic signal,02 - Intersection related,01 - Daylight,03 - P.D. only,03 - Rear end,Centretown
12214,WEST HUNT CLUB RD @ ANTARES DR/LASER ST,367109.1527,5022081.141,-75.70500618,45.33591135,11/6/2015,15:44,01 - Clear,01 - Dry,01 - Traffic signal,02 - Intersection related,01 - Daylight,03 - P.D. only,03 - Rear end,Industrial Park
12215,GALETTA SIDE RD btwn CANON SMITH DR & NEWTOWN RD,329251.1482,5036329.623,-76.18731195,45.46646637,11/6/2015,17:40,01 - Clear,01 - Dry,10 - No control,01 - Non intersection,07 - Dark,03 - P.D. only,07 - SMV other,Fitzro
12216,ALBERT ST @ LYON ST,367063.4209,5031219.224,-75.70443741,45.4181377,9/6/2015,17:27,01 - Clear,01 - Dry,01 - Traffic signal,02 - Intersection related,01 - Daylight,03 - P.D. only,03 - Rear end,Downtown
12217,WELLINGTON ST @ LETT ST,366355.0547,5031111.803,-75.71350102,45.41723384,10/5/2015,8:50,01 - Clear,01 - Dry,01 - Traffic signal,03 - At intersection,01 - Daylight,03 - P.D. only,02 - Angle,LeBreton Flats
12218,CUMMINGS AVE/LABELLE ST @ CYRVILLE RD,372859.9952,5031870.486,-75.6302907,45.4234576,11/2/2015,19:02,01 - Clear,01 - Dry,01 - Traffic signal,02 - Intersection related,07 - Dark,03 - P.D. only,99 - Other,Industrial Park
12219,JEANNE D'ARC BLVD  S btwn CEDAR MILLS RD & BEAUSEJOUR DR,381417.8642,5036068.86,-75.52029495,45.46034632,11/3/2015,7:54,01 - Clear,02 - Wet,10 - No control,01 - Non intersection,01 - Daylight,03 - P.D. only,03 - Rear end,Orleans Village - Chateauneuf
12220,CONROY RD @ HUNT CLUB RD,373763.0193,5025404.883,-75.61965648,45.36519466,10/8/2015,19:18,01 - Clear,01 - Dry,01 - Traffic signal,02 - Intersection related,07 - Dark,03 - P.D. only,03 - Rear end,Greenboro East
12221,BANK ST @ CLEMOW AVE,368207.1524,5029865.203,-75.68999917,45.40585195,9/25/2015,19:37,01 - Clear,01 - Dry,02 - Stop sign,02 - Intersection related,07 - Dark,03 - P.D. only,03 - Rear end,The Glebe
12222,CHAMBERLAIN AVE @ KENT ST,367934.4269,5030049.353,-75.6934592,45.40753352,11/14/2015,20:02,01 - Clear,01 - Dry,01 - Traffic signal,02 - Intersection related,07 - Dark,03 - P.D. only,03 - Rear end,The Glebe
12223,BLAIR RD btwn OR174 IC112 RAMP52 & OR174 IC112 RAMP53,374894.917,5032673.432,-75.60417619,45.43048113,10/16/2015,20:55,02 - Rain,02 - Wet,10 - No control,01 - Non intersection,07 - Dark,03 - P.D. only,03 - Rear end,Pineview
12224,PALLADIUM DR @ SILVER SEVEN RD,351052.3284,5017887.807,-75.91025172,45.29942089,10/19/2015,17:27,02 - Rain,02 - Wet,01 - Traffic signal,02 - Intersection related,05 - Dusk,03 - P.D. only,07 - SMV other,Katimavik - Hazeldean
12225,PRINCE OF WALES DR @ WEST HUNT CLUB RD,367457.2689,5021892.584,-75.70058892,45.33418374,10/30/2015,14:20,01 - Clear,01 - Dry,01 - Traffic signal,02 - Intersection related,01 - Daylight,03 - P.D. only,03 - Rear end,Industrial Park
12226,BASELINE RD btwn GREENBANK RD & PINECREST RD,360757.254,5022680.349,-75.78597473,45.34183833,10/30/2015,14:40,01 - Clear,01 - Dry,10 - No control,04 - At/near private drive,01 - Daylight,03 - P.D. only,05 - Turning movement,Iris
12227,"MONTREAL RD btwn EGLISE, RUE DE L & ST. LAURENT BLVD",371174.2868,5033640.434,-75.65159065,45.43954478,10/31/2015,23:47,01 - Clear,01 - Dry,10 - No control,01 - Non intersection,07 - Dark,03 - P.D. only,04 - Sideswipe,Vanier South
12228,ROGER STEVENS DR btwn SECOND LINE RD S & DORACK DR,369970.3797,5001516.09,-75.67119905,45.15060925,11/1/2015,0:00,01 - Clear,01 - Dry,10 - No control,01 - Non intersection,07 - Dark,03 - P.D. only,07 - SMV other,Kars - Osgoode
12229,VANIER PKWY/CRICHTON ST @ BEECHWOOD AVE/ST. PA,369128.0376,5033486.931,-75.67776352,45.43835489,11/3/2015,6:15,01 - Clear,02 - Wet,01 - Traffic signal,02 - Intersection related,03 - Dawn,03 - P.D. only,03 - Rear end,Vanier North
12230,BLAIR RD btwn LAURA PRIV & BEAVERPOND DR,375353.9135,5031992.61,-75.5984084,45.42430932,10/28/2015,20:22,02 - Rain,02 - Wet,10 - No control,01 - Non intersection,07 - Dark,03 - P.D. only,07 - SMV other,Greenbelt
12231,BLAIR RD @ REGIONAL RD 174 S/OR174 IC112 RAMP15,374907.89,5032661.18,-75.60401216,45.43036959,10/28/2015,21:07,02 - Rain,02 - Wet,01 - Traffic signal,02 - Intersection related,07 - Dark,03 - P.D. only,03 - Rear end,Pineview
12232,MERIVALE RD btwn BURRIS LANE & OT/NE BOUNDARY,364928.0876,5025151.615,-75.73245819,45.36372935,11/4/2015,18:53,01 - Clear,01 - Dry,10 - No control,01 - Non intersection,07 - Dark,03 - P.D. only,03 - Rear end,Cityview - Skyline - Fisher Heights
12233,TERRY FOX DR @ EDGEWATER ST/WALTER BAKER PL,351778.3289,5017612.369,-75.90102132,45.29689426,10/25/2015,8:55,01 - Clear,02 - Wet,01 - Traffic signal,03 - At intersection,01 - Daylight,03 - P.D. only,02 - Angle,Katimavik - Hazeldean
12234,STITTSVILLE MAIN ST btwn NEIL AVE & HAZELDEAN RD,349579.299,5014787.546,-75.92931267,45.27161916,10/25/2015,11:32,01 - Clear,01 - Dry,10 - No control,01 - Non intersection,01 - Daylight,03 - P.D. only,03 - Rear end,Stittsville
12235,ST. JOSEPH BLVD btwn MAISONNEUVE ST & GABRIEL ST,381495.389,5037602.424,-75.51906448,45.47413554,6/25/2015,23:06,01 - Clear,01 - Dry,10 - No control,01 - Non intersection,07 - Dark,03 - P.D. only,07 - SMV other,Industrial Park
12236,HOLLAND AVE @ RUSKIN ST,365280.423,5028349.476,-75.72756931,45.39247278,8/12/2015,16:43,01 - Clear,01 - Dry,02 - Stop sign,03 - At intersection,01 - Daylight,03 - P.D. only,02 - Angle,Civic Hospital - Experimental Farm - Central Park
12237,MARCH RD btwn DUNROBIN RD & MURPHY CRT,347545.9123,5025932.367,-75.95426389,45.37203025,11/6/2015,18:08,01 - Clear,01 - Dry,10 - No control,01 - Non intersection,07 - Dark,03 - P.D. only,07 - SMV other,Carp - Hardwood Plains
12238,GREGOIRE RD btwn PRESCOTT/RUSSELL RT 300 & SPRINGHILL RD,392469.4702,5010828.282,-75.38347829,45.23195847,11/6/2015,23:13,01 - Clear,01 - Dry,10 - No control,01 - Non intersection,07 - Dark,03 - P.D. only,07 - SMV other,Metcalfe
12239,CATHERINE ST @ METCALFE ST,368392.986,5030486.203,-75.68754535,45.41142264,9/9/2015,13:59,01 - Clear,01 - Dry,01 - Traffic signal,02 - Intersection related,01 - Daylight,03 - P.D. only,03 - Rear end,Centretown
12240,INNES RD btwn HWY417 IC112 RAMP66 & CYRVILLE RD,375033.3103,5031109.114,-75.60263075,45.41639237,9/20/2015,13:12,01 - Clear,01 - Dry,10 - No control,01 - Non intersection,01 - Daylight,03 - P.D. only,03 - Rear end,Industrial Park
12241,SPRUCE RIDGE RD @ SPRUCE RIDGE RD,345227.9898,5012087.921,-75.98498499,45.24759034,11/9/2015,3:32,01 - Clear,01 - Dry,02 - Stop sign,03 - At intersection,07 - Dark,03 - P.D. only,07 - SMV other,Stittsville - Basswood
12242,ALBION RD @ MITCH OWENS RD,375906.7541,5014804.089,-75.59381584,45.26959882,11/9/2015,3:01,01 - Clear,01 - Dry,01 - Traffic signal,03 - At intersection,07 - Dark,03 - P.D. only,07 - SMV other,Greely
12243,DUNDONALD DR @ GREENBANK RD,365090.6441,5012122.311,-75.73196813,45.24647859,10/9/2015,14:10,01 - Clear,01 - Dry,02 - Stop sign,03 - At intersection,01 - Daylight,03 - P.D. only,02 - Angle,New Barrhaven
12244,BARNSDALE RD @ PRINCE OF WALES DR,366645.9755,5011532.053,-75.71223031,45.24103251,10/10/2015,20:46,01 - Clear,01 - Dry,02 - Stop sign,03 - At intersection,07 - Dark,03 - P.D. only,02 - Angle,New Barrhaven
12245,STITTSVILLE MAIN ST @ HAZELDEAN RD,349558.3981,5014877.636,-75.92957091,45.27243116,11/3/2015,12:31,01 - Clear,01 - Dry,01 - Traffic signal,02 - Intersection related,01 - Daylight,03 - P.D. only,03 - Rear end,Stittsville
12246,STRANDHERD DR @ LONGFIELDS DR,364547.6609,5015172.759,-75.73851765,45.27397288,11/3/2015,14:29,01 - Clear,01 - Dry,01 - Traffic signal,02 - Intersection related,01 - Daylight,03 - P.D. only,02 - Angle,New Barrhaven
12247,TERRY FOX DR @ PALLADIUM DR/KATIMAVIK RD,351269.718,5018182.136,-75.90745241,45.302055,10/27/2015,15:00,01 - Clear,01 - Dry,01 - Traffic signal,02 - Intersection related,01 - Daylight,03 - P.D. only,03 - Rear end,Katimavik - Hazeldean
12248,FRIEL ST @ RIDEAU ST,368770.9817,5032569.503,-75.68244613,45.43013298,9/27/2015,19:59,01 - Clear,01 - Dry,01 - Traffic signal,02 - Intersection related,07 - Dark,03 - P.D. only,03 - Rear end,Lowe
12249,INNES RD @ PAGE RD,380888.4697,5034542.356,-75.52729943,45.44666989,9/28/2015,8:12,01 - Clear,01 - Dry,01 - Traffic signal,02 - Intersection related,01 - Daylight,03 - P.D. only,02 - Angle,Orleans Village - Chateauneuf
12250,BOTTRIELL WAY btwn MERKLEY DR & MARSALA CRES,383799.5077,5037328.491,-75.48964335,45.47141409,11/14/2015,20:20,01 - Clear,01 - Dry,10 - No control,04 - At/near private drive,07 - Dark,03 - P.D. only,07 - SMV other,Fallingbrook
12251,BAYVIEW DR btwn RITCHIE AVE & SPINNAKER WAY,335828.785,5039987.409,-76.10296601,45.4991188,11/14/2015,20:54,01 - Clear,01 - Dry,10 - No control,01 - Non intersection,07 - Dark,03 - P.D. only,07 - SMV other,Buckham'
12252,RICHMOND RD btwn PERTH ST & CAMBRIAN RD,358104.2792,5007462.598,-75.82145854,45.20511318,10/19/2015,18:45,01 - Clear,01 - Dry,10 - No control,01 - Non intersection,07 - Dark,03 - P.D. only,07 - SMV other,Munster Hamlet - Richmond
12253,SHANNONDOE CRES btwn STONEMEADOW DR & LOYAL HILL CRES,355617.5895,5016617.914,-75.85217525,45.28767877,10/2/2015,20:30,01 - Clear,01 - Dry,10 - No control,01 - Non intersection,07 - Dark,03 - P.D. only,06 - SMV unattended vehicle,Bridlewood - Emerald Meadows
12254,REGIONAL ROAD 174 btwn MORIN RD & OLD MONTREAL RD,392423.1728,5042757.377,-75.37840273,45.51922754,10/31/2015,7:00,01 - Clear,01 - Dry,10 - No control,01 - Non intersection,03 - Dawn,03 - P.D. only,07 - SMV other,Cumberland - Estates
12255,FEATHERSTON DR @ JUNO AVE,372300.4519,5027896.903,-75.63798402,45.38775925,10/31/2015,7:00,01 - Clear,01 - Dry,03 - Yield sign,02 - Intersection related,03 - Dawn,03 - P.D. only,07 - SMV other,Playfair Park - Lynda Park - Guildwood Estates
12256,CHESTER CRES btwn STARLING CRES & FULHAM CRT,363514.459,5014735.098,-75.7517364,45.27012183,11/1/2015,0:25,02 - Rain,02 - Wet,10 - No control,04 - At/near private drive,07 - Dark,03 - P.D. only,06 - SMV unattended vehicle,Barrhaven West - Old Barrhaven
12257,BLAIR RD @ OR174 IC112 RAMP26,374753,5032846.64,-75.60596508,45.43205377,11/1/2015,1:42,02 - Rain,02 - Wet,10 - No control,02 - Intersection related,07 - Dark,03 - P.D. only,07 - SMV other,Industrial Park
12258,MOODIE DR @ RICHMOND RD S,357432.9249,5019541.557,-75.82872447,45.3138525,11/1/2015,2:58,02 - Rain,02 - Wet,02 - Stop sign,02 - Intersection related,07 - Dark,03 - P.D. only,07 - SMV other,Bells Corners West
12259,KENT ST btwn JAMES ST & FLORENCE ST,367682.4844,5030562.374,-75.696612,45.41217221,11/3/2015,7:53,01 - Clear,01 - Dry,10 - No control,01 - Non intersection,01 - Daylight,03 - P.D. only,06 - SMV unattended vehicle,Centretown
12260,NAVAN RD btwn INNES RD & ORLEANS BLVD,380548.3297,5033095.252,-75.53186981,45.43368689,11/3/2015,9:19,01 - Clear,01 - Dry,10 - No control,01 - Non intersection,01 - Daylight,03 - P.D. only,07 - SMV other,Chapel Hill South
12261,BANK ST @ JOHN QUINN RD,383424.2288,5010702.053,-75.49867597,45.23189072,11/12/2015,14:27,02 - Rain,02 - Wet,02 - Stop sign,02 - Intersection related,01 - Daylight,03 - P.D. only,03 - Rear end,Osgoode
12262,HIGHWAY 417 btwn HWY 417 ANDERSON IC104R61 & HWY 417 BOUNDARY IC96R16,385039.0217,5024936.362,-75.47581087,45.35977923,10/19/2015,2:13,01 - Clear,01 - Dry,10 - No control,01 - Non intersection,07 - Dark,03 - P.D. only,04 - Sideswipe,Greenbelt
12263,BOOTH ST @ LOUISA ST,366801.9843,5029770.204,-75.70795983,45.40512305,8/18/2015,13:49,01 - Clear,01 - Dry,02 - Stop sign,03 - At intersection,01 - Daylight,03 - P.D. only,02 - Angle,Centretown West
12264,EAGLESON RD @ HAZELDEAN RD/ROBERTSON RD,353673.6249,5018424.82,-75.87677742,45.30407559,8/20/2015,14:28,01 - Clear,01 - Dry,01 - Traffic signal,02 - Intersection related,01 - Daylight,03 - P.D. only,04 - Sideswipe,Greenbelt
12265,INDUSTRIAL AVE/INNES RD @ ST. LAURENT BLVD,373101.1688,5030004.486,-75.62746782,45.40664472,11/12/2015,11:20,02 - Rain,02 - Wet,01 - Traffic signal,02 - Intersection related,01 - Daylight,03 - P.D. only,03 - Rear end,Industrial Park
12266,YORK ST EB btwn CUMBERLAND ST & KING EDWARD AVE,368381.853,5032592.547,-75.68741574,45.43037581,11/12/2015,11:56,02 - Rain,02 - Wet,10 - No control,01 - Non intersection,01 - Daylight,03 - P.D. only,06 - SMV unattended vehicle,Byward Market
12267,ALBION RD @ MITCH OWENS RD,375907.4748,5014804.089,-75.59380665,45.26959875,11/18/2015,8:46,01 - Clear,01 - Dry,01 - Traffic signal,03 - At intersection,01 - Daylight,03 - P.D. only,05 - Turning movement,Greely
12268,BASELINE RD @ NAVAHO DR,363084.2493,5024096.425,-75.7561174,45.35439059,9/26/2015,21:06,01 - Clear,01 - Dry,01 - Traffic signal,02 - Intersection related,07 - Dark,03 - P.D. only,03 - Rear end,Braemar Park - Bel Air Heights - Copeland Park
12269,EAGLESON RD @ FERNBANK RD,354797.9086,5015586.344,-75.86272786,45.27845527,11/20/2015,16:53,01 - Clear,01 - Dry,01 - Traffic signal,02 - Intersection related,05 - Dusk,03 - P.D. only,03 - Rear end,Glen Cairn - Kanata South Business Park
12270,CARLING AVE @ CARLINGWOOD SC,362073.7328,5025917.947,-75.76880246,45.37086376,11/20/2015,18:14,01 - Clear,01 - Dry,01 - Traffic signal,03 - At intersection,07 - Dark,03 - P.D. only,05 - Turning movement,Carlingwood West - Glabar Park - McKellar Heights
12271,STRANDHERD @ KENNEVALE DR,361491.1393,5014098.468,-75.77759238,45.26455939,11/10/2015,15:58,01 - Clear,01 - Dry,01 - Traffic signal,02 - Intersection related,01 - Daylight,03 - P.D. only,03 - Rear end,Munster Hamlet - Richmond
12272,KING EDWARD AVE NB btwn GUIGUES AVE & ST. PATRICK ST,368254.4671,5032852.778,-75.68901005,45.43272884,11/25/2015,15:42,01 - Clear,01 - Dry,10 - No control,01 - Non intersection,01 - Daylight,03 - P.D. only,04 - Sideswipe,Lower Town
12273,BANK ST @ EXHIBITION WAY,368528.6403,5029086.257,-75.68599337,45.39881404,11/6/2015,11:04,02 - Rain,02 - Wet,01 - Traffic signal,02 - Intersection related,01 - Daylight,03 - P.D. only,03 - Rear end,The Glebe
12274,BASELINE RD @ GREENBANK RD,360596.9623,5022583.778,-75.78803081,45.34098215,11/7/2015,13:52,01 - Clear,01 - Dry,01 - Traffic signal,02 - Intersection related,01 - Daylight,03 - P.D. only,03 - Rear end,Qualicum - Redwood Park
12275,ST. PATRICK ST WB btwn ISLAND LODGE RD & CRICHTON ST,369107.0669,5033461.795,-75.67803483,45.43813066,7/3/2015,14:14,01 - Clear,01 - Dry,10 - No control,01 - Non intersection,01 - Daylight,03 - P.D. only,03 - Rear end,New Edinburgh
12276,JEANNE D'ARC BLVD  S btwn BELCOURT BLVD & DES EPINETTES AVE,381915.4354,5035902.673,-75.51395957,45.45879636,11/5/2015,8:10,01 - Clear,01 - Dry,10 - No control,01 - Non intersection,01 - Daylight,03 - P.D. only,04 - Sideswipe,Orleans Village - Chateauneuf
12277,BANNER RD @ GREENBANK RD,361022.6847,5021566.49,-75.7827146,45.33179462,11/6/2015,18:15,01 - Clear,01 - Dry,01 - Traffic signal,02 - Intersection related,07 - Dark,03 - P.D. only,05 - Turning movement,Woodvale - Craig Henry - Manordale - Estates of Arlington Wo
12278,EAGLESON RD @ HAZELDEAN RD/ROBERTSON RD,353673.6249,5018424.82,-75.87677742,45.30407559,11/11/2015,10:32,01 - Clear,01 - Dry,01 - Traffic signal,02 - Intersection related,01 - Daylight,03 - P.D. only,03 - Rear end,Greenbelt
12279,DUNROBIN RD @ MARCH RD,347173.8801,5026065.897,-75.95900195,45.37325438,11/12/2015,11:33,02 - Rain,02 - Wet,01 - Traffic signal,02 - Intersection related,01 - Daylight,03 - P.D. only,02 - Angle,Carp - Hardwood Plains
12280,FLEWELLYN RD btwn MUNSTER RD & CONLEY RD,347282.0435,5007101.389,-75.95924499,45.2025982,11/17/2015,17:24,01 - Clear,01 - Dry,10 - No control,01 - Non intersection,07 - Dark,03 - P.D. only,07 - SMV other,Stittsville - Basswood
12281,ROTHBOURNE RD btwn MOONSTONE RD & CARP RD,347833.3743,5014495.847,-75.95158775,45.26910335,11/13/2015,14:27,01 - Clear,02 - Wet,10 - No control,04 - At/near private drive,01 - Daylight,03 - P.D. only,07 - SMV other,Stittsville
12282,TERRY FOX DR @ WESTPHALIAN AVE,353455.2261,5015759.789,-75.87982363,45.28011017,11/16/2015,13:39,01 - Clear,01 - Dry,01 - Traffic signal,02 - Intersection related,01 - Daylight,03 - P.D. only,04 - Sideswipe,Glen Cairn - Kanata South Business Park
12283,HWY416 IC75B RAMP25 btwn HWY416 IC75C RAMP24 & HWY417 IC131 RAMP55,358735.3112,5022927.509,-75.81174625,45.34422065,10/19/2015,6:30,01 - Clear,01 - Dry,10 - No control,01 - Non intersection,03 - Dawn,03 - P.D. only,04 - Sideswipe,Greenbelt
12284,CLARENCE ST @ NELSON ST,368482.7061,5032771.223,-75.68610385,45.4319743,6/26/2015,10:37,01 - Clear,01 - Dry,02 - Stop sign,02 - Intersection related,01 - Daylight,03 - P.D. only,06 - SMV unattended vehicle,Lower Town
12285,WALKLEY RD btwn BANK ST & BANFF AVE,370346.5007,5025956.023,-75.66319193,45.37048145,11/22/2015,15:02,01 - Clear,01 - Dry,10 - No control,01 - Non intersection,01 - Daylight,03 - P.D. only,07 - SMV other,Ledbury - Heron Gate - Ridgemont - Elmwood
12286,CHARLEMAGNE BLVD @ GARDENWAY DR/BOTTRIELL WAY ,384048.4973,5037034.836,-75.48650678,45.46874384,11/22/2015,15:47,01 - Clear,01 - Dry,01 - Traffic signal,02 - Intersection related,01 - Daylight,03 - P.D. only,05 - Turning movement,Fallingbrook
12287,CAMBRIDGE ST    N btwn GLADSTONE AVE & ARLINGTON AVE,367080.2045,5029920.402,-75.70438709,45.40644979,8/25/2015,8:15,01 - Clear,01 - Dry,10 - No control,04 - At/near private drive,01 - Daylight,03 - P.D. only,06 - SMV unattended vehicle,Centretown West
12288,PINECREST RD @ RICHMOND RD,360071.9498,5024471.873,-75.79451843,45.35801277,8/26/2015,17:50,01 - Clear,02 - Wet,01 - Traffic signal,02 - Intersection related,01 - Daylight,03 - P.D. only,03 - Rear end,Whitehaven - Queensway Terrace North
12289,MONTREAL RD btwn MONA AVE & LAFONTAINE AVE,370799.9546,5033464.294,-75.65639854,45.43799539,11/12/2015,14:11,02 - Rain,02 - Wet,10 - No control,01 - Non intersection,01 - Daylight,03 - P.D. only,04 - Sideswipe,Vanier South
12290,STRANDHERD DR btwn FALLOWFIELD RD & MARAVISTA DR,360981.5929,5014898.957,-75.7839944,45.27180315,11/18/2015,16:00,01 - Clear,01 - Dry,10 - No control,01 - Non intersection,05 - Dusk,03 - P.D. only,03 - Rear end,Munster Hamlet - Richmond
12291,BANNER RD @ GREENBANK RD,361020.7352,5021566.338,-75.78273948,45.33179341,11/17/2015,8:45,01 - Clear,01 - Dry,01 - Traffic signal,02 - Intersection related,01 - Daylight,03 - P.D. only,03 - Rear end,Woodvale - Craig Henry - Manordale - Estates of Arlington Wo
12292,LAJOIE ST @ MONTREAL RD,370534.7107,5033326.84,-75.65980683,45.43678363,9/27/2015,10:59,01 - Clear,01 - Dry,01 - Traffic signal,02 - Intersection related,01 - Daylight,03 - P.D. only,04 - Sideswipe,Vanier South
12293,MACKENZIE AVE @ RIDEAU ST,367869.6992,5032009.941,-75.69403509,45.4251801,10/2/2015,6:30,01 - Clear,01 - Dry,01 - Traffic signal,03 - At intersection,03 - Dawn,03 - P.D. only,02 - Angle,Byward Market - Parliament Hill
12294,TERRY FOX DR @ PALLADIUM DR/KATIMAVIK RD,351270.4387,5018182.136,-75.90744323,45.30205495,11/20/2015,19:30,01 - Clear,01 - Dry,01 - Traffic signal,02 - Intersection related,07 - Dark,03 - P.D. only,03 - Rear end,Katimavik - Hazeldean
12295,RICHMOND RD @ WEST HUNT CLUB RD,357144.9266,5018152.102,-75.83254408,45.30137153,11/26/2015,7:23,01 - Clear,01 - Dry,01 - Traffic signal,03 - At intersection,01 - Daylight,03 - P.D. only,05 - Turning movement,Greenbelt
12296,BASELINE RD btwn MORLEY BLVD & PRINCE OF WALES DR,366760.5187,5026398.259,-75.70891285,45.37478681,11/26/2015,8:15,01 - Clear,01 - Dry,10 - No control,01 - Non intersection,01 - Daylight,03 - P.D. only,03 - Rear end,Civic Hospital - Experimental Farm - Central Park
12297,GALT ST btwn AYLMER AVE & END (1),368583.8782,5028686.758,-75.68533954,45.39521445,11/8/2015,15:09,01 - Clear,01 - Dry,10 - No control,01 - Non intersection,01 - Daylight,03 - P.D. only,02 - Angle,Old Ottawa South
12298,BREWER RD @ BRONSON AVE,368109.0471,5027765.714,-75.69152174,45.38697025,11/9/2015,1:24,01 - Clear,01 - Dry,01 - Traffic signal,02 - Intersection related,07 - Dark,03 - P.D. only,04 - Sideswipe,Carleto
12299,BRONSON AVE @ SUNNYSIDE AVE/UNIVERSITY RD - CA,367921.9894,5028091.187,-75.69386866,45.38991565,7/16/2015,22:18,01 - Clear,01 - Dry,01 - Traffic signal,02 - Intersection related,07 - Dark,03 - P.D. only,04 - Sideswipe,Carleto
12300,DUNROBIN RD btwn KERWIN RD & ROCHON WAY,346442.9183,5027030.372,-75.96825258,45.38197677,11/7/2015,0:50,01 - Clear,01 - Dry,10 - No control,01 - Non intersection,07 - Dark,03 - P.D. only,07 - SMV other,Carp - Hardwood Plains
12301,CARLING AVE @ MAITLAND AVE/SHERBOURNE RD,362941.9772,5026487.446,-75.75765172,45.37591655,11/11/2015,16:57,01 - Clear,01 - Dry,01 - Traffic signal,02 - Intersection related,05 - Dusk,03 - P.D. only,04 - Sideswipe,Carlingwood - McKellar Park - Laurentien View