Record,Location,X,Y,lon,lat,Date,Time,Environment,Road_Surface,Traffic_Control,Collision_Location,Light,Collision_Classification,Impact_type,Neighborhood
12302,NOTRE DAME ST btwn ST. JOSEPH BLVD & HENRI LAUZON ST,380048.7471,5036508.194,-75.53773196,45.4644479,2/21/2015,11:56,03 - Snow,05 - Packed snow,10 - No control,01 - Non intersection,01 - Daylight,03 - P.D. only,01 - Approaching,Chapel Hill
12303,BREWER RD @ BRONSON AVE,368108.8276,5027766.216,-75.69152448,45.38697479,11/12/2015,12:34,02 - Rain,02 - Wet,01 - Traffic signal,03 - At intersection,01 - Daylight,03 - P.D. only,03 - Rear end,Carleto
12304,EAGLESON RD @ MICHAEL COWPLAND DR/STONEHAVEN D,354383.3467,5016623.804,-75.86790787,45.28781993,11/12/2015,15:02,02 - Rain,02 - Wet,01 - Traffic signal,02 - Intersection related,01 - Daylight,03 - P.D. only,03 - Rear end,Glen Cairn - Kanata South Business Park
12305,VANIER PKWY NB btwn HWY417 IC117 RAMP62 & HWY417 IC117 RAMP63,370797.1538,5031415.972,-75.65670883,45.41956573,11/18/2015,9:30,01 - Clear,01 - Dry,10 - No control,01 - Non intersection,01 - Daylight,03 - P.D. only,03 - Rear end,Overbrook
12306,BROOKSTONE ST/HATHAWAY DR @ CRESTHAVEN DR,366780.3664,5015698.314,-75.70999893,45.27850854,11/18/2015,17:50,01 - Clear,01 - Dry,02 - Stop sign,02 - Intersection related,07 - Dark,03 - P.D. only,02 - Angle,Chapman Mills - Rideau Crest - Davidson Heights
12307,RIDGEWOOD AVE @ RIVERSIDE DR,368281.4254,5025608.451,-75.68959796,45.36754419,8/28/2015,12:32,01 - Clear,01 - Dry,01 - Traffic signal,02 - Intersection related,01 - Daylight,03 - P.D. only,03 - Rear end,Riverside Park
12308,COLDREY AVE @ KIRKWOOD AVE,364439.4162,5027136.179,-75.73845595,45.38162788,8/29/2015,15:30,01 - Clear,01 - Dry,01 - Traffic signal,03 - At intersection,01 - Daylight,03 - P.D. only,05 - Turning movement,Carlington
12309,KILBORN AVE @ KILBORN PL/LAMIRA ST,369744.7236,5027678.172,-75.67064728,45.38603283,11/13/2015,7:03,01 - Clear,02 - Wet,11 - Roundabout,03 - At intersection,03 - Dawn,03 - P.D. only,02 - Angle,Alta Vista
12310,CHURCHILL AVE @ RICHMOND RD,363226.9731,5028292.912,-75.75379954,45.39213816,11/19/2015,10:56,01 - Clear,02 - Wet,01 - Traffic signal,02 - Intersection related,01 - Daylight,03 - P.D. only,03 - Rear end,Carlingwood - McKellar Park - Laurentien View
12311,LYON ST    N btwn NEPEAN ST & LISGAR ST,367253.7122,5030901.751,-75.70204646,45.41526422,10/2/2015,12:11,01 - Clear,01 - Dry,10 - No control,04 - At/near private drive,01 - Daylight,03 - P.D. only,02 - Angle,Centretown
12312,MCARTHUR AVE @ VANIER PKWY,370219.4257,5032690.226,-75.66392083,45.43108521,10/8/2015,15:47,01 - Clear,01 - Dry,01 - Traffic signal,02 - Intersection related,01 - Daylight,03 - P.D. only,04 - Sideswipe,Vanier South
12313,CARLING AVE btwn BURKE RD & DEFENSE  RESEARCH COMPLEX,353161.6683,5022857.455,-75.88287245,45.34399672,11/21/2015,7:30,01 - Clear,01 - Dry,10 - No control,01 - Non intersection,01 - Daylight,03 - P.D. only,07 - SMV other,Greenbelt
12314,EAGLESON RD @ FALLOWFIELD RD,355961.6341,5012594.766,-75.84820413,45.25145266,11/21/2015,12:25,01 - Clear,01 - Dry,01 - Traffic signal,03 - At intersection,01 - Daylight,03 - P.D. only,02 - Angle,Stittsville - Basswood
12315,MARCH RD btwn SOLANDT RD & STATION RD,350501.8608,5022695.728,-75.91682651,45.3427198,11/25/2015,17:20,01 - Clear,01 - Dry,10 - No control,01 - Non intersection,07 - Dark,03 - P.D. only,03 - Rear end,South March
12316,MEADOWLANDS DR btwn BAYNE AVE & MERIVALE RD,364801.763,5023693.438,-75.73424759,45.35061971,10/13/2015,16:40,01 - Clear,01 - Dry,10 - No control,04 - At/near private drive,01 - Daylight,03 - P.D. only,02 - Angle,Crestview - Meadowlands
12317,CUMBERLAND ST btwn BRUYERE ST & ST. ANDREW ST,368036.002,5032902.59,-75.6917955,45.43319682,7/1/2015,21:00,01 - Clear,02 - Wet,10 - No control,01 - Non intersection,05 - Dusk,03 - P.D. only,06 - SMV unattended vehicle,Lower Town
12318,CARSON'S RD btwn MONTREAL RD & SETH PRIV,372805.8453,5034309.552,-75.63064567,45.44540837,7/4/2015,0:00,01 - Clear,01 - Dry,10 - No control,01 - Non intersection,00 - Unknown,03 - P.D. only,06 - SMV unattended vehicle,Carson Grove - Carson Meadows
12319,HOLMWOOD AVE btwn BANK ST & ADELAIDE ST,368506.2125,5029210.171,-75.6862638,45.39993102,6/25/2015,18:30,01 - Clear,01 - Dry,10 - No control,01 - Non intersection,01 - Daylight,03 - P.D. only,06 - SMV unattended vehicle,The Glebe
12320,RIVERSIDE DR NB btwn BANK ST & RIVERSIDE DR NB RAMP FROM EB TO WB,369336.4288,5027932.391,-75.67582747,45.38835794,7/14/2015,20:47,01 - Clear,01 - Dry,10 - No control,01 - Non intersection,05 - Dusk,03 - P.D. only,04 - Sideswipe,Alta Vista
12321,HAWTHORNE AVE/ISABELLA ST @ QUEEN ELIZABETH DR,368665.6081,5030476.83,-75.68406394,45.41131348,7/21/2015,15:15,01 - Clear,01 - Dry,01 - Traffic signal,03 - At intersection,01 - Daylight,03 - P.D. only,02 - Angle,The Glebe
12322,ELGIN ST btwn SOMERSET ST W & MACLAREN ST,368182.0059,5031171.545,-75.69015239,45.41760827,3/30/2015,22:18,01 - Clear,01 - Dry,10 - No control,01 - Non intersection,07 - Dark,03 - P.D. only,04 - Sideswipe,Centretown
12323,REGIONAL ROAD 174 btwn OR174 IC109 RAMP64 & OR174 IC105 RAMP16,377420.6491,5035916.755,-75.57142247,45.4594047,4/11/2015,15:36,01 - Clear,01 - Dry,10 - No control,01 - Non intersection,01 - Daylight,03 - P.D. only,07 - SMV other,Greenbelt
12324,PINECREST RD btwn RICHMOND RD & FALLIS AVE,360082.7606,5024448.089,-75.79438311,45.35779791,11/12/2015,16:49,02 - Rain,02 - Wet,10 - No control,04 - At/near private drive,05 - Dusk,03 - P.D. only,03 - Rear end,Whitehaven - Queensway Terrace North
12325,MCCURDY DR @ PARSONS RIDGE RD,352301.6074,5017997.097,-75.89431298,45.30032095,11/12/2015,16:54,02 - Rain,02 - Wet,02 - Stop sign,03 - At intersection,07 - Dark,03 - P.D. only,02 - Angle,Katimavik - Hazeldean
12326,CAMPEAU DR/HWY 417 MARCH IC138R63 @ MARCH RD,352841.6249,5020475.386,-75.8871874,45.32258442,11/18/2015,11:57,01 - Clear,01 - Dry,01 - Traffic signal,03 - At intersection,01 - Daylight,03 - P.D. only,04 - Sideswipe,Greenbelt
12327,MONTREAL RD @ CARSON'S RD/CODD'S RD,372769.277,5034398.22,-75.63110084,45.44620972,11/19/2015,16:54,02 - Rain,02 - Wet,01 - Traffic signal,02 - Intersection related,07 - Dark,03 - P.D. only,03 - Rear end,Carson Grove - Carson Meadows
12328,ST. JOSEPH BLVD @ TENTH LINE RD,382890.0831,5038666.183,-75.5010599,45.48355172,2/17/2015,5:54,01 - Clear,06 - Ice,01 - Traffic signal,02 - Intersection related,07 - Dark,03 - P.D. only,03 - Rear end,Industrial Park
12329,HIGHWAY 417 btwn HWY417 IC155 RAMP25 & RAMP,342112.7419,5017593.667,-76.02425517,45.29730577,10/20/2015,7:00,01 - Clear,02 - Wet,10 - No control,01 - Non intersection,03 - Dawn,03 - P.D. only,04 - Sideswipe,Carp - Hardwood Plains
12330,DIAMONDVIEW RD btwn KINBURN SIDE RD & BAIRD SIDE RD,333163.3727,5027710.303,-76.13777869,45.38875863,11/22/2015,18:22,01 - Clear,01 - Dry,10 - No control,01 - Non intersection,07 - Dark,03 - P.D. only,07 - SMV other,Car
12331,BRONSON AVE @ QUEEN ST,366707.2575,5031093.501,-75.7090036,45.41703809,11/23/2015,2:32,01 - Clear,01 - Dry,02 - Stop sign,02 - Intersection related,07 - Dark,03 - P.D. only,07 - SMV other,Byward Market - Parliament Hill
12332,REGIONAL ROAD 174 btwn OLD MONTREAL RD & MCTEER RD,394824.6822,5043086.944,-75.34760849,45.52188658,11/23/2015,6:16,01 - Clear,01 - Dry,10 - No control,01 - Non intersection,03 - Dawn,03 - P.D. only,07 - SMV other,Cumberland - Estates
12333,DYNES RD @ PRINCE OF WALES DR,367113.2727,5025924.614,-75.70446922,45.37049378,9/1/2015,8:50,01 - Clear,01 - Dry,01 - Traffic signal,02 - Intersection related,01 - Daylight,03 - P.D. only,03 - Rear end,Carleton Heights - Rideauview
12334,BRONSON AVE btwn BRONSON AVE SB ON RAMP 43 & SUNNYSIDE AVE/UNIVERSITY ,367917.6651,5028101.998,-75.6939225,45.39001331,9/11/2015,18:36,02 - Rain,02 - Wet,10 - No control,01 - Non intersection,01 - Daylight,03 - P.D. only,07 - SMV other,Carleto
12335,HANNAH ST btwn DESCHAMPS AVE & MONTREAL RD,370205.0555,5033243.504,-75.66403096,45.43606472,11/13/2015,11:14,02 - Rain,02 - Wet,10 - No control,04 - At/near private drive,01 - Daylight,03 - P.D. only,02 - Angle,Vanier North
12336,RIVERSIDE DR RAMP 42A @ RIVERSIDE DR RAMP 42B,368480.9419,5027090.945,-75.68686004,45.38086516,11/13/2015,16:44,02 - Rain,02 - Wet,03 - Yield sign,02 - Intersection related,05 - Dusk,03 - P.D. only,03 - Rear end,Riverside Park
12337,STRANDHERD DR @ WOODROFFE AVE,366106.8747,5015394.789,-75.71861993,45.27583649,11/19/2015,17:31,02 - Rain,02 - Wet,01 - Traffic signal,02 - Intersection related,07 - Dark,03 - P.D. only,04 - Sideswipe,Chapman Mills - Rideau Crest - Davidson Heights
12338,MOODIE DR @ ROBERTSON RD,357067.3728,5020455.838,-75.8332899,45.32210661,10/9/2015,11:34,01 - Clear,01 - Dry,01 - Traffic signal,02 - Intersection related,01 - Daylight,03 - P.D. only,03 - Rear end,Bells Corners West
12339,ST. LAURENT BLVD btwn BELFAST RD & INDUSTRIAL AVE,372870.0935,5030555.139,-75.63034338,45.41162175,10/14/2015,20:00,01 - Clear,01 - Dry,10 - No control,01 - Non intersection,07 - Dark,03 - P.D. only,03 - Rear end,Industrial Park
12340,GLADSTONE AVE @ LYON ST,367583.7135,5030361.211,-75.69789939,45.41037107,11/21/2015,14:53,01 - Clear,01 - Dry,01 - Traffic signal,03 - At intersection,01 - Daylight,03 - P.D. only,02 - Angle,Centretown
12341,PALLADIUM DR btwn SILVER SEVEN RD & TERRY FOX DR,351186.1144,5018005.559,-75.90853493,45.30047164,11/22/2015,11:00,01 - Clear,01 - Dry,10 - No control,01 - Non intersection,01 - Daylight,03 - P.D. only,04 - Sideswipe,Katimavik - Hazeldean
12342,WEST HUNT CLUB RD @ CLEOPATRA DR/LANCELOT DR,365234.9793,5021732.854,-75.72895882,45.33294143,11/13/2015,14:20,01 - Clear,01 - Dry,01 - Traffic signal,02 - Intersection related,01 - Daylight,03 - P.D. only,03 - Rear end,Tanglewood
12343,MERIVALE RD @ FAMILY BROWN LANE,365005.84,5023387.066,-75.73168066,45.34784552,11/19/2015,12:05,02 - Rain,02 - Wet,01 - Traffic signal,02 - Intersection related,01 - Daylight,03 - P.D. only,04 - Sideswipe,Borden Farm - Stewart Farm - Parkwood Hills - Fisher Glen
12344,YORK ST btwn NELSON ST & BEAUSOLEIL DR,368584.1049,5032741.188,-75.68481194,45.43169481,8/1/2015,0:00,01 - Clear,01 - Dry,10 - No control,01 - Non intersection,00 - Unknown,03 - P.D. only,06 - SMV unattended vehicle,Lower Town
12345,POPLAR ST btwn PRESTON ST & ROCHESTER ST,366422.6905,5029948.893,-75.71278229,45.40676434,7/13/2015,17:00,01 - Clear,01 - Dry,10 - No control,01 - Non intersection,01 - Daylight,03 - P.D. only,06 - SMV unattended vehicle,Little Italy
12346,CLEMOW AVE btwn BRONSON AVE & PERCY ST,367561.0308,5029484.527,-75.69830075,45.40248497,9/21/2015,0:00,01 - Clear,01 - Dry,10 - No control,01 - Non intersection,00 - Unknown,03 - P.D. only,06 - SMV unattended vehicle,The Glebe
12347,BANK ST btwn SIEVERIGHT AVE & ATHANS AVE,372281.6596,5024102.967,-75.63874227,45.35362467,8/17/2015,17:07,01 - Clear,01 - Dry,10 - No control,01 - Non intersection,01 - Daylight,03 - P.D. only,04 - Sideswipe,Blossom Park - Blossom Park West - Sawmill Creek/ Timbermill
12348,CARLING AVE @ PRESTON ST,366830.4307,5028935.193,-75.7077015,45.39760733,4/29/2015,20:00,01 - Clear,01 - Dry,01 - Traffic signal,03 - At intersection,05 - Dusk,03 - P.D. only,05 - Turning movement,Centretown West
12349,CONROY RD @ ST. LAURENT BLVD,373069.9675,5027158.221,-75.6282602,45.38103832,5/11/2015,16:47,01 - Clear,01 - Dry,01 - Traffic signal,02 - Intersection related,01 - Daylight,03 - P.D. only,03 - Rear end,Industrial Park
12350,JOCKVALE RD @ EXETER DR/TARTAN DR,363323.6795,5014771.614,-75.7541632,45.2704663,11/12/2015,17:27,02 - Rain,02 - Wet,11 - Roundabout,03 - At intersection,07 - Dark,03 - P.D. only,07 - SMV other,Barrhaven West - Old Barrhaven
12351,MAITLAND AVE btwn CAMEO DR & CLYDE AVE,364231.6755,5025153.13,-75.741347,45.36380237,11/12/2015,17:56,01 - Clear,01 - Dry,10 - No control,01 - Non intersection,07 - Dark,03 - P.D. only,04 - Sideswipe,Civic Hospital - Experimental Farm - Central Park
12352,BANK ST @ RIVERSIDE DR N,369226.4366,5027982.465,-75.67722546,45.38881862,11/18/2015,21:30,01 - Clear,01 - Dry,01 - Traffic signal,02 - Intersection related,07 - Dark,03 - P.D. only,04 - Sideswipe,Alta Vista
12353,OGILVIE RD @ ELMRIDGE DR/JASMINE CRES N,375420.8149,5034060.667,-75.59725696,45.44290975,2/19/2015,16:17,03 - Snow,03 - Loose snow,01 - Traffic signal,02 - Intersection related,01 - Daylight,03 - P.D. only,03 - Rear end,Beacon Hill South - Cardinal Heights
12354,CYRVILLE RD btwn STAR TOP RD & MEADOWBROOK RD,373911.1698,5031487.211,-75.61691355,45.41990603,2/20/2015,13:39,01 - Clear,02 - Wet,10 - No control,01 - Non intersection,01 - Daylight,03 - P.D. only,03 - Rear end,Pineview
12355,WEST HUNT CLUB RD EB btwn CEDARVIEW RD & GREENBANK RD,360792.9903,5020092.349,-75.78581149,45.31854865,11/23/2015,9:10,01 - Clear,01 - Dry,10 - No control,01 - Non intersection,01 - Daylight,03 - P.D. only,04 - Sideswipe,Greenbelt
12356,HOLLAND AVE btwn WELLINGTON ST W & BYRON AVE,364934.7465,5029140.221,-75.73188736,45.39961751,9/12/2015,13:47,02 - Rain,02 - Wet,10 - No control,01 - Non intersection,01 - Daylight,03 - P.D. only,06 - SMV unattended vehicle,Island Park
12357,STRANDHERD DR btwn CLARIDGE DR & BEATRICE DR,364967.8362,5015384.585,-75.73313734,45.27584306,9/13/2015,16:00,01 - Clear,01 - Dry,10 - No control,01 - Non intersection,01 - Daylight,03 - P.D. only,04 - Sideswipe,New Barrhaven
12358,CAMERON ST @ REGIONAL RD 174,389859.3322,5042618.645,-75.41123851,45.51829689,11/16/2015,6:22,01 - Clear,01 - Dry,01 - Traffic signal,02 - Intersection related,03 - Dawn,03 - P.D. only,03 - Rear end,Cumberland - Estates
12359,CLARIDGE DR btwn TOTTERIDGE AVE & GOSPEL OAK DR,364802.5004,5016381.356,-75.73512391,45.28482612,11/16/2015,8:29,01 - Clear,01 - Dry,10 - No control,01 - Non intersection,01 - Daylight,03 - P.D. only,04 - Sideswipe,New Barrhaven
12360,BASELINE RD btwn CLYDE AVE & 207 E OF CLYDE AVE,364445.1898,5024944.927,-75.73864684,45.36191085,11/19/2015,18:00,02 - Rain,02 - Wet,10 - No control,01 - Non intersection,07 - Dark,03 - P.D. only,04 - Sideswipe,Civic Hospital - Experimental Farm - Central Park
12361,HUNT CLUB RD @ RIVERSIDE DR,368036.703,5021945.859,-75.69319015,45.33461112,11/19/2015,18:30,02 - Rain,02 - Wet,01 - Traffic signal,02 - Intersection related,07 - Dark,03 - P.D. only,03 - Rear end,Hunt Club Woods - Quintarra - Revelstoke - Riverside South P
12362,CYRVILLE RD @ ST. LAURENT BLVD,372241.7208,5032111.94,-75.6381574,45.42568997,10/17/2015,12:55,01 - Clear,01 - Dry,01 - Traffic signal,02 - Intersection related,01 - Daylight,03 - P.D. only,04 - Sideswipe,Overbrook
12363,BAYSWATER AVE @ SOMERSET ST,365812.7005,5029910.487,-75.72057882,45.40647221,10/18/2015,17:57,01 - Clear,01 - Dry,01 - Traffic signal,02 - Intersection related,01 - Daylight,03 - P.D. only,99 - Other,Centretow
12364,RIVERSIDE DR @ UPLANDS DR/KIMBERWICK CRES N,368193.9953,5022793.14,-75.69107498,45.34222059,11/22/2015,18:11,01 - Clear,01 - Dry,01 - Traffic signal,02 - Intersection related,07 - Dark,03 - P.D. only,03 - Rear end,Hunt Club Woods - Quintarra - Revelstoke - Riverside South P
12365,BASELINE RD @ CENTREPOINTE DR E/HIGHGATE RD,362061.6866,5023465.866,-75.76924032,45.34880111,11/23/2015,7:47,01 - Clear,01 - Dry,01 - Traffic signal,02 - Intersection related,01 - Daylight,03 - P.D. only,03 - Rear end,Iris
12366,AIRPORT PKWY btwn RAMP & AIRPORT PKWY (2),370990.4199,5023771.827,-75.65526466,45.35076824,11/24/2015,17:53,01 - Clear,01 - Dry,10 - No control,01 - Non intersection,07 - Dark,03 - P.D. only,03 - Rear end,Hunt Club East - Western Community
12367,GREENLAND RD btwn VENTURI BLVD & PINE VALLEY CRT,341459.9643,5036711.617,-76.03115813,45.46936954,11/27/2015,15:52,02 - Rain,02 - Wet,10 - No control,01 - Non intersection,01 - Daylight,03 - P.D. only,07 - SMV other,Torwoo
12368,HWY 417 RIVERSID IC117R25 @ RIVERSIDE DR,370819.4066,5031035.402,-75.65647551,45.41613942,9/9/2015,21:20,01 - Clear,01 - Dry,10 - No control,02 - Intersection related,07 - Dark,03 - P.D. only,03 - Rear end,Industrial Park
12369,MUD CREEK CRES btwn CANYON WALK DR & CANYON WALK DR,368842.6119,5016636.89,-75.68359508,45.28676889,9/25/2015,0:00,01 - Clear,01 - Dry,10 - No control,01 - Non intersection,00 - Unknown,03 - P.D. only,06 - SMV unattended vehicle,Gloucester
12370,SOMERSET ST    W btwn BREEZEHILL AVE N & PRESTON ST,366090.6925,5030032.155,-75.71701275,45.40754266,9/26/2015,9:23,01 - Clear,01 - Dry,10 - No control,01 - Non intersection,01 - Daylight,03 - P.D. only,06 - SMV unattended vehicle,Little Italy
12371,MACLAREN ST btwn BRONSON AVE & PERCY ST,367142.1258,5030486.996,-75.70352449,45.41154233,10/3/2015,21:16,01 - Clear,01 - Dry,10 - No control,01 - Non intersection,07 - Dark,03 - P.D. only,05 - Turning movement,Chinatown
12372,HARDING RD @ WALKLEY RD,373149.4514,5027610.337,-75.62718279,45.38509852,9/19/2015,18:21,01 - Clear,01 - Dry,01 - Traffic signal,02 - Intersection related,01 - Daylight,03 - P.D. only,04 - Sideswipe,Urbandale
12373,HEATHERINGTON RD @ FAIRLEA CRES S/ANGELA PRIV,371875.4572,5026501.168,-75.64360044,45.37524179,9/27/2015,17:50,01 - Clear,01 - Dry,02 - Stop sign,03 - At intersection,01 - Daylight,03 - P.D. only,05 - Turning movement,Ledbury - Heron Gate - Ridgemont - Elmwood
12374,WOODROFFE AVE btwn TECUMSEH ST & DOMALATCHY PL,362379.9375,5024202.176,-75.76509347,45.35540032,5/22/2015,15:35,01 - Clear,01 - Dry,10 - No control,01 - Non intersection,01 - Daylight,03 - P.D. only,04 - Sideswipe,Iris
12375,WALKLEY RD btwn AYERS AVE & HAMPSTEAD PL,370567.8775,5026080.595,-75.66034941,45.37158157,6/30/2015,17:00,01 - Clear,01 - Dry,10 - No control,04 - At/near private drive,01 - Daylight,03 - P.D. only,05 - Turning movement,Ledbury - Heron Gate - Ridgemont - Elmwood
12376,DONNELLY DR btwn REDDICK LANE & HARNETT RD,365445.1084,4987495.257,-75.73043956,45.0248491,11/13/2015,10:26,02 - Rain,02 - Wet,10 - No control,01 - Non intersection,01 - Daylight,03 - P.D. only,07 - SMV other,Munster Hamlet - Richmond
12377,MERIVALE RD btwn CLYDE AVE & GILBEY DR,364620.0323,5024612.945,-75.7364554,45.35890883,11/13/2015,12:24,02 - Rain,02 - Wet,10 - No control,04 - At/near private drive,01 - Daylight,03 - P.D. only,05 - Turning movement,Cityview - Skyline - Fisher Heights
12378,WALKLEY RD @ HEATHERINGTON RD,371766.7255,5026795.085,-75.64494868,45.37789675,2/25/2015,8:45,03 - Snow,04 - Slush,01 - Traffic signal,02 - Intersection related,01 - Daylight,03 - P.D. only,03 - Rear end,Ledbury - Heron Gate - Ridgemont - Elmwood
12379,RENAUD RD @ RENAUD RD S,379961.7597,5031597.469,-75.53959419,45.4202742,10/17/2015,23:31,01 - Clear,01 - Dry,10 - No control,02 - Intersection related,07 - Dark,03 - P.D. only,07 - SMV other,Greenbelt
12380,PRESTON ST @ SOMERSET ST,366307.6986,5030126.487,-75.714229,45.4083724,9/15/2015,18:35,01 - Clear,01 - Dry,01 - Traffic signal,02 - Intersection related,01 - Daylight,03 - P.D. only,04 - Sideswipe,Little Italy
12381,WOODROFFE AVE @ KNOXDALE RD/MEDHURST DR,363420.4106,5021826.127,-75.75209638,45.33393462,9/9/2015,9:00,01 - Clear,01 - Dry,01 - Traffic signal,02 - Intersection related,01 - Daylight,03 - P.D. only,03 - Rear end,Woodvale - Craig Henry - Manordale - Estates of Arlington Wo
12382,JOHN ST @ THOMAS ST,367963.9539,5033899.921,-75.69258826,45.44217696,11/16/2015,8:52,01 - Clear,01 - Dry,02 - Stop sign,03 - At intersection,01 - Daylight,03 - P.D. only,02 - Angle,New Edinburgh
12383,9TH LINE RD btwn VICTORIA ST & SPRINGHILL RD,387152.2665,5012156.842,-75.45096426,45.24455385,11/16/2015,5:45,01 - Clear,01 - Dry,10 - No control,01 - Non intersection,07 - Dark,03 - P.D. only,07 - SMV other,Metcalfe
12384,MONTREAL RD @ ST. LAURENT BLVD,371545.7029,5033818.676,-75.64681949,45.44111316,11/19/2015,21:55,01 - Clear,02 - Wet,01 - Traffic signal,02 - Intersection related,07 - Dark,03 - P.D. only,03 - Rear end,Cummings
12385,400 E OF TRAINYARDS DR @ INDUSTRIAL AVE,372091.6332,5030434.623,-75.64030422,45.41061269,11/20/2015,7:05,01 - Clear,01 - Dry,01 - Traffic signal,03 - At intersection,03 - Dawn,03 - P.D. only,05 - Turning movement,Industrial Park
12386,PRINCE OF WALES DR @ MEADOWLANDS DR/HOG'S BACK,367371.9189,5025693.117,-75.70119683,45.36838778,10/16/2015,14:00,01 - Clear,01 - Dry,01 - Traffic signal,02 - Intersection related,01 - Daylight,03 - P.D. only,04 - Sideswipe,Carleton Heights - Rideauview
12387,DONALD ST @ ST. LAURENT BLVD,372094.4336,5032471.504,-75.63999025,45.42893935,10/20/2015,9:55,01 - Clear,01 - Dry,01 - Traffic signal,02 - Intersection related,01 - Daylight,03 - P.D. only,04 - Sideswipe,Overbrook
12388,BROADVIEW AVE btwn CARLING AVE & KERR AVE,363192.1388,5026619.562,-75.75444234,45.37708451,11/23/2015,8:39,01 - Clear,01 - Dry,10 - No control,04 - At/near private drive,01 - Daylight,03 - P.D. only,02 - Angle,Carlingwood West - Glabar Park - McKellar Heights
12389,RICHMOND RD @ LYNHAR RD/STAFFORD RD,358137.1512,5021085.392,-75.8195772,45.32769092,11/23/2015,9:16,01 - Clear,01 - Dry,01 - Traffic signal,02 - Intersection related,01 - Daylight,03 - P.D. only,03 - Rear end,Bells Corners East
12390,CASTLEFRANK RD @ TERRY FOX DR,352994.009,5016303.727,-75.8856493,45.28503644,11/27/2015,16:53,02 - Rain,02 - Wet,01 - Traffic signal,02 - Intersection related,07 - Dark,03 - P.D. only,03 - Rear end,Glen Cairn - Kanata South Business Park
12391,VANIER PKWY/CRICHTON ST @ BEECHWOOD AVE/ST. PA,369127.8006,5033487.346,-75.6777665,45.43835865,11/27/2015,17:13,02 - Rain,02 - Wet,01 - Traffic signal,02 - Intersection related,07 - Dark,03 - P.D. only,03 - Rear end,Vanier North
12392,8TH LINE RD @ VICTORIA ST,385452.7977,5011164.696,-75.47277012,45.2358239,9/12/2015,20:00,02 - Rain,02 - Wet,02 - Stop sign,03 - At intersection,07 - Dark,03 - P.D. only,02 - Angle,Metcalfe
12393,472 E OF CHESTNUT ST/UOTTAWA @ LEES AVE,369789.8556,5031042.032,-75.66962772,45.41629546,9/30/2015,18:56,01 - Clear,01 - Dry,01 - Traffic signal,02 - Intersection related,05 - Dusk,03 - P.D. only,04 - Sideswipe,Old Ottawa East
12394,SOUTHGATE RD btwn FERNWOOD DR & CLEARWATER CRES,371060.0271,5024864.72,-75.65422994,45.36059517,7/24/2015,0:00,01 - Clear,01 - Dry,10 - No control,01 - Non intersection,00 - Unknown,03 - P.D. only,06 - SMV unattended vehicle,South Keys - Heron Gate - Greenboro West
12395,JACKMAN TER btwn AIRD PL & AIRD PL,351997.6955,5019080.061,-75.89808479,45.31008621,9/26/2015,0:00,01 - Clear,01 - Dry,10 - No control,01 - Non intersection,00 - Unknown,03 - P.D. only,06 - SMV unattended vehicle,Katimavik - Hazeldean
12396,HOLLAND AVE btwn 95 N OF SHERWOOD DR/FISHER PARK HS & SHERWOOD DR,365140.2832,5028668.755,-75.72931991,45.39535767,9/30/2015,0:00,01 - Clear,01 - Dry,10 - No control,01 - Non intersection,00 - Unknown,03 - P.D. only,06 - SMV unattended vehicle,Civic Hospital - Experimental Farm - Central Park
12397,MELANSON CRES btwn CHARDONNAY DR & CHARDONNAY DR,385025.0628,5035997.409,-75.47418899,45.45929857,10/5/2015,16:13,01 - Clear,01 - Dry,10 - No control,01 - Non intersection,01 - Daylight,03 - P.D. only,07 - SMV other,Avalon
12398,CARLING AVE @ BAYSHORE DR/BIRCHDALE AVE,359004.1503,5023990.252,-75.80819943,45.35376251,7/8/2015,22:25,01 - Clear,01 - Dry,01 - Traffic signal,02 - Intersection related,07 - Dark,03 - P.D. only,03 - Rear end,Bayshore
12399,WEST HUNT CLUB RD @ ROYDON PL/SUNDERLAND ST,365974.4283,5022169.851,-75.71947164,45.33680939,7/13/2015,9:10,01 - Clear,01 - Dry,01 - Traffic signal,02 - Intersection related,01 - Daylight,03 - P.D. only,03 - Rear end,Industrial Park
12400,LONGFIELDS DR btwn MOUNTSHANNON DR & WOODROFFE AVE,365308.7375,5017043.161,-75.72859057,45.29073761,11/13/2015,12:47,02 - Rain,02 - Wet,10 - No control,01 - Non intersection,01 - Daylight,03 - P.D. only,07 - SMV other,Greenbelt
12401,RICHARDSON SIDE RD btwn CARP RD & OAK CREEK RD,346334.6665,5017266.143,-75.97045442,45.29412168,11/13/2015,13:46,02 - Rain,02 - Wet,10 - No control,04 - At/near private drive,01 - Daylight,03 - P.D. only,02 - Angle,Stittsville - Basswood
12402,HUNT CLUB RD @ RIVERSIDE DR,368036.703,5021945.859,-75.69319015,45.33461112,7/17/2015,10:34,01 - Clear,01 - Dry,01 - Traffic signal,02 - Intersection related,01 - Daylight,03 - P.D. only,03 - Rear end,Hunt Club Woods - Quintarra - Revelstoke - Riverside South P
12403,SPRINGFIELD RD btwn THOROLD RD & HILLCREST RD,368958.4693,5035150.462,-75.67971379,45.45333826,9/25/2015,14:30,01 - Clear,01 - Dry,10 - No control,01 - Non intersection,01 - Daylight,03 - P.D. only,04 - Sideswipe,Rockcliffe - Manor Park