Record,Location,X,Y,lon,lat,Date,Time,Environment,Road_Surface,Traffic_Control,Collision_Location,Light,Collision_Classification,Impact_type,Neighborhood
12404,DWYER HILL RD btwn O'NEIL RD & ROGER STEVENS DR,353658.504,4990088.476,-75.87974463,45.04909442,11/19/2015,23:06,01 - Clear,02 - Wet,10 - No control,01 - Non intersection,07 - Dark,03 - P.D. only,07 - SMV other,Munster Hamlet - Richmond
12405,MELROSE AVE btwn RUSKIN ST & CARLING AVE,365959.0584,5028414.57,-75.7188948,45.39299954,11/20/2015,7:12,01 - Clear,01 - Dry,10 - No control,01 - Non intersection,01 - Daylight,03 - P.D. only,04 - Sideswipe,Civic Hospital - Experimental Farm - Central Park
12406,MCARTHUR AVE @ VANIER PKWY,370218.705,5032690.226,-75.66393004,45.43108528,3/24/2015,13:57,01 - Clear,01 - Dry,01 - Traffic signal,02 - Intersection related,01 - Daylight,03 - P.D. only,04 - Sideswipe,Vanier South
12407,STANLEY AVE @ SUSSEX DR,367832.8166,5033871.566,-75.69426803,45.44193367,10/26/2015,14:24,01 - Clear,01 - Dry,01 - Traffic signal,02 - Intersection related,01 - Daylight,03 - P.D. only,03 - Rear end,New Edinburgh
12408,COVENTRY RD btwn ARCOLA PRIV & LOLA ST,371077.5706,5031601.429,-75.6531012,45.42120789,11/23/2015,10:00,01 - Clear,01 - Dry,10 - No control,01 - Non intersection,01 - Daylight,03 - P.D. only,07 - SMV other,Overbrook
12409,BANK ST btwn CECIL AVE & HERON RD,369979.8641,5026888.659,-75.66774906,45.37890721,11/16/2015,10:13,01 - Clear,01 - Dry,10 - No control,04 - At/near private drive,01 - Daylight,03 - P.D. only,02 - Angle,Alta Vista
12410,INNES RD btwn ANDERSON RD & INNES RD,376362.1825,5031888.05,-75.5855408,45.42326613,11/16/2015,8:38,01 - Clear,01 - Dry,10 - No control,01 - Non intersection,01 - Daylight,03 - P.D. only,03 - Rear end,Greenbelt
12411,REGIONAL ROAD 174 btwn OR174 IC105 RAMP25 & OR174 IC102 RAMP51,379854.9794,5037258.382,-75.54009491,45.47121836,11/20/2015,7:51,01 - Clear,01 - Dry,10 - No control,01 - Non intersection,01 - Daylight,03 - P.D. only,07 - SMV other,Orleans South West
12412,MONTREAL RD btwn ELMSMERE RD & BETHAMY LANE,375300.1404,5034342.892,-75.59875891,45.44546123,11/20/2015,12:24,01 - Clear,01 - Dry,10 - No control,01 - Non intersection,01 - Daylight,03 - P.D. only,04 - Sideswipe,Beacon Hill South - Cardinal Heights
12413,BANK ST btwn HOPEWELL AVE & GLEN AVE,368793.6567,5028459.396,-75.68268997,45.39314958,10/16/2015,16:00,01 - Clear,01 - Dry,10 - No control,01 - Non intersection,01 - Daylight,03 - P.D. only,99 - Other,Old Ottawa South
12414,DUNROBIN RD btwn CONSTANCE BAY RD & KINBURN SIDE RD,336808.904,5037187.819,-76.09060757,45.47388317,11/23/2015,13:29,01 - Clear,01 - Dry,10 - No control,01 - Non intersection,01 - Daylight,03 - P.D. only,07 - SMV other,Woodlawn
12415,BASELINE RD btwn COLLEGE SQUARE SC & WOODROFFE AVE,362661.4019,5023836.451,-75.76154418,45.35208638,11/23/2015,14:16,01 - Clear,01 - Dry,10 - No control,01 - Non intersection,01 - Daylight,03 - P.D. only,03 - Rear end,Braemar Park - Bel Air Heights - Copeland Park
12416,MER BLEUE RD @ 210 S OF INNES RD,382728.2708,5035375.792,-75.50365127,45.45396575,10/13/2015,18:30,01 - Clear,01 - Dry,01 - Traffic signal,02 - Intersection related,07 - Dark,03 - P.D. only,03 - Rear end,Orléans
12417,BAY ST btwn MCLEOD ST & FLORA ST,367512.9294,5030208.459,-75.69882305,45.409003,10/20/2015,14:15,01 - Clear,01 - Dry,10 - No control,01 - Non intersection,01 - Daylight,03 - P.D. only,06 - SMV unattended vehicle,Centretown
12418,BANK ST @ CHAMBERLAIN AVE N/ISABELLA ST,368083.4341,5030167.104,-75.69154071,45.40857955,10/12/2015,17:00,01 - Clear,01 - Dry,01 - Traffic signal,03 - At intersection,01 - Daylight,03 - P.D. only,04 - Sideswipe,The Glebe
12419,ISLAND PARK DR btwn RICHMOND RD & BASSETT LANE,364215.8853,5028689.217,-75.74112302,45.39562084,10/13/2015,13:18,01 - Clear,01 - Dry,10 - No control,01 - Non intersection,01 - Daylight,03 - P.D. only,03 - Rear end,Island Park
12420,SILVERMOON CRES btwn TORINO TERR & WHALEY RIDGE,385377.8166,5034888.182,-75.46986091,45.44927821,6/7/2015,8:00,01 - Clear,01 - Dry,10 - No control,01 - Non intersection,01 - Daylight,03 - P.D. only,06 - SMV unattended vehicle,Avalon
12421,SOLEIL AVE btwn SERRA RIDGE & SOLSTICE WAY,386201.4528,5035154.422,-75.45928889,45.45157814,1/28/2015,10:12,01 - Clear,01 - Dry,10 - No control,04 - At/near private drive,01 - Daylight,03 - P.D. only,02 - Angle,Summerside
12422,NEWBOROUGH CRES btwn MAYFORD AVE & MARKLAND CRES,366166.8216,5016285.093,-75.71774587,45.28384216,6/29/2015,20:00,01 - Clear,01 - Dry,10 - No control,01 - Non intersection,01 - Daylight,03 - P.D. only,06 - SMV unattended vehicle,Chapman Mills - Rideau Crest - Davidson Heights
12423,WHITBY AVE btwn CHURCHILL AVE N & WINONA AVE,363227.003,5028470.655,-75.75377811,45.39373746,10/15/2015,11:00,01 - Clear,01 - Dry,10 - No control,04 - At/near private drive,01 - Daylight,03 - P.D. only,06 - SMV unattended vehicle,Westboro
12424,YOUNG ST @ PRESTON ST,366589.1192,5029488.328,-75.71071412,45.40260563,7/13/2015,9:52,01 - Clear,01 - Dry,02 - Stop sign,02 - Intersection related,01 - Daylight,03 - P.D. only,03 - Rear end,Little Italy
12425,CUMBERLAND ST btwn BOTELER ST & BOLTON ST,367900.3424,5033180.555,-75.69349353,45.43571011,9/8/2015,9:00,01 - Clear,01 - Dry,10 - No control,01 - Non intersection,01 - Daylight,03 - P.D. only,06 - SMV unattended vehicle,Lower Town
12426,WEST HUNT CLUB RD EB btwn 354 E OF WOODROFFE AVE/REC PATH & CLEOPATRA ,365140.5649,5021695.377,-75.73016784,45.33261234,11/13/2015,13:52,02 - Rain,02 - Wet,10 - No control,01 - Non intersection,01 - Daylight,03 - P.D. only,01 - Approaching,Merivale Gardens - Grenfell Glen - Pineglen - Country Place
12427,FALLOWFIELD RD @ RICHMOND RD,357720.9149,5013529.776,-75.82569297,45.25973596,11/13/2015,15:25,02 - Rain,02 - Wet,01 - Traffic signal,02 - Intersection related,01 - Daylight,03 - P.D. only,03 - Rear end,Greenbelt
12428,BRONSON AVE @ COMMISSIONER ST/SLATER ST,366769.4261,5030947.487,-75.7082277,45.41571879,10/28/2015,14:50,02 - Rain,02 - Wet,01 - Traffic signal,03 - At intersection,01 - Daylight,03 - P.D. only,05 - Turning movement,Byward Market - Parliament Hill
12429,WOODROFFE AVE btwn GRENFELL CRES & 260 N OF FALLOWFIELD RD/TRANSITWAY ,364899.124,5018370.497,-75.73365129,45.30271607,11/7/2015,21:33,01 - Clear,01 - Dry,10 - No control,01 - Non intersection,07 - Dark,03 - P.D. only,03 - Rear end,Greenbelt
12430,EAGLESON RD btwn BARNSDALE RD & OTTAWA ST,358423.3082,5006426.684,-75.81750918,45.19576755,11/20/2015,7:31,01 - Clear,01 - Dry,10 - No control,01 - Non intersection,01 - Daylight,03 - P.D. only,07 - SMV other,Munster Hamlet - Richmond
12431,MEADOWGLEN DR btwn THISTLELEAF CRES & MONTEREAU AVE,379743.3181,5034482.797,-75.54194583,45.44625775,11/20/2015,9:54,01 - Clear,01 - Dry,10 - No control,04 - At/near private drive,01 - Daylight,03 - P.D. only,06 - SMV unattended vehicle,Chapel Hill
12432,APPLE HILL DR @ SIEVERIGHT AVE,372434.7294,5024311.192,-75.6367604,45.35548345,3/27/2015,8:27,03 - Snow,06 - Ice,02 - Stop sign,02 - Intersection related,01 - Daylight,03 - P.D. only,03 - Rear end,Blossom Park - Blossom Park West - Sawmill Creek/ Timbermill
12433,WEST HUNT CLUB RD @ WOODROFFE AVE,363670.691,5021246.129,-75.74897245,45.32869489,10/26/2015,15:03,01 - Clear,01 - Dry,01 - Traffic signal,02 - Intersection related,01 - Daylight,03 - P.D. only,03 - Rear end,Merivale Gardens - Grenfell Glen - Pineglen - Country Place
12434,OLD INNES RD @ BANTREE ST,373728.0655,5030354.303,-75.61941139,45.40973075,10/27/2015,10:33,01 - Clear,01 - Dry,02 - Stop sign,03 - At intersection,01 - Daylight,03 - P.D. only,05 - Turning movement,Industrial Park
12435,STRANDHERD DR btwn WOODROFFE AVE & 210 W OF WOODROFFE AVE,366015.3432,5015353.708,-75.71979149,45.27547482,11/23/2015,16:01,01 - Clear,01 - Dry,10 - No control,01 - Non intersection,01 - Daylight,03 - P.D. only,01 - Approaching,New Barrhaven
12436,CHARLEMAGNE BLVD btwn BOTTRIELL WAY & PRINCESS LOUISE DR,384071.8562,5038128.715,-75.4860316,45.47858289,11/23/2015,17:01,01 - Clear,01 - Dry,10 - No control,01 - Non intersection,07 - Dark,03 - P.D. only,04 - Sideswipe,Fallingbrook
12437,PRINCE OF WALES DR @ STRANDHERD DR,367173.1276,5014823.831,-75.70510315,45.27060527,11/13/2015,13:30,02 - Rain,02 - Wet,01 - Traffic signal,02 - Intersection related,01 - Daylight,03 - P.D. only,07 - SMV other,Greenbelt
12438,STAFFORD RD btwn BEXLEY PL & RICHMOND RD,358096.9231,5021179.668,-75.82008021,45.32854227,11/16/2015,16:14,01 - Clear,01 - Dry,10 - No control,04 - At/near private drive,01 - Daylight,03 - P.D. only,02 - Angle,Bells Corners East
12439,INDUSTRIAL AVE @ RIVERSIDE DR,370685.4393,5030591.472,-75.65824636,45.41215775,11/20/2015,14:50,02 - Rain,02 - Wet,01 - Traffic signal,02 - Intersection related,01 - Daylight,03 - P.D. only,02 - Angle,Industrial Park
12440,GLADSTONE AVE @ PRESTON ST,366489.706,5029711.477,-75.71195597,45.40462223,10/23/2015,14:02,01 - Clear,01 - Dry,01 - Traffic signal,02 - Intersection related,01 - Daylight,03 - P.D. only,04 - Sideswipe,Little Italy
12441,BANK ST @ CHAMBERLAIN AVE N/ISABELLA ST,368082.7121,5030166.202,-75.69155005,45.4085715,10/27/2015,15:22,01 - Clear,01 - Dry,01 - Traffic signal,02 - Intersection related,01 - Daylight,03 - P.D. only,04 - Sideswipe,The Glebe
12442,IBER RD btwn HUNTMAR DR & HARRY DOUGLAS DR,351081.8817,5015917.042,-75.91005879,45.28168543,11/23/2015,16:01,01 - Clear,01 - Dry,10 - No control,04 - At/near private drive,01 - Daylight,03 - P.D. only,03 - Rear end,Stittsville
12443,HUNT CLUB RD @ RIVERSIDE DR,368036.703,5021945.138,-75.69319025,45.33460464,11/24/2015,12:06,01 - Clear,01 - Dry,01 - Traffic signal,02 - Intersection related,01 - Daylight,03 - P.D. only,03 - Rear end,Hunt Club Woods - Quintarra - Revelstoke - Riverside South P
12444,BROWNING AVE btwn DIXIE ST & PULLEN AVE,372466.4062,5029868.398,-75.63559451,45.40548191,10/21/2015,13:27,01 - Clear,01 - Dry,10 - No control,01 - Non intersection,01 - Daylight,03 - P.D. only,02 - Angle,Elmvale - Eastway - Riverview - Riverview Park West
12445,EARL ARMSTRONG RD @ LIMEBANK RD,370155.7209,5015961.895,-75.66694644,45.28057453,10/21/2015,16:16,01 - Clear,01 - Dry,01 - Traffic signal,03 - At intersection,01 - Daylight,03 - P.D. only,02 - Angle,Greenbelt
12446,OSGOODE ST btwn NELSON ST & SWEETLAND AVE,369002.2917,5031945.299,-75.67957164,45.42449543,8/2/2015,0:00,01 - Clear,01 - Dry,10 - No control,01 - Non intersection,00 - Unknown,03 - P.D. only,06 - SMV unattended vehicle,Sandy Hill
12447,HOLLAND AVE btwn INGLEWOOD PL & CARLING AVE,365399.4014,5028074.943,-75.72608363,45.38999231,7/16/2015,0:00,01 - Clear,01 - Dry,10 - No control,01 - Non intersection,00 - Unknown,03 - P.D. only,06 - SMV unattended vehicle,Civic Hospital - Experimental Farm - Central Park
12448,ELMIRA DR btwn COBDEN RD & LAMBETH WALK,361446.816,5024017.171,-75.77702336,45.35381166,8/7/2015,0:00,01 - Clear,01 - Dry,10 - No control,01 - Non intersection,00 - Unknown,03 - P.D. only,06 - SMV unattended vehicle,Iris
12449,CLEOPATRA DR btwn CAESAR AVE & MERIVALE RD,365904.4353,5021096.029,-75.72049717,45.32715339,10/21/2015,15:28,01 - Clear,01 - Dry,10 - No control,04 - At/near private drive,01 - Daylight,03 - P.D. only,02 - Angle,Merivale Gardens - Grenfell Glen - Pineglen - Country Place
12450,QUEEN MARY ST @ VANIER PKWY,370362.9898,5031957.945,-75.66218372,45.42448301,9/13/2015,13:19,02 - Rain,02 - Wet,01 - Traffic signal,02 - Intersection related,01 - Daylight,03 - P.D. only,03 - Rear end,Overbrook
12451,HUNT CLUB RD @ RIVERSIDE DR,368037.4237,5021945.138,-75.69318105,45.33460457,10/9/2015,18:16,01 - Clear,01 - Dry,01 - Traffic signal,02 - Intersection related,05 - Dusk,03 - P.D. only,03 - Rear end,Hunt Club Woods - Quintarra - Revelstoke - Riverside South P
12452,WOODROFFE AVE @ SPORTSPLEX S,363831.4121,5020898.368,-75.74696374,45.32555226,11/13/2015,16:57,02 - Rain,02 - Wet,01 - Traffic signal,02 - Intersection related,05 - Dusk,03 - P.D. only,03 - Rear end,Merivale Gardens - Grenfell Glen - Pineglen - Country Place
12453,KANATA RD @ LORD BYNG WAY/MARITIME WAY,351430.3128,5019332.584,-75.9052965,45.31239638,11/13/2015,17:29,02 - Rain,02 - Wet,01 - Traffic signal,02 - Intersection related,07 - Dark,03 - P.D. only,03 - Rear end,Kanata
12454,BLAIR RD @ REGIONAL RD 174 S/OR174 IC112 RAMP15,374907.89,5032660.909,-75.6040122,45.43036715,11/13/2015,12:06,01 - Clear,02 - Wet,01 - Traffic signal,02 - Intersection related,01 - Daylight,03 - P.D. only,03 - Rear end,Pineview
12455,BASELINE RD @ NAVAHO DR,363087.1321,5024096.425,-75.75608061,45.35439035,11/19/2015,16:30,02 - Rain,02 - Wet,01 - Traffic signal,02 - Intersection related,05 - Dusk,03 - P.D. only,04 - Sideswipe,Braemar Park - Bel Air Heights - Copeland Park
12456,BANK ST @ EVANS AVE,369918.7993,5027061.221,-75.66850593,45.38046554,11/20/2015,11:19,01 - Clear,01 - Dry,02 - Stop sign,03 - At intersection,01 - Daylight,03 - P.D. only,05 - Turning movement,Alta Vista
12457,RIVERSIDE DR NB btwn HINCKS LANE & SAN REMO PRIV,370327.4366,5030380.341,-75.66284778,45.41029168,11/20/2015,16:48,01 - Clear,01 - Dry,10 - No control,01 - Non intersection,05 - Dusk,03 - P.D. only,03 - Rear end,Industrial Park
12458,DALHOUSIE ST @ ST. PATRICK ST,367957.7006,5032640.941,-75.69282971,45.43084968,3/28/2015,14:02,01 - Clear,01 - Dry,01 - Traffic signal,02 - Intersection related,01 - Daylight,03 - P.D. only,05 - Turning movement,Byward Market
12459,ARLINGTON AVE @ BRONSON AVE,367222.7094,5029867.203,-75.70257354,45.40595843,3/28/2015,16:49,01 - Clear,01 - Dry,01 - Traffic signal,03 - At intersection,01 - Daylight,03 - P.D. only,05 - Turning movement,Centretown West
12460,DENBURY AVE btwn PRINCETON AVE & KEENAN AVE,362727.7419,5027311.406,-75.76029014,45.38334818,10/31/2015,11:00,01 - Clear,01 - Dry,10 - No control,04 - At/near private drive,01 - Daylight,03 - P.D. only,06 - SMV unattended vehicle,Carlingwood - McKellar Park - Laurentien View
12461,"MONTREAL RD btwn EGLISE, RUE DE L & ST. LAURENT BLVD",371397.1086,5033747.126,-75.64872838,45.44048356,10/31/2015,18:10,01 - Clear,01 - Dry,10 - No control,01 - Non intersection,07 - Dark,03 - P.D. only,04 - Sideswipe,Vanier South
12462,MERIVALE RD btwn VIEWMOUNT DR & COLONNADE RD,365281.5328,5022738.01,-75.72824208,45.34198169,11/23/2015,17:48,01 - Clear,01 - Dry,10 - No control,01 - Non intersection,07 - Dark,03 - P.D. only,04 - Sideswipe,Tanglewood
12463,TERRY FOX DR S @ DIDSBURY RD/CENTRUM KANATA SC,350623.4207,5018916.051,-75.91562524,45.30870142,11/23/2015,21:01,01 - Clear,01 - Dry,01 - Traffic signal,02 - Intersection related,07 - Dark,03 - P.D. only,03 - Rear end,Kanata
12464,EQUESTRIAN DR @ SILVER HORSE CRES,355232.6311,5016217.747,-75.85712308,45.28410572,10/5/2015,13:21,01 - Clear,01 - Dry,02 - Stop sign,02 - Intersection related,01 - Daylight,03 - P.D. only,03 - Rear end,Bridlewood - Emerald Meadows
12465,PALLADIUM DR @ SILVER SEVEN RD,351052.3284,5017886.366,-75.91025185,45.29940793,11/16/2015,16:34,01 - Clear,01 - Dry,01 - Traffic signal,02 - Intersection related,05 - Dusk,03 - P.D. only,03 - Rear end,Katimavik - Hazeldean
12466,MARCH RD btwn MARCHURST RD & SECOND LINE RD,345190.5159,5024506.646,-75.98445047,45.35934092,11/16/2015,17:50,01 - Clear,01 - Dry,10 - No control,01 - Non intersection,07 - Dark,03 - P.D. only,07 - SMV other,Carp - Hardwood Plains
12467,DALHOUSIE ST btwn GEORGE ST & RIDEAU ST,368199.5019,5032244.518,-75.68979078,45.42726092,11/21/2015,18:00,01 - Clear,01 - Dry,10 - No control,01 - Non intersection,07 - Dark,03 - P.D. only,06 - SMV unattended vehicle,Byward Market
12468,ST. JOSEPH BLVD btwn BOYER RD & ORLEANS BLVD,380517.8638,5036905.996,-75.53167255,45.46797632,11/22/2015,11:23,01 - Clear,01 - Dry,10 - No control,01 - Non intersection,01 - Daylight,03 - P.D. only,04 - Sideswipe,Industrial Park
12469,SHAKESPEARE ST btwn STE. ANNE ST & GRANVILLE ST,370676.3741,5033658.14,-75.65795201,45.43975119,10/27/2015,19:37,01 - Clear,01 - Dry,10 - No control,01 - Non intersection,07 - Dark,03 - P.D. only,06 - SMV unattended vehicle,Vanier North
12470,MARCH RD btwn MARCHURST RD & SECOND LINE RD,346036.4925,5025268.221,-75.97358922,45.36614453,11/24/2015,17:34,01 - Clear,01 - Dry,10 - No control,01 - Non intersection,07 - Dark,03 - P.D. only,07 - SMV other,Carp - Hardwood Plains
12471,COLONNADE RD @ PRINCE OF WALES DR,367395.4336,5023266.516,-75.70120394,45.34655164,10/24/2015,12:41,01 - Clear,01 - Dry,01 - Traffic signal,02 - Intersection related,01 - Daylight,03 - P.D. only,03 - Rear end,Industrial Park
12472,FISHER AVE @ PRINCE OF WALES DR,367161.7048,5023942.511,-75.70410108,45.35265493,10/24/2015,17:23,01 - Clear,01 - Dry,01 - Traffic signal,02 - Intersection related,01 - Daylight,03 - P.D. only,03 - Rear end,Borden Farm - Stewart Farm - Parkwood Hills - Fisher Glen
12473,BLAKE BLVD btwn LAFONTAINE AVE & JEAN TALON ST,371036.6014,5033048.399,-75.65343004,45.43423098,8/7/2015,1:30,01 - Clear,01 - Dry,10 - No control,04 - At/near private drive,07 - Dark,03 - P.D. only,06 - SMV unattended vehicle,Vanier South
12474,HOLMWOOD AVE btwn TORRINGTON PL & CRAIG ST,367980.669,5028898.825,-75.69301592,45.39717725,8/12/2015,0:00,01 - Clear,01 - Dry,10 - No control,01 - Non intersection,00 - Unknown,03 - P.D. only,06 - SMV unattended vehicle,The Glebe
12475,BLOHM DR btwn ESSON ST & REUBENS CRT,374435.3925,5026284.057,-75.61095044,45.3730386,8/13/2015,0:00,01 - Clear,01 - Dry,10 - No control,01 - Non intersection,00 - Unknown,03 - P.D. only,06 - SMV unattended vehicle,Hunt Club
12476,BASELINE RD @ CENTREPOINTE DR W/COBDEN RD,361634.4021,5023206.429,-75.7747226,45.34650146,10/22/2015,11:19,01 - Clear,01 - Dry,01 - Traffic signal,02 - Intersection related,01 - Daylight,03 - P.D. only,04 - Sideswipe,Iris
12477,MERIVALE RD @ WEST HUNT CLUB RD,365611.9745,5021942.859,-75.72412368,45.33479846,11/13/2015,17:51,02 - Rain,02 - Wet,01 - Traffic signal,02 - Intersection related,07 - Dark,03 - P.D. only,04 - Sideswipe,Tanglewood
12478,GREENBANK RD btwn MALVERN DR & HIGHBURY PARK DR,363391.6864,5016008.848,-75.75315056,45.2815933,11/13/2015,18:54,02 - Rain,02 - Wet,10 - No control,01 - Non intersection,07 - Dark,03 - P.D. only,03 - Rear end,Barrhaven West - Old Barrhaven
12479,LEES AVE @ KING EDWARD AVE/MANN AVE,369179.4156,5031335.223,-75.67738817,45.41898992,11/21/2015,18:45,01 - Clear,01 - Dry,01 - Traffic signal,02 - Intersection related,07 - Dark,03 - P.D. only,04 - Sideswipe,Sandy Hill
12480,CARLING AVE @ MAITLAND AVE/SHERBOURNE RD,362943.4186,5026488.887,-75.75763315,45.3759294,1/25/2015,16:40,01 - Clear,01 - Dry,01 - Traffic signal,02 - Intersection related,05 - Dusk,03 - P.D. only,03 - Rear end,Carlingwood - McKellar Park - Laurentien View
12481,RAMSAYVILLE RD btwn RIDGE RD & RUSSELL RD,377050.1003,5027911.881,-75.57733399,45.38742018,11/20/2015,17:36,01 - Clear,01 - Dry,10 - No control,01 - Non intersection,07 - Dark,03 - P.D. only,03 - Rear end,Greenbelt
12482,RIDEAU ST btwn CUMBERLAND ST & KING EDWARD AVE,368495.1306,5032406.022,-75.68599231,45.42868722,11/20/2015,22:01,01 - Clear,01 - Dry,10 - No control,01 - Non intersection,07 - Dark,03 - P.D. only,03 - Rear end,Byward Market
12483,KING EDWARD AVE @ RIDEAU ST,368510.9865,5032412.508,-75.68578886,45.42874413,11/1/2015,1:06,"07 - Fog, mist, smoke, dust",02 - Wet,01 - Traffic signal,03 - At intersection,07 - Dark,03 - P.D. only,05 - Turning movement,Lowe
12484,BIRCHGROVE RD btwn LARMOURS RD & WATSON RD,398468.9873,5033553.607,-75.30278635,45.43563983,11/1/2015,7:20,02 - Rain,02 - Wet,10 - No control,01 - Non intersection,01 - Daylight,03 - P.D. only,07 - SMV other,Navan - Vars
12485,DALHOUSIE ST btwn MURRAY ST & CLARENCE ST,368029.7265,5032528.463,-75.69192374,45.42983113,6/3/2015,12:40,01 - Clear,01 - Dry,10 - No control,01 - Non intersection,01 - Daylight,03 - P.D. only,04 - Sideswipe,Byward Market
12486,RICHMOND RD btwn STINSON AVE & STAFFORD RD,358115.3131,5021073.381,-75.81985707,45.3275845,10/8/2015,12:27,01 - Clear,01 - Dry,10 - No control,01 - Non intersection,01 - Daylight,03 - P.D. only,04 - Sideswipe,Bells Corners East
12487,PRINCE OF WALES DR btwn DEAKIN ST & WATERBEND LANE,367395.7562,5021552.677,-75.70141664,45.33113081,11/16/2015,18:24,01 - Clear,01 - Dry,10 - No control,01 - Non intersection,07 - Dark,03 - P.D. only,03 - Rear end,Industrial Park
12488,PALLADIUM DR btwn SILVER SEVEN RD & TERRY FOX DR,351205.2071,5018072.003,-75.90828527,45.30106826,11/16/2015,18:43,01 - Clear,01 - Dry,10 - No control,04 - At/near private drive,07 - Dark,03 - P.D. only,05 - Turning movement,Katimavik - Hazeldean
12489,BRONSON AVE @ POWELL AVE,367387.1582,5029477.574,-75.70052243,45.40243797,11/24/2015,5:32,03 - Snow,02 - Wet,01 - Traffic signal,03 - At intersection,07 - Dark,03 - P.D. only,02 - Angle,The Glebe
12490,BRONSON AVE btwn FLORA ST & ARLINGTON AVE,367216.2229,5029880.897,-75.70265466,45.40608222,10/31/2015,3:30,01 - Clear,01 - Dry,10 - No control,04 - At/near private drive,07 - Dark,03 - P.D. only,05 - Turning movement,Centretown West
12491,FLEWELLYN RD btwn STITTSVILLE MAIN ST & FORESTGROVE DR,351528.8502,5010845.553,-75.90483868,45.23602093,11/24/2015,16:40,01 - Clear,01 - Dry,10 - No control,01 - Non intersection,05 - Dusk,03 - P.D. only,07 - SMV other,Stittsville - Basswood
12492,MARCH VALLEY RD btwn RIDDELL DR & KLONDIKE RD,348270.7965,5027188.785,-75.94489913,45.38329116,11/25/2015,5:43,01 - Clear,01 - Dry,10 - No control,01 - Non intersection,07 - Dark,03 - P.D. only,07 - SMV other,Carp - Hardwood Plains
12493,BANK ST @ HERON RD,369994.998,5026852.264,-75.66756065,45.37857833,10/26/2015,16:20,01 - Clear,01 - Dry,01 - Traffic signal,02 - Intersection related,01 - Daylight,03 - P.D. only,03 - Rear end,Alta Vista
12494,HUNT CLUB RD @ PAUL ANKA DR,369777.3648,5022896.68,-75.67085924,45.34300734,11/16/2015,16:02,01 - Clear,01 - Dry,01 - Traffic signal,03 - At intersection,01 - Daylight,03 - P.D. only,02 - Angle,Hunt Club - Ottawa Airport
12495,ELGIN ST btwn COOPER ST & SOMERSET ST W,368126.3807,5031262.31,-75.69085139,45.41842997,8/15/2015,0:00,01 - Clear,01 - Dry,10 - No control,01 - Non intersection,00 - Unknown,03 - P.D. only,06 - SMV unattended vehicle,Centretown
12496,STORMWIND AVE btwn PORTOBELLO BLVD & TERRAPIN TERR,385796.5515,5035112.848,-75.46447152,45.45125114,6/3/2015,17:10,01 - Clear,01 - Dry,10 - No control,01 - Non intersection,01 - Daylight,03 - P.D. only,06 - SMV unattended vehicle,Avalon
12497,PHILIP ST btwn ELIZABETH ST & SUNSTRUM ST,375196.1998,5000945.742,-75.60482812,45.14497573,10/5/2015,0:00,01 - Clear,01 - Dry,10 - No control,01 - Non intersection,00 - Unknown,03 - P.D. only,06 - SMV unattended vehicle,Kars - Osgoode
12498,HAZELDEAN RD @ TERRY FOX DR,352206.8903,5017242.811,-75.89559275,45.29354009,11/8/2015,13:45,01 - Clear,01 - Dry,01 - Traffic signal,02 - Intersection related,01 - Daylight,03 - P.D. only,03 - Rear end,Glen Cairn - Kanata South Business Park
12499,QUEENSVIEW DR btwn PINECREST RD & END,360706.2773,5023952.911,-75.7864813,45.35329288,10/27/2015,11:57,01 - Clear,01 - Dry,10 - No control,04 - At/near private drive,01 - Daylight,03 - P.D. only,05 - Turning movement,Whitehaven - Queensway Terrace North
12500,PALLADIUM DR @ SILVER SEVEN RD,351051.6077,5017887.086,-75.91026097,45.29941445,11/13/2015,20:17,02 - Rain,02 - Wet,01 - Traffic signal,02 - Intersection related,07 - Dark,03 - P.D. only,03 - Rear end,Katimavik - Hazeldean
12501,MARCH RD @ MORGAN'S GRANT WAY/SHIRLEY'S BROOK ,349661.6092,5023616.429,-75.92746439,45.35105872,11/13/2015,22:05,02 - Rain,02 - Wet,01 - Traffic signal,03 - At intersection,07 - Dark,03 - P.D. only,05 - Turning movement,Morgan's Grant
12502,BRANT ST @ DONALD ST,371312.4435,5032382.226,-75.64999488,45.42821087,11/21/2015,12:25,01 - Clear,01 - Dry,02 - Stop sign,03 - At intersection,01 - Daylight,03 - P.D. only,02 - Angle,Overbrook
12503,HIGHWAY 417 btwn HWY417 IC126 RAMP25 & HWY417 IC124 RAMP57,363670.0845,5026503.683,-75.74835421,45.37600185,10/19/2015,8:15,01 - Clear,01 - Dry,10 - No control,01 - Non intersection,01 - Daylight,03 - P.D. only,03 - Rear end,Carlington
12504,LOCKHART AVE btwn PRINCE CHARLES RD & NEEPAWA AVE,361845.5865,5026456.955,-75.77165265,45.37573231,11/1/2015,12:00,01 - Clear,01 - Dry,10 - No control,01 - Non intersection,01 - Daylight,03 - P.D. only,06 - SMV unattended vehicle,Carlingwood - McKellar Park - Laurentien View