Record,Location,X,Y,lon,lat,Date,Time,Environment,Road_Surface,Traffic_Control,Collision_Location,Light,Collision_Classification,Impact_type,Neighborhood
12505,TERRY FOX DR btwn Continuation of TERRY FOX DR & CAMPEAU DR,350433.9791,5019020.906,-75.91803136,45.30965727,11/1/2015,13:16,02 - Rain,02 - Wet,10 - No control,04 - At/near private drive,01 - Daylight,03 - P.D. only,02 - Angle,Kanata Lakes - Marchwood Lakeside - Morgan's Grant - Kanata
12506,BESSERER ST @ WALLER ST,368316.2937,5032193.149,-75.68830502,45.42678813,6/3/2015,21:15,01 - Clear,01 - Dry,01 - Traffic signal,03 - At intersection,07 - Dark,03 - P.D. only,04 - Sideswipe,Byward Market - Parliament Hill
12507,KING EDWARD AVE @ GEORGE ST,368462.7122,5032481.956,-75.68639675,45.4293734,10/15/2015,17:40,02 - Rain,02 - Wet,02 - Stop sign,02 - Intersection related,05 - Dusk,03 - P.D. only,99 - Other,Byward Market
12508,NEW ORCHARD AVE @ RICHMOND RD,361295.8396,5026218.44,-75.77869844,45.37363072,10/16/2015,15:04,01 - Clear,01 - Dry,01 - Traffic signal,02 - Intersection related,01 - Daylight,03 - P.D. only,03 - Rear end,Carlingwood West - Glabar Park - McKellar Heights
12509,EAGLESON RD @ MICHAEL COWPLAND DR/STONEHAVEN D,354381.1846,5016623.804,-75.86793543,45.28782008,11/16/2015,19:07,01 - Clear,01 - Dry,01 - Traffic signal,02 - Intersection related,07 - Dark,03 - P.D. only,03 - Rear end,Glen Cairn - Kanata South Business Park
12510,FALLOWFIELD RD btwn KIMINI DR & SHEA RD,353362.9993,5010448.017,-75.88151821,45.23231966,11/24/2015,7:56,01 - Clear,02 - Wet,10 - No control,01 - Non intersection,01 - Daylight,03 - P.D. only,07 - SMV other,Munster Hamlet - Richmond
12511,BUENA VISTA RD @ CLOVERDALE RD,369395.1572,5034887.378,-75.67416573,45.45093091,11/24/2015,8:53,03 - Snow,06 - Ice,02 - Stop sign,02 - Intersection related,01 - Daylight,03 - P.D. only,01 - Approaching,Rockcliffe - Manor Park
12512,HERON RD btwn JEFFERSON ST & TURN LANE,372113.3375,5027089.306,-75.64048343,45.38051082,11/5/2015,15:22,01 - Clear,01 - Dry,10 - No control,04 - At/near private drive,01 - Daylight,03 - P.D. only,05 - Turning movement,Ledbury - Heron Gate - Ridgemont - Elmwood
12513,BANK ST @ MITCH OWENS RD,377758.045,5015946.378,-75.57005821,45.27968707,11/24/2015,17:10,01 - Clear,01 - Dry,01 - Traffic signal,02 - Intersection related,07 - Dark,03 - P.D. only,03 - Rear end,Osgoode
12514,LEGGET DR @ 386 W OF SCHNEIDER RD/MITEL ACCESS,351151.8956,5022465.776,-75.9085538,45.34060799,11/25/2015,16:59,01 - Clear,01 - Dry,01 - Traffic signal,02 - Intersection related,05 - Dusk,03 - P.D. only,03 - Rear end,South March
12515,LAURIER AVE @ NICHOLAS ST,368373.637,5031798.992,-75.68762316,45.42323643,10/27/2015,7:03,01 - Clear,01 - Dry,01 - Traffic signal,02 - Intersection related,01 - Daylight,03 - P.D. only,03 - Rear end,Sandy Hill
12516,CATHERINE ST @ METCALFE ST,368393.7067,5030486.563,-75.6875361,45.41142582,10/22/2015,11:50,01 - Clear,01 - Dry,01 - Traffic signal,02 - Intersection related,01 - Daylight,03 - P.D. only,04 - Sideswipe,Centretown
12517,EARL ARMSTRONG RD @ SHORELINE DR,368840.9583,5015287.527,-75.68379027,45.27462765,11/16/2015,16:23,01 - Clear,01 - Dry,01 - Traffic signal,03 - At intersection,05 - Dusk,03 - P.D. only,02 - Angle,Greenbelt
12518,BEECH ST btwn RAILWAY ST & PRESTON ST,366665.9576,5029258.384,-75.70976153,45.40052987,10/6/2015,0:00,01 - Clear,01 - Dry,10 - No control,01 - Non intersection,00 - Unknown,03 - P.D. only,06 - SMV unattended vehicle,Little Italy
12519,LYNDA LANE btwn BILLINGS AVE & SMYTH RD,371525.5483,5028916.091,-75.64774101,45.39700376,10/13/2015,20:30,01 - Clear,02 - Wet,10 - No control,01 - Non intersection,07 - Dark,03 - P.D. only,06 - SMV unattended vehicle,Alta Vista
12520,STRANDHERD BRIDGE (VIMY MEMORIAL BRIDGE) btwn PRINCE OF WALES DR & RIVER RD,"367,351.59","5,014,757.49",-75.70283736,45.26999249,5/28/2015,16:20,01 - Clear,01 - Dry,10 - No control,07 - Overpass or bridge,01 - Daylight,02 - Non-fatal injury,03 - Rear end,Nepean
12521,MERIVALE RD btwn ROSSLAND AVE & EMERALD PLAZA SC,364726.3242,5024025.27,-75.73517005,45.35361194,11/8/2015,12:45,01 - Clear,01 - Dry,10 - No control,01 - Non intersection,01 - Daylight,03 - P.D. only,04 - Sideswipe,Crestview - Meadowlands
12522,DUNROBIN RD btwn CONSTANCE BAY RD & KINBURN SIDE RD,337288.9342,5036712.851,-76.08449957,45.46958713,11/8/2015,17:31,01 - Clear,01 - Dry,10 - No control,01 - Non intersection,07 - Dark,03 - P.D. only,07 - SMV other,Woodlawn
12523,SILVESTRI CRES btwn MATHESON RD & TREATY CRT,373170.2053,5032652.339,-75.62621859,45.43046208,10/29/2015,18:42,01 - Clear,02 - Wet,10 - No control,01 - Non intersection,05 - Dusk,03 - P.D. only,06 - SMV unattended vehicle,Carson Grove - Carson Meadows
12524,STRANDHERD BRIDGE (VIMY MEMORIAL BRIDGE) btwn PRINCE OF WALES DR & RIVER RD,"367,351.59","5,014,757.49",-75.70283736,45.26999249,12/16/2015,17:15,01 - Clear,01 - Dry,10 - No control,07 - Overpass or bridge,07 - Dark,02 - Non-fatal injury,03 - Rear end,Nepean
12525,HWY 417 TERRYFO IC140R52 @ TERRY FOX DR,351052.6045,5018434.436,-75.9101972,45.30433959,11/14/2015,12:25,01 - Clear,01 - Dry,01 - Traffic signal,02 - Intersection related,01 - Daylight,03 - P.D. only,03 - Rear end,Katimavik - Hazeldean
12526,GALETTA SIDE RD btwn HOMESTEADERS RD & CARP RD,327656.213,5034905.667,-76.20777435,45.45370708,11/13/2015,19:30,02 - Rain,02 - Wet,10 - No control,01 - Non intersection,07 - Dark,03 - P.D. only,07 - SMV other,Fitzro
12527,BLAIR RD @ MEADOWBROOK RD,375194.7345,5032310.488,-75.60039683,45.42718545,10/6/2015,12:00,01 - Clear,01 - Dry,01 - Traffic signal,02 - Intersection related,01 - Daylight,03 - P.D. only,03 - Rear end,Greenbelt
12528,RIDEAU ST btwn DALHOUSIE ST & WALLER ST,368260.4056,5032258.368,-75.68901076,45.42738002,4/23/2015,14:37,01 - Clear,01 - Dry,10 - No control,01 - Non intersection,01 - Daylight,03 - P.D. only,04 - Sideswipe,Byward Market - Parliament Hill
12529,MCLEOD ST btwn BANK ST & O'CONNOR ST,367961.5614,5030494.909,-75.6930555,45.41154005,4/24/2015,19:50,02 - Rain,02 - Wet,10 - No control,04 - At/near private drive,07 - Dark,03 - P.D. only,06 - SMV unattended vehicle,Centretown
12530,ALBION RD btwn DES MESANGES DR & FORGE ST,372029.9356,5023922.306,-75.64197918,45.35202332,11/2/2015,12:12,01 - Clear,01 - Dry,10 - No control,04 - At/near private drive,01 - Daylight,03 - P.D. only,05 - Turning movement,Emerald Woods - Sawmill Creek
12531,TERRY FOX DR btwn HALKIRK AVE & CASTLEFRANK RD,352904.6396,5016409.673,-75.8867782,45.28599589,10/21/2015,19:30,01 - Clear,02 - Wet,10 - No control,01 - Non intersection,07 - Dark,03 - P.D. only,03 - Rear end,Glen Cairn - Kanata South Business Park
12532,BETHAMY LANE btwn ELMRIDGE DR & MONTREAL RD,375429.6736,5034185.015,-75.59712588,45.44402767,11/17/2015,7:00,01 - Clear,01 - Dry,10 - No control,04 - At/near private drive,03 - Dawn,03 - P.D. only,02 - Angle,Beacon Hill South - Cardinal Heights
12533,BLAIR RD @ INNES RD,375578.7349,5031439.915,-75.59561523,45.41931377,11/17/2015,7:03,01 - Clear,01 - Dry,01 - Traffic signal,02 - Intersection related,03 - Dawn,03 - P.D. only,03 - Rear end,Greenbelt
12534,VANCES SIDE RD btwn TORBOLTON RIDGE RD & WOODKILTON RD,338426.5932,5032121.897,-76.07026429,45.42822267,11/24/2015,21:31,01 - Clear,03 - Loose snow,10 - No control,01 - Non intersection,07 - Dark,03 - P.D. only,07 - SMV other,Car
12535,YORKS CORNERS RD btwn COOPER HILL RD & PANA RD,387743.5727,5016143.064,-75.44276772,45.28034957,11/25/2015,4:19,01 - Clear,01 - Dry,10 - No control,01 - Non intersection,07 - Dark,03 - P.D. only,07 - SMV other,Metcalfe
12536,SARSFIELD RD btwn WATSON RD & MAGLADRY RD,395930.6268,5032295.88,-75.33545587,45.42465987,11/25/2015,17:06,01 - Clear,01 - Dry,10 - No control,01 - Non intersection,07 - Dark,03 - P.D. only,04 - Sideswipe,Navan - Vars
12537,MAYFAIR AVE @ RICHMOND RD,364299.3629,5028957.976,-75.7400245,45.39803199,11/25/2015,18:03,01 - Clear,01 - Dry,02 - Stop sign,02 - Intersection related,07 - Dark,03 - P.D. only,05 - Turning movement,Island Park
12538,BASELINE RD @ SANDCASTLE DR,359628.947,5021988.937,-75.80044767,45.33570609,10/28/2015,10:09,01 - Clear,01 - Dry,01 - Traffic signal,02 - Intersection related,01 - Daylight,03 - P.D. only,99 - Other,Briar Green - Leslie Park
12539,ALBION RD @ HUNT CLUB RD,371867.0117,5024321.24,-75.64400415,45.35562839,10/28/2015,8:10,01 - Clear,01 - Dry,01 - Traffic signal,02 - Intersection related,01 - Daylight,03 - P.D. only,03 - Rear end,South Keys - Heron Gate - Greenboro West
12540,KING EDWARD AVE @ YORK ST,368397.4298,5032621.95,-75.68721289,45.43063895,11/17/2015,8:44,01 - Clear,01 - Dry,01 - Traffic signal,02 - Intersection related,01 - Daylight,03 - P.D. only,04 - Sideswipe,Lower Town
12541,HINCHEY AVE @ SCOTT ST,365087.2733,5029808.422,-75.72985759,45.40561671,11/17/2015,9:13,01 - Clear,01 - Dry,02 - Stop sign,02 - Intersection related,01 - Daylight,03 - P.D. only,03 - Rear end,Mechanicsville
12542,BANK ST btwn STRATHCONA AVE & PATTERSON AVE,368148.7799,5030004.385,-75.6907269,45.40710955,9/17/2015,0:00,01 - Clear,01 - Dry,10 - No control,01 - Non intersection,00 - Unknown,03 - P.D. only,06 - SMV unattended vehicle,The Glebe
12543,CAMBRIAN RD btwn BORRISOKANE RD & GRAND CANAL ST,363517.3865,5012120.709,-75.75200803,45.24659719,10/9/2015,0:00,01 - Clear,01 - Dry,10 - No control,01 - Non intersection,00 - Unknown,03 - P.D. only,06 - SMV unattended vehicle,New Barrhaven
12544,DEMETER ST @ LUDLOWE,385916.8234,5037764.095,-75.46249664,45.4750905,10/17/2015,0:07,02 - Rain,02 - Wet,02 - Stop sign,03 - At intersection,07 - Dark,03 - P.D. only,06 - SMV unattended vehicle,Cardinal Creek
12545,CARLING AVE WB btwn WOODLAND AVE & WOODROFFE AVE,361733.1945,5025724.707,-75.77317194,45.36915275,11/9/2015,8:25,01 - Clear,01 - Dry,10 - No control,01 - Non intersection,01 - Daylight,03 - P.D. only,04 - Sideswipe,Carlingwood West - Glabar Park - McKellar Heights
12546,CANON SMITH DR btwn OLD BIRCH RD & AYLWIN RD,327146.9261,5038624.631,-76.21411657,45.48718817,11/9/2015,8:35,01 - Clear,01 - Dry,10 - No control,01 - Non intersection,01 - Daylight,03 - P.D. only,07 - SMV other,Fitzro
12547,GOULBOURN FORCED RD btwn TERRY FOX DR & KANATA ROCKERIES PRIV,349419.2408,5021159.796,-75.93077895,45.3289688,11/1/2015,0:07,01 - Clear,01 - Dry,10 - No control,01 - Non intersection,07 - Dark,03 - P.D. only,07 - SMV other,Kanata Lakes - Marchwood Lakeside - Morgan's Grant - Kanata
12548,SUMMERHILL ST @ VISION ST/WILHELMINA PL,367606.0959,5014271.678,-75.69965567,45.26559851,11/8/2015,2:10,01 - Clear,01 - Dry,02 - Stop sign,03 - At intersection,07 - Dark,03 - P.D. only,05 - Turning movement,Greenbelt
12549,HWY 416 ACRES IC75R24 @ HOLLY ACRES RD,358757.3639,5022869.452,-75.81147119,45.34369656,11/14/2015,11:00,01 - Clear,01 - Dry,01 - Traffic signal,02 - Intersection related,01 - Daylight,03 - P.D. only,04 - Sideswipe,Greenbelt
12550,ROSENFELD CRES btwn SHERK CRES & SHERK CRES,351084.3261,5020166.601,-75.90963091,45.31992396,11/14/2015,22:58,01 - Clear,01 - Dry,10 - No control,01 - Non intersection,07 - Dark,03 - P.D. only,06 - SMV unattended vehicle,Kanata Lakes - Marchwood Lakeside - Morgan's Grant - Kanata
12551,RUSSELL RD S @ ST. LAURENT BLVD,373571.1069,5029261.897,-75.62156873,45.39991724,10/20/2015,23:00,01 - Clear,01 - Dry,01 - Traffic signal,03 - At intersection,07 - Dark,03 - P.D. only,02 - Angle,Hawthorne Meadows - Sheffield Glen
12552,TACHE WAY btwn MATHIEU WAY & MATHIEU WAY,384569.6779,5037940.437,-75.47969554,45.47683225,5/7/2015,8:30,01 - Clear,01 - Dry,10 - No control,04 - At/near private drive,01 - Daylight,03 - P.D. only,06 - SMV unattended vehicle,Fallingbrook
12553,BLAIR RD @ INNES RD,375579.4556,5031439.195,-75.59560612,45.41930722,11/12/2015,14:13,02 - Rain,02 - Wet,01 - Traffic signal,02 - Intersection related,01 - Daylight,03 - P.D. only,02 - Angle,Greenbelt
12554,ALBERT ST @ PRESTON ST,366161.4177,5030462.769,-75.71605573,45.41141102,7/10/2015,18:30,01 - Clear,01 - Dry,01 - Traffic signal,02 - Intersection related,01 - Daylight,03 - P.D. only,03 - Rear end,Little Italy
12555,FALLOWFIELD RD @ WOODROFFE AVE,365085.15,5017903.55,-75.73133619,45.29849856,11/17/2015,7:41,01 - Clear,01 - Dry,01 - Traffic signal,02 - Intersection related,01 - Daylight,03 - P.D. only,03 - Rear end,New Barrhaven
12556,CEDAROW CRT @ HAZELDEAN RD,350594.324,5015763.081,-75.91628742,45.28033198,11/17/2015,11:00,01 - Clear,01 - Dry,02 - Stop sign,02 - Intersection related,01 - Daylight,03 - P.D. only,03 - Rear end,Stittsville
12557,HUNTMAR DR @ PALLADIUM DR S,349676.3273,5017364.355,-75.92784314,45.29479995,11/18/2015,19:27,01 - Clear,01 - Dry,01 - Traffic signal,02 - Intersection related,07 - Dark,03 - P.D. only,04 - Sideswipe,Stittsville - Basswood
12558,DUNROBIN RD btwn KERWIN RD & ROCHON WAY,346447.8332,5027030.372,-75.96818982,45.38197648,11/20/2015,7:50,01 - Clear,01 - Dry,10 - No control,04 - At/near private drive,01 - Daylight,03 - P.D. only,03 - Rear end,Carp - Hardwood Plains
12559,KIRKWOOD AVE btwn CHATELAIN AVE & LEPAGE AVE,364765.8193,5026666.071,-75.73434554,45.37737007,11/1/2015,14:24,02 - Rain,02 - Wet,10 - No control,01 - Non intersection,01 - Daylight,03 - P.D. only,02 - Angle,Carlington
12560,FISHER AVE @ PRINCE OF WALES DR,367162.4268,5023943.233,-75.70409177,45.35266137,11/1/2015,17:48,01 - Clear,01 - Dry,01 - Traffic signal,02 - Intersection related,07 - Dark,03 - P.D. only,03 - Rear end,Borden Farm - Stewart Farm - Parkwood Hills - Fisher Glen
12561,BESSERER ST @ WALLER ST,368315.9333,5032191.617,-75.68830983,45.42677437,11/17/2015,13:52,01 - Clear,01 - Dry,01 - Traffic signal,03 - At intersection,01 - Daylight,03 - P.D. only,04 - Sideswipe,Byward Market - Parliament Hill
12562,FINTER ST btwn ST. LAURENT BLVD & END,370832.528,5035417.169,-75.65572014,45.45556339,8/30/2015,15:24,01 - Clear,01 - Dry,10 - No control,01 - Non intersection,01 - Daylight,03 - P.D. only,06 - SMV unattended vehicle,Manor Park
12563,MADISON AVE btwn WINSTON AVE & CHURCHILL AVE N,363077.1056,5028295.15,-75.75571315,45.39217079,9/8/2015,7:00,01 - Clear,01 - Dry,10 - No control,01 - Non intersection,01 - Daylight,03 - P.D. only,06 - SMV unattended vehicle,Westboro
12564,BAYSWATER PL btwn SHERWOOD DR & IRVING PL,366156.6073,5028896.42,-75.71631208,45.39731783,10/13/2015,0:00,01 - Clear,01 - Dry,10 - No control,01 - Non intersection,00 - Unknown,03 - P.D. only,06 - SMV unattended vehicle,Civic Hospital - Experimental Farm - Central Park
12565,RICHMOND RD @ WOODROFFE AVE,361585.4071,5026654.163,-75.77495162,45.37752791,11/9/2015,13:32,01 - Clear,01 - Dry,01 - Traffic signal,03 - At intersection,01 - Daylight,03 - P.D. only,05 - Turning movement,Carlingwood - McKellar Park - Laurentien View
12566,SLACK RD @ WOODROFFE AVE,364233.6835,5019974.118,-75.74194351,45.31720198,11/9/2015,16:24,01 - Clear,01 - Dry,01 - Traffic signal,02 - Intersection related,05 - Dusk,03 - P.D. only,03 - Rear end,Greenbelt
12567,RIDGE RD btwn ANDERSON RD & END,379140.4722,5028513.626,-75.55055199,45.39261556,11/15/2015,2:42,01 - Clear,01 - Dry,10 - No control,01 - Non intersection,07 - Dark,03 - P.D. only,07 - SMV other,Greenbelt
12568,RIVERSIDE DR @ TREMBLAY RD/HWY417 IC117 RAMP52,370802.0781,5031016.989,-75.65669936,45.41597538,10/23/2015,15:37,01 - Clear,01 - Dry,01 - Traffic signal,02 - Intersection related,01 - Daylight,03 - P.D. only,03 - Rear end,Industrial Park
12569,HIGHWAY 417 btwn HWY417 IC134 RAMP35 & HWY417 IC134 RAMP25,356468.2864,5022267.869,-75.84074206,45.33845581,5/22/2015,8:20,01 - Clear,01 - Dry,10 - No control,01 - Non intersection,01 - Daylight,03 - P.D. only,99 - Other,Greenbelt
12570,DALY AVE @ NICHOLAS ST,368227.701,5032045.493,-75.68945608,45.42546761,5/19/2015,21:47,01 - Clear,01 - Dry,01 - Traffic signal,02 - Intersection related,07 - Dark,03 - P.D. only,04 - Sideswipe,Byward Market - Parliament Hill
12571,OAK MEADOWS DR @ ORLEANS BLVD,380299.0925,5035053.233,-75.53475444,45.45133028,11/13/2015,19:40,02 - Rain,02 - Wet,02 - Stop sign,03 - At intersection,07 - Dark,03 - P.D. only,02 - Angle,Chapel Hill
12572,COBOURG ST @ ST. PATRICK ST,368801.7412,5033233.901,-75.68196669,45.43610817,11/16/2015,15:29,01 - Clear,01 - Dry,01 - Traffic signal,02 - Intersection related,01 - Daylight,03 - P.D. only,04 - Sideswipe,Lower Town
12573,WESTCLIFFE RD btwn OBERON ST & PRIAM WAY,356534.2311,5019855.484,-75.84015278,45.31674404,7/30/2015,7:33,02 - Rain,02 - Wet,10 - No control,01 - Non intersection,01 - Daylight,03 - P.D. only,07 - SMV other,Bells Corners West
12574,CUMBERLAND ST btwn BESSERER ST & DALY AVE,368442.4591,5032211.118,-75.68669056,45.42693834,8/3/2015,14:05,01 - Clear,01 - Dry,10 - No control,01 - Non intersection,01 - Daylight,03 - P.D. only,06 - SMV unattended vehicle,Byward Market - Parliament Hill
12575,REGIONAL ROAD 174 EB btwn HWY417 IC113 RAMP65 & OR174 BLAIR IC112 RAMP51,374657.8649,5032718.351,-75.60719901,45.430909,11/17/2015,13:26,01 - Clear,01 - Dry,10 - No control,01 - Non intersection,01 - Daylight,03 - P.D. only,99 - Other,Pineview
12576,MERIVALE RD @ ROSSLAND AVE,364673.697,5024151.154,-75.73582642,45.35474912,11/17/2015,16:49,01 - Clear,01 - Dry,02 - Stop sign,02 - Intersection related,05 - Dusk,03 - P.D. only,03 - Rear end,Cityview - Skyline - Fisher Heights
12577,RUSSELL AVE @ LAURIER AVE,369037.1529,5032215.847,-75.67909092,45.42692652,11/25/2015,17:44,01 - Clear,01 - Dry,02 - Stop sign,03 - At intersection,07 - Dark,03 - P.D. only,02 - Angle,Sandy Hill
12578,MERIVALE RD @ MACFARLANE RD,366151.695,5020634.107,-75.71740043,45.3229755,11/20/2015,7:55,01 - Clear,01 - Dry,02 - Stop sign,02 - Intersection related,01 - Daylight,03 - P.D. only,02 - Angle,Merivale Gardens - Grenfell Glen - Pineglen - Country Place
12579,CRAMER DR @ SUNDANCE CRT,360666.214,5021018.178,-75.78732395,45.32688937,11/20/2015,8:48,01 - Clear,01 - Dry,10 - No control,02 - Intersection related,01 - Daylight,03 - P.D. only,01 - Approaching,Sheahan Estates - Trend Village - Arlington Woods
12580,ALBION RD @ HUNT CLUB RD,371868.4544,5024321.599,-75.64398569,45.35563148,11/25/2015,18:33,01 - Clear,01 - Dry,01 - Traffic signal,02 - Intersection related,07 - Dark,03 - P.D. only,03 - Rear end,South Keys - Heron Gate - Greenboro West
12581,DUNROBIN RD @ MARCH RD,347176.0422,5026065.897,-75.95897434,45.37325424,11/26/2015,7:45,01 - Clear,02 - Wet,01 - Traffic signal,03 - At intersection,01 - Daylight,03 - P.D. only,04 - Sideswipe,Carp - Hardwood Plains
12582,POWELL AVE btwn BRONSON AVE & PERCY ST,367522.6898,5029554.983,-75.6987815,45.40312235,11/4/2015,10:08,01 - Clear,02 - Wet,10 - No control,04 - At/near private drive,01 - Daylight,03 - P.D. only,06 - SMV unattended vehicle,The Glebe
12583,LEES AVE @ KING EDWARD AVE/MANN AVE,369178.9227,5031334.573,-75.67739455,45.41898411,11/4/2015,12:32,01 - Clear,01 - Dry,01 - Traffic signal,02 - Intersection related,01 - Daylight,03 - P.D. only,03 - Rear end,Sandy Hill
12584,QUEEN ST btwn O'CONNOR ST & METCALFE ST,367570.1225,5031630.768,-75.6979113,45.42179537,10/15/2015,0:00,01 - Clear,01 - Dry,10 - No control,01 - Non intersection,00 - Unknown,03 - P.D. only,06 - SMV unattended vehicle,Downtown
12585,UPPER LORNE PL btwn SOMERSET ST W & END,366634.0253,5030346.56,-75.71003291,45.4103238,9/7/2015,18:40,01 - Clear,01 - Dry,10 - No control,01 - Non intersection,01 - Daylight,03 - P.D. only,06 - SMV unattended vehicle,Centretown West
12586,DEERFIELD DR btwn NAVAHO DR & DEERFIELD DR,363416.9573,5024156.556,-75.75186428,45.35490391,10/18/2015,0:00,01 - Clear,01 - Dry,10 - No control,01 - Non intersection,00 - Unknown,03 - P.D. only,06 - SMV unattended vehicle,Crestview - Meadowlands
12587,STITTSVILLE MAIN ST btwn MCCANN ST & MANCHESTER ST,350170.5768,5013444.687,-75.92190021,45.25949775,11/9/2015,16:25,01 - Clear,01 - Dry,10 - No control,01 - Non intersection,05 - Dusk,03 - P.D. only,03 - Rear end,Stittsville
12588,BRONSON AVE @ SUNNYSIDE AVE/UNIVERSITY RD - CA,367922.7101,5028091.187,-75.69385946,45.38991558,11/9/2015,17:31,01 - Clear,01 - Dry,01 - Traffic signal,02 - Intersection related,07 - Dark,03 - P.D. only,03 - Rear end,Carleto
12589,KING EDWARD AVE NB btwn GUIGUES AVE & ST. PATRICK ST,368264.0166,5032841.697,-75.68888944,45.43262828,11/7/2015,16:44,01 - Clear,01 - Dry,10 - No control,01 - Non intersection,05 - Dusk,03 - P.D. only,04 - Sideswipe,Lower Town
12590,BANK ST @ EVANS AVE,369917.3579,5027062.663,-75.66852414,45.38047865,11/10/2015,20:03,01 - Clear,01 - Dry,02 - Stop sign,03 - At intersection,07 - Dark,03 - P.D. only,02 - Angle,Alta Vista
12591,OGILVIE RD @ ELMRIDGE DR/JASMINE CRES N,375420.3697,5034060.128,-75.59726273,45.44290495,11/15/2015,19:28,01 - Clear,01 - Dry,01 - Traffic signal,03 - At intersection,07 - Dark,03 - P.D. only,05 - Turning movement,Beacon Hill South - Cardinal Heights
12592,ST. LAURENT BLVD @ COVENTRY RD/OGILVIE RD,372306.4402,5031951.935,-75.63735237,45.42424408,11/15/2015,23:40,01 - Clear,01 - Dry,01 - Traffic signal,02 - Intersection related,07 - Dark,03 - P.D. only,04 - Sideswipe,Overbrook
12593,BANK ST @ CECIL AVE,369944.7124,5026989.185,-75.66818459,45.37981498,5/20/2015,15:42,01 - Clear,01 - Dry,02 - Stop sign,03 - At intersection,01 - Daylight,03 - P.D. only,02 - Angle,Alta Vista
12594,CARLING AVE @ MERIVALE RD,364895.4245,5027699.463,-75.73256507,45.38665724,5/26/2015,15:00,01 - Clear,01 - Dry,01 - Traffic signal,02 - Intersection related,01 - Daylight,03 - P.D. only,04 - Sideswipe,Carlington
12595,HUNT CLUB RD btwn MCCARTHY RD & RAMP,370729.227,5023530.802,-75.65862983,45.34862417,11/18/2015,7:45,01 - Clear,01 - Dry,10 - No control,01 - Non intersection,01 - Daylight,03 - P.D. only,03 - Rear end,Hunt Club East - Western Community
12596,VICTORIA ST btwn TURN LANE & ANDREW SIMPSON DR,384205.5155,5010430.536,-75.48877071,45.22936009,11/18/2015,12:18,01 - Clear,01 - Dry,10 - No control,04 - At/near private drive,01 - Daylight,03 - P.D. only,03 - Rear end,Metcalfe
12597,RIVERSIDE DR @ UPLANDS DR/KIMBERWICK CRES N,368194.1755,5022794.131,-75.69107255,45.34222949,8/9/2015,15:05,01 - Clear,01 - Dry,01 - Traffic signal,03 - At intersection,01 - Daylight,03 - P.D. only,05 - Turning movement,Hunt Club Woods - Quintarra - Revelstoke - Riverside South P
12598,BANK ST/PRETORIA AVE @ CHAMBERLAIN AVE S,368107.9373,5030102.778,-75.69123597,45.40799855,11/5/2015,17:38,01 - Clear,01 - Dry,02 - Stop sign,02 - Intersection related,07 - Dark,03 - P.D. only,02 - Angle,The Glebe
12599,ORLEANS BLVD @ ST. JOSEPH BLVD,380631.7377,5036979.509,-75.53020513,45.46862538,11/10/2015,20:00,01 - Clear,01 - Dry,01 - Traffic signal,03 - At intersection,07 - Dark,03 - P.D. only,05 - Turning movement,Orleans Village - Chateauneuf
12600,MANSFIELD RD btwn CONLEY RD & HUNTLEY RD,351827.1963,5007246.1,-75.90137898,45.2036118,11/17/2015,18:00,01 - Clear,01 - Dry,10 - No control,01 - Non intersection,07 - Dark,03 - P.D. only,07 - SMV other,Munster Hamlet - Richmond
12601,OLD INNES RD btwn BANTREE ST & END,373641.9639,5030300.308,-75.62051879,45.4092534,11/16/2015,19:04,01 - Clear,01 - Dry,10 - No control,01 - Non intersection,07 - Dark,03 - P.D. only,06 - SMV unattended vehicle,Industrial Park
12602,CHURCHILL AVE   N btwn DANFORTH AVE & BYRON AVE,363266.0441,5028201.812,-75.75331138,45.3913152,11/17/2015,19:50,01 - Clear,01 - Dry,10 - No control,01 - Non intersection,07 - Dark,03 - P.D. only,06 - SMV unattended vehicle,Westboro
12603,BASLAW DR btwn JOHNSTON RD & JOHNSTON RD,374150.8796,5026525.896,-75.61454848,45.37524278,9/6/2015,12:17,01 - Clear,01 - Dry,10 - No control,04 - At/near private drive,01 - Daylight,03 - P.D. only,06 - SMV unattended vehicle,Hunt Club
12604,POULIN AVE @ RICHMOND RD,360325.6794,5024900.874,-75.79123192,45.36185286,11/20/2015,10:07,01 - Clear,01 - Dry,01 - Traffic signal,03 - At intersection,01 - Daylight,03 - P.D. only,02 - Angle,Woodroffe - Lincoln Heights
12605,WEST HUNT CLUB RD @ WOODROFFE AVE,363669.9703,5021247.57,-75.74898147,45.32870792,11/19/2015,16:45,02 - Rain,02 - Wet,01 - Traffic signal,02 - Intersection related,05 - Dusk,03 - P.D. only,03 - Rear end,Woodvale - Craig Henry - Manordale - Estates of Arlington Wo
12606,BROOKFIELD RD btwn RIVERSIDE DR/HOG'S BACK RD & 200 W OF FLANNERY DR,368205.9092,5026224.323,-75.69048285,45.37309248,11/26/2015,13:03,01 - Clear,01 - Dry,10 - No control,01 - Non intersection,01 - Daylight,03 - P.D. only,04 - Sideswipe,Riverside Park