Record,Location,X,Y,lon,lat,Date,Time,Environment,Road_Surface,Traffic_Control,Collision_Location,Light,Collision_Classification,Impact_type,Neighborhood
12711,MERIVALE RD btwn CENTRAL PARK DR S & MERIVALE RD,364994.1559,5025569.078,-75.73156404,45.36747994,9/22/2015,8:09,01 - Clear,01 - Dry,10 - No control,01 - Non intersection,01 - Daylight,03 - P.D. only,03 - Rear end,Civic Hospital - Experimental Farm - Central Park
12712,REGIONAL ROAD 174 btwn OR174 IC112 RAMP51 & OR174 IC112 RAMP15,374866.1532,5032874.027,-75.60451521,45.43228885,10/15/2015,16:13,02 - Rain,02 - Wet,10 - No control,01 - Non intersection,01 - Daylight,03 - P.D. only,03 - Rear end,Greenbelt
12713,MONTREAL RD @ PALACE ST,369956.4363,5032998.946,-75.6672407,45.4338875,10/15/2015,16:31,01 - Clear,01 - Dry,10 - No control,03 - At intersection,01 - Daylight,03 - P.D. only,05 - Turning movement,Vanier South
12714,WOODROFFE AVE btwn HWY417 IC127 RAMP53 & IRIS ST,362275.4849,5024460.619,-75.76639647,45.35773434,9/16/2015,17:14,01 - Clear,01 - Dry,10 - No control,01 - Non intersection,01 - Daylight,03 - P.D. only,03 - Rear end,Iris
12715,MALAKOFF RD btwn GALLAGHER RD & MACKEY RD,364272.4137,4993796.48,-75.74457311,45.08164907,10/2/2015,1:30,01 - Clear,01 - Dry,10 - No control,01 - Non intersection,07 - Dark,03 - P.D. only,07 - SMV other,Munster Hamlet - Richmond
12716,IONA ST btwn BROADHEAD AVE & BEVAN AVE,363876.4836,5028067.027,-75.74553208,45.3900512,10/2/2015,8:38,01 - Clear,01 - Dry,10 - No control,01 - Non intersection,01 - Daylight,03 - P.D. only,06 - SMV unattended vehicle,Westboro
12717,FERNBANK RD @ JINKINSON RD,345894.805,5007661.76,-75.97685621,45.20772296,10/2/2015,22:23,01 - Clear,01 - Dry,02 - Stop sign,03 - At intersection,07 - Dark,03 - P.D. only,07 - SMV other,Stittsville - Basswood
12718,MONTREAL RD @ ST. LAURENT BLVD,371546.4236,5033817.234,-75.64681048,45.44110012,8/31/2015,18:45,01 - Clear,01 - Dry,01 - Traffic signal,02 - Intersection related,01 - Daylight,03 - P.D. only,04 - Sideswipe,Cummings
12719,EAGLESON RD @ MICHAEL COWPLAND DR/STONEHAVEN D,354381.9053,5016622.363,-75.86792639,45.28780706,9/27/2015,10:00,01 - Clear,01 - Dry,01 - Traffic signal,02 - Intersection related,01 - Daylight,03 - P.D. only,03 - Rear end,Glen Cairn - Kanata South Business Park
12720,CAMPEAU DR btwn KANATA AVE & STONECROFT TER,350682.7488,5019525.112,-75.91481228,45.31417804,9/27/2015,12:55,01 - Clear,01 - Dry,10 - No control,04 - At/near private drive,01 - Daylight,03 - P.D. only,03 - Rear end,Kanata Lakes - Marchwood Lakeside - Morgan's Grant - Kanata
12721,RICHMOND RD btwn ROOSEVELT AVE & WINSTON AVE,362990.1485,5028126.079,-75.75684357,45.39065674,8/4/2015,13:30,01 - Clear,01 - Dry,10 - No control,01 - Non intersection,01 - Daylight,03 - P.D. only,03 - Rear end,Westboro
12722,LYON ST    N btwn FLORA ST & ARLINGTON AVE,367690.8566,5030189.751,-75.69655258,45.40881871,7/31/2015,13:30,01 - Clear,01 - Dry,10 - No control,01 - Non intersection,01 - Daylight,03 - P.D. only,04 - Sideswipe,Centretown
12723,BASELINE RD @ CORDOVA ST,363593.6882,5024409.166,-75.74957879,45.35716207,10/1/2015,22:57,01 - Clear,01 - Dry,01 - Traffic signal,02 - Intersection related,07 - Dark,03 - P.D. only,03 - Rear end,Braemar Park - Bel Air Heights - Copeland Park
12724,METCALFE ST @ SOMERSET ST,368011.425,5031102.771,-75.69234055,45.41700489,10/2/2015,8:32,01 - Clear,01 - Dry,01 - Traffic signal,02 - Intersection related,01 - Daylight,03 - P.D. only,02 - Angle,Centretown
12725,CONSTANCE BAY RD @ DUNROBIN RD,336737.4158,5037256.064,-76.09151744,45.47450053,10/11/2015,17:38,01 - Clear,01 - Dry,02 - Stop sign,02 - Intersection related,05 - Dusk,03 - P.D. only,07 - SMV other,Woodlawn
12726,BANK ST btwn 73 N OF EVANS BLVD & EVANS AVE,369898.233,5027096.257,-75.66876389,45.3807827,8/16/2015,12:23,01 - Clear,01 - Dry,10 - No control,04 - At/near private drive,01 - Daylight,03 - P.D. only,02 - Angle,Alta Vista
12727,BASELINE RD btwn LOBLAWS SC & MERIVALE RD,364977.5793,5025280.47,-75.73181079,45.36488452,8/16/2015,12:53,01 - Clear,01 - Dry,10 - No control,01 - Non intersection,01 - Daylight,03 - P.D. only,04 - Sideswipe,Civic Hospital - Experimental Farm - Central Park
12728,GREENBANK RD @ WEST HUNT CLUB RD,361481.1184,5020501.398,-75.77698833,45.32217405,9/25/2015,16:51,01 - Clear,01 - Dry,01 - Traffic signal,02 - Intersection related,01 - Daylight,03 - P.D. only,04 - Sideswipe,Greenbelt
12729,VIEWMOUNT DR btwn MERIVALE RD & GRANT CARMAN DR,365366.6701,5023052.64,-75.72711729,45.34480534,7/2/2015,12:47,01 - Clear,01 - Dry,10 - No control,01 - Non intersection,01 - Daylight,03 - P.D. only,03 - Rear end,Borden Farm - Stewart Farm - Parkwood Hills - Fisher Glen
12730,PRINCE OF WALES DR btwn NAVY PRIV & PRESTON ST,366867.9099,5028723.861,-75.70724942,45.3957025,7/2/2015,12:55,01 - Clear,01 - Dry,10 - No control,01 - Non intersection,01 - Daylight,03 - P.D. only,03 - Rear end,The Glebe
12731,FALLOWFIELD RD @ WOODROFFE AVE,365085.15,5017903.55,-75.73133619,45.29849856,8/20/2015,21:00,02 - Rain,02 - Wet,01 - Traffic signal,03 - At intersection,07 - Dark,03 - P.D. only,04 - Sideswipe,New Barrhaven
12732,MONTREAL RD @ 46 E OF HILLSIDE DR/MONTREAL SQU,371748.9552,5033917.285,-75.64420829,45.44198096,8/21/2015,13:27,01 - Clear,01 - Dry,01 - Traffic signal,02 - Intersection related,01 - Daylight,03 - P.D. only,03 - Rear end,Cummings
12733,ANN ST @ BEAVERWOOD RD,368853.9763,5009699.107,-75.68434444,45.22434233,9/22/2015,11:33,01 - Clear,01 - Dry,02 - Stop sign,03 - At intersection,01 - Daylight,03 - P.D. only,02 - Angle,Manotick
12734,NORICE ST @ WOODROFFE AVE,363193.9633,5022397.132,-75.75491786,45.33909137,9/23/2015,10:11,01 - Clear,01 - Dry,01 - Traffic signal,02 - Intersection related,01 - Daylight,03 - P.D. only,03 - Rear end,Tanglewood
12735,MITCH OWENS RD/BRIDGE ST @ RIVER RD,369500.428,5010771.481,-75.67597403,45.23393239,10/15/2015,16:32,01 - Clear,01 - Dry,01 - Traffic signal,03 - At intersection,01 - Daylight,03 - P.D. only,05 - Turning movement,Manotick
12736,CYRVILLE RD @ ST. LAURENT BLVD,372241.7208,5032111.94,-75.6381574,45.42568997,10/15/2015,16:48,02 - Rain,02 - Wet,01 - Traffic signal,02 - Intersection related,01 - Daylight,03 - P.D. only,03 - Rear end,Overbrook
12737,DUNROBIN RD btwn VANCES SIDE RD & PORCUPINE TR,341091.1255,5032742.946,-76.03616784,45.43367784,10/3/2015,9:13,01 - Clear,01 - Dry,10 - No control,01 - Non intersection,01 - Daylight,03 - P.D. only,07 - SMV other,Car
12738,FISHER AVE btwn BASELINE RD & MALIBU TER,366234.3103,5025870.522,-75.71569628,45.37008467,9/30/2015,16:28,01 - Clear,01 - Dry,10 - No control,01 - Non intersection,01 - Daylight,03 - P.D. only,03 - Rear end,Civic Hospital - Experimental Farm - Central Park
12739,BASELINE RD @ MERIVALE RD,365055.4171,5025325.875,-75.73081172,45.36528638,9/27/2015,17:24,01 - Clear,01 - Dry,01 - Traffic signal,02 - Intersection related,01 - Daylight,03 - P.D. only,04 - Sideswipe,Civic Hospital - Experimental Farm - Central Park
12740,REGIONAL ROAD 174 btwn OR174 IC105 RAMP63 & OR174 IC102 RAMP36,379824.7862,5037270.416,-75.54047917,45.47132987,9/28/2015,7:25,01 - Clear,01 - Dry,10 - No control,01 - Non intersection,01 - Daylight,03 - P.D. only,03 - Rear end,Orleans South West
12741,BASELINE RD @ WOODROFFE AVE,362549.6902,5023768.703,-75.76297769,45.351486,10/8/2015,16:09,01 - Clear,01 - Dry,01 - Traffic signal,02 - Intersection related,01 - Daylight,03 - P.D. only,03 - Rear end,Iris
12742,ISABELLA ST/HWY417 IC119AR75 @ METCALFE ST,368449.247,5030400.015,-75.68683777,45.41064204,8/4/2015,13:00,01 - Clear,01 - Dry,01 - Traffic signal,02 - Intersection related,01 - Daylight,03 - P.D. only,04 - Sideswipe,The Glebe
12743,LAURIER AVE   W btwn KENT ST & BANK ST,367444.3392,5031243.268,-75.6995677,45.41832004,8/5/2015,9:40,01 - Clear,01 - Dry,10 - No control,01 - Non intersection,01 - Daylight,03 - P.D. only,06 - SMV unattended vehicle,Downtown
12744,BAYSHORE DR NB btwn WOODRIDGE CRES & RICHMOND RD,359353.9465,5023418.616,-75.80379843,45.3485918,10/2/2015,11:57,01 - Clear,01 - Dry,10 - No control,01 - Non intersection,01 - Daylight,03 - P.D. only,03 - Rear end,Bayshore
12745,ROBERTSON RD btwn FITZGERALD RD & MOODIE DR,357014.7602,5020426.289,-75.83396408,45.32184464,10/2/2015,13:14,01 - Clear,01 - Dry,10 - No control,04 - At/near private drive,01 - Daylight,03 - P.D. only,02 - Angle,Bells Corners West
12746,PRESTON ST @ TRANSITWAY,366119.46,5030624.848,-75.71657156,45.41287304,8/20/2015,8:20,01 - Clear,01 - Dry,01 - Traffic signal,02 - Intersection related,01 - Daylight,03 - P.D. only,03 - Rear end,LeBreton Flats
12747,FIFTH AVE btwn RALPH ST & MONK ST,368263.3859,5029319.855,-75.68935106,45.40093998,9/3/2015,18:44,01 - Clear,01 - Dry,10 - No control,01 - Non intersection,01 - Daylight,03 - P.D. only,99 - Other,The Glebe
12748,CUMMINGS AVE btwn OGILVIE RD & LABELLE ST,372767.4589,5032135.631,-75.63143646,45.42585225,7/2/2015,0:00,01 - Clear,01 - Dry,10 - No control,01 - Non intersection,07 - Dark,03 - P.D. only,99 - Other,Cummings
12749,GEORGE ST btwn WILLIAM ST & DALHOUSIE ST,368098.8458,5032276.992,-75.6910728,45.42756223,6/29/2015,19:30,01 - Clear,01 - Dry,10 - No control,04 - At/near private drive,01 - Daylight,03 - P.D. only,02 - Angle,Byward Market
12750,BLOHM DR @ HUNT CLUB RD,375129.0253,5026189.158,-75.60210929,45.37211548,9/4/2015,9:35,01 - Clear,01 - Dry,01 - Traffic signal,02 - Intersection related,01 - Daylight,03 - P.D. only,03 - Rear end,Hunt Club
12751,BLAIR RD @ REGIONAL RD 174 N/OR174 IC112 RAMP61,374634.0106,5032991.215,-75.60746514,45.43336646,9/21/2015,22:10,01 - Clear,01 - Dry,01 - Traffic signal,02 - Intersection related,07 - Dark,03 - P.D. only,04 - Sideswipe,Industrial Park
12752,WAVELL AVE btwn DOVERCOURT AVE & TILLBURY AVE,362418.752,5026793.331,-75.76429593,45.37871209,7/21/2015,12:45,01 - Clear,01 - Dry,10 - No control,04 - At/near private drive,01 - Daylight,03 - P.D. only,06 - SMV unattended vehicle,Carlingwood - McKellar Park - Laurentien View
12753,BROADMOOR AVE btwn SMYTH RD & ROGER RD,371035.2651,5029037.531,-75.65398621,45.39814298,7/21/2015,16:53,01 - Clear,01 - Dry,10 - No control,04 - At/near private drive,01 - Daylight,03 - P.D. only,02 - Angle,Alta Vista
12754,BASELINE RD btwn 207 E OF CLYDE AVE & LOBLAWS SC,364655.7389,5025075.309,-75.73594369,45.36306607,9/22/2015,15:45,01 - Clear,01 - Dry,10 - No control,04 - At/near private drive,01 - Daylight,03 - P.D. only,02 - Angle,Civic Hospital - Experimental Farm - Central Park
12755,MEADOWLANDS DR btwn ORTONA AVE & ORKNEY PRIV,366720.4899,5025137.823,-75.70958186,45.36344921,9/23/2015,18:00,01 - Clear,01 - Dry,10 - No control,01 - Non intersection,01 - Daylight,03 - P.D. only,03 - Rear end,Carleton Heights - Rideauview
12756,REGIONAL ROAD 174 btwn OR174 IC105 RAMP35 & OR174 IC105 RAMP25,379498.6189,5037053.267,-75.54468307,45.4694111,10/15/2015,16:15,02 - Rain,02 - Wet,10 - No control,01 - Non intersection,01 - Daylight,03 - P.D. only,03 - Rear end,Orleans South West
12757,AVIATION PKWY @ MONTREAL RD,372145.9959,5034109.394,-75.6391073,45.44367133,10/15/2015,15:15,02 - Rain,02 - Wet,01 - Traffic signal,02 - Intersection related,01 - Daylight,03 - P.D. only,04 - Sideswipe,Cummings
12758,MERIVALE RD @ CAPILANO DR/WITHROW AVE,364641.1677,5024228.039,-75.73623225,45.3554437,9/25/2015,14:30,01 - Clear,01 - Dry,01 - Traffic signal,02 - Intersection related,01 - Daylight,03 - P.D. only,03 - Rear end,Cityview - Skyline - Fisher Heights
12759,BASELINE RD @ MERIVALE RD,365055.4171,5025324.434,-75.73081189,45.36527341,10/3/2015,17:23,01 - Clear,01 - Dry,01 - Traffic signal,02 - Intersection related,01 - Daylight,03 - P.D. only,03 - Rear end,Civic Hospital - Experimental Farm - Central Park
12760,BOUNDARY RD btwn EIGHTH LINE RD & HWY417 IC96 RAMP61,387274.3581,5024195.344,-75.44740693,45.3528528,10/3/2015,1:00,01 - Clear,01 - Dry,10 - No control,01 - Non intersection,07 - Dark,03 - P.D. only,07 - SMV other,Greenbelt
12761,BANKFIELD RD @ PRINCE OF WALES DR,366379.6899,5008975.747,-75.71593815,45.21805417,10/10/2015,14:20,01 - Clear,01 - Dry,01 - Traffic signal,02 - Intersection related,01 - Daylight,03 - P.D. only,03 - Rear end,Manotick
12762,SUNBURST ST btwn KINGSWELL ST & LAGUNA ST,375912.14,5021275.889,-75.59281905,45.32782911,6/12/2015,13:15,01 - Clear,01 - Dry,10 - No control,01 - Non intersection,01 - Daylight,03 - P.D. only,06 - SMV unattended vehicle,Greenbelt
12763,MEADOWLANDS DR/TALLWOOD DR @ WOODROFFE AVE,363055.9689,5022730.134,-75.75663925,45.34209917,9/28/2015,10:23,01 - Clear,01 - Dry,01 - Traffic signal,02 - Intersection related,01 - Daylight,03 - P.D. only,03 - Rear end,Crestview - Meadowlands
12764,MERIVALE RD btwn SLACK RD & CAPITAL DR,366026.8822,5020940.281,-75.71895453,45.32574132,9/28/2015,8:15,01 - Clear,01 - Dry,10 - No control,04 - At/near private drive,01 - Daylight,03 - P.D. only,02 - Angle,Merivale Gardens - Grenfell Glen - Pineglen - Country Place
12765,KENT ST @ WELLINGTON ST,367098.4185,5031525.492,-75.70395155,45.42089029,10/8/2015,16:28,01 - Clear,01 - Dry,01 - Traffic signal,02 - Intersection related,01 - Daylight,03 - P.D. only,03 - Rear end,Downtown
12766,CONROY RD @ THURSTON DR,373203.8098,5026794.336,-75.62660178,45.37775118,8/6/2015,20:00,01 - Clear,01 - Dry,01 - Traffic signal,02 - Intersection related,05 - Dusk,03 - P.D. only,03 - Rear end,Industrial Park
12767,TABARET ST btwn PATRIOT PL & TEMPLEFORD AVE,354331.4172,5015350.618,-75.8686969,45.27636717,8/8/2015,18:15,01 - Clear,01 - Dry,10 - No control,04 - At/near private drive,01 - Daylight,03 - P.D. only,06 - SMV unattended vehicle,Glen Cairn - Kanata South Business Park
12768,GREENBANK RD @ WEST HUNT CLUB RD,361480.3977,5020500.677,-75.77699761,45.32216762,10/1/2015,13:10,01 - Clear,01 - Dry,01 - Traffic signal,02 - Intersection related,01 - Daylight,03 - P.D. only,03 - Rear end,Greenbelt
12769,GARFIELD AVE @ RIDDELL AVE,363229.4125,5025509.452,-75.75409778,45.36709277,10/2/2015,15:56,01 - Clear,01 - Dry,10 - No control,03 - At intersection,01 - Daylight,03 - P.D. only,05 - Turning movement,Braemar Park - Bel Air Heights - Copeland Park
12770,FERNBANK RD btwn JINKINSON RD & BLACK'S SIDE RD,346742.4214,5008397.139,-75.96600446,45.21429033,10/12/2015,21:13,01 - Clear,01 - Dry,10 - No control,01 - Non intersection,07 - Dark,03 - P.D. only,07 - SMV other,Stittsville - Basswood
12771,FIFTH AVE btwn RALPH ST & MONK ST,368255.7966,5029313.433,-75.68944882,45.40088289,10/13/2015,0:43,01 - Clear,01 - Dry,10 - No control,01 - Non intersection,07 - Dark,03 - P.D. only,06 - SMV unattended vehicle,The Glebe
12772,DUNROBIN RD btwn DUNROBIN RD & MURPHY SIDE RD,343609.0333,5029978.796,-76.00420571,45.4086702,10/13/2015,6:46,02 - Rain,02 - Wet,10 - No control,01 - Non intersection,03 - Dawn,03 - P.D. only,07 - SMV other,Carp - Hardwood Plains
12773,CRICHTON ST @ VAUGHAN ST,369031.9833,5033533.668,-75.67898506,45.43878425,9/22/2015,7:48,01 - Clear,01 - Dry,02 - Stop sign,03 - At intersection,01 - Daylight,03 - P.D. only,02 - Angle,New Edinburgh
12774,HUNT CLUB RD @ RIVERSIDE DR,368036.703,5021944.417,-75.69319034,45.33459815,10/6/2015,10:51,01 - Clear,01 - Dry,01 - Traffic signal,02 - Intersection related,01 - Daylight,03 - P.D. only,03 - Rear end,Hunt Club Woods - Quintarra - Revelstoke - Riverside South P
12775,WOODROFFE AVE btwn KNOXDALE RD/MEDHURST DR & NORICE ST,363341.8521,5022014.235,-75.75307632,45.33563376,9/30/2015,8:35,01 - Clear,01 - Dry,10 - No control,01 - Non intersection,01 - Daylight,03 - P.D. only,03 - Rear end,Woodvale - Craig Henry - Manordale - Estates of Arlington Wo
12776,MACKENZIE KING BR/WALLER ST @ NICHOLAS ST/WALL,368371.4249,5031990.837,-75.68762667,45.42496279,9/30/2015,17:20,01 - Clear,01 - Dry,01 - Traffic signal,02 - Intersection related,01 - Daylight,03 - P.D. only,04 - Sideswipe,Sandy Hill
12777,ST. LAURENT BLVD btwn CONROY RD & THURSTON DR,373327.5666,5027296.93,-75.62495205,45.38226122,7/2/2015,15:00,01 - Clear,01 - Dry,10 - No control,04 - At/near private drive,01 - Daylight,03 - P.D. only,05 - Turning movement,Industrial Park
12778,PINECREST RD/HWY 417 PINECRE IC129R63 @ TRANSI,360388.0862,5023677.475,-75.79057295,45.35083981,7/2/2015,14:49,01 - Clear,01 - Dry,01 - Traffic signal,03 - At intersection,01 - Daylight,03 - P.D. only,02 - Angle,Whitehaven - Queensway Terrace North
12779,TENTH LINE RD btwn Continuation of TENTH LINE RD & WALL RD,385032.359,5033584.387,-75.47448923,45.4375876,9/22/2015,6:32,01 - Clear,01 - Dry,10 - No control,01 - Non intersection,03 - Dawn,03 - P.D. only,03 - Rear end,Avalon
12780,BELLA VISTA DR btwn TED KELLY LANE & MEADOW LANE RD,386110.2242,5041934.79,-75.45933245,45.51259158,9/21/2015,16:00,01 - Clear,01 - Dry,10 - No control,04 - At/near private drive,01 - Daylight,03 - P.D. only,02 - Angle,Cumberland - Estates
12781,BASELINE RD/HERON RD @ PRINCE OF WALES DR,366873.5448,5026439.507,-75.70746474,45.37514794,7/21/2015,14:30,01 - Clear,01 - Dry,01 - Traffic signal,02 - Intersection related,01 - Daylight,03 - P.D. only,03 - Rear end,Civic Hospital - Experimental Farm - Central Park
12782,BANK ST btwn SECOND AVE & THIRD AVE,368319.9615,5029589.852,-75.68859369,45.4033642,7/21/2015,14:00,01 - Clear,01 - Dry,10 - No control,04 - At/near private drive,01 - Daylight,03 - P.D. only,02 - Angle,The Glebe
12783,MERIVALE RD @ WEST HUNT CLUB RD,365612.6952,5021940.696,-75.72411475,45.33477893,9/23/2015,18:20,01 - Clear,01 - Dry,01 - Traffic signal,02 - Intersection related,01 - Daylight,03 - P.D. only,02 - Angle,Industrial Park
12784,PRINCE OF WALES DR btwn WATERBEND LANE & TURN LANE,367431.3229,5021708.08,-75.70094327,45.33252593,9/24/2015,16:18,01 - Clear,01 - Dry,10 - No control,01 - Non intersection,01 - Daylight,03 - P.D. only,05 - Turning movement,Industrial Park
12785,REGIONAL ROAD 174 btwn OR174 IC112 RAMP26 & OR174 IC112 RAMP61,375016.0631,5033008.802,-75.60258029,45.43348645,10/16/2015,7:45,01 - Clear,01 - Dry,10 - No control,01 - Non intersection,01 - Daylight,03 - P.D. only,04 - Sideswipe,Beacon Hill South - Cardinal Heights
12786,TENTH LINE RD @ CHARLEMAGNE BLVD N/TOMPKINS AV,383183.9299,5037976.801,-75.49741157,45.47731635,10/16/2015,8:30,01 - Clear,01 - Dry,01 - Traffic signal,02 - Intersection related,01 - Daylight,03 - P.D. only,03 - Rear end,Queenswood Heights
12787,AGES DR @ HAWTHORNE RD,374973.1826,5027716.455,-75.60388163,45.38587299,9/25/2015,16:43,01 - Clear,01 - Dry,01 - Traffic signal,02 - Intersection related,01 - Daylight,03 - P.D. only,03 - Rear end,Industrial Park
12788,GILMOUR ST @ KENT ST,367614.9881,5030671.49,-75.69746034,45.41316006,10/4/2015,16:27,01 - Clear,01 - Dry,01 - Traffic signal,02 - Intersection related,01 - Daylight,03 - P.D. only,99 - Other,Centretown
12789,JEANNE D'ARC BLVD @ ORLEANS BLVD S,380940.2037,5036247.878,-75.52637413,45.46200919,10/20/2015,14:41,02 - Rain,02 - Wet,01 - Traffic signal,02 - Intersection related,01 - Daylight,03 - P.D. only,03 - Rear end,Orleans Village - Chateauneuf
12790,KING EDWARD AVE @ RIDEAU ST,368511.7072,5032414.67,-75.68577937,45.42876352,1/1/2015,13:15,03 - Snow,03 - Loose snow,01 - Traffic signal,03 - At intersection,01 - Daylight,03 - P.D. only,03 - Rear end,Lowe
12791,MEADOWLANDS DR/TALLWOOD DR @ WOODROFFE AVE,363057.4103,5022730.134,-75.75662086,45.34209905,9/28/2015,12:00,01 - Clear,01 - Dry,01 - Traffic signal,03 - At intersection,01 - Daylight,03 - P.D. only,05 - Turning movement,Crestview - Meadowlands
12792,BASELINE RD/HERON RD @ PRINCE OF WALES DR,366873.7065,5026438.792,-75.70746276,45.3751415,9/28/2015,12:19,01 - Clear,01 - Dry,01 - Traffic signal,02 - Intersection related,01 - Daylight,03 - P.D. only,03 - Rear end,Civic Hospital - Experimental Farm - Central Park
12793,REGIONAL ROAD 174 btwn OR174 IC109 RAMP86 & OR174 IC109 RAMP64,376505.5503,5035109.07,-75.5832398,45.45223219,10/16/2015,8:35,01 - Clear,02 - Wet,10 - No control,01 - Non intersection,01 - Daylight,03 - P.D. only,03 - Rear end,Greenbelt
12794,CATHERINE ST @ METCALFE ST,368394.4274,5030486.203,-75.68752694,45.41142251,8/12/2015,18:00,01 - Clear,01 - Dry,01 - Traffic signal,03 - At intersection,01 - Daylight,03 - P.D. only,02 - Angle,Centretown
12795,LABRIE AVE btwn CYRVILLE RD & KENASTON ST,373387.6171,5031642.35,-75.623581,45.42135342,8/19/2015,12:57,01 - Clear,01 - Dry,10 - No control,04 - At/near private drive,01 - Daylight,03 - P.D. only,02 - Angle,Industrial Park
12796,BASELINE RD @ COLLEGE SQUARE SC,362760.9287,5023896.295,-75.76026706,45.35261664,10/2/2015,16:17,01 - Clear,01 - Dry,01 - Traffic signal,02 - Intersection related,01 - Daylight,03 - P.D. only,03 - Rear end,Braemar Park - Bel Air Heights - Copeland Park
12797,DWYER HILL RD btwn FERNBANK RD & FLEWELLYN RD,343339.01,5004585.473,-76.00962848,45.18018511,10/2/2015,21:30,01 - Clear,01 - Dry,10 - No control,01 - Non intersection,07 - Dark,03 - P.D. only,07 - SMV other,Munster Hamlet - Richmond
12798,HUNT CLUB RD @ PAUL ANKA DR,369777.7252,5022897.851,-75.67085449,45.34301785,10/13/2015,7:10,01 - Clear,01 - Dry,01 - Traffic signal,02 - Intersection related,01 - Daylight,03 - P.D. only,03 - Rear end,Hunt Club - Ottawa Airport
12799,COVENTRY RD @ VANIER PKWY,370677.8263,5031612.063,-75.65820717,45.42134133,10/6/2015,16:10,01 - Clear,01 - Dry,01 - Traffic signal,02 - Intersection related,01 - Daylight,03 - P.D. only,03 - Rear end,Overbrook
12800,CARLING AVE @ RITCHIE ST,359588.6674,5024365.431,-75.80069829,45.35709294,10/6/2015,16:52,01 - Clear,01 - Dry,01 - Traffic signal,02 - Intersection related,01 - Daylight,03 - P.D. only,03 - Rear end,Whitehaven - Queensway Terrace North
12801,CUMMINGS AVE btwn WILSON ST & CLARKE AVE,372135.7155,5033719.779,-75.63929201,45.44016676,9/30/2015,22:40,01 - Clear,01 - Dry,10 - No control,01 - Non intersection,07 - Dark,03 - P.D. only,06 - SMV unattended vehicle,Cummings
12802,BANK ST @ RIVERSIDE DR S,369305.4378,5027894.193,-75.6762282,45.38801711,7/3/2015,15:23,01 - Clear,01 - Dry,01 - Traffic signal,02 - Intersection related,01 - Daylight,03 - P.D. only,04 - Sideswipe,Alta Vista
12803,BANK ST @ MITCH OWENS RD,377760.2071,5015947.82,-75.57003045,45.27969982,7/3/2015,15:42,01 - Clear,01 - Dry,01 - Traffic signal,02 - Intersection related,01 - Daylight,03 - P.D. only,05 - Turning movement,Osgoode
12804,BLAIR RD @ OGILVIE RD,374507.003,5033198.215,-75.60905889,45.43524161,9/23/2015,8:30,01 - Clear,01 - Dry,01 - Traffic signal,02 - Intersection related,01 - Daylight,03 - P.D. only,04 - Sideswipe,Industrial Park
12805,MONTREAL RD @ ST. LAURENT BLVD,371546.4236,5033815.793,-75.64681067,45.44108715,9/23/2015,13:07,01 - Clear,01 - Dry,01 - Traffic signal,02 - Intersection related,01 - Daylight,03 - P.D. only,04 - Sideswipe,Cummings
12806,MONTREAL RD @ NORTH RIVER RD,369738.988,5032887.945,-75.67003423,45.43290899,7/20/2015,11:40,01 - Clear,01 - Dry,01 - Traffic signal,02 - Intersection related,01 - Daylight,03 - P.D. only,04 - Sideswipe,Vanier South
12807,MITCH OWENS RD @ DOZOIS RD/LIMEBANK RD,371674.4457,5012108.058,-75.64810901,45.2457556,9/24/2015,16:21,01 - Clear,01 - Dry,01 - Traffic signal,02 - Intersection related,01 - Daylight,03 - P.D. only,03 - Rear end,Manotick
12808,PANET ST @ EMPEROR AVE,364964.2895,5026708.536,-75.73180649,45.37773515,9/24/2015,16:51,01 - Clear,01 - Dry,10 - No control,02 - Intersection related,01 - Daylight,03 - P.D. only,02 - Angle,Carlington
12809,FALLOWFIELD RD @ VIA PARK PL/275 W OF WOODROFFE AVE,364846.5166,5017765.661,-75.7343953,45.29727828,9/25/2015,17:26,01 - Clear,01 - Dry,01 - Traffic signal,02 - Intersection related,01 - Daylight,03 - P.D. only,03 - Rear end,New Barrhaven
12810,HOLLAND AVE @ ISLAND PARK DR/N.C.C. DRIVEWAY,365425.6976,5027917.895,-75.72576712,45.38857695,9/25/2015,21:15,01 - Clear,01 - Dry,01 - Traffic signal,02 - Intersection related,07 - Dark,03 - P.D. only,02 - Angle,Civic Hospital - Experimental Farm - Central Park
12811,ROTHESAY DR btwn ROTHESAY DR & SHOULDICE CRES,354077.9952,5017137.196,-75.87174928,45.29246102,10/4/2015,16:50,01 - Clear,01 - Dry,10 - No control,01 - Non intersection,01 - Daylight,03 - P.D. only,06 - SMV unattended vehicle,Glen Cairn - Kanata South Business Park
12812,WOODROFFE AVE btwn CARLING AVE & FOX CRES,361777.7737,5025697.045,-75.77260606,45.36890023,10/5/2015,12:15,01 - Clear,01 - Dry,10 - No control,04 - At/near private drive,01 - Daylight,03 - P.D. only,02 - Angle,Carlingwood West - Glabar Park - McKellar Heights