Record,Location,X,Y,lon,lat,Date,Time,Environment,Road_Surface,Traffic_Control,Collision_Location,Light,Collision_Classification,Impact_type,Neighborhood
12813,SLATER ST btwn METCALFE ST & ELGIN ST,367869.0861,5031630.359,-75.69409152,45.4217648,9/30/2015,9:31,01 - Clear,01 - Dry,10 - No control,01 - Non intersection,01 - Daylight,03 - P.D. only,99 - Other,Downtown
12814,HUNT CLUB RD @ DOWNPATRICK RD/MCCARTHY RD,370508.4551,5023400.149,-75.66146431,45.34746931,6/25/2015,14:55,01 - Clear,01 - Dry,01 - Traffic signal,02 - Intersection related,01 - Daylight,03 - P.D. only,03 - Rear end,Hunt Club East - Western Community
12815,CAMBRIDGE ST @ SOMERSET ST,366900.1403,5030432.487,-75.70662264,45.41107339,7/17/2015,19:18,02 - Rain,02 - Wet,02 - Stop sign,03 - At intersection,01 - Daylight,03 - P.D. only,02 - Angle,Chinatown
12816,BANTREE ST @ INNES RD,373705.7232,5030406.916,-75.61968943,45.41020633,10/16/2015,12:15,01 - Clear,01 - Dry,01 - Traffic signal,02 - Intersection related,01 - Daylight,03 - P.D. only,03 - Rear end,Industrial Park
12817,MILTON RD btwn SMITH RD & PERRAULT RD,388643.6184,5028280.879,-75.4292411,45.38944825,10/16/2015,12:26,01 - Clear,01 - Dry,10 - No control,01 - Non intersection,01 - Daylight,03 - P.D. only,07 - SMV other,Navan - Vars
12818,GLOUCESTER ST @ KENT ST,367356.9806,5031098.212,-75.70070222,45.41702269,8/25/2015,9:20,01 - Clear,01 - Dry,01 - Traffic signal,02 - Intersection related,01 - Daylight,03 - P.D. only,04 - Sideswipe,Centretown
12819,JAMES ST btwn PERCY ST & BAY ST,367270.2019,5030361.462,-75.70190427,45.41040139,8/28/2015,9:33,01 - Clear,01 - Dry,10 - No control,01 - Non intersection,01 - Daylight,03 - P.D. only,99 - Other,Centretown
12820,WEST HUNT CLUB RD btwn MOODIE DR & HWY416 IC72 RAMP53,359052.0566,5019171.088,-75.80811627,45.31039576,10/3/2015,12:12,01 - Clear,01 - Dry,10 - No control,01 - Non intersection,01 - Daylight,03 - P.D. only,07 - SMV other,Greenbelt
12821,WOODROFFE AVE @ KNOXDALE RD/MEDHURST DR,363419.6899,5021826.127,-75.75210557,45.33393468,10/4/2015,7:46,01 - Clear,01 - Dry,01 - Traffic signal,03 - At intersection,01 - Daylight,03 - P.D. only,02 - Angle,Woodvale - Craig Henry - Manordale - Estates of Arlington Wo
12822,BASELINE RD @ CENTREPOINTE DR E/HIGHGATE RD,362060.9659,5023465.866,-75.76924952,45.34880117,10/13/2015,7:59,02 - Rain,02 - Wet,01 - Traffic signal,02 - Intersection related,01 - Daylight,03 - P.D. only,03 - Rear end,Iris
12823,HUNT CLUB RD @ RIVERSIDE DR,368036.703,5021943.697,-75.69319043,45.33459167,10/6/2015,17:09,01 - Clear,01 - Dry,01 - Traffic signal,02 - Intersection related,01 - Daylight,03 - P.D. only,03 - Rear end,Hunt Club Woods - Quintarra - Revelstoke - Riverside South P
12824,SHIRLEY'S BROOK DR btwn MORGAN'S GRANT WAY & INVERARY DR,349680.3479,5023635.168,-75.92722355,45.35122614,10/7/2015,7:45,01 - Clear,01 - Dry,10 - No control,04 - At/near private drive,01 - Daylight,03 - P.D. only,02 - Angle,South March
12825,FALLOWFIELD RD btwn SHEA RD & EAGLESON RD,354091.0065,5011088.771,-75.87218362,45.23803478,10/5/2015,20:11,01 - Clear,01 - Dry,10 - No control,01 - Non intersection,07 - Dark,03 - P.D. only,05 - Turning movement,Stittsville - Basswood
12826,MANN AVE btwn GREENFIELD AVE & KING EDWARD AVE,369154.7244,5031321.56,-75.67770541,45.41886925,7/3/2015,16:28,01 - Clear,01 - Dry,10 - No control,01 - Non intersection,01 - Daylight,03 - P.D. only,03 - Rear end,Sandy Hill
12827,BANK ST @ RIVERSIDE DR S,369304.7171,5027893.472,-75.6762375,45.38801069,7/4/2015,14:28,01 - Clear,01 - Dry,01 - Traffic signal,03 - At intersection,01 - Daylight,03 - P.D. only,05 - Turning movement,Alta Vista
12828,WELLINGTON ST btwn COMMISSIONER ST & TO BE DETERMINED,366627.6387,5031162.272,-75.71001217,45.41766391,9/24/2015,10:05,01 - Clear,01 - Dry,10 - No control,01 - Non intersection,01 - Daylight,03 - P.D. only,04 - Sideswipe,Byward Market - Parliament Hill
12829,EARL ARMSTRONG RD @ SPRATT RD,368396.7091,5015010.348,-75.68948722,45.27217395,9/17/2015,14:25,01 - Clear,01 - Dry,01 - Traffic signal,02 - Intersection related,01 - Daylight,03 - P.D. only,03 - Rear end,Greenbelt
12830,METCALFE ST btwn SLATER ST & LAURIER AVE W,367737.3069,5031540.573,-75.69578672,45.4209688,7/23/2015,15:14,01 - Clear,01 - Dry,10 - No control,01 - Non intersection,01 - Daylight,03 - P.D. only,04 - Sideswipe,Downtown
12831,WOODROFFE AVE btwn WOODROFFE AVE & NAVAHO DR,362572.7533,5023703.838,-75.76269095,45.35090045,9/24/2015,18:30,01 - Clear,01 - Dry,10 - No control,04 - At/near private drive,01 - Daylight,03 - P.D. only,02 - Angle,Centrepointe
12832,MEADOWLANDS DR btwn DEER PARK RD & HOGAN ST,366109.724,5024893.432,-75.7174079,45.36130391,9/26/2015,0:34,01 - Clear,01 - Dry,10 - No control,01 - Non intersection,07 - Dark,03 - P.D. only,07 - SMV other,Cityview - Skyline - Fisher Heights
12833,BESSERER ST @ NICHOLAS ST,368185.7089,5032111.22,-75.68998418,45.4260628,10/6/2015,9:12,01 - Clear,01 - Dry,01 - Traffic signal,02 - Intersection related,01 - Daylight,03 - P.D. only,04 - Sideswipe,Byward Market - Parliament Hill
12834,BEECHWOOD AVE @ CHARLEVOIX ST/MACKAY ST,369186.5917,5033590.549,-75.67700161,45.43928182,10/2/2015,12:49,01 - Clear,01 - Dry,01 - Traffic signal,02 - Intersection related,01 - Daylight,03 - P.D. only,03 - Rear end,Vanier North
12835,CITY PARK DR btwn AMBASSADOR AVE & OGILVIE RD,374201.1545,5032982.829,-75.6129979,45.4333341,7/17/2015,21:40,02 - Rain,02 - Wet,10 - No control,01 - Non intersection,07 - Dark,03 - P.D. only,05 - Turning movement,Industrial Park
12836,ST. PATRICK ST EB btwn COBOURG ST & VANIER PKWY,369092.4817,5033424.792,-75.67822607,45.43779906,7/18/2015,16:53,01 - Clear,01 - Dry,10 - No control,01 - Non intersection,01 - Daylight,03 - P.D. only,03 - Rear end,Lindenle
12837,DONALD ST @ VANIER PKWY,370311.7131,5032270.225,-75.66279737,45.42729758,9/28/2015,21:44,01 - Clear,02 - Wet,01 - Traffic signal,03 - At intersection,07 - Dark,03 - P.D. only,05 - Turning movement,Overbrook
12838,BRIAN COBURN BLVD @ PORTOBELLO BLVD,385750.9679,5035490.233,-75.46499209,45.45465177,10/16/2015,16:24,01 - Clear,01 - Dry,02 - Stop sign,02 - Intersection related,01 - Daylight,03 - P.D. only,03 - Rear end,Avalon
12839,ST. EMMANUEL TER btwn TO BE DETERMINED & BERNICE CRT (1),379671.9168,5037893.782,-75.542339,45.47695484,10/17/2015,10:24,01 - Clear,01 - Dry,10 - No control,04 - At/near private drive,01 - Daylight,03 - P.D. only,06 - SMV unattended vehicle,Orleans South West
12840,GREENBANK RD @ WEST HUNT CLUB RD,361479.677,5020502.119,-75.77700663,45.32218066,9/3/2015,18:20,01 - Clear,01 - Dry,01 - Traffic signal,02 - Intersection related,01 - Daylight,03 - P.D. only,03 - Rear end,Greenbelt
12841,MEADOWLANDS DR btwn BELIVEAU ST & BEAVER RDG,365675.5645,5024670.793,-75.72297667,45.35933848,9/8/2015,13:52,01 - Clear,01 - Dry,10 - No control,01 - Non intersection,01 - Daylight,03 - P.D. only,03 - Rear end,Borden Farm - Stewart Farm - Parkwood Hills - Fisher Glen
12842,SNAKE ISLAND RD btwn STAGECOACH RD & KEARNS WAY,378120.4152,5006614.899,-75.56681539,45.19568797,10/5/2015,7:44,01 - Clear,01 - Dry,10 - No control,01 - Non intersection,01 - Daylight,03 - P.D. only,07 - SMV other,Kars - Osgoode
12843,ST. LAURENT BLVD @ COVENTRY RD/OGILVIE RD,372306.4402,5031951.935,-75.63735237,45.42424408,10/3/2015,21:20,01 - Clear,01 - Dry,01 - Traffic signal,03 - At intersection,07 - Dark,03 - P.D. only,03 - Rear end,Overbrook
12844,MCKENNA CASEY DR btwn MOODIE DR & STRANDHERD DR,361802.2655,5013542.253,-75.77369188,45.25952938,10/13/2015,14:45,01 - Clear,07 - Mud,10 - No control,01 - Non intersection,01 - Daylight,03 - P.D. only,99 - Other,Munster Hamlet - Richmond
12845,EAGLESON RD @ KATIMAVIK RD/TIMM DR,353216.0655,5019565.83,-75.88250027,45.31437433,10/8/2015,8:28,01 - Clear,01 - Dry,01 - Traffic signal,02 - Intersection related,01 - Daylight,03 - P.D. only,03 - Rear end,Greenbelt
12846,KNOXDALE RD @ WEST HUNT CLUB RD,361862.965,5020584.117,-75.77210844,45.32288742,10/8/2015,8:10,01 - Clear,01 - Dry,01 - Traffic signal,03 - At intersection,01 - Daylight,03 - P.D. only,02 - Angle,Woodvale - Craig Henry - Manordale - Estates of Arlington Wo
12847,ST. LAURENT BLVD btwn MCARTHUR AVE & DONALD ST,372089.3886,5032487.36,-75.64005255,45.4290825,10/10/2015,20:55,01 - Clear,01 - Dry,10 - No control,01 - Non intersection,07 - Dark,03 - P.D. only,07 - SMV other,Castl
12848,PARKDALE AVE @ SCOTT ST,364950.4243,5029724.758,-75.73161583,45.4048757,7/5/2015,17:47,01 - Clear,01 - Dry,01 - Traffic signal,02 - Intersection related,01 - Daylight,03 - P.D. only,03 - Rear end,Islan
12849,PARKDALE AVE @ WESTMOUNT AVE/HWY 417 PARKDAL I,365301.1152,5028923.321,-75.72723469,45.39763433,7/6/2015,9:15,01 - Clear,01 - Dry,01 - Traffic signal,02 - Intersection related,01 - Daylight,03 - P.D. only,03 - Rear end,Civi
12850,ST. JOSEPH BLVD btwn MARENGER ST & JEANNE D'ARC BLVD S,379842.0389,5036457.109,-75.54038273,45.46401052,9/28/2015,16:40,02 - Rain,02 - Wet,10 - No control,04 - At/near private drive,01 - Daylight,03 - P.D. only,02 - Angle,Chapel Hill
12851,JEANNE D'ARC BLVD @ ORLEANS BLVD S,380940.7445,5036250.94,-75.52636674,45.46203669,9/29/2015,7:30,01 - Clear,02 - Wet,01 - Traffic signal,03 - At intersection,01 - Daylight,03 - P.D. only,05 - Turning movement,Orleans Village - Chateauneuf
12852,CATHERINE ST/HWY 417 O'CONN IC119BR76 @ O'CONN,368244.4317,5030390.762,-75.68945535,45.41057738,7/23/2015,16:57,01 - Clear,01 - Dry,01 - Traffic signal,02 - Intersection related,01 - Daylight,03 - P.D. only,04 - Sideswipe,Centretown
12853,BRONSON AVE btwn BRONSON AVE SB ON RAMP 43 & SUNNYSIDE AVE/UNIVERSITY ,367872.9804,5028185.601,-75.69448243,45.39076958,7/23/2015,16:40,01 - Clear,01 - Dry,10 - No control,01 - Non intersection,01 - Daylight,03 - P.D. only,03 - Rear end,Carleto
12854,DRAPER AVE S @ MORRISON DR S,360036.6748,5022467.139,-75.79519255,45.33997697,9/23/2015,15:10,01 - Clear,01 - Dry,02 - Stop sign,03 - At intersection,01 - Daylight,03 - P.D. only,02 - Angle,Qualicum - Redwood Park
12855,HOPE SIDE RD @ RICHMOND RD,356952.6366,5015483.633,-75.83527636,45.27737452,9/25/2015,7:15,01 - Clear,01 - Dry,02 - Stop sign,02 - Intersection related,01 - Daylight,03 - P.D. only,05 - Turning movement,Bridlewood - Emerald Meadows
12856,ANDERSON RD @ INNES RD,376282.1825,5031841.924,-75.58656965,45.4228593,4/1/2015,17:17,01 - Clear,01 - Dry,01 - Traffic signal,02 - Intersection related,01 - Daylight,03 - P.D. only,04 - Sideswipe,Greenbelt
12857,LAURIER AVE   W btwn METCALFE ST & ELGIN ST,367863.2886,5031495.545,-75.69418285,45.42055231,6/25/2015,18:15,01 - Clear,01 - Dry,10 - No control,04 - At/near private drive,01 - Daylight,03 - P.D. only,02 - Angle,Downtown
12858,HAZELDEAN RD btwn YOUNG RD & CASTLEFRANK RD,352661.3015,5017659.832,-75.88975938,45.29726175,9/26/2015,9:43,01 - Clear,01 - Dry,10 - No control,04 - At/near private drive,01 - Daylight,03 - P.D. only,03 - Rear end,Glen Cairn - Kanata South Business Park
12859,GRANT ST btwn PARKDALE AVE & MCCORMICK ST,365145.2012,5029362.868,-75.72917218,45.40160273,9/26/2015,11:23,01 - Clear,01 - Dry,10 - No control,04 - At/near private drive,01 - Daylight,03 - P.D. only,06 - SMV unattended vehicle,Islan
12860,BELFAST RD @ ST. LAURENT BLVD,372859.2827,5030578.922,-75.63047819,45.41183679,10/5/2015,17:19,01 - Clear,01 - Dry,01 - Traffic signal,02 - Intersection related,01 - Daylight,03 - P.D. only,03 - Rear end,Industrial Park
12861,ROGER STEVENS DR btwn DWYER HILL RD & MALAKOFF RD,358317.2006,4992647.21,-75.82033404,45.07178268,10/5/2015,19:55,01 - Clear,01 - Dry,10 - No control,01 - Non intersection,07 - Dark,03 - P.D. only,07 - SMV other,Munster Hamlet - Richmond
12862,ELGIN ST @ LAURIER AVE,367947.9892,5031550.657,-75.6930936,45.42104055,7/20/2015,8:55,01 - Clear,01 - Dry,01 - Traffic signal,02 - Intersection related,01 - Daylight,03 - P.D. only,04 - Sideswipe,Downtown
12863,BANK ST @ FOURTH AVE,368366.9956,5029476.205,-75.68800759,45.40233737,7/25/2015,19:08,02 - Rain,02 - Wet,02 - Stop sign,03 - At intersection,01 - Daylight,03 - P.D. only,02 - Angle,The Glebe
12864,FISHER AVE @ DEER PARK RD/DYNES RD,366408.4302,5025454.446,-75.71352546,45.36632562,9/28/2015,14:40,02 - Rain,02 - Wet,01 - Traffic signal,02 - Intersection related,01 - Daylight,03 - P.D. only,03 - Rear end,Carleton Heights - Rideauview
12865,CAMPEAU DR/HWY 417 MARCH IC138R63 @ MARCH RD,352843.0663,5020476.106,-75.88716894,45.3225908,9/29/2015,11:20,01 - Clear,02 - Wet,01 - Traffic signal,02 - Intersection related,01 - Daylight,03 - P.D. only,04 - Sideswipe,Greenbelt
12866,OAKHILL RD btwn ACACIA AVE & BEECHWOOD AVE,369607.9989,5034246.425,-75.67152932,45.44514418,10/17/2015,0:00,01 - Clear,02 - Wet,10 - No control,01 - Non intersection,00 - Unknown,03 - P.D. only,06 - SMV unattended vehicle,Rockcliffe - Manor Park
12867,PINECREST RD @ RICHMOND RD,360073.8242,5024470.771,-75.79449463,45.35800271,10/19/2015,20:15,01 - Clear,01 - Dry,01 - Traffic signal,02 - Intersection related,07 - Dark,03 - P.D. only,03 - Rear end,Whitehaven - Queensway Terrace North
12868,CARP RD/HWY 417 CARP IC144R63 @ HWY 417 CARP I,347299.0504,5015927.448,-75.95827425,45.28201795,9/12/2015,23:38,02 - Rain,02 - Wet,01 - Traffic signal,02 - Intersection related,07 - Dark,03 - P.D. only,03 - Rear end,Stittsville - Basswood
12869,MICHAEL COWPLAND DR btwn TERENCE MATTHEWS CRES & EAGLESON RD,354341.5449,5016607.228,-75.86844238,45.28767372,10/5/2015,15:29,01 - Clear,01 - Dry,10 - No control,04 - At/near private drive,01 - Daylight,03 - P.D. only,02 - Angle,Glen Cairn - Kanata South Business Park
12870,LAURIER AVE @ QUEEN ELIZABETH DRWY/LAURIER AVE,368076.5037,5031622.721,-75.69144234,45.42167734,10/13/2015,16:15,01 - Clear,02 - Wet,01 - Traffic signal,02 - Intersection related,01 - Daylight,03 - P.D. only,04 - Sideswipe,Golden Triangle
12871,GALETTA SIDE RD btwn MORNING DEW DR & LOGGERS WAY,324686.7657,5032275.533,-76.24584578,45.4301308,10/13/2015,18:40,01 - Clear,01 - Dry,10 - No control,01 - Non intersection,07 - Dark,03 - P.D. only,07 - SMV other,Galetta
12872,CARLING AVE @ CARLINGWOOD SC,362073.0121,5025917.947,-75.76881166,45.37086382,10/9/2015,10:57,02 - Rain,02 - Wet,01 - Traffic signal,03 - At intersection,01 - Daylight,03 - P.D. only,02 - Angle,Carlingwood West - Glabar Park - McKellar Heights
12873,ST. JOSEPH BLVD @ FOREST VALLEY DR/YOUVILLE DR,379165.4618,5036155.509,-75.54907904,45.4613693,10/11/2015,15:43,01 - Clear,01 - Dry,01 - Traffic signal,03 - At intersection,01 - Daylight,03 - P.D. only,02 - Angle,Chapel Hill
12874,FITZROY ST @ KEDEY ST,327081.5995,5036850.68,-76.21503276,45.47122761,10/11/2015,17:09,01 - Clear,01 - Dry,02 - Stop sign,02 - Intersection related,01 - Daylight,03 - P.D. only,02 - Angle,Fitzro
12875,ALBERT ST btwn KENT ST & BANK ST,367366.9574,5031412.402,-75.70053486,45.41984878,7/6/2015,9:51,01 - Clear,01 - Dry,10 - No control,01 - Non intersection,01 - Daylight,03 - P.D. only,04 - Sideswipe,Downtown
12876,PRINCE OF WALES DR btwn STRATTON DR & THIRD LINE RD S,366843.9507,5001537.546,-75.7109527,45.15108392,7/6/2015,12:32,01 - Clear,01 - Dry,10 - No control,01 - Non intersection,01 - Daylight,03 - P.D. only,07 - SMV other,Manotick - North Gower
12877,REGIONAL ROAD 174 EB btwn OR174 IC109 RAMP55 & TRANSIT,376534.3792,5035125.647,-75.58286885,45.45237839,9/29/2015,16:45,02 - Rain,02 - Wet,10 - No control,01 - Non intersection,01 - Daylight,03 - P.D. only,03 - Rear end,Greenbelt
12878,HIGHWAY 417 btwn HWY417 IC117 RAMP25 & HWY417 IC115 RAMP51,371538.5021,5031396.376,-75.64723982,45.41931909,10/20/2015,17:15,01 - Clear,01 - Dry,10 - No control,01 - Non intersection,01 - Daylight,03 - P.D. only,04 - Sideswipe,Industrial Park
12879,CLYDE AVE @ DOHENY ST,363590.6005,5026701.713,-75.74934539,45.37779037,7/23/2015,18:05,01 - Clear,01 - Dry,01 - Traffic signal,02 - Intersection related,01 - Daylight,03 - P.D. only,04 - Sideswipe,Carlingwood West - Glabar Park - McKellar Heights
12880,MERIVALE RD @ BASIL MACDONALD WAY/MERIVALE MAL,365097.2825,5023170.877,-75.73054018,45.34589243,7/23/2015,9:28,01 - Clear,01 - Dry,01 - Traffic signal,02 - Intersection related,01 - Daylight,03 - P.D. only,03 - Rear end,Crestview - Meadowlands
12881,WEST HUNT CLUB RD @ ANTARES DR/LASER ST,367107.7113,5022081.141,-75.70502457,45.33591147,9/25/2015,8:30,01 - Clear,01 - Dry,01 - Traffic signal,02 - Intersection related,01 - Daylight,03 - P.D. only,04 - Sideswipe,Industrial Park
12882,STAR TOP RD btwn CYRVILLE RD & ALGOMA RD,373863.3905,5031383.377,-75.61753855,45.4189765,7/17/2015,16:54,02 - Rain,02 - Wet,10 - No control,04 - At/near private drive,01 - Daylight,03 - P.D. only,02 - Angle,Industrial Park
12883,FISHER AVE @ MEADOWLANDS DR,366575.0649,5025045.086,-75.71144964,45.36262762,9/27/2015,19:24,01 - Clear,01 - Dry,01 - Traffic signal,03 - At intersection,07 - Dark,03 - P.D. only,05 - Turning movement,Carleton Heights - Rideauview
12884,MAJESTIC DR @ WOODROFFE AVE,363527.6934,5021571.853,-75.75075791,45.33163771,9/28/2015,12:30,01 - Clear,01 - Dry,01 - Traffic signal,02 - Intersection related,01 - Daylight,03 - P.D. only,03 - Rear end,Woodvale - Craig Henry - Manordale - Estates of Arlington Wo
12885,KENT ST @ MACLAREN ST,367572.7103,5030741.487,-75.69799152,45.41379367,10/9/2015,9:29,02 - Rain,02 - Wet,02 - Stop sign,03 - At intersection,01 - Daylight,03 - P.D. only,05 - Turning movement,Centretown
12886,TREMBLAY RD @ TRAIN STATION,371169.8914,5031286.262,-75.6519641,45.4183634,10/6/2015,6:21,01 - Clear,01 - Dry,01 - Traffic signal,02 - Intersection related,07 - Dark,03 - P.D. only,02 - Angle,Industrial Park
12887,DALHOUSIE ST btwn GEORGE ST & RIDEAU ST,368162.987,5032307.939,-75.69024921,45.42783487,10/12/2015,12:30,01 - Clear,01 - Dry,10 - No control,01 - Non intersection,01 - Daylight,03 - P.D. only,04 - Sideswipe,Byward Market
12888,MONTREAL RD @ STE. ANNE ST,370706.7086,5033416.956,-75.6575966,45.43757826,7/25/2015,20:46,01 - Clear,01 - Dry,02 - Stop sign,03 - At intersection,05 - Dusk,03 - P.D. only,02 - Angle,Vanier South
12889,SECOND AVE @ BRONSON AVE,367518.5852,5029162.962,-75.69888378,45.39959542,7/27/2015,11:46,01 - Clear,01 - Dry,02 - Stop sign,03 - At intersection,01 - Daylight,03 - P.D. only,02 - Angle,The Glebe
12890,BRONSON AVE @ CATHERINE ST/RAYMOND ST,367251.9878,5029796.927,-75.70220846,45.40532349,9/29/2015,20:57,01 - Clear,02 - Wet,01 - Traffic signal,03 - At intersection,07 - Dark,03 - P.D. only,05 - Turning movement,Centretown West
12891,TENTH LINE RD btwn ST. JOSEPH BLVD & OR174 IC101 RAMP26,382849.1352,5038754.608,-75.50156958,45.48435186,10/20/2015,6:32,01 - Clear,01 - Dry,10 - No control,07 - Overpass or bridge,03 - Dawn,03 - P.D. only,03 - Rear end,Industrial Park
12892,COLONEL BY DR/SUSSEX DR @ RIDEAU ST,367921.3256,5032044.551,-75.69337098,45.42548685,10/20/2015,1:20,01 - Clear,01 - Dry,01 - Traffic signal,03 - At intersection,07 - Dark,03 - P.D. only,03 - Rear end,Byward Market - Parliament Hill
12893,WEST HUNT CLUB RD @ WOODROFFE AVE,363670.691,5021246.849,-75.74897237,45.32870137,9/29/2015,15:18,02 - Rain,02 - Wet,01 - Traffic signal,02 - Intersection related,01 - Daylight,03 - P.D. only,03 - Rear end,Woodvale - Craig Henry - Manordale - Estates of Arlington Wo
12894,ANDERSON RD @ INNES RD,376280.7411,5031841.924,-75.58658806,45.42285945,10/6/2015,8:09,01 - Clear,01 - Dry,01 - Traffic signal,02 - Intersection related,01 - Daylight,03 - P.D. only,04 - Sideswipe,Greenbelt
12895,SUNSHINE CRES btwn SOLSTICE WAY N & SOLSTICE WAY S,386048.3656,5034840.649,-75.4612976,45.44877293,4/17/2015,19:00,01 - Clear,01 - Dry,10 - No control,01 - Non intersection,05 - Dusk,03 - P.D. only,06 - SMV unattended vehicle,Summerside
12896,ST. JOSEPH BLVD @ 193 E OF PLACE D'ORLEAN-W/PL,381759.7408,5037804.851,-75.51565221,45.47592772,10/14/2015,16:25,01 - Clear,01 - Dry,01 - Traffic signal,03 - At intersection,01 - Daylight,03 - P.D. only,05 - Turning movement,Queenswood Heights
12897,WOODROFFE AVE btwn GRENFELL CRES & 260 N OF FALLOWFIELD RD/TRANSITWAY ,364775.4153,5018721.787,-75.7351861,45.30588753,10/9/2015,12:20,02 - Rain,02 - Wet,10 - No control,01 - Non intersection,01 - Daylight,03 - P.D. only,03 - Rear end,Merivale Gardens - Grenfell Glen - Pineglen - Country Place
12898,STRANDHERD DR btwn CEDARVIEW RD & MADRID AVE,362364.7261,5013559.462,-75.76652375,45.25963843,10/9/2015,12:55,02 - Rain,02 - Wet,10 - No control,01 - Non intersection,01 - Daylight,03 - P.D. only,07 - SMV other,New Barrhaven
12899,DWYER HILL RD btwn BLEEKS RD & COPELAND RD,346607.8062,5000790.695,-75.96835564,45.14585134,10/14/2015,22:32,01 - Clear,01 - Dry,10 - No control,01 - Non intersection,07 - Dark,03 - P.D. only,01 - Approaching,Munster Hamlet - Richmond
12900,ST. JOSEPH BLVD @ TENTH LINE RD,382890.8038,5038664.651,-75.50105093,45.48353785,10/15/2015,6:52,01 - Clear,01 - Dry,01 - Traffic signal,02 - Intersection related,03 - Dawn,03 - P.D. only,03 - Rear end,Industrial Park
12901,ARGYLE AVE btwn O'CONNOR ST & METCALFE ST,368246.1266,5030521.763,-75.68941684,45.41175593,7/6/2015,16:39,01 - Clear,01 - Dry,10 - No control,01 - Non intersection,01 - Daylight,03 - P.D. only,04 - Sideswipe,Centretown
12902,BASELINE RD/HWY 416 RICHMOND IC75R53 @ RICHMON,358635.552,5021821.965,-75.81313945,45.33428059,7/28/2015,17:45,01 - Clear,01 - Dry,01 - Traffic signal,02 - Intersection related,01 - Daylight,03 - P.D. only,03 - Rear end,Greenbelt
12903,FALLOWFIELD RD @ WOODROFFE AVE,365086.5914,5017904.271,-75.73131772,45.29850493,6/1/2015,16:30,01 - Clear,01 - Dry,01 - Traffic signal,02 - Intersection related,01 - Daylight,03 - P.D. only,02 - Angle,Greenbelt
12904,MONTREAL RD btwn PALACE ST & VANIER PKWY,370030.1873,5033038.565,-75.66629294,45.4342371,7/25/2015,11:39,01 - Clear,01 - Dry,10 - No control,01 - Non intersection,01 - Daylight,03 - P.D. only,04 - Sideswipe,Vanier South
12905,BRONSON AVE @ FOURTH AVE,367583.7135,5029009.2,-75.69807154,45.39820608,7/17/2015,18:30,02 - Rain,02 - Wet,02 - Stop sign,03 - At intersection,01 - Daylight,03 - P.D. only,02 - Angle,The Glebe
12906,ST. LAURENT BLVD @ WALKLEY RD,373903.4708,5028046.224,-75.61749414,45.38894645,7/17/2015,20:30,02 - Rain,02 - Wet,01 - Traffic signal,03 - At intersection,05 - Dusk,03 - P.D. only,01 - Approaching,Hawthorne Meadows
12907,HUNTMAR DR @ WELDALE DR,344459.1084,5023207.74,-75.99389007,45.34769471,10/11/2015,15:47,01 - Clear,01 - Dry,02 - Stop sign,02 - Intersection related,01 - Daylight,03 - P.D. only,03 - Rear end,Stittsville - Basswood
12908,RAMSAYVILLE RD btwn RIDGE RD & RUSSELL RD,376794.1495,5028579.586,-75.58050476,45.39345417,10/12/2015,19:43,01 - Clear,01 - Dry,10 - No control,01 - Non intersection,07 - Dark,03 - P.D. only,07 - SMV other,Greenbelt
12909,DONALD ST @ ST. LAURENT BLVD,372093.7129,5032472.945,-75.63999926,45.42895238,7/29/2015,8:35,01 - Clear,01 - Dry,01 - Traffic signal,03 - At intersection,01 - Daylight,03 - P.D. only,05 - Turning movement,Overbrook
12910,OGILVIE RD btwn BLAIR PL & ELMLEA GT,374983.614,5033483.715,-75.60292726,45.4377627,9/30/2015,15:18,01 - Clear,01 - Dry,10 - No control,01 - Non intersection,01 - Daylight,03 - P.D. only,03 - Rear end,Beacon Hill South - Cardinal Heights
12911,PRESTON ST @ SOMERSET ST,366305.5364,5030127.208,-75.71425653,45.40837908,7/28/2015,8:30,01 - Clear,01 - Dry,01 - Traffic signal,02 - Intersection related,01 - Daylight,03 - P.D. only,03 - Rear end,Little Italy
12912,FALLOWFIELD RD @ RICHMOND RD,357720.9149,5013528.335,-75.82569312,45.25972299,9/29/2015,15:15,02 - Rain,02 - Wet,01 - Traffic signal,02 - Intersection related,01 - Daylight,03 - P.D. only,03 - Rear end,Munster Hamlet - Richmond
12913,CONROY RD @ HUNT CLUB RD,373761.5778,5025405.604,-75.61967477,45.36520129,9/29/2015,17:12,02 - Rain,02 - Wet,01 - Traffic signal,02 - Intersection related,01 - Daylight,03 - P.D. only,03 - Rear end,Greenboro East
12914,BRONSON AVE btwn OLD SUNSET BLVD & LAKESIDE AVE,367638.7982,5028879.406,-75.69738455,45.39703329,10/8/2015,9:56,01 - Clear,01 - Dry,10 - No control,01 - Non intersection,01 - Daylight,03 - P.D. only,01 - Approaching,The Glebe
12915,OKANAGAN DR @ SIOUX CRES W,359360.5444,5021987.281,-75.80387209,45.33571211,10/15/2015,7:43,01 - Clear,02 - Wet,03 - Yield sign,03 - At intersection,01 - Daylight,03 - P.D. only,02 - Angle,Qualicum - Redwood Park
12916,WEST HUNT CLUB RD @ CLEOPATRA DR/LANCELOT DR,365236.9613,5021732.764,-75.72893355,45.33294045,10/9/2015,13:54,02 - Rain,02 - Wet,01 - Traffic signal,02 - Intersection related,01 - Daylight,03 - P.D. only,03 - Rear end,Tanglewood