Record,Location,X,Y,lon,lat,Date,Time,Environment,Road_Surface,Traffic_Control,Collision_Location,Light,Collision_Classification,Impact_type,Neighborhood
13020,WEST HUNT CLUB RD @ WOODROFFE AVE,363671.4117,5021246.849,-75.74896317,45.32870131,10/16/2015,6:47,01 - Clear,01 - Dry,01 - Traffic signal,02 - Intersection related,03 - Dawn,03 - P.D. only,03 - Rear end,Merivale Gardens - Grenfell Glen - Pineglen - Country Place
13021,CARLING AVE EB btwn KIRKWOOD AVE & HWY417 IC124 RAMP55,364381.7041,5027378.039,-75.73916363,45.38380901,10/15/2015,20:00,01 - Clear,01 - Dry,10 - No control,01 - Non intersection,07 - Dark,03 - P.D. only,04 - Sideswipe,Carlington
13022,TURN LANE btwn KNOXDALE RD & WOODROFFE AVE (2),363384.2019,5021817.108,-75.75255937,45.33385649,10/23/2015,23:49,01 - Clear,01 - Dry,10 - No control,01 - Non intersection,07 - Dark,03 - P.D. only,07 - SMV other,Woodvale - Craig Henry - Manordale - Estates of Arlington Wo
13023,MITCH OWENS RD btwn BLACKCREEK RD & BOUNDARY RD,387804.2351,5022007.083,-75.4410126,45.33310218,10/26/2015,22:15,01 - Clear,01 - Dry,10 - No control,01 - Non intersection,07 - Dark,03 - P.D. only,07 - SMV other,Metcalfe
13024,EARL ARMSTRONG RD btwn CANYON WALK DR & LIMEBANK RD,369989.4345,5015885.673,-75.66907579,45.27990414,10/27/2015,6:55,01 - Clear,01 - Dry,10 - No control,01 - Non intersection,07 - Dark,03 - P.D. only,07 - SMV other,Greenbelt
13025,TENTH LINE RD @ LAKEPOINTE DR,384261.4933,5035420.549,-75.48404416,45.45419577,10/13/2015,17:48,01 - Clear,01 - Dry,01 - Traffic signal,02 - Intersection related,01 - Daylight,03 - P.D. only,03 - Rear end,Avalon
13026,RUSSELL RD @ SOUTHVALE CRES S,374457.0274,5028633.759,-75.6103427,45.39417797,10/17/2015,21:00,01 - Clear,01 - Dry,01 - Traffic signal,02 - Intersection related,07 - Dark,03 - P.D. only,03 - Rear end,Sheffield Glen
13027,GREENBANK RD btwn GIBBARD AVE & WEST HUNT CLUB RD,361432.572,5020607.816,-75.77759536,45.32313552,11/7/2015,10:51,01 - Clear,01 - Dry,10 - No control,01 - Non intersection,01 - Daylight,03 - P.D. only,03 - Rear end,Greenbelt
13028,ANDERSON RD btwn DOLMAN RIDGE RD & RIDGE RD,378848.5567,5028976.536,-75.55421023,45.39681146,11/7/2015,18:08,01 - Clear,01 - Dry,10 - No control,01 - Non intersection,07 - Dark,03 - P.D. only,07 - SMV other,Greenbelt
13029,MACKENZIE AVE btwn 205 N OF RIDEAU ST & RIDEAU ST,367815.5476,5032093.335,-75.69471635,45.42593533,12/6/2015,1:38,01 - Clear,01 - Dry,10 - No control,01 - Non intersection,07 - Dark,03 - P.D. only,07 - SMV other,Byward Market
13030,ROBERTSON RD btwn WESTCLIFFE RD & FITZGERALD RD,356403.4106,5020058.062,-75.84180012,45.31857649,12/10/2015,22:42,01 - Clear,01 - Dry,10 - No control,01 - Non intersection,07 - Dark,03 - P.D. only,07 - SMV other,Bells Corners West
13031,RICHMOND RD @ WOODROFFE AVE,361585.4084,5026653.079,-75.77495173,45.37751815,9/30/2015,11:49,01 - Clear,01 - Dry,01 - Traffic signal,03 - At intersection,01 - Daylight,03 - P.D. only,05 - Turning movement,Carlingwood - McKellar Park - Laurentien View
13032,"MCARTHUR AVE btwn EGLISE, RUE DE L & MAY ST",371466.5729,5032827.872,-75.64796505,45.43220592,9/30/2015,19:31,01 - Clear,01 - Dry,10 - No control,01 - Non intersection,07 - Dark,03 - P.D. only,04 - Sideswipe,Castle Heights
13033,MERIVALE RD @ SLACK RD,366018.9783,5020955.493,-75.71905347,45.32587888,12/6/2015,15:13,01 - Clear,01 - Dry,01 - Traffic signal,02 - Intersection related,01 - Daylight,03 - P.D. only,03 - Rear end,Merivale Gardens - Grenfell Glen - Pineglen - Country Place
13034,SOMERSET ST    W btwn BANK ST & O'CONNOR ST,367717.0856,5030930.005,-75.69612304,45.41547693,12/10/2015,10:06,01 - Clear,01 - Dry,10 - No control,01 - Non intersection,01 - Daylight,03 - P.D. only,07 - SMV other,Centretown
13035,KING EDWARD AVE @ ST. ANDREW ST,368160.7,5032967.861,-75.69019352,45.43377282,10/2/2015,21:26,01 - Clear,01 - Dry,01 - Traffic signal,03 - At intersection,07 - Dark,03 - P.D. only,04 - Sideswipe,Lower Town
13036,CARLING AVE @ PARKDALE AVE,365625.98,5028172.148,-75.72317827,45.39084729,11/30/2015,10:44,01 - Clear,01 - Dry,01 - Traffic signal,02 - Intersection related,01 - Daylight,03 - P.D. only,03 - Rear end,Civic Hospital - Experimental Farm - Central Park
13037,BRONSON AVE RAMP 42A-3 btwn BRONSON AVE & BRONSON AVE RAMP 42A-2/42B,368455.7882,5027133.01,-75.68717577,45.38124594,11/28/2015,18:15,01 - Clear,01 - Dry,10 - No control,01 - Non intersection,07 - Dark,03 - P.D. only,04 - Sideswipe,Riverside Park
13038,BEECHWOOD AVE btwn CHAPLEAU AVE & PUTMAN AVE,369527.1479,5033855.341,-75.67261421,45.44163286,8/11/2015,7:30,02 - Rain,02 - Wet,10 - No control,04 - At/near private drive,01 - Daylight,03 - P.D. only,03 - Rear end,Vanier North
13039,ELGIN ST @ LAURIER AVE,367948.7099,5031549.215,-75.69308457,45.42102751,8/14/2015,13:35,01 - Clear,01 - Dry,01 - Traffic signal,02 - Intersection related,01 - Daylight,03 - P.D. only,03 - Rear end,Downtown
13040,INNES RD @ ORCHARDVIEW AVE/ESPRIT DR,384844.0439,5036560.199,-75.47641161,45.46438279,10/2/2015,20:41,01 - Clear,01 - Dry,01 - Traffic signal,03 - At intersection,07 - Dark,03 - P.D. only,05 - Turning movement,Fallingbrook
13041,TENTH LINE RD @ CHARLEMAGNE BLVD N/TOMPKINS AV,383183.9299,5037977.522,-75.49741146,45.47732284,10/3/2015,11:52,01 - Clear,01 - Dry,01 - Traffic signal,02 - Intersection related,01 - Daylight,03 - P.D. only,03 - Rear end,Queenswood Heights
13042,HUNT CLUB RD @ LORRY GREENBERG DR/SABLE RIDGE ,372823.7387,5024805.703,-75.63172789,45.35989525,10/17/2015,16:30,01 - Clear,01 - Dry,01 - Traffic signal,02 - Intersection related,01 - Daylight,03 - P.D. only,03 - Rear end,Greenboro East
13043,REGIONAL ROAD 174 btwn OR174 IC109 RAMP56 & OR174 IC109 RAMP86,376379.6644,5034830.151,-75.58488964,45.44973556,10/19/2015,7:03,01 - Clear,01 - Dry,10 - No control,01 - Non intersection,01 - Daylight,03 - P.D. only,04 - Sideswipe,Greenbelt
13044,RIDEAU RD btwn DOWNEY RD & BOWESVILLE RD,373100.6453,5015412.334,-75.62948898,45.27534978,10/25/2015,21:10,01 - Clear,01 - Dry,10 - No control,01 - Non intersection,07 - Dark,03 - P.D. only,07 - SMV other,Greenbelt
13045,BANK ST btwn ST. PAUL AVE & KITCHENER AVE,370523.8373,5025533.565,-75.66098439,45.3666637,9/13/2015,15:03,01 - Clear,02 - Wet,10 - No control,01 - Non intersection,01 - Daylight,03 - P.D. only,03 - Rear end,Ledbury - Heron Gate - Ridgemont - Elmwood
13046,COLE AVE @ KENWOOD AVE,363063.1295,5027790.913,-75.75595116,45.3876349,9/18/2015,14:30,01 - Clear,01 - Dry,02 - Stop sign,03 - At intersection,01 - Daylight,03 - P.D. only,02 - Angle,Carlingwood - McKellar Park - Laurentien View
13047,PRINCE OF WALES DR @ FALAISE RD/KOCHAR DR N,367459.9857,5024904.154,-75.70017271,45.361281,10/15/2015,15:30,01 - Clear,01 - Dry,01 - Traffic signal,02 - Intersection related,01 - Daylight,03 - P.D. only,03 - Rear end,Carleton Heights - Rideauview
13048,TERRY FOX DR btwn HWY417 IC140 RAMP36 & HWY417 IC140 RAMP61,350726.2383,5018807.789,-75.91432413,45.30772054,10/16/2015,16:00,01 - Clear,01 - Dry,10 - No control,01 - Non intersection,01 - Daylight,03 - P.D. only,04 - Sideswipe,Kanata Lakes - Marchwood Lakeside - Morgan's Grant - Kanata
13049,MONTREAL RD @ OGILVIE RD,375653.7211,5034557.347,-75.59420858,45.44735501,10/27/2015,15:14,01 - Clear,01 - Dry,01 - Traffic signal,02 - Intersection related,01 - Daylight,03 - P.D. only,04 - Sideswipe,Beacon Hill South - Cardinal Heights
13050,WISTERIA CRES btwn VINTAGE LANE & TO BE DETERMINED,369739.4018,5022745.165,-75.67136351,45.34164757,8/4/2015,0:00,01 - Clear,01 - Dry,10 - No control,01 - Non intersection,00 - Unknown,03 - P.D. only,06 - SMV unattended vehicle,Hunt Club - Ottawa Airport
13051,BRONSON AVE @ CATHERINE ST/RAYMOND ST,367252.7085,5029795.844,-75.70219939,45.40531368,11/29/2015,21:57,01 - Clear,01 - Dry,01 - Traffic signal,02 - Intersection related,07 - Dark,03 - P.D. only,02 - Angle,Centretown West
13052,GREENBANK RD btwn HWY417 IC129 RAMP35 & HWY417 IC129 RAMP25,360490.333,5023418.457,-75.78929732,45.34850106,11/30/2015,11:32,01 - Clear,01 - Dry,10 - No control,01 - Non intersection,01 - Daylight,03 - P.D. only,04 - Sideswipe,Iris
13053,CARLING AVE @ MELROSE AVE,365970.7053,5028392.995,-75.71874874,45.3928044,11/8/2015,3:41,01 - Clear,01 - Dry,02 - Stop sign,02 - Intersection related,07 - Dark,03 - P.D. only,01 - Approaching,Civic Hospital - Experimental Farm - Central Park
13054,FRANK FINNIGAN WAY btwn CYCLONE TAYLOR BLVD & PALLADIUM DR,349867.7403,5017669.468,-75.92537508,45.2975332,11/8/2015,16:13,01 - Clear,01 - Dry,10 - No control,01 - Non intersection,01 - Daylight,03 - P.D. only,02 - Angle,Kanata Lakes - Marchwood Lakeside - Morgan's Grant - Kanata
13055,PORTOBELLO BLVD btwn NESTING WAY & INNES RD,385556.6437,5037071.969,-75.46721642,45.46890518,12/6/2015,14:40,01 - Clear,01 - Dry,10 - No control,01 - Non intersection,01 - Daylight,03 - P.D. only,07 - SMV other,Fallingbrook
13056,GEORGE ST @ DALHOUSIE ST,368156.9756,5032316.312,-75.69032495,45.42791075,12/11/2015,4:48,01 - Clear,02 - Wet,01 - Traffic signal,03 - At intersection,07 - Dark,03 - P.D. only,02 - Angle,Byward Market
13057,CENTER ST @ MONTREAL RD,371821.7081,5033952.31,-75.64327364,45.44228913,12/11/2015,6:52,01 - Clear,01 - Dry,02 - Stop sign,03 - At intersection,03 - Dawn,03 - P.D. only,02 - Angle,Cummings
13058,8TH LINE RD @ VAN RENS ST,385690.8029,5010549.676,-75.46983925,45.23026301,10/3/2015,9:54,01 - Clear,01 - Dry,02 - Stop sign,02 - Intersection related,01 - Daylight,03 - P.D. only,03 - Rear end,Metcalfe
13059,QUEENSDALE AVE btwn EIGHTH ST & CONROY RD,374129.9488,5023914.512,-75.61518206,45.35174872,10/3/2015,20:00,01 - Clear,01 - Dry,10 - No control,04 - At/near private drive,07 - Dark,03 - P.D. only,99 - Other,Blossom Park - Blossom Park West - Sawmill Creek/ Timbermill
13060,BELGREEN DR btwn STEVENAGE DR & RUSSELL RD,375830.572,5027346.463,-75.59298729,45.38245757,12/11/2015,13:38,01 - Clear,01 - Dry,10 - No control,01 - Non intersection,01 - Daylight,03 - P.D. only,06 - SMV unattended vehicle,Greenbelt
13061,PARKDALE AVE btwn RUSKIN ST & INGLEWOOD PL,365564.559,5028321.088,-75.72394428,45.39219275,12/11/2015,12:15,01 - Clear,01 - Dry,10 - No control,04 - At/near private drive,01 - Daylight,03 - P.D. only,06 - SMV unattended vehicle,Civic Hospital - Experimental Farm - Central Park
13062,MONTREAL RD btwn PALACE ST & VANIER PKWY,369996.1126,5033022.039,-75.66673059,45.43409158,10/7/2015,18:30,01 - Clear,01 - Dry,10 - No control,04 - At/near private drive,07 - Dark,03 - P.D. only,05 - Turning movement,Vanier South
13063,LEGGET DR btwn SOLANDT RD & FARRAR RD,350850.7583,5022716.033,-75.91237279,45.34287969,12/8/2015,17:03,01 - Clear,01 - Dry,10 - No control,01 - Non intersection,07 - Dark,03 - P.D. only,07 - SMV other,South March
13064,FORESTBROOK ST btwn STATEWOOD DR & BRADY AVE,348680.063,5022964.074,-75.94004841,45.34525077,12/1/2015,18:38,04 - Freezing Rain,02 - Wet,10 - No control,01 - Non intersection,07 - Dark,03 - P.D. only,06 - SMV unattended vehicle,Morgan's Grant
13065,ACACIA AVE @ BEECHWOOD AVE,369634.7076,5033942.597,-75.67122796,45.44240799,12/5/2015,9:52,01 - Clear,01 - Dry,02 - Stop sign,02 - Intersection related,01 - Daylight,03 - P.D. only,99 - Other,Vanier North
13066,ALBANY DR btwn NAVAHO DR & CLINE CRES,363140.0144,5024962.645,-75.75530349,45.36218011,8/16/2015,18:00,01 - Clear,01 - Dry,10 - No control,04 - At/near private drive,01 - Daylight,03 - P.D. only,06 - SMV unattended vehicle,Braemar Park - Bel Air Heights - Copeland Park
13067,LEMAY CRES btwn PLEASANT PARK RD & PLEASANT PARK RD,373026.9337,5028523.026,-75.62862097,45.39332245,8/17/2015,14:42,01 - Clear,01 - Dry,10 - No control,04 - At/near private drive,01 - Daylight,03 - P.D. only,06 - SMV unattended vehicle,Urbandale
13068,MERIVALE RD @ SUMMERVILLE AVE,364873.1873,5026444.6,-75.73300171,45.37536812,10/6/2015,17:00,01 - Clear,01 - Dry,01 - Traffic signal,02 - Intersection related,01 - Daylight,03 - P.D. only,04 - Sideswipe,Carlington
13069,REGIONAL ROAD 174 btwn OR174 IC109 RAMP56 & OR174 IC109 RAMP86,376380.3852,5034828.229,-75.58488071,45.4497182,10/19/2015,7:40,01 - Clear,01 - Dry,10 - No control,01 - Non intersection,01 - Daylight,03 - P.D. only,03 - Rear end,Greenbelt
13070,MANN AVE @ RUSSELL AVE,369470.7145,5031504.221,-75.67364429,45.42048363,9/18/2015,9:25,01 - Clear,01 - Dry,02 - Stop sign,03 - At intersection,01 - Daylight,03 - P.D. only,02 - Angle,Sandy Hill
13071,NAVAHO DR @ WOODROFFE AVE/TRANSITWAY N BASELIN,362706.2419,5023491.72,-75.76101232,45.34898082,10/17/2015,12:37,01 - Clear,01 - Dry,01 - Traffic signal,03 - At intersection,01 - Daylight,03 - P.D. only,05 - Turning movement,Crestview - Meadowlands
13072,JOCKVALE RD @ STRANDHERD DR,363560.4805,5014577.477,-75.75116859,45.26869971,10/17/2015,14:20,01 - Clear,01 - Dry,01 - Traffic signal,02 - Intersection related,01 - Daylight,03 - P.D. only,03 - Rear end,Barrhaven West - Old Barrhaven
13073,GREYROCK CRES btwn GLENMOUNT AVE & CAMEO DR,363929.0715,5025304.755,-75.7451913,45.36519226,8/18/2015,0:00,02 - Rain,02 - Wet,10 - No control,01 - Non intersection,00 - Unknown,03 - P.D. only,06 - SMV unattended vehicle,Braemar Park - Bel Air Heights - Copeland Park
13074,TIGHE ST btwn MANOTICK MAIN ST & DICKINSON ST,368861.5284,5009803.07,-75.6842349,45.22527709,9/19/2015,17:49,01 - Clear,01 - Dry,10 - No control,01 - Non intersection,01 - Daylight,03 - P.D. only,06 - SMV unattended vehicle,Manotick
13075,EWING ST btwn CLIFFORD PRIV & WELSH PRIV,373670.8993,5026340.368,-75.62070187,45.37362082,10/27/2015,0:00,01 - Clear,01 - Dry,10 - No control,01 - Non intersection,00 - Unknown,03 - P.D. only,06 - SMV unattended vehicle,Hunt Club
13076,DAVIDSON RD btwn CONROY RD & HAWTHORNE RD,375849.0251,5024254.816,-75.59319631,45.35463857,12/1/2015,16:59,04 - Freezing Rain,06 - Ice,10 - No control,01 - Non intersection,05 - Dusk,03 - P.D. only,07 - SMV other,Greenbelt
13077,HUNTMAR DR btwn MARCH RD & MARGARET ANNE DR,344214.4757,5023472.762,-75.99699071,45.35009326,12/6/2015,22:22,01 - Clear,01 - Dry,10 - No control,01 - Non intersection,07 - Dark,03 - P.D. only,07 - SMV other,Stittsville - Basswood
13078,TAPADERO AVE btwn BALIKUN HTS & EQUINE WAY,352995.2336,5015222.208,-75.88573871,45.27530456,1/17/2015,22:52,01 - Clear,05 - Packed snow,10 - No control,04 - At/near private drive,07 - Dark,03 - P.D. only,06 - SMV unattended vehicle,Glen Cairn - Kanata South Business Park
13079,ST. LAURENT BLVD @ WALKLEY RD,373903.4721,5028047.577,-75.61749393,45.38895863,11/9/2015,3:51,01 - Clear,01 - Dry,01 - Traffic signal,02 - Intersection related,07 - Dark,03 - P.D. only,03 - Rear end,Hawthorne Meadows
13080,KENNEVALE DR btwn CEDARVIEW RD & MERNER AVE,361913.3857,5014329.13,-75.77218566,45.26660075,11/12/2015,15:09,01 - Clear,01 - Dry,10 - No control,01 - Non intersection,01 - Daylight,03 - P.D. only,05 - Turning movement,Barrhaven West - Old Barrhaven
13081,KLONDIKE RD @ MARCH RD,349265.0851,5024063.224,-75.9324845,45.35510433,12/8/2015,6:46,01 - Clear,01 - Dry,01 - Traffic signal,03 - At intersection,07 - Dark,03 - P.D. only,03 - Rear end,South March
13082,CAMPEAU DR @ TERON RD/COLCHESTER SQ,352563.0005,5020467.526,-75.89074205,45.3225327,12/8/2015,9:35,01 - Clear,01 - Dry,01 - Traffic signal,02 - Intersection related,01 - Daylight,03 - P.D. only,03 - Rear end,Beaverbrook
13083,INDUSTRIAL AVE btwn NEIGHBORHOOD WAY & TRAINYARDS DR,371378.6588,5030554.522,-75.64939574,45.41175968,12/11/2015,10:37,01 - Clear,01 - Dry,10 - No control,04 - At/near private drive,01 - Daylight,03 - P.D. only,03 - Rear end,Industrial Park
13084,RUSSELL RD btwn ST. LAURENT BLVD & SOUTHVALE CRES,373650.5995,5029203.505,-75.62056162,45.39938404,10/4/2015,22:12,01 - Clear,01 - Dry,10 - No control,01 - Non intersection,07 - Dark,03 - P.D. only,03 - Rear end,Sheffield Glen
13085,BANK ST btwn CAHILL DR & TURN LANE (1),371421.1753,5024202.176,-75.6497099,45.35459959,10/8/2015,17:07,01 - Clear,01 - Dry,10 - No control,04 - At/near private drive,01 - Daylight,03 - P.D. only,05 - Turning movement,South Keys - Heron Gate - Greenboro West
13086,BLAIR RD @ INNES RD,375578.0129,5031439.555,-75.5956245,45.41931061,12/12/2015,14:34,01 - Clear,01 - Dry,01 - Traffic signal,02 - Intersection related,01 - Daylight,03 - P.D. only,03 - Rear end,Greenbelt
13087,CUMBERLAND ST @ YORK ST,368262.6987,5032522.322,-75.68894744,45.42975477,10/22/2015,11:47,01 - Clear,01 - Dry,01 - Traffic signal,02 - Intersection related,01 - Daylight,03 - P.D. only,03 - Rear end,Byward Market
13088,MERIVALE RD btwn SLACK RD & CAPITAL DR,366035.5848,5020918.67,-75.7188462,45.3255461,12/8/2015,17:23,01 - Clear,01 - Dry,10 - No control,01 - Non intersection,07 - Dark,03 - P.D. only,03 - Rear end,Merivale Gardens - Grenfell Glen - Pineglen - Country Place
13089,BEARBROOK RD btwn ROCKCLIFFE PKWY & Continuation of BEARBROOK RD,376947.5086,5034540.87,-75.5776734,45.44707442,12/8/2015,19:27,01 - Clear,01 - Dry,10 - No control,01 - Non intersection,07 - Dark,03 - P.D. only,07 - SMV other,Greenbelt
13090,BLAIR RD @ INNES RD,375578.0142,5031438.474,-75.59562464,45.41930088,8/9/2015,12:00,01 - Clear,01 - Dry,01 - Traffic signal,02 - Intersection related,01 - Daylight,03 - P.D. only,03 - Rear end,Greenbelt
13091,FROBISHER LANE W @ RIVERSIDE DR,370118.7151,5029600.145,-75.6656174,45.40329128,8/12/2015,16:43,01 - Clear,01 - Dry,01 - Traffic signal,02 - Intersection related,01 - Daylight,03 - P.D. only,04 - Sideswipe,Industrial Park
13092,BASELINE RD btwn COLLEGE SQUARE SC & WOODROFFE AVE,362740.0278,5023884.043,-75.76053522,45.35250812,8/21/2015,18:50,01 - Clear,01 - Dry,10 - No control,01 - Non intersection,01 - Daylight,03 - P.D. only,04 - Sideswipe,Braemar Park - Bel Air Heights - Copeland Park
13093,BRONSON AVE btwn LAKESIDE AVE & LAKEVIEW TER,367672.5732,5028797.943,-75.69696358,45.39629728,10/7/2015,7:42,01 - Clear,01 - Dry,10 - No control,01 - Non intersection,01 - Daylight,03 - P.D. only,03 - Rear end,The Glebe
13094,PRESLAND RD @ VANIER PKWY,370433.1219,5031751.997,-75.66131505,45.4226234,10/8/2015,11:00,01 - Clear,01 - Dry,01 - Traffic signal,02 - Intersection related,01 - Daylight,03 - P.D. only,03 - Rear end,Overbrook
13095,BOWESVILLE RD/EMERALD LINKS DR W @ MITCH OWENS,374182.0192,5013708.083,-75.61594628,45.25990952,10/19/2015,16:45,02 - Rain,02 - Wet,02 - Stop sign,03 - At intersection,01 - Daylight,03 - P.D. only,05 - Turning movement,Greely
13096,BELCOURT BLVD @ INNES RD,382120.565,5035266.864,-75.51143702,45.45305321,10/26/2015,14:00,01 - Clear,01 - Dry,01 - Traffic signal,02 - Intersection related,01 - Daylight,03 - P.D. only,03 - Rear end,Chapel Hill South
13097,HOLLAND AVE @ WELLINGTON ST,364928.9807,5029153.915,-75.73195933,45.39974122,9/24/2015,17:30,01 - Clear,01 - Dry,01 - Traffic signal,02 - Intersection related,01 - Daylight,03 - P.D. only,03 - Rear end,Island Park
13098,TROTTING WAY btwn EQUESTRIAN DR & FOXLEIGH CRES,354760.0189,5016134.321,-75.86315561,45.28338878,10/18/2015,8:30,01 - Clear,01 - Dry,10 - No control,04 - At/near private drive,01 - Daylight,03 - P.D. only,05 - Turning movement,Bridlewood - Emerald Meadows
13099,MARCH RD @ SOLANDT RD,350489.6085,5022710.953,-75.91698144,45.3428576,10/19/2015,8:52,01 - Clear,01 - Dry,01 - Traffic signal,03 - At intersection,01 - Daylight,03 - P.D. only,02 - Angle,South March
13100,AQUAVIEW DR btwn ESPRIT DR & CARMELLA CRES,384996.1941,5035757.675,-75.47459716,45.45714499,10/25/2015,4:00,02 - Rain,02 - Wet,10 - No control,01 - Non intersection,07 - Dark,03 - P.D. only,06 - SMV unattended vehicle,Avalon
13101,"CARILLON ST btwn DESROSIERS, RUE ST & BARIBEAU ST",369951.687,5033367.418,-75.66725263,45.4372033,11/5/2015,15:15,01 - Clear,01 - Dry,10 - No control,01 - Non intersection,01 - Daylight,03 - P.D. only,06 - SMV unattended vehicle,Vanier North
13102,MORIN ST btwn ST. LAURENT BLVD & COTE ST,371587.6599,5033484.994,-75.64632851,45.43810684,12/6/2015,11:21,01 - Clear,01 - Dry,10 - No control,01 - Non intersection,01 - Daylight,03 - P.D. only,06 - SMV unattended vehicle,Vanier South
13103,BROMLEY RD @ SHERBOURNE RD,362923.3676,5026580.848,-75.75787831,45.37675851,12/7/2015,11:57,01 - Clear,01 - Dry,02 - Stop sign,03 - At intersection,01 - Daylight,03 - P.D. only,02 - Angle,Carlingwood - McKellar Park - Laurentien View
13104,HAWTHORNE RD btwn AGES DR & STEVENAGE DR,375004.2322,5027643.89,-75.60349549,45.38521698,12/7/2015,14:17,01 - Clear,01 - Dry,10 - No control,01 - Non intersection,01 - Daylight,03 - P.D. only,04 - Sideswipe,Industrial Park
13105,REGIONAL ROAD 174 btwn QUIGLEY HILL RD & REGIONAL ROAD 174 DIVIDED,386095.0205,5042102.871,-75.45949914,45.51410557,11/12/2015,17:27,02 - Rain,02 - Wet,10 - No control,01 - Non intersection,07 - Dark,03 - P.D. only,01 - Approaching,Cumberland - Estates
13106,KINBURN SIDE RD btwn LIMESTONE RD & BECKS RD,333349.696,5031707.796,-76.13516777,45.4247221,12/8/2015,11:46,01 - Clear,01 - Dry,10 - No control,01 - Non intersection,01 - Daylight,03 - P.D. only,07 - SMV other,Car
13107,HINES RD @ SOLANDT RD,350332.8618,5022566.525,-75.91899478,45.34156819,12/8/2015,12:18,01 - Clear,01 - Dry,10 - No control,03 - At intersection,01 - Daylight,03 - P.D. only,07 - SMV other,South March
13108,BLAIR RD btwn BEAVERPOND DR & INNES RD,375572.9587,5031451.107,-75.59568742,45.41941506,12/8/2015,13:21,01 - Clear,01 - Dry,10 - No control,01 - Non intersection,01 - Daylight,03 - P.D. only,07 - SMV other,Greenbelt
13109,BRAMBLEGROVE CRES @ BRIERMOOR CRES W,373456.3224,5025707.785,-75.62352905,45.36795015,12/11/2015,15:00,01 - Clear,02 - Wet,10 - No control,03 - At intersection,01 - Daylight,03 - P.D. only,02 - Angle,Greenboro East
13110,WALKLEY RD btwn HALIFAX DR & ST. LAURENT BLVD,373888.3097,5028037.469,-75.61768896,45.38886917,12/11/2015,17:49,01 - Clear,02 - Wet,10 - No control,04 - At/near private drive,07 - Dark,03 - P.D. only,02 - Angle,Urbandale
13111,HAWTHORNE RD btwn DAVIDSON RD & LEITRIM RD,376350.0366,5024347.583,-75.58678925,45.3554223,10/9/2015,14:44,02 - Rain,02 - Wet,10 - No control,01 - Non intersection,01 - Daylight,03 - P.D. only,05 - Turning movement,Greenbelt
13112,BELCOURT BLVD @ INNES RD,382121.5789,5035266.61,-75.5114241,45.45305082,10/9/2015,15:10,01 - Clear,02 - Wet,01 - Traffic signal,02 - Intersection related,01 - Daylight,03 - P.D. only,03 - Rear end,Chapel Hill South
13113,CLEARBROOK DR/MARKETPLACE AVE @ LONGFIELDS DR,364631.8301,5014953.584,-75.73747142,45.27199359,12/12/2015,18:10,01 - Clear,01 - Dry,01 - Traffic signal,03 - At intersection,07 - Dark,03 - P.D. only,05 - Turning movement,New Barrhaven
13114,TAPADERO AVE btwn DRESSAGE AVE & NONIUS ST,353007.8222,5015559.042,-75.88554557,45.27833462,2/9/2015,8:40,03 - Snow,03 - Loose snow,10 - No control,01 - Non intersection,01 - Daylight,03 - P.D. only,04 - Sideswipe,Glen Cairn - Kanata South Business Park
13115,TRIM RD @ DAIRY DR/TAYLOR CREEK DR,384535.773,5039595.391,-75.4798604,45.4917258,10/21/2015,16:25,01 - Clear,01 - Dry,11 - Roundabout,03 - At intersection,01 - Daylight,03 - P.D. only,02 - Angle,Industrial Park
13116,HERON RD @ HERON RD RAMP 36,368478.1596,5026691.023,-75.68694714,45.37726703,12/8/2015,16:00,01 - Clear,01 - Dry,03 - Yield sign,02 - Intersection related,05 - Dusk,03 - P.D. only,03 - Rear end,Riverside Park
13117,BLAIR RD btwn CROWNHILL ST & OGILVIE RD,374468.0841,5033293.35,-75.6095428,45.43610146,8/17/2015,11:40,01 - Clear,01 - Dry,10 - No control,01 - Non intersection,01 - Daylight,03 - P.D. only,03 - Rear end,Carson Grove - Carson Meadows
13118,ST. PATRICK ST/ST. ANDREW ST @ BEAUSOLEIL DR,368427.4365,5033070.034,-75.68677153,45.43466792,8/21/2015,17:20,01 - Clear,01 - Dry,01 - Traffic signal,02 - Intersection related,01 - Daylight,03 - P.D. only,03 - Rear end,Lower Town
13119,"MONTREAL RD btwn MONTREAL RD & EGLISE, RUE DE L",371050.8194,5033581.32,-75.65317662,45.43902461,8/26/2015,12:59,01 - Clear,01 - Dry,10 - No control,01 - Non intersection,01 - Daylight,03 - P.D. only,04 - Sideswipe,Vanier South
13120,BRIDGE ST btwn MANOTICK MAIN ST & DICKINSON CIRC,368743.5635,5009977.974,-75.68571445,45.22686159,10/8/2015,16:12,01 - Clear,01 - Dry,10 - No control,04 - At/near private drive,01 - Daylight,03 - P.D. only,02 - Angle,Manotick
13121,LEIKIN DR btwn HOLITZNER WAY & CRESTWAY DR,366764.3639,5017287.852,-75.71000437,45.29281248,10/19/2015,19:38,02 - Rain,02 - Wet,10 - No control,01 - Non intersection,07 - Dark,03 - P.D. only,07 - SMV other,Greenbelt
13122,WOODROFFE AVE btwn EARL MULLIGAN DR & LONGFIELDS DR,365341.0685,5017291.736,-75.72814809,45.29297149,10/26/2015,16:20,01 - Clear,01 - Dry,10 - No control,01 - Non intersection,01 - Daylight,03 - P.D. only,03 - Rear end,Greenbelt