Record,Location,X,Y,lon,lat,Date,Time,Environment,Road_Surface,Traffic_Control,Collision_Location,Light,Collision_Classification,Impact_type,Neighborhood
13537,STRANDHERD DR @ CEDARVIEW RD/TARTAN DR,362289.6837,5013547.387,-75.76748124,45.25953591,12/21/2015,13:23,02 - Rain,02 - Wet,01 - Traffic signal,02 - Intersection related,01 - Daylight,03 - P.D. only,03 - Rear end,New Barrhaven
13538,BASELINE RD @ 207 E OF CLYDE AVE,364535.4807,5025000.253,-75.73748771,45.36240098,12/11/2015,18:15,02 - Rain,02 - Wet,01 - Traffic signal,02 - Intersection related,07 - Dark,03 - P.D. only,03 - Rear end,Civic Hospital - Experimental Farm - Central Park
13539,CARP RD @ HAZELDEAN RD,348804.5759,5014360.436,-75.93922346,45.26782478,12/12/2015,13:53,01 - Clear,01 - Dry,01 - Traffic signal,02 - Intersection related,01 - Daylight,03 - P.D. only,03 - Rear end,Stittsville
13540,KING EDWARD AVE @ ST. PATRICK ST,368249.7843,5032822.325,-75.68907382,45.43245526,11/7/2015,21:30,01 - Clear,01 - Dry,01 - Traffic signal,02 - Intersection related,07 - Dark,03 - P.D. only,04 - Sideswipe,Byward Market
13541,PARKDALE AVE @ SCOTT ST,364949.1834,5029726.3,-75.73163149,45.40488968,11/26/2015,22:35,01 - Clear,02 - Wet,01 - Traffic signal,02 - Intersection related,07 - Dark,03 - P.D. only,04 - Sideswipe,Islan
13542,WOODROFFE AVE btwn KNOXDALE RD/MEDHURST DR & NORICE ST,363371.3145,5021947.787,-75.75270832,45.33503341,12/10/2015,19:56,01 - Clear,01 - Dry,10 - No control,01 - Non intersection,07 - Dark,03 - P.D. only,03 - Rear end,Woodvale - Craig Henry - Manordale - Estates of Arlington Wo
13543,TERON RD @ PARKWAY (THE)/PENFIELD DR S,352294.3451,5020788.487,-75.894138,45.32543901,12/11/2015,9:38,01 - Clear,01 - Dry,01 - Traffic signal,03 - At intersection,01 - Daylight,03 - P.D. only,02 - Angle,Beaverbrook
13544,LESTER RD btwn ALBION RD & UPLANDS DR,371498.7181,5021445.401,-75.649092,45.32978762,10/14/2015,9:46,01 - Clear,01 - Dry,10 - No control,01 - Non intersection,01 - Daylight,03 - P.D. only,04 - Sideswipe,Greenbelt
13545,DAZE ST btwn 200 W OF BANK ST & BANK ST,371291.9637,5024299.525,-75.65134576,45.35548777,10/25/2015,12:20,01 - Clear,01 - Dry,10 - No control,04 - At/near private drive,01 - Daylight,03 - P.D. only,04 - Sideswipe,South Keys - Heron Gate - Greenboro West
13546,HARVEST VALLEY AVE/SWEETVALLEY DR @ TENTH LINE RD,384697.1996,5034388.902,-75.47864187,45.44486428,12/16/2015,6:50,01 - Clear,02 - Wet,02 - Stop sign,03 - At intersection,07 - Dark,03 - P.D. only,02 - Angle,Avalon
13547,ST. LAURENT BLVD @ COVENTRY RD/OGILVIE RD,372306.4415,5031952.297,-75.6373523,45.42424734,12/16/2015,9:45,01 - Clear,01 - Dry,01 - Traffic signal,02 - Intersection related,01 - Daylight,03 - P.D. only,04 - Sideswipe,Overbrook
13548,CATHERINE ST @ METCALFE ST,368392.9847,5030485.841,-75.68754542,45.41141939,12/10/2015,18:00,01 - Clear,01 - Dry,01 - Traffic signal,03 - At intersection,07 - Dark,03 - P.D. only,05 - Turning movement,Centretown
13549,KENT ST @ LISGAR ST,367436.9798,5030962.125,-75.69969746,45.41579106,12/13/2015,19:34,02 - Rain,02 - Wet,02 - Stop sign,02 - Intersection related,07 - Dark,03 - P.D. only,05 - Turning movement,Centretown
13550,MONTREAL RD @ ST. LAURENT BLVD,371545.7029,5033815.793,-75.64681988,45.44108722,9/15/2015,14:06,01 - Clear,01 - Dry,01 - Traffic signal,02 - Intersection related,01 - Daylight,03 - P.D. only,03 - Rear end,Cummings
13551,OGILVIE RD @ ELMLEA GT/SHOPPERS CITY EAST SC,374988.7327,5033486.222,-75.60286149,45.43778474,10/22/2015,11:05,01 - Clear,01 - Dry,01 - Traffic signal,03 - At intersection,01 - Daylight,03 - P.D. only,05 - Turning movement,Beacon Hill South - Cardinal Heights
13552,BANK ST @ WALKLEY RD,370337.852,5025946.654,-75.66330358,45.37039796,10/22/2015,15:19,01 - Clear,01 - Dry,01 - Traffic signal,02 - Intersection related,01 - Daylight,03 - P.D. only,03 - Rear end,Ledbury - Heron Gate - Ridgemont - Elmwood
13553,BANK ST @ FIRST AVE,368272.9895,5029703.207,-75.68917906,45.40438839,10/29/2015,12:00,01 - Clear,02 - Wet,01 - Traffic signal,02 - Intersection related,01 - Daylight,03 - P.D. only,03 - Rear end,The Glebe
13554,ST. JOSEPH BLVD/OLD MONTREAL RD @ TRIM RD,384683.4747,5039285.222,-75.47802149,45.48891831,10/29/2015,17:06,01 - Clear,01 - Dry,11 - Roundabout,03 - At intersection,01 - Daylight,03 - P.D. only,04 - Sideswipe,Cardinal Creek
13555,RIVERSIDE DR @ HERON RD,368121.1049,5026646.14,-75.69151137,45.37689554,9/15/2015,15:19,01 - Clear,01 - Dry,01 - Traffic signal,02 - Intersection related,01 - Daylight,03 - P.D. only,99 - Other,Riverside Park
13556,BLAIR RD @ OGILVIE RD,374507.7237,5033198.935,-75.60904958,45.43524801,10/23/2015,13:55,01 - Clear,01 - Dry,01 - Traffic signal,02 - Intersection related,01 - Daylight,03 - P.D. only,03 - Rear end,Industrial Park
13557,RICHARDSON SIDE RD btwn CARDEVCO RD & CARP RD,346194.3933,5017145.294,-75.97225284,45.29304251,11/29/2015,17:09,01 - Clear,01 - Dry,10 - No control,01 - Non intersection,07 - Dark,03 - P.D. only,07 - SMV other,Stittsville - Basswood
13558,CORKSTOWN RD @ MARCH RD,352656.8911,5020883.486,-75.88950426,45.3262692,12/10/2015,10:10,01 - Clear,01 - Dry,02 - Stop sign,03 - At intersection,01 - Daylight,03 - P.D. only,05 - Turning movement,Beaverbrook
13559,HAWTHORNE AVE/ISABELLA ST @ QUEEN ELIZABETH DR,368665.4089,5030478.09,-75.68406632,45.41132484,12/7/2015,9:30,01 - Clear,01 - Dry,01 - Traffic signal,02 - Intersection related,01 - Daylight,03 - P.D. only,03 - Rear end,The Glebe
13560,HERON RD EB btwn RIVERSIDE DR & BRONSON AVE RAMP 35,368231.3549,5026643.759,-75.69010414,45.37686415,12/21/2015,16:46,02 - Rain,02 - Wet,10 - No control,01 - Non intersection,05 - Dusk,03 - P.D. only,03 - Rear end,Riverside Park
13561,BASELINE RD btwn NAVAHO DR & COLLEGE SQUARE SC,363059.6979,5024080.178,-75.75643264,45.35424644,12/21/2015,16:40,02 - Rain,02 - Wet,10 - No control,04 - At/near private drive,05 - Dusk,03 - P.D. only,02 - Angle,Braemar Park - Bel Air Heights - Copeland Park
13562,CASTLEFRANK RD @ TERRY FOX DR,352992.565,5016304.086,-75.88566767,45.28503977,12/21/2015,16:43,02 - Rain,02 - Wet,01 - Traffic signal,03 - At intersection,05 - Dusk,03 - P.D. only,05 - Turning movement,Glen Cairn - Kanata South Business Park
13563,HWY 417 RIVERSID IC117R25 @ RIVERSIDE DR,370818.6846,5031036.847,-75.65648454,45.41615249,12/15/2015,12:27,01 - Clear,02 - Wet,10 - No control,02 - Intersection related,01 - Daylight,03 - P.D. only,04 - Sideswipe,Industrial Park
13564,ANDERSON RD/WEIR RD @ RENAUD RD,377767.7481,5031502.117,-75.56763928,45.41964856,12/17/2015,6:40,02 - Rain,02 - Wet,11 - Roundabout,03 - At intersection,07 - Dark,03 - P.D. only,02 - Angle,Greenbelt
13565,REGIONAL RD 174 EB btwn REGIONAL RD 174 & TRIM RD,384691.3372,5040333.354,-75.4777503,45.49834746,12/19/2015,22:40,03 - Snow,03 - Loose snow,10 - No control,01 - Non intersection,07 - Dark,03 - P.D. only,01 - Approaching,Cumberland - Estates
13566,FAIRWAY DR btwn MARINA DR & BUNKER RD,372741.5167,5003644.626,-75.63567165,45.16950054,12/11/2015,13:15,01 - Clear,01 - Dry,10 - No control,04 - At/near private drive,01 - Daylight,03 - P.D. only,02 - Angle,Manotick
13567,BASELINE RD btwn GREENBANK RD & PINECREST RD,360729.0922,5022662.479,-75.78633607,45.34167978,12/11/2015,15:00,01 - Clear,01 - Dry,10 - No control,01 - Non intersection,01 - Daylight,03 - P.D. only,03 - Rear end,Iris
13568,ST. LAURENT BLVD btwn KAREN WAY & COLEFORD PL,371292.0407,5034429.176,-75.64997909,45.44663033,10/28/2015,17:59,01 - Clear,01 - Dry,10 - No control,01 - Non intersection,01 - Daylight,03 - P.D. only,03 - Rear end,Cemetery
13569,HAMLET RD btwn HALL ST & OTHELLO AVE,373113.282,5029271.551,-75.62741462,45.40004892,12/16/2015,10:35,01 - Clear,01 - Dry,10 - No control,04 - At/near private drive,01 - Daylight,03 - P.D. only,99 - Other,Elmvale - Eastway - Riverview - Riverview Park West
13570,GREENBANK RD @ LISA AVE,360554.6751,5022893.492,-75.78853545,45.34377232,12/16/2015,15:42,01 - Clear,01 - Dry,01 - Traffic signal,03 - At intersection,01 - Daylight,03 - P.D. only,05 - Turning movement,Iris
13571,CORDOVA ST @ TOWER RD,363879.9664,5023940.955,-75.74598111,45.3529251,12/14/2015,12:07,02 - Rain,02 - Wet,02 - Stop sign,03 - At intersection,01 - Daylight,03 - P.D. only,02 - Angle,Crestview - Meadowlands
13572,MONTREAL RD @ SHEFFORD RD,376125.7305,5034853.214,-75.5881323,45.44996903,10/2/2015,9:45,01 - Clear,01 - Dry,01 - Traffic signal,02 - Intersection related,01 - Daylight,03 - P.D. only,04 - Sideswipe,Beacon Hill South - Cardinal Heights
13573,QUEEN MARY ST @ VANIER PKWY,370364.4312,5031957.225,-75.6621654,45.42447639,10/22/2015,17:14,01 - Clear,01 - Dry,01 - Traffic signal,02 - Intersection related,01 - Daylight,03 - P.D. only,03 - Rear end,Overbrook
13574,CYRVILLE RD btwn LABRIE AVE & STAR TOP RD,373816.7554,5031523.968,-75.61811467,45.42024607,10/23/2015,16:39,01 - Clear,01 - Dry,10 - No control,04 - At/near private drive,01 - Daylight,03 - P.D. only,02 - Angle,Industrial Park
13575,BLACKBURN BYPASS @ INNES RD W,377188.6414,5032175.33,-75.57493904,45.42576587,10/29/2015,17:36,01 - Clear,01 - Dry,01 - Traffic signal,02 - Intersection related,05 - Dusk,03 - P.D. only,03 - Rear end,Greenbelt
13576,BOOTH ST btwn MIDDLE ST & VIMY PLACE PRIV,366157.9394,5031233.121,-75.71600425,45.41834274,9/17/2015,13:55,01 - Clear,01 - Dry,10 - No control,01 - Non intersection,01 - Daylight,03 - P.D. only,03 - Rear end,LeBreton Flats
13577,BASELINE RD btwn COLLEGE SQUARE SC & WOODROFFE AVE,362646.3575,5023824.685,-75.76173754,45.35198176,9/18/2015,15:00,01 - Clear,01 - Dry,10 - No control,01 - Non intersection,01 - Daylight,03 - P.D. only,04 - Sideswipe,Braemar Park - Bel Air Heights - Copeland Park
13578,PRINCE OF WALES DR @ MEADOWLANDS DR/HOG'S BACK,367371.9189,5025693.837,-75.70119673,45.36839426,10/24/2015,21:40,02 - Rain,02 - Wet,01 - Traffic signal,02 - Intersection related,07 - Dark,03 - P.D. only,99 - Other,Carleton Heights - Rideauview
13579,HUNT CLUB RD @ UPLANDS DR,370158.1686,5023121.132,-75.66597087,45.34499153,10/24/2015,22:18,02 - Rain,02 - Wet,01 - Traffic signal,03 - At intersection,07 - Dark,03 - P.D. only,05 - Turning movement,Hunt Club East - Western Community
13580,DONALD ST @ ST. LAURENT BLVD,372093.7129,5032473.307,-75.63999921,45.42895564,12/5/2015,18:18,01 - Clear,01 - Dry,01 - Traffic signal,03 - At intersection,07 - Dark,03 - P.D. only,05 - Turning movement,Overbrook
13581,FAIRMONT AVE @ SHERWOOD DR,365961.9267,5028832.827,-75.71880632,45.39676267,12/12/2015,22:03,01 - Clear,01 - Dry,02 - Stop sign,03 - At intersection,07 - Dark,03 - P.D. only,02 - Angle,Civic Hospital - Experimental Farm - Central Park
13582,EAGLESON RD @ HWY 417 EAGLESO IC138R51/PARK AN,353037.1811,5020013.066,-75.88473808,45.31841096,12/16/2015,10:33,01 - Clear,01 - Dry,01 - Traffic signal,03 - At intersection,01 - Daylight,03 - P.D. only,02 - Angle,Greenbelt
13583,CALDWELL AVE btwn MORISSET AVE & MEDFORD ST,364418.63,5026139.44,-75.73884169,45.37266116,12/7/2015,10:15,01 - Clear,01 - Dry,10 - No control,04 - At/near private drive,01 - Daylight,03 - P.D. only,02 - Angle,Carlington
13584,COBDEN RD btwn ELMIRA DR & IRIS ST,361363.1785,5023880.218,-75.7781064,45.35258611,12/5/2015,15:30,01 - Clear,01 - Dry,10 - No control,04 - At/near private drive,01 - Daylight,03 - P.D. only,06 - SMV unattended vehicle,Iris
13585,WOODROFFE AVE @ KNOXDALE RD/MEDHURST DR,363420.4119,5021827.209,-75.75209623,45.33394436,12/21/2015,17:51,01 - Clear,01 - Dry,01 - Traffic signal,03 - At intersection,07 - Dark,03 - P.D. only,03 - Rear end,Woodvale - Craig Henry - Manordale - Estates of Arlington Wo
13586,WOODROFFE AVE btwn PARKGLEN DR & DAVID DR,362974.9134,5022919.776,-75.75765115,45.34381228,12/21/2015,18:12,02 - Rain,02 - Wet,10 - No control,01 - Non intersection,07 - Dark,03 - P.D. only,04 - Sideswipe,Crestview - Meadowlands
13587,ST. JOSEPH BLVD @ TENTH LINE RD,382891.5258,5038666.453,-75.50104141,45.48355398,12/17/2015,7:40,02 - Rain,02 - Wet,01 - Traffic signal,02 - Intersection related,03 - Dawn,03 - P.D. only,03 - Rear end,Industrial Park
13588,LAURIER AVE   W btwn QUEEN ELIZABETH DRWY/LAURIER AVE WB ON RAMP & QUE,368114.7642,5031646.851,-75.69095039,45.421891,12/17/2015,8:29,01 - Clear,02 - Wet,10 - No control,04 - At/near private drive,01 - Daylight,03 - P.D. only,99 - Other,Golden Triangle
13589,BLAIR RD @ REGIONAL RD 174 S/OR174 IC112 RAMP15,374908.612,5032662.262,-75.60400278,45.43037925,12/21/2015,17:00,04 - Freezing Rain,06 - Ice,01 - Traffic signal,03 - At intersection,07 - Dark,03 - P.D. only,05 - Turning movement,Pineview
13590,REGIONAL ROAD 174 btwn OR174 IC101 RAMP45 & RAMP,384073.768,5039775.232,-75.48574132,45.49339646,12/22/2015,16:33,02 - Rain,02 - Wet,10 - No control,01 - Non intersection,05 - Dusk,03 - P.D. only,07 - SMV other,Chatelaine Village
13591,BRIDGE ST btwn MANOTICK MAIN ST & DICKINSON CIRC,368775.9139,5010004.078,-75.68529918,45.22709354,12/11/2015,17:02,02 - Rain,02 - Wet,10 - No control,01 - Non intersection,07 - Dark,03 - P.D. only,03 - Rear end,Manotick
13592,O'CONNOR ST btwn QUEEN ST & ALBERT ST,367525.7061,5031541.512,-75.69849017,45.42099625,10/29/2015,14:58,01 - Clear,01 - Dry,10 - No control,01 - Non intersection,01 - Daylight,03 - P.D. only,99 - Other,Downtown
13593,ELGIN ST @ SLATER ST,367890.5272,5031645.673,-75.69381561,45.42190066,10/30/2015,17:24,01 - Clear,01 - Dry,01 - Traffic signal,02 - Intersection related,01 - Daylight,03 - P.D. only,05 - Turning movement,Downtown
13594,FALLOWFIELD RD @ MERIVALE RD,366892.4346,5018844.469,-75.70817679,45.30680745,12/17/2015,12:51,01 - Clear,02 - Wet,01 - Traffic signal,03 - At intersection,01 - Daylight,03 - P.D. only,05 - Turning movement,Greenbelt
13595,TERRY FOX DR @ PALLADIUM DR/KATIMAVIK RD,351270.44,5018181.053,-75.90744331,45.30204521,12/17/2015,12:49,02 - Rain,02 - Wet,01 - Traffic signal,02 - Intersection related,01 - Daylight,03 - P.D. only,03 - Rear end,Katimavik - Hazeldean
13596,KING EDWARD AVE @ ST. PATRICK ST,368248.7013,5032822.867,-75.68908759,45.43246024,12/14/2015,22:10,02 - Rain,02 - Wet,01 - Traffic signal,03 - At intersection,07 - Dark,03 - P.D. only,02 - Angle,Byward Market
13597,KENT ST @ MACLAREN ST,367571.9896,5030742.928,-75.69800055,45.4138067,10/8/2015,12:08,01 - Clear,01 - Dry,02 - Stop sign,03 - At intersection,01 - Daylight,03 - P.D. only,05 - Turning movement,Centretown
13598,BANK ST @ GLADSTONE AVE,367915.9857,5030562.21,-75.6936291,45.41214971,10/23/2015,19:39,01 - Clear,01 - Dry,01 - Traffic signal,02 - Intersection related,07 - Dark,03 - P.D. only,04 - Sideswipe,Centretown
13599,CONROY RD @ WALKLEY RD,372903.7226,5027463.171,-75.63034067,45.38379832,10/25/2015,15:10,01 - Clear,01 - Dry,01 - Traffic signal,02 - Intersection related,01 - Daylight,03 - P.D. only,99 - Other,Elmvale - Eastway - Riverview - Riverview Park West
13600,NAVAN RD btwn MILTON RD & MUSTANG ST,387608.5889,5031990.992,-75.44183399,45.42295146,6/21/2015,22:07,01 - Clear,01 - Dry,10 - No control,01 - Non intersection,07 - Dark,03 - P.D. only,07 - SMV other,Navan
13601,CARLING AVE @ MAITLAND AVE/SHERBOURNE RD,362942.6979,5026488.167,-75.75764243,45.37592298,9/18/2015,16:00,01 - Clear,01 - Dry,01 - Traffic signal,02 - Intersection related,01 - Daylight,03 - P.D. only,03 - Rear end,Carlingwood - McKellar Park - Laurentien View
13602,RICHMOND RD btwn 140 E OF POULIN AVE & FOREST ST,360427.2388,5025066.823,-75.78991697,45.36333801,9/18/2015,17:19,01 - Clear,01 - Dry,10 - No control,04 - At/near private drive,01 - Daylight,03 - P.D. only,02 - Angle,Woodroffe - Lincoln Heights
13603,CLARENCE ST btwn DALHOUSIE ST & CUMBERLAND ST,368063.5082,5032514.975,-75.69149378,45.42970671,10/25/2015,1:53,02 - Rain,02 - Wet,10 - No control,01 - Non intersection,07 - Dark,03 - P.D. only,04 - Sideswipe,Byward Market
13604,NINTH LINE RD btwn RAMSAYVILLE RD & ANDERSON RD,381800.5384,5020981.706,-75.51775689,45.32456093,12/11/2015,15:43,02 - Rain,02 - Wet,10 - No control,01 - Non intersection,01 - Daylight,03 - P.D. only,99 - Other,Greenbelt
13605,WOODROFFE AVE btwn ADIRONDACK DR & FIRESTATION,362472.8485,5023969.411,-75.76393488,45.35329828,12/17/2015,7:59,02 - Rain,02 - Wet,10 - No control,01 - Non intersection,01 - Daylight,03 - P.D. only,03 - Rear end,Iris
13606,YORK ST btwn DALHOUSIE ST & TO BE DETERMINED,368113.0651,5032432.294,-75.69087114,45.4289583,12/7/2015,22:19,01 - Clear,01 - Dry,10 - No control,01 - Non intersection,07 - Dark,03 - P.D. only,02 - Angle,Byward Market
13607,MERIVALE RD btwn CLYDE AVE & GILBEY DR,364628.1016,5024626.146,-75.73635082,45.35902692,12/21/2015,18:46,02 - Rain,02 - Wet,10 - No control,01 - Non intersection,07 - Dark,03 - P.D. only,07 - SMV other,Cityview - Skyline - Fisher Heights
13608,FRANK BENDER ST @ JEANNE D'ARC BLVD,381871.042,5035883.474,-75.51453013,45.45862852,12/21/2015,21:07,02 - Rain,02 - Wet,01 - Traffic signal,02 - Intersection related,07 - Dark,03 - P.D. only,07 - SMV other,Orleans Village - Chateauneuf
13609,TENTH LINE RD @ CHARLEMAGNE BLVD N/TOMPKINS AV,383183.2079,5037978.604,-75.49742052,45.47733266,12/17/2015,8:00,02 - Rain,02 - Wet,01 - Traffic signal,02 - Intersection related,01 - Daylight,03 - P.D. only,03 - Rear end,Queenswood Heights
13610,BALBAIR RD btwn BRACO ST & ABBEYHILL DR,353473.0961,5017874.496,-75.87938838,45.29913757,12/21/2015,18:30,02 - Rain,02 - Wet,10 - No control,04 - At/near private drive,07 - Dark,03 - P.D. only,06 - SMV unattended vehicle,Glen Cairn - Kanata South Business Park
13611,TENTH LINE RD @ VANGUARD DR,384073.4852,5035874.563,-75.48637437,45.45830193,12/23/2015,10:46,01 - Clear,01 - Dry,01 - Traffic signal,03 - At intersection,01 - Daylight,03 - P.D. only,05 - Turning movement,Avalon
13612,BASELINE RD @ CLYDE AVE,364357.9813,5024890.513,-75.73976649,45.36142866,12/11/2015,18:00,02 - Rain,02 - Wet,01 - Traffic signal,02 - Intersection related,07 - Dark,03 - P.D. only,03 - Rear end,Braemar Park - Bel Air Heights - Copeland Park
13613,MCRAE AVE @ RICHMOND RD,363608.9679,5028537.111,-75.7488922,45.39430345,12/12/2015,8:55,01 - Clear,01 - Dry,01 - Traffic signal,03 - At intersection,01 - Daylight,03 - P.D. only,02 - Angle,Westboro
13614,ARGYLE AVE @ O'CONNOR ST,368185.4328,5030484.851,-75.69019693,45.41142931,11/6/2015,19:57,01 - Clear,01 - Dry,01 - Traffic signal,03 - At intersection,07 - Dark,03 - P.D. only,05 - Turning movement,Centretown
13615,LYON ST @ SLATER ST,367102.7046,5031153.309,-75.70394385,45.41754112,11/24/2015,21:53,01 - Clear,01 - Dry,01 - Traffic signal,03 - At intersection,07 - Dark,03 - P.D. only,02 - Angle,Downtown
13616,GRENON AVE @ RICHMOND RD,359805.2265,5024032.788,-75.79797144,45.35408287,12/17/2015,14:31,01 - Clear,01 - Dry,01 - Traffic signal,03 - At intersection,01 - Daylight,03 - P.D. only,05 - Turning movement,Whitehaven - Queensway Terrace North
13617,WEST HUNT CLUB RD WB btwn ROYDON PL/SUNDERLAND ST & 545 E OF ROYDON PL,366038.6896,5022212.812,-75.71864649,45.33719035,12/17/2015,15:20,02 - Rain,02 - Wet,10 - No control,01 - Non intersection,01 - Daylight,03 - P.D. only,04 - Sideswipe,Industrial Park
13618,KENT ST @ LAURIER AVE,367316.9185,5031164.808,-75.7012056,45.41762548,12/18/2015,7:10,01 - Clear,01 - Dry,01 - Traffic signal,02 - Intersection related,03 - Dawn,03 - P.D. only,04 - Sideswipe,Downtown
13619,KING EDWARD AVE @ LAURIER AVE,368739.7072,5032035.305,-75.68291513,45.42532933,12/17/2015,15:00,02 - Rain,02 - Wet,01 - Traffic signal,02 - Intersection related,01 - Daylight,03 - P.D. only,04 - Sideswipe,Sandy Hill
13620,BASELINE RD @ MERIVALE RD,365053.9757,5025326.596,-75.73083003,45.36529299,10/16/2015,12:08,01 - Clear,01 - Dry,01 - Traffic signal,02 - Intersection related,01 - Daylight,03 - P.D. only,04 - Sideswipe,Civic Hospital - Experimental Farm - Central Park
13621,BLAIR RD @ REGIONAL RD 174 S/OR174 IC112 RAMP15,374907.955,5032663.577,-75.60401099,45.43039115,10/26/2015,8:12,01 - Clear,01 - Dry,01 - Traffic signal,02 - Intersection related,01 - Daylight,03 - P.D. only,03 - Rear end,Pineview
13622,MEADOWLANDS DR btwn HOGAN ST & NESS ST,366138.5529,5024894.153,-75.71703986,45.36130788,8/1/2015,12:59,01 - Clear,01 - Dry,10 - No control,01 - Non intersection,01 - Daylight,03 - P.D. only,03 - Rear end,Cityview - Skyline - Fisher Heights
13623,NICHOLAS ST NB btwn HWY417 IC118 RAMP52 & WALLER ST,369096.1982,5031305.557,-75.67845524,45.41873065,8/17/2015,16:47,01 - Clear,01 - Dry,10 - No control,01 - Non intersection,01 - Daylight,03 - P.D. only,03 - Rear end,Sandy Hill
13624,CARLING AVE @ PRESTON ST,366829.71,5028935.914,-75.70771061,45.39761388,8/17/2015,14:00,01 - Clear,01 - Dry,01 - Traffic signal,02 - Intersection related,01 - Daylight,03 - P.D. only,04 - Sideswipe,Centretown West
13625,ST. LAURENT BLVD @ COVENTRY RD/OGILVIE RD,372304.9988,5031950.494,-75.63737098,45.42423125,9/19/2015,14:57,01 - Clear,01 - Dry,01 - Traffic signal,02 - Intersection related,01 - Daylight,03 - P.D. only,03 - Rear end,Overbrook
13626,HWY 417 INNES IC112R68 @ INNES RD,374641.7583,5030921.519,-75.60765957,45.41474368,9/23/2015,17:20,01 - Clear,01 - Dry,01 - Traffic signal,02 - Intersection related,01 - Daylight,03 - P.D. only,03 - Rear end,Industrial Park
13627,REGIONAL RD 174 @ TRIM RD,384352.574,5039990.701,-75.48213981,45.49530332,10/25/2015,20:17,01 - Clear,01 - Dry,01 - Traffic signal,03 - At intersection,07 - Dark,03 - P.D. only,05 - Turning movement,Cumberland - Estates
13628,ELGIN ST btwn COOPER ST & SOMERSET ST W,368140.7241,5031237.446,-75.69067134,45.41820496,12/14/2015,17:35,02 - Rain,02 - Wet,10 - No control,01 - Non intersection,07 - Dark,03 - P.D. only,06 - SMV unattended vehicle,Centretown
13629,WOODROFFE AVE @ CLARIDGE DR/STONEWAY DR N,365577.4216,5016708.165,-75.72520655,45.28770015,12/17/2015,16:20,01 - Clear,02 - Wet,01 - Traffic signal,02 - Intersection related,05 - Dusk,03 - P.D. only,03 - Rear end,Chapman Mills - Rideau Crest - Davidson Heights
13630,COLONNADE RD @ MERIVALE RD,365362.973,5022543.774,-75.72722676,45.34022695,8/5/2015,17:15,01 - Clear,01 - Dry,01 - Traffic signal,02 - Intersection related,01 - Daylight,03 - P.D. only,03 - Rear end,Tanglewood
13631,HAWTHORNE AVE/ISABELLA ST @ QUEEN ELIZABETH DR,368665.7611,5030476.753,-75.684062,45.41131278,12/7/2015,18:05,01 - Clear,01 - Dry,01 - Traffic signal,03 - At intersection,07 - Dark,03 - P.D. only,05 - Turning movement,The Glebe
13632,JEANNE D'ARC BLVD  S btwn BOYER RD & ORLEANS BLVD,380701.7856,5036196.916,-75.52943028,45.46157662,12/22/2015,3:07,02 - Rain,02 - Wet,10 - No control,01 - Non intersection,07 - Dark,03 - P.D. only,07 - SMV other,Chapel Hill
13633,WOODROFFE AVE btwn HWY417 IC127 RAMP36 & HWY417 IC127 RAMP62,362045.8638,5025035.546,-75.76926047,45.36292627,12/22/2015,11:30,01 - Clear,02 - Wet,10 - No control,01 - Non intersection,01 - Daylight,03 - P.D. only,03 - Rear end,Carlingwood West - Glabar Park - McKellar Heights
13634,HAZELDEAN RD @ CARBROOKE ST/IRWIN GATE,353417.6215,5018265.463,-75.88005734,45.30265942,12/23/2015,2:13,01 - Clear,02 - Wet,01 - Traffic signal,02 - Intersection related,07 - Dark,03 - P.D. only,07 - SMV other,Katimavik - Hazeldean
13635,CARRIERE ST btwn ORLEANS BLVD & MICHAELSEM ST,381004.7767,5036680.592,-75.52548146,45.46589536,12/17/2015,8:00,01 - Clear,01 - Dry,10 - No control,01 - Non intersection,01 - Daylight,03 - P.D. only,05 - Turning movement,Orleans Village - Chateauneuf
13636,CATHERINE ST @ KENT ST,367906.2635,5030190.008,-75.69380094,45.40880163,12/23/2015,13:12,01 - Clear,02 - Wet,01 - Traffic signal,02 - Intersection related,01 - Daylight,03 - P.D. only,04 - Sideswipe,Centretown
13637,ST. JOSEPH BLVD @ TENTH LINE RD,382892.2478,5038667.175,-75.50103206,45.4835604,12/23/2015,18:41,02 - Rain,02 - Wet,01 - Traffic signal,02 - Intersection related,07 - Dark,03 - P.D. only,03 - Rear end,Industrial Park
13638,NEW ORCHARD AVE @ RICHMOND RD,361292.9554,5026218.799,-75.77873522,45.37363418,12/12/2015,10:49,01 - Clear,01 - Dry,01 - Traffic signal,03 - At intersection,01 - Daylight,03 - P.D. only,02 - Angle,Carlingwood West - Glabar Park - McKellar Heights
13639,CLAYMOR AVE @ MEADOWLANDS DR,366919.9834,5025322.525,-75.70701234,45.36509347,12/12/2015,10:45,01 - Clear,01 - Dry,01 - Traffic signal,02 - Intersection related,01 - Daylight,03 - P.D. only,03 - Rear end,Carleton Heights - Rideauview
13640,BANK ST btwn RIVERDALE AVE & RIVERSIDE DR,369110.9145,5028085.351,-75.67868721,45.38975497,11/26/2015,17:43,01 - Clear,02 - Wet,10 - No control,01 - Non intersection,07 - Dark,03 - P.D. only,04 - Sideswipe,Old Ottawa South