Record,Location,X,Y,lon,lat,Date,Time,Environment,Road_Surface,Traffic_Control,Collision_Location,Light,Collision_Classification,Impact_type,Neighborhood
13641,BASELINE RD @ MERIVALE RD,365053.9744,5025325.515,-75.73083018,45.36528326,11/30/2015,10:54,01 - Clear,01 - Dry,01 - Traffic signal,02 - Intersection related,01 - Daylight,03 - P.D. only,03 - Rear end,Civic Hospital - Experimental Farm - Central Park
13642,HAWTHORNE RD btwn DAVIDSON RD & LEITRIM RD,376926.6612,5022979.458,-75.57963014,45.3430535,12/17/2015,16:32,02 - Rain,02 - Wet,10 - No control,01 - Non intersection,05 - Dusk,03 - P.D. only,07 - SMV other,Greenbelt
13643,GREENLAND RD btwn ROCK FOREST RD & MAST LANE,340443.0374,5037912.942,-76.04407596,45.48023193,12/17/2015,17:10,"07 - Fog, mist, smoke, dust",01 - Dry,10 - No control,01 - Non intersection,07 - Dark,03 - P.D. only,07 - SMV other,Torwoo
13644,BASELINE RD @ WOODROFFE AVE,362550.4122,5023770.505,-75.76296827,45.35150216,12/18/2015,18:21,01 - Clear,01 - Dry,01 - Traffic signal,02 - Intersection related,07 - Dark,03 - P.D. only,03 - Rear end,Iris
13645,SLATER ST btwn KENT ST & BANK ST,367298.3486,5031275.877,-75.70142876,45.4186265,12/19/2015,9:15,01 - Clear,01 - Dry,10 - No control,01 - Non intersection,01 - Daylight,03 - P.D. only,06 - SMV unattended vehicle,Downtown
13646,DONALD ST @ QUILL ST,370699.5256,5032314.21,-75.65783599,45.42765691,10/19/2015,20:16,01 - Clear,01 - Dry,01 - Traffic signal,03 - At intersection,07 - Dark,03 - P.D. only,05 - Turning movement,Vanier South
13647,ALBION RD btwn COLLISTON CRES & LILIBET CRES,371040.1879,5026337.814,-75.65428565,45.37385145,10/21/2015,14:26,01 - Clear,01 - Dry,10 - No control,04 - At/near private drive,01 - Daylight,03 - P.D. only,05 - Turning movement,Ledbury - Heron Gate - Ridgemont - Elmwood
13648,ALBION RD @ BANK ST,371947.4486,5024130.58,-75.64300352,45.3539052,8/1/2015,14:14,01 - Clear,01 - Dry,01 - Traffic signal,02 - Intersection related,01 - Daylight,03 - P.D. only,03 - Rear end,Emerald Woods - Sawmill Creek
13649,RICHMOND RD btwn EDGEWOOD AVE & ATHLONE AVE,363414.333,5028417.158,-75.75139212,45.39324045,8/18/2015,11:44,01 - Clear,01 - Dry,10 - No control,01 - Non intersection,01 - Daylight,03 - P.D. only,03 - Rear end,Westboro
13650,RIVERSIDE DR NB btwn RIVERSIDE DR NB RAMP FROM EB TO WB & NEIL WAY,369394.7645,5028168.167,-75.6750517,45.390474,8/18/2015,16:23,01 - Clear,01 - Dry,10 - No control,01 - Non intersection,01 - Daylight,03 - P.D. only,03 - Rear end,Alta Vista
13651,MONTREAL RD/HANNAH ST @ CODY AVE,370254.7172,5033169.232,-75.66340616,45.43539181,9/26/2015,17:12,01 - Clear,01 - Dry,01 - Traffic signal,02 - Intersection related,01 - Daylight,03 - P.D. only,04 - Sideswipe,Vanier
13652,HINES RD @ SOLANDT RD,350332.8605,5022566.888,-75.91899476,45.34157146,10/25/2015,21:26,01 - Clear,01 - Dry,10 - No control,03 - At intersection,07 - Dark,03 - P.D. only,07 - SMV other,South March
13653,BANK ST @ WILTON CRES,368577.7102,5028965.465,-75.68538228,45.39772273,10/25/2015,22:40,01 - Clear,01 - Dry,02 - Stop sign,03 - At intersection,07 - Dark,03 - P.D. only,05 - Turning movement,The Glebe
13654,CONROY RD @ HUNT CLUB RD,373764.462,5025404.523,-75.61963811,45.36519128,12/14/2015,18:23,01 - Clear,01 - Dry,01 - Traffic signal,02 - Intersection related,07 - Dark,03 - P.D. only,03 - Rear end,Greenboro East
13655,MACKEY RD btwn VIOLA ST & MCCORDICK RD,365709.7078,4994941.76,-75.72617891,45.09183239,12/15/2015,1:38,01 - Clear,02 - Wet,10 - No control,01 - Non intersection,07 - Dark,03 - P.D. only,07 - SMV other,Munster Hamlet - Richmond
13656,GOULBOURN FORCED RD btwn TERRY FOX DR & KANATA ROCKERIES PRIV,349357.3079,5022675.936,-75.9314325,45.34261534,12/18/2015,0:46,01 - Clear,02 - Wet,10 - No control,01 - Non intersection,07 - Dark,03 - P.D. only,07 - SMV other,South March
13657,BANK ST @ CHAMBERLAIN AVE N/ISABELLA ST,368082.7121,5030167.284,-75.69154991,45.40858124,12/18/2015,15:42,01 - Clear,01 - Dry,01 - Traffic signal,02 - Intersection related,01 - Daylight,03 - P.D. only,04 - Sideswipe,The Glebe
13658,LAURIER AVE @ NICHOLAS ST,368373.637,5031798.992,-75.68762316,45.42323643,12/9/2015,11:20,01 - Clear,01 - Dry,01 - Traffic signal,03 - At intersection,01 - Daylight,03 - P.D. only,05 - Turning movement,Sandy Hill
13659,ST. PATRICK ST btwn DALHOUSIE ST & CUMBERLAND ST,367970.697,5032647.801,-75.69266275,45.43091023,12/9/2015,11:30,01 - Clear,01 - Dry,10 - No control,01 - Non intersection,01 - Daylight,03 - P.D. only,06 - SMV unattended vehicle,Byward Market
13660,HAZELDEAN RD btwn 246 E OF CASTLEFRANK RD & IRWIN GT,353290.11,5018175.028,-75.88169204,45.30185448,12/22/2015,11:39,01 - Clear,02 - Wet,10 - No control,04 - At/near private drive,01 - Daylight,03 - P.D. only,05 - Turning movement,Glen Cairn - Kanata South Business Park
13661,BRANT ST @ MCARTHUR AVE,371262.7195,5032805.577,-75.65057312,45.43202472,12/22/2015,20:45,02 - Rain,02 - Wet,01 - Traffic signal,02 - Intersection related,07 - Dark,03 - P.D. only,04 - Sideswipe,Vanier South
13662,BANK ST @ HERON RD,369995.72,5026851.542,-75.66755153,45.37857176,12/23/2015,10:05,01 - Clear,01 - Dry,01 - Traffic signal,02 - Intersection related,01 - Daylight,03 - P.D. only,03 - Rear end,Alta Vista
13663,WOODROFFE AVE btwn Continuation of WOODROFFE AVE & PARKGLEN DR,362854.7529,5023199.437,-75.75915152,45.3463386,12/18/2015,12:16,01 - Clear,01 - Dry,10 - No control,01 - Non intersection,01 - Daylight,03 - P.D. only,03 - Rear end,Crestview - Meadowlands
13664,CONROY RD @ HUNT CLUB RD,373764.462,5025404.523,-75.61963811,45.36519128,12/18/2015,13:03,01 - Clear,01 - Dry,01 - Traffic signal,02 - Intersection related,01 - Daylight,03 - P.D. only,03 - Rear end,Greenboro East
13665,ELGIN ST @ WELLINGTON ST W,367664.7038,5031877.577,-75.69667135,45.42400758,12/26/2015,1:30,01 - Clear,01 - Dry,01 - Traffic signal,02 - Intersection related,07 - Dark,03 - P.D. only,03 - Rear end,Downtown
13666,BRONSON AVE @ CATHERINE ST/RAYMOND ST,367253.4305,5029795.844,-75.70219017,45.40531362,2/8/2015,11:44,03 - Snow,03 - Loose snow,01 - Traffic signal,03 - At intersection,01 - Daylight,03 - P.D. only,02 - Angle,Centretown West
13667,HALTON TERR/MAXWELL BRIDGE RD @ MARCH RD,348935.1608,5024422.807,-75.93666307,45.35836079,12/13/2015,17:23,01 - Clear,01 - Dry,01 - Traffic signal,02 - Intersection related,07 - Dark,03 - P.D. only,04 - Sideswipe,South March
13668,GOULBOURN FORCED RD btwn KANATA ROCKERIES PRIV & KANATA AVE,349618.6035,5020564.903,-75.9282896,45.32360309,12/13/2015,18:10,02 - Rain,02 - Wet,10 - No control,01 - Non intersection,07 - Dark,03 - P.D. only,07 - SMV other,Kanata Lakes - Marchwood Lakeside - Morgan's Grant - Kanata
13669,BRONSON AVE @ CATHERINE ST/RAYMOND ST,367251.9865,5029796.567,-75.70220852,45.40532025,11/30/2015,21:11,01 - Clear,01 - Dry,01 - Traffic signal,02 - Intersection related,07 - Dark,03 - P.D. only,04 - Sideswipe,Centretown West
13670,BRONSON AVE btwn FLORENCE ST & GLADSTONE AVE,367123.7404,5030105.107,-75.70380764,45.40810784,12/1/2015,16:40,02 - Rain,02 - Wet,10 - No control,01 - Non intersection,05 - Dusk,03 - P.D. only,04 - Sideswipe,Centretown West
13671,BANK ST @ CAHILL DR/DAZE ST,371306.815,5024317.45,-75.65115382,45.35564765,12/17/2015,16:30,01 - Clear,01 - Dry,01 - Traffic signal,02 - Intersection related,05 - Dusk,03 - P.D. only,04 - Sideswipe,South Keys - Heron Gate - Greenboro West
13672,INDUSTRIAL AVE/INNES RD @ ST. LAURENT BLVD,373102.2639,5030003.643,-75.62745394,45.40663703,12/18/2015,12:17,01 - Clear,01 - Dry,01 - Traffic signal,02 - Intersection related,01 - Daylight,03 - P.D. only,04 - Sideswipe,Industrial Park
13673,INNES RD btwn PRESTWICK DR & TENTH LINE RD,383766.3812,5036083.388,-75.49026699,45.46021553,12/19/2015,10:32,01 - Clear,01 - Dry,10 - No control,01 - Non intersection,01 - Daylight,03 - P.D. only,03 - Rear end,Queenswood Heights
13674,INNES RD @ ORLEANS BLVD,380460.0744,5034295.322,-75.53281316,45.44449377,10/21/2015,15:45,01 - Clear,01 - Dry,01 - Traffic signal,02 - Intersection related,01 - Daylight,03 - P.D. only,03 - Rear end,Orleans Village - Chateauneuf
13675,REGIONAL ROAD 174 btwn OR174 IC105 RAMP51 & OR174 IC105 RAMP35,379319.8313,5036952.769,-75.5469845,45.46852599,10/21/2015,6:45,01 - Clear,01 - Dry,10 - No control,01 - Non intersection,03 - Dawn,03 - P.D. only,04 - Sideswipe,Greenbelt
13676,BASELINE RD @ NAVAHO DR,363084.97,5024096.425,-75.7561082,45.35439053,8/2/2015,16:57,01 - Clear,01 - Dry,01 - Traffic signal,02 - Intersection related,01 - Daylight,03 - P.D. only,03 - Rear end,Braemar Park - Bel Air Heights - Copeland Park
13677,GREENBANK RD @ WEST HUNT CLUB RD,361478.9563,5020502.119,-75.77701583,45.32218072,8/2/2015,19:07,01 - Clear,01 - Dry,01 - Traffic signal,02 - Intersection related,01 - Daylight,03 - P.D. only,03 - Rear end,Greenbelt
13678,HUNT CLUB RD btwn RIVERSIDE DR & TURN LANE,368121.0273,5021984.778,-75.69210942,45.33495371,8/18/2015,17:20,01 - Clear,01 - Dry,10 - No control,01 - Non intersection,01 - Daylight,03 - P.D. only,04 - Sideswipe,Hunt Club - Ottawa Airport
13679,MONTREAL RD btwn ST. LAURENT BLVD & HILLSIDE DR,371679.757,5033883.541,-75.64509732,45.44168398,10/26/2015,9:19,01 - Clear,01 - Dry,10 - No control,01 - Non intersection,01 - Daylight,03 - P.D. only,04 - Sideswipe,Cummings
13680,TENTH LINE RD btwn WALL RD & NAVAN RD,385479.2001,5032502.262,-75.46895606,45.42780022,10/26/2015,14:51,01 - Clear,01 - Dry,10 - No control,04 - At/near private drive,01 - Daylight,03 - P.D. only,03 - Rear end,Cumberland
13681,CHESTERTON DR @ MEADOWLANDS DR,365102.4256,5024010.23,-75.7303722,45.35344437,12/15/2015,17:35,01 - Clear,01 - Dry,01 - Traffic signal,03 - At intersection,07 - Dark,03 - P.D. only,02 - Angle,Borden Farm - Stewart Farm - Parkwood Hills - Fisher Glen
13682,WEST HUNT CLUB RD @ ANTARES DR/LASER ST,367106.9893,5022080.78,-75.70503383,45.33590829,12/17/2015,11:49,01 - Clear,02 - Wet,01 - Traffic signal,02 - Intersection related,01 - Daylight,03 - P.D. only,03 - Rear end,Industrial Park
13683,SNAKE ISLAND RD btwn 5TH LINE RD & GREY'S CREEK RD,380290.9392,5008011.278,-75.5389824,45.20802303,12/11/2015,10:56,01 - Clear,01 - Dry,10 - No control,01 - Non intersection,01 - Daylight,03 - P.D. only,07 - SMV other,Osgoode
13684,TERRY FOX DR @ EDGEWATER ST/WALTER BAKER PL,351774.2993,5017617.79,-75.90107218,45.29694331,12/11/2015,17:40,01 - Clear,02 - Wet,01 - Traffic signal,02 - Intersection related,07 - Dark,03 - P.D. only,03 - Rear end,Katimavik - Hazeldean
13685,CRERAR AVE @ FISHER AVE,365452.7026,5027698.988,-75.72544918,45.38660493,12/22/2015,16:58,02 - Rain,02 - Wet,02 - Stop sign,02 - Intersection related,07 - Dark,03 - P.D. only,03 - Rear end,Carlington
13686,GREENBANK RD @ HWY 417 IC129 RAMP57/IRIS ST,360531.309,5023311.772,-75.78878646,45.34753785,12/22/2015,10:30,01 - Clear,02 - Wet,01 - Traffic signal,02 - Intersection related,01 - Daylight,03 - P.D. only,03 - Rear end,Iris
13687,BESSERER ST @ DALHOUSIE ST,368252.7017,5032157.575,-75.68912219,45.42647382,12/23/2015,10:30,01 - Clear,01 - Dry,01 - Traffic signal,03 - At intersection,01 - Daylight,03 - P.D. only,05 - Turning movement,Byward Market - Parliament Hill
13688,MARCH RD btwn 280 S OF CARLING AVE/STATION RD & RICHARDSON SIDE RD,351231.535,5021897.99,-75.90759094,45.33549367,12/23/2015,13:45,"07 - Fog, mist, smoke, dust",01 - Dry,10 - No control,01 - Non intersection,01 - Daylight,03 - P.D. only,04 - Sideswipe,South March
13689,LYNHAR RD btwn STAFFORD RD & VIRGIL RD,358152.4254,5021054.136,-75.81938573,45.32740851,12/19/2015,14:30,01 - Clear,01 - Dry,10 - No control,04 - At/near private drive,01 - Daylight,03 - P.D. only,02 - Angle,Bells Corners East
13690,CEDAROCK DR @ STONEHAVEN DR,354727.845,5016855.808,-75.8634931,45.28988316,12/19/2015,14:36,01 - Clear,01 - Dry,02 - Stop sign,02 - Intersection related,01 - Daylight,03 - P.D. only,05 - Turning movement,Bridlewood - Emerald Meadows
13691,KAKULU RD @ CASTLEFRANK RD,352181.6017,5018500.214,-75.89579499,45.30485623,12/14/2015,8:56,01 - Clear,01 - Dry,01 - Traffic signal,02 - Intersection related,01 - Daylight,03 - P.D. only,03 - Rear end,Katimavik - Hazeldean
13692,PRINCE OF WALES DR btwn WELLSMERE CRT & TURN LANE,367442.1038,5022073.453,-75.70075949,45.33581253,12/14/2015,9:02,02 - Rain,02 - Wet,10 - No control,01 - Non intersection,01 - Daylight,03 - P.D. only,03 - Rear end,Industrial Park
13693,POULIN AVE @ RICHMOND RD,360324.9574,5024899.792,-75.79124126,45.36184318,12/3/2015,7:44,01 - Clear,01 - Dry,01 - Traffic signal,03 - At intersection,03 - Dawn,03 - P.D. only,02 - Angle,Woodroffe - Lincoln Heights
13694,BANK ST @ KILBORN AVE/BELANGER AVE,369654.4419,5027426.826,-75.67183309,45.38377966,12/4/2015,13:42,01 - Clear,01 - Dry,01 - Traffic signal,02 - Intersection related,01 - Daylight,03 - P.D. only,03 - Rear end,Alta Vista
13695,TRAINYARDS DR btwn INDUSTRIAL AVE & Continuation of TRAINYARDS DR,371701.654,5030640.886,-75.64525792,45.41250594,12/18/2015,15:23,01 - Clear,01 - Dry,10 - No control,04 - At/near private drive,01 - Daylight,03 - P.D. only,02 - Angle,Industrial Park
13696,AVIATION PKWY @ MONTREAL RD,372145.9946,5034107.861,-75.63910753,45.44365754,12/18/2015,16:32,01 - Clear,02 - Wet,01 - Traffic signal,02 - Intersection related,05 - Dusk,03 - P.D. only,03 - Rear end,Cummings
13697,RIVERSIDE DR SB btwn SAN REMO PRIV & TERMINAL AVE,370643.5634,5030544.9,-75.65878753,45.41174265,12/19/2015,12:32,01 - Clear,01 - Dry,10 - No control,04 - At/near private drive,01 - Daylight,03 - P.D. only,05 - Turning movement,Industrial Park
13698,TERRY FOX DR btwn HUNTSVILLE DR & OLD SECOND LINE RD,347868.3739,5020968.188,-75.95057956,45.32734154,4/3/2015,20:47,02 - Rain,02 - Wet,10 - No control,01 - Non intersection,07 - Dark,03 - P.D. only,07 - SMV other,Kanata Lakes - Marchwood Lakeside - Morgan's Grant - Kanata
13699,RUMFORD DR btwn VARENNES BLVD & DUPLANTE AVE,385192.995,5037932.156,-75.47172556,45.47668626,10/21/2015,13:20,01 - Clear,01 - Dry,10 - No control,04 - At/near private drive,01 - Daylight,03 - P.D. only,99 - Other,Cardinal Creek
13700,MONTREAL RD @ ST. LAURENT BLVD,371545.7029,5033817.955,-75.64681959,45.44110668,10/21/2015,17:55,01 - Clear,01 - Dry,01 - Traffic signal,02 - Intersection related,07 - Dark,03 - P.D. only,03 - Rear end,Cummings
13701,BASELINE RD @ FISHER AVE,366166.6936,5026026.731,-75.71654002,45.37149613,8/4/2015,14:16,01 - Clear,01 - Dry,01 - Traffic signal,02 - Intersection related,01 - Daylight,03 - P.D. only,03 - Rear end,Civic Hospital - Experimental Farm - Central Park
13702,BOLTON ST btwn DALHOUSIE ST & CUMBERLAND ST,367866.4161,5033078.301,-75.69394021,45.43479312,8/6/2015,13:16,01 - Clear,01 - Dry,10 - No control,01 - Non intersection,01 - Daylight,03 - P.D. only,06 - SMV unattended vehicle,Lower Town
13703,CARLING AVE @ FOX CRES,361525.9552,5025575.889,-75.7758345,45.3678305,8/19/2015,15:14,01 - Clear,01 - Dry,02 - Stop sign,02 - Intersection related,01 - Daylight,03 - P.D. only,03 - Rear end,Carlingwood West - Glabar Park - McKellar Heights
13704,MERIVALE RD @ WEST HUNT CLUB RD,365612.6952,5021942.859,-75.72411449,45.3347984,8/13/2015,15:30,01 - Clear,01 - Dry,01 - Traffic signal,02 - Intersection related,01 - Daylight,03 - P.D. only,04 - Sideswipe,Tanglewood
13705,MOODIE DR @ ROBERTSON RD,357067.3728,5020453.676,-75.83329013,45.32208715,9/30/2015,8:00,01 - Clear,01 - Dry,01 - Traffic signal,02 - Intersection related,01 - Daylight,03 - P.D. only,03 - Rear end,Bells Corners West
13706,TERRY FOX DR btwn HUNTSVILLE DR & OLD SECOND LINE RD,347868.3739,5020968.188,-75.95057956,45.32734154,5/23/2015,11:22,01 - Clear,01 - Dry,10 - No control,01 - Non intersection,01 - Daylight,03 - P.D. only,07 - SMV other,Kanata Lakes - Marchwood Lakeside - Morgan's Grant - Kanata
13707,MORRISON DR btwn SAXTON PRIV & ASHLEY ST,360068.3929,5023084.241,-75.79471893,45.34552716,10/26/2015,17:35,01 - Clear,01 - Dry,10 - No control,01 - Non intersection,01 - Daylight,03 - P.D. only,03 - Rear end,Qualicum - Redwood Park
13708,RICHMOND RD @ LYNHAR RD/STAFFORD RD,358137.276,5021086.249,-75.81957552,45.32769862,12/17/2015,15:03,02 - Rain,02 - Wet,01 - Traffic signal,02 - Intersection related,01 - Daylight,03 - P.D. only,03 - Rear end,Bells Corners East
13709,CARLING AVE @ CONNAUGHT AVE,360770.6762,5025118.959,-75.78552742,45.36377979,12/18/2015,16:59,01 - Clear,01 - Dry,01 - Traffic signal,03 - At intersection,07 - Dark,03 - P.D. only,05 - Turning movement,Woodroffe - Lincoln Heights
13710,BESSERER ST @ WALLER ST,368315.9333,5032190.534,-75.68830997,45.42676463,12/11/2015,21:49,02 - Rain,02 - Wet,01 - Traffic signal,03 - At intersection,07 - Dark,03 - P.D. only,02 - Angle,Byward Market - Parliament Hill
13711,FIFTH AVE btwn MORRIS ST & RALPH ST,368114.4117,5029231.951,-75.69126508,45.40016254,12/12/2015,11:14,01 - Clear,01 - Dry,10 - No control,01 - Non intersection,01 - Daylight,03 - P.D. only,04 - Sideswipe,The Glebe
13712,GLENCOE ST btwn BELLMAN DR & MIDLAND CRES,361126.3315,5020792.367,-75.78148046,45.32482075,12/23/2015,12:43,"07 - Fog, mist, smoke, dust",02 - Wet,10 - No control,04 - At/near private drive,01 - Daylight,03 - P.D. only,02 - Angle,Sheahan Estates - Trend Village - Arlington Woods
13713,BRONSON AVE @ HWY 417 BRONSON IC121AR51,367290.1564,5029709.836,-75.70173196,45.40453647,3/27/2015,11:03,01 - Clear,01 - Dry,01 - Traffic signal,02 - Intersection related,01 - Daylight,03 - P.D. only,04 - Sideswipe,Centretown West
13714,BANK ST btwn RANDALL AVE & 73 N OF EVANS BLVD,369751.2776,5027266.659,-75.67061774,45.38232956,12/23/2015,14:18,01 - Clear,02 - Wet,10 - No control,01 - Non intersection,01 - Daylight,03 - P.D. only,03 - Rear end,Alta Vista
13715,KITCHENER AVE @ BANK ST,370539.8746,5025499.658,-75.66078419,45.36635711,12/20/2015,11:59,01 - Clear,01 - Dry,01 - Traffic signal,02 - Intersection related,01 - Daylight,03 - P.D. only,03 - Rear end,Ledbury - Heron Gate - Ridgemont - Elmwood
13716,BERRIGAN DR btwn PLUMAS GT & WANSTEAD GT,364888.3682,5015908.876,-75.73408663,45.28056742,12/20/2015,13:25,01 - Clear,01 - Dry,10 - No control,04 - At/near private drive,01 - Daylight,03 - P.D. only,06 - SMV unattended vehicle,New Barrhaven
13717,COLONNADE RD    N btwn COLONNADE RD & CORINTH PRIV,366272.7802,5023063.228,-75.71555431,45.34482178,9/8/2015,19:59,01 - Clear,01 - Dry,10 - No control,04 - At/near private drive,05 - Dusk,03 - P.D. only,05 - Turning movement,Industrial Park
13718,STAGECOACH RD btwn CABIN RD & SNAKE ISLAND RD,378080.0801,5005975.955,-75.56742259,45.18994311,12/14/2015,6:30,01 - Clear,01 - Dry,10 - No control,01 - Non intersection,07 - Dark,03 - P.D. only,07 - SMV other,Kars - Osgoode
13719,GREENBANK RD @ WEST HUNT CLUB RD,361480.399,5020502.479,-75.77699738,45.32218384,12/14/2015,11:55,01 - Clear,02 - Wet,01 - Traffic signal,02 - Intersection related,01 - Daylight,03 - P.D. only,03 - Rear end,Greenbelt
13720,BRONSON AVE @ GLOUCESTER ST,366832.9801,5030792.573,-75.70743526,45.41431929,12/1/2015,20:30,01 - Clear,01 - Dry,01 - Traffic signal,02 - Intersection related,07 - Dark,03 - P.D. only,04 - Sideswipe,Centretown West
13721,CROYDON AVE @ RICHMOND RD,360544.9648,5025273.242,-75.78839102,45.36518601,12/5/2015,17:52,01 - Clear,01 - Dry,01 - Traffic signal,02 - Intersection related,07 - Dark,03 - P.D. only,03 - Rear end,Woodroffe - Lincoln Heights
13722,INDUSTRIAL AVE btwn RUSSELL RD & ST. LAURENT BLVD,372944.3972,5029940.877,-75.6294791,45.40608767,12/18/2015,16:48,01 - Clear,01 - Dry,10 - No control,04 - At/near private drive,05 - Dusk,03 - P.D. only,03 - Rear end,Industrial Park
13723,COVENTRY RD @ VANIER PKWY,370676.3849,5031612.425,-75.65822554,45.42134472,12/18/2015,17:38,01 - Clear,01 - Dry,01 - Traffic signal,02 - Intersection related,07 - Dark,03 - P.D. only,03 - Rear end,Overbrook
13724,MCCARTHY RD btwn PLANTE DR & PAUL ANKA DR,369594.1624,5024109.029,-75.67303791,45.35393269,12/19/2015,13:17,01 - Clear,01 - Dry,10 - No control,01 - Non intersection,01 - Daylight,03 - P.D. only,06 - SMV unattended vehicle,Hunt Club East - Western Community
13725,HAWTHORNE RD @ WHYTE SIDE RD,376248.0967,5024596.159,-75.58805425,45.35766926,12/19/2015,14:21,01 - Clear,06 - Ice,02 - Stop sign,02 - Intersection related,01 - Daylight,03 - P.D. only,07 - SMV other,Greenbelt
13726,QUEEN MARY ST @ VERA ST,370521.9926,5031974.658,-75.66014984,45.42461846,10/21/2015,16:00,01 - Clear,01 - Dry,02 - Stop sign,03 - At intersection,01 - Daylight,03 - P.D. only,02 - Angle,Overbrook
13727,DWYER HILL RD btwn ROGER STEVENS DR & FLOOD RD,354986.8338,4988629.817,-75.86302828,45.0358757,10/23/2015,21:00,01 - Clear,01 - Dry,10 - No control,01 - Non intersection,07 - Dark,03 - P.D. only,07 - SMV other,Munster Hamlet - Richmond
13728,ARLINGTON AVE @ KENT ST,367867.9888,5030257.211,-75.69428127,45.40940976,8/8/2015,9:34,01 - Clear,01 - Dry,01 - Traffic signal,03 - At intersection,01 - Daylight,03 - P.D. only,05 - Turning movement,Centretown
13729,CARLING AVE @ CLYDE AVE/COLE AVE,363520.6906,5026849.461,-75.75022037,45.37912565,8/5/2015,18:30,01 - Clear,01 - Dry,01 - Traffic signal,03 - At intersection,01 - Daylight,03 - P.D. only,05 - Turning movement,Carlingwood - McKellar Park - Laurentien View
13730,SOMERSET ST    W btwn EMPRESS AVE & BELL ST N,366763.1353,5030363.171,-75.70838153,45.41046184,8/19/2015,18:30,01 - Clear,01 - Dry,10 - No control,01 - Non intersection,01 - Daylight,03 - P.D. only,04 - Sideswipe,Centretown West
13731,INNES RD @ STAR TOP RD/WINDMILL LANE,374148.4465,5030665.479,-75.61399769,45.41248903,8/19/2015,13:38,01 - Clear,01 - Dry,01 - Traffic signal,02 - Intersection related,01 - Daylight,03 - P.D. only,03 - Rear end,Industrial Park
13732,BELCOURT BLVD @ INNES RD,382122.2996,5035265.529,-75.51141506,45.45304101,10/5/2015,19:07,01 - Clear,01 - Dry,01 - Traffic signal,03 - At intersection,05 - Dusk,03 - P.D. only,04 - Sideswipe,Chapel Hill South
13733,INNES RD @ ORLEANS BLVD,380461.5158,5034294.601,-75.53279484,45.44448713,10/28/2015,13:51,02 - Rain,02 - Wet,01 - Traffic signal,03 - At intersection,01 - Daylight,03 - P.D. only,05 - Turning movement,Chapel Hill South
13734,BEECHWOOD AVE @ OAKHILL RD,369712.7119,5034218.233,-75.67019459,45.44488081,10/28/2015,14:00,02 - Rain,02 - Wet,02 - Stop sign,02 - Intersection related,01 - Daylight,03 - P.D. only,07 - SMV other,Rockcliffe - Manor Park
13735,ST. JOSEPH BLVD btwn GREY NUNS DR & BOYER RD,380264.4625,5036738.329,-75.53493849,45.46649521,12/17/2015,16:52,02 - Rain,02 - Wet,10 - No control,04 - At/near private drive,07 - Dark,03 - P.D. only,02 - Angle,Chapel Hill
13736,ALTA VISTA DR @ BANK ST,370247.3471,5026201.461,-75.66442513,45.37269909,12/17/2015,17:57,01 - Clear,02 - Wet,01 - Traffic signal,03 - At intersection,07 - Dark,03 - P.D. only,05 - Turning movement,Ledbury - Heron Gate - Ridgemont - Elmwood
13737,SLATER ST btwn METCALFE ST & ELGIN ST,367861.8268,5031627.081,-75.69418469,45.42173596,12/18/2015,17:23,03 - Snow,02 - Wet,10 - No control,01 - Non intersection,07 - Dark,03 - P.D. only,03 - Rear end,Downtown
13738,400 E OF TRAINYARDS DR @ INDUSTRIAL AVE,372091.6332,5030434.623,-75.64030422,45.41061269,12/18/2015,17:30,01 - Clear,01 - Dry,01 - Traffic signal,03 - At intersection,07 - Dark,03 - P.D. only,05 - Turning movement,Industrial Park
13739,REGIONAL ROAD 174 btwn OR174 IC102 RAMP15 & OR174 IC101 RAMP63,382522.0817,5038762.106,-75.50575154,45.48445581,12/15/2015,17:00,01 - Clear,01 - Dry,10 - No control,01 - Non intersection,07 - Dark,03 - P.D. only,04 - Sideswipe,Chatelaine Village
13740,LEMIEUX ST @ ST. LAURENT BLVD,372391.7247,5031743.286,-75.63629129,45.42235852,9/30/2015,20:15,01 - Clear,01 - Dry,01 - Traffic signal,02 - Intersection related,07 - Dark,03 - P.D. only,04 - Sideswipe,Overbrook
13741,AIRPORT PKWY @ HUNT CLUB RD,371018.528,5023703.72,-75.6549151,45.35015278,12/23/2015,15:23,01 - Clear,01 - Dry,01 - Traffic signal,03 - At intersection,01 - Daylight,03 - P.D. only,03 - Rear end,Hunt Club East - Western Community
13742,FRIEL ST @ LAURIER AVE,368998.4284,5032192.3,-75.67958881,45.42671821,12/11/2015,10:24,01 - Clear,01 - Dry,02 - Stop sign,03 - At intersection,01 - Daylight,03 - P.D. only,05 - Turning movement,Sandy Hill
13743,ST. JEAN ST @ ST. JOSEPH BLVD,380968.2933,5037202.313,-75.52586709,45.47059336,12/11/2015,11:22,01 - Clear,01 - Dry,01 - Traffic signal,03 - At intersection,01 - Daylight,03 - P.D. only,02 - Angle,Orleans Village - Chateauneuf