Record,Location,X,Y,lon,lat,Date,Time,Environment,Road_Surface,Traffic_Control,Collision_Location,Light,Collision_Classification,Impact_type,Neighborhood
14053,HUNT CLUB RD @ UPLANDS DR,370157.4492,5023122.214,-75.66597991,45.34500133,11/20/2015,21:21,01 - Clear,01 - Dry,01 - Traffic signal,03 - At intersection,07 - Dark,03 - P.D. only,05 - Turning movement,Hunt Club East - Western Community
14054,THUNDER RD btwn BOUNDARY RD & HALL RD,386952.2354,5023855.427,-75.45157385,45.34983232,11/30/2015,17:45,01 - Clear,01 - Dry,10 - No control,01 - Non intersection,07 - Dark,03 - P.D. only,07 - SMV other,Greenbelt
14055,DUNNING RD btwn WILHAVEN DR & INNES RD,391366.887,5040044.316,-75.39239974,45.49495078,12/1/2015,17:34,04 - Freezing Rain,06 - Ice,10 - No control,01 - Non intersection,07 - Dark,03 - P.D. only,07 - SMV other,Cumberland - Estates
14056,MCARTON RD btwn GOLDEN LINE RD & LOWE RD,338303.9557,5005927.924,-76.07360257,45.1925225,11/13/2015,9:13,02 - Rain,02 - Wet,10 - No control,01 - Non intersection,01 - Daylight,03 - P.D. only,07 - SMV other,Stittsville - Basswood
14057,TENTH LINE RD @ CHARLEMAGNE BLVD S/DES EPINETT,383640.9751,5036900.456,-75.49173924,45.46758093,11/13/2015,15:46,01 - Clear,02 - Wet,01 - Traffic signal,03 - At intersection,01 - Daylight,03 - P.D. only,05 - Turning movement,Orlans
14058,PRINCE OF WALES DR btwn BLAZER AVE & DEAKIN ST,367351.9891,5021124.538,-75.70202905,45.32728239,12/3/2015,17:00,01 - Clear,01 - Dry,10 - No control,04 - At/near private drive,07 - Dark,03 - P.D. only,05 - Turning movement,Industrial Park
14059,CARLING AVE @ PRESTON ST,366829.71,5028935.193,-75.7077107,45.39760739,10/17/2015,13:21,01 - Clear,01 - Dry,01 - Traffic signal,02 - Intersection related,01 - Daylight,03 - P.D. only,03 - Rear end,Centretown West
14060,MUNSTER RD btwn BILTMORE CRES & MANSFIELD RD,347931.4261,5004025.723,-75.95124537,45.17488235,12/7/2015,17:09,01 - Clear,01 - Dry,10 - No control,01 - Non intersection,07 - Dark,03 - P.D. only,07 - SMV other,Munster Hamlet - Richmond
14061,TERRY FOX DR btwn PALLADIUM DR & MAPLE GROVE RD,351346.3884,5018097.678,-75.90648275,45.30128995,12/7/2015,17:10,01 - Clear,01 - Dry,10 - No control,01 - Non intersection,07 - Dark,03 - P.D. only,03 - Rear end,Katimavik - Hazeldean
14062,INDUSTRIAL AVE btwn RUSSELL RD & ST. LAURENT BLVD,373010.1967,5029961.523,-75.62863577,45.40626703,11/21/2015,10:23,01 - Clear,01 - Dry,10 - No control,04 - At/near private drive,01 - Daylight,03 - P.D. only,02 - Angle,Industrial Park
14063,TERRY FOX DR @ 135 S OF HAZELDEAN RD/SOBEY'S S,352292.2135,5017140.299,-75.89451481,45.2926119,11/21/2015,10:45,01 - Clear,01 - Dry,01 - Traffic signal,03 - At intersection,01 - Daylight,03 - P.D. only,02 - Angle,Glen Cairn - Kanata South Business Park
14064,BANK ST @ KINGSDALE AVE,373267.837,5023500.694,-75.62624069,45.34811005,12/8/2015,18:55,01 - Clear,01 - Dry,02 - Stop sign,03 - At intersection,07 - Dark,03 - P.D. only,02 - Angle,Blossom Park - Blossom Park West - Sawmill Creek/ Timbermill
14065,PRINCE OF WALES DR @ MEADOWLANDS DR/HOG'S BACK,367371.1969,5025693.477,-75.701206,45.36839108,12/3/2015,16:28,02 - Rain,02 - Wet,01 - Traffic signal,03 - At intersection,05 - Dusk,03 - P.D. only,02 - Angle,Carleton Heights - Rideauview
14066,JINKINSON RD btwn FERNBANK RD & HAZELDEAN RD,345870.3067,5007686.431,-75.97716603,45.20794639,12/3/2015,17:13,01 - Clear,01 - Dry,10 - No control,01 - Non intersection,07 - Dark,03 - P.D. only,07 - SMV other,Munster Hamlet - Richmond
14067,ELGIN ST @ LAURIER AVE,367947.2659,5031550.298,-75.69310288,45.42103738,11/26/2015,11:02,01 - Clear,01 - Dry,01 - Traffic signal,02 - Intersection related,01 - Daylight,03 - P.D. only,03 - Rear end,Downtown
14068,MCRAE AVE btwn SCOTT ST & RICHMOND RD,363590.9173,5028574.656,-75.74911825,45.39464279,11/26/2015,13:15,02 - Rain,02 - Wet,10 - No control,01 - Non intersection,01 - Daylight,03 - P.D. only,99 - Other,Westboro
14069,WOODROFFE AVE @ HWY 417 WOODROFF IC127R26/HWY4,362081.9649,5024938.796,-75.76881089,45.36205277,11/30/2015,7:45,01 - Clear,01 - Dry,01 - Traffic signal,02 - Intersection related,01 - Daylight,03 - P.D. only,03 - Rear end,Whitehaven - Queensway Terrace North
14070,TWEEDSMUIR AVE @ SCOTT ST,363397.406,5028776.198,-75.75156564,45.39647245,6/21/2015,12:50,01 - Clear,01 - Dry,01 - Traffic signal,02 - Intersection related,01 - Daylight,03 - P.D. only,03 - Rear end,Westboro
14071,STAGECOACH RD btwn OLD STAGECOACH RD & BLANCHFIELD RD,377687.9791,4999969.622,-75.57328855,45.13594004,11/28/2015,1:56,01 - Clear,01 - Dry,10 - No control,01 - Non intersection,07 - Dark,03 - P.D. only,07 - SMV other,Kars - Osgoode
14072,JOCKVALE RD @ CAMBRIAN RD/GOLFLINKS DR W,365382.3027,5013223.977,-75.72811881,45.25636635,11/28/2015,2:50,01 - Clear,01 - Dry,11 - Roundabout,03 - At intersection,07 - Dark,03 - P.D. only,07 - SMV other,New Barrhaven
14073,VANIER PKWY/CRICHTON ST @ BEECHWOOD AVE/ST. PA,369128.8888,5033486.953,-75.67775264,45.43835501,11/9/2015,16:46,01 - Clear,01 - Dry,01 - Traffic signal,02 - Intersection related,05 - Dusk,03 - P.D. only,04 - Sideswipe,Vanier North
14074,TERRY FOX DR @ PALLADIUM DR/KATIMAVIK RD,351268.996,5018182.497,-75.90746159,45.30205829,11/6/2015,15:12,01 - Clear,01 - Dry,01 - Traffic signal,02 - Intersection related,01 - Daylight,03 - P.D. only,03 - Rear end,Katimavik - Hazeldean
14075,DEVONSHIRE PL @ KIRKWOOD AVE,364142.412,5027801.544,-75.74216812,45.38763995,11/8/2015,10:26,01 - Clear,01 - Dry,02 - Stop sign,03 - At intersection,01 - Daylight,03 - P.D. only,02 - Angle,Westboro
14076,CHAMPLAIN ST @ JEANNE D'ARC BLVD,381379.7447,5038722.876,-75.52036867,45.48422911,11/22/2015,18:12,01 - Clear,01 - Dry,01 - Traffic signal,03 - At intersection,07 - Dark,03 - P.D. only,05 - Turning movement,Orleans South West
14077,REGIONAL ROAD 174 btwn Continuation of REGIONAL ROAD 174 & OR174 IC112,374490.1841,5032608.733,-75.60935726,45.42993945,11/26/2015,16:10,02 - Rain,02 - Wet,10 - No control,01 - Non intersection,01 - Daylight,03 - P.D. only,04 - Sideswipe,Pineview
14078,REGIONAL ROAD 174 EB btwn HWY417 IC113 RAMP65 & OR174 BLAIR IC112 RAMP51,374685.13,5032732.921,-75.60684853,45.43103737,12/4/2015,16:30,01 - Clear,01 - Dry,10 - No control,01 - Non intersection,05 - Dusk,03 - P.D. only,03 - Rear end,Pineview
14079,ELGIN ST @ GILMOUR ST,368253.4307,5031055.659,-75.6892548,45.41655909,7/4/2015,13:00,01 - Clear,01 - Dry,01 - Traffic signal,02 - Intersection related,01 - Daylight,03 - P.D. only,04 - Sideswipe,Centretown
14080,OSGOODE MAIN ST @ STAGECOACH RD,378034.4329,5002956.585,-75.56844653,45.1627803,11/13/2015,17:00,02 - Rain,02 - Wet,02 - Stop sign,03 - At intersection,05 - Dusk,03 - P.D. only,02 - Angle,Kars - Osgoode
14081,ALBION RD btwn WYLDEWOOD ST & GOTH AVE,372298.5128,5023279.068,-75.63863965,45.34620989,11/13/2015,19:00,02 - Rain,02 - Wet,10 - No control,01 - Non intersection,07 - Dark,03 - P.D. only,04 - Sideswipe,Emerald Woods - Sawmill Creek
14082,ALBION RD @ HUNT CLUB RD,371868.4557,5024320.518,-75.64398582,45.35562176,12/4/2015,9:15,01 - Clear,01 - Dry,01 - Traffic signal,03 - At intersection,01 - Daylight,03 - P.D. only,05 - Turning movement,South Keys - Heron Gate - Greenboro West
14083,BRONSON AVE btwn CARLING AVE & FIRST AVE,367487.3466,5029245.112,-75.69927231,45.40033738,10/15/2015,22:10,01 - Clear,01 - Dry,10 - No control,01 - Non intersection,07 - Dark,03 - P.D. only,04 - Sideswipe,The Glebe
14084,CLEOPATRA DR btwn CAESAR AVE & CAESAR AVE,365674.0216,5020965.327,-75.72345233,45.32599737,11/21/2015,14:35,01 - Clear,01 - Dry,10 - No control,04 - At/near private drive,01 - Daylight,03 - P.D. only,02 - Angle,Merivale Gardens - Grenfell Glen - Pineglen - Country Place
14085,MONTREAL RD @ VANIER PKWY,370071.9878,5033066.314,-75.66575507,45.43448287,12/9/2015,0:18,01 - Clear,01 - Dry,01 - Traffic signal,03 - At intersection,07 - Dark,03 - P.D. only,02 - Angle,Vanier
14086,GEORGE ST @ DALHOUSIE ST,368158.4183,5032315.95,-75.69030656,45.42790737,7/6/2015,14:34,01 - Clear,01 - Dry,01 - Traffic signal,02 - Intersection related,01 - Daylight,03 - P.D. only,03 - Rear end,Byward Market
14087,WILBROD ST btwn RING LANE & KING EDWARD AVE,368658.38,5032130.918,-75.68394191,45.42619705,12/3/2015,19:55,01 - Clear,02 - Wet,10 - No control,01 - Non intersection,07 - Dark,03 - P.D. only,04 - Sideswipe,Sandy Hill
14088,JOHN QUINN RD btwn STONE SCHOOL RD & BANK ST,383379.8813,5010942.13,-75.49920276,45.23405576,12/3/2015,19:15,01 - Clear,02 - Wet,10 - No control,01 - Non intersection,07 - Dark,03 - P.D. only,07 - SMV other,Osgoode
14089,VANIER PKWY NB btwn PRESLAND RD & COVENTRY RD,370500.529,5031715.126,-75.66045871,45.42228532,10/30/2015,11:10,01 - Clear,01 - Dry,10 - No control,01 - Non intersection,01 - Daylight,03 - P.D. only,07 - SMV other,Overbrook
14090,JEANNE D'ARC BLVD @ ORLEANS BLVD S,380941.4665,5036250.58,-75.52635757,45.46203337,11/19/2015,20:25,02 - Rain,02 - Wet,01 - Traffic signal,03 - At intersection,07 - Dark,03 - P.D. only,02 - Angle,Orleans Village - Chateauneuf
14091,ST. LAURENT BLVD btwn INDUSTRIAL AVE & BOURASSA ST,373228.0677,5029708.719,-75.62588795,45.40397115,11/20/2015,16:32,01 - Clear,01 - Dry,10 - No control,01 - Non intersection,05 - Dusk,03 - P.D. only,04 - Sideswipe,Industrial Park
14092,REGIONAL ROAD 174 btwn OR174 IC109 RAMP56 & OR174 IC109 RAMP86,376410.9291,5034896.896,-75.58448027,45.45033289,11/26/2015,14:42,02 - Rain,02 - Wet,10 - No control,01 - Non intersection,01 - Daylight,03 - P.D. only,06 - SMV unattended vehicle,Greenbelt
14093,QUEEN MARY ST @ VANIER PKWY,370362.9898,5031957.225,-75.66218381,45.42447653,7/8/2015,18:12,01 - Clear,01 - Dry,01 - Traffic signal,02 - Intersection related,01 - Daylight,03 - P.D. only,03 - Rear end,Overbrook
14094,RUSSELL RD S @ ST. LAURENT BLVD,373571.1771,5029261.989,-75.62156782,45.39991806,11/28/2015,8:19,01 - Clear,01 - Dry,01 - Traffic signal,03 - At intersection,01 - Daylight,03 - P.D. only,02 - Angle,Sheffield Glen
14095,RICHMOND RD @ LYNHAR RD/STAFFORD RD,358137.2261,5021087.943,-75.81957597,45.32771386,11/28/2015,10:03,01 - Clear,01 - Dry,01 - Traffic signal,02 - Intersection related,01 - Daylight,03 - P.D. only,03 - Rear end,Bells Corners East
14096,ST. LAURENT BLVD btwn HWY417 IC115 RAMP35 & HWY417 IC115 RAMP26,372488.8933,5031512.985,-75.63508143,45.42027698,11/15/2015,23:00,01 - Clear,01 - Dry,10 - No control,06 - Underpass or tunnel,07 - Dark,03 - P.D. only,04 - Sideswipe,Overbrook
14097,MOODIE DR btwn WEST HUNT CLUB RD & ALTI PL,358573.4709,5016929.061,-75.81446246,45.29025857,11/11/2015,5:47,01 - Clear,01 - Dry,10 - No control,01 - Non intersection,07 - Dark,03 - P.D. only,07 - SMV other,Greenbelt
14098,ETESIAN ST btwn SONESTA CIRC & BURNABY DR,350323.777,5016406.685,-75.9196767,45.2861409,11/11/2015,10:19,01 - Clear,01 - Dry,10 - No control,04 - At/near private drive,01 - Daylight,03 - P.D. only,02 - Angle,Stittsville
14099,CRICHTON ST btwn UNION ST & QUEEN VICTORIA ST,368248.7015,5033821.805,-75.68895883,45.44144832,11/28/2015,14:44,01 - Clear,01 - Dry,10 - No control,01 - Non intersection,01 - Daylight,03 - P.D. only,07 - SMV other,New Edinburgh
14100,COVENTRY RD btwn ARCOLA PRIV & LOLA ST,371128.9428,5031599.077,-75.65244515,45.42118186,8/13/2015,12:50,01 - Clear,01 - Dry,10 - No control,01 - Non intersection,01 - Daylight,03 - P.D. only,03 - Rear end,Overbrook
14101,BROPHY DR btwn MOODIE DR & WILLIAM MCEWEN DR,364183.5351,5007711.179,-75.74404891,45.20686398,11/14/2015,16:35,01 - Clear,01 - Dry,10 - No control,01 - Non intersection,05 - Dusk,03 - P.D. only,07 - SMV other,Manotick - North Gower
14102,BANK ST @ RIDEAU RD,376954.0305,5017846.639,-75.58002868,45.29686785,11/16/2015,15:38,01 - Clear,01 - Dry,01 - Traffic signal,02 - Intersection related,01 - Daylight,03 - P.D. only,03 - Rear end,Greenbelt
14103,MERIVALE RD btwn 170 N OF WEST HUNT CLUB RD/COSTCO SC & WEST HUNT CLUB,365573.0752,5022037.278,-75.72460834,45.3356514,12/4/2015,17:43,01 - Clear,01 - Dry,10 - No control,01 - Non intersection,07 - Dark,03 - P.D. only,04 - Sideswipe,Tanglewood
14104,LEITRIM RD @ RIVER RD,368019.7032,5017177.458,-75.69401545,45.29170735,11/1/2015,11:55,02 - Rain,02 - Wet,02 - Stop sign,02 - Intersection related,01 - Daylight,03 - P.D. only,03 - Rear end,Gloucester
14105,ROGER STEVENS DR btwn DWYER HILL RD & MALAKOFF RD,354428.259,4989435.704,-75.87003771,45.04316689,12/7/2015,17:55,01 - Clear,01 - Dry,10 - No control,01 - Non intersection,07 - Dark,03 - P.D. only,07 - SMV other,Munster Hamlet - Richmond
14106,ELGIN ST @ LAURIER AVE,367947.9879,5031550.298,-75.69309366,45.42103732,12/7/2015,18:11,01 - Clear,01 - Dry,01 - Traffic signal,03 - At intersection,07 - Dark,03 - P.D. only,05 - Turning movement,Downtown
14107,MOODIE DR @ ROBERTSON RD,357065.9301,5020454.756,-75.83330841,45.32209698,11/22/2015,14:25,01 - Clear,01 - Dry,01 - Traffic signal,02 - Intersection related,01 - Daylight,03 - P.D. only,02 - Angle,Bells Corners West
14108,MAITLAND AVE btwn HWY417 IC126 RAMP25 & WOODWARD DR,363261.5451,5025694.159,-75.75366576,45.36875206,11/23/2015,13:21,01 - Clear,02 - Wet,10 - No control,01 - Non intersection,01 - Daylight,03 - P.D. only,03 - Rear end,Braemar Park - Bel Air Heights - Copeland Park
14109,FISHER AVE btwn 220 S OF TRENT ST & MCCOOEY LANE,365919.8376,5026606.248,-75.71961959,45.37673208,8/27/2015,12:51,01 - Clear,01 - Dry,10 - No control,01 - Non intersection,01 - Daylight,03 - P.D. only,03 - Rear end,Civic Hospital - Experimental Farm - Central Park
14110,REGIONAL ROAD 174 EB btwn HWY417 IC113 RAMP65 & OR174 BLAIR IC112 RAMP51,374740.7256,5032773.354,-75.60613235,45.43139561,12/4/2015,16:43,01 - Clear,01 - Dry,10 - No control,01 - Non intersection,05 - Dusk,03 - P.D. only,03 - Rear end,Pineview
14111,MAPLE GROVE RD @ TERRY FOX DR,351553.6086,5017864.465,-75.9038626,45.29917767,12/4/2015,17:17,01 - Clear,01 - Dry,01 - Traffic signal,02 - Intersection related,07 - Dark,03 - P.D. only,03 - Rear end,Katimavik - Hazeldean
14112,GOLDEN ASH LANE @ STAGECOACH RD,375755.0425,5013690.861,-75.59590802,45.25959767,11/1/2015,23:13,01 - Clear,02 - Wet,02 - Stop sign,02 - Intersection related,07 - Dark,03 - P.D. only,07 - SMV other,Greely
14113,ALBION RD/COLLISTON CRES E @ WALKLEY RD,371033.3827,5026355.021,-75.65437021,45.37400692,11/2/2015,16:02,01 - Clear,01 - Dry,01 - Traffic signal,02 - Intersection related,01 - Daylight,03 - P.D. only,03 - Rear end,Ledbury - Heron Gate - Ridgemont - Elmwood
14114,RUSSELL RD btwn CLAYTON RD & RUISSELLET RD,397473.5236,5028560.024,-75.31644584,45.39084696,11/21/2015,1:33,01 - Clear,01 - Dry,10 - No control,01 - Non intersection,07 - Dark,03 - P.D. only,07 - SMV other,Navan - Vars
14115,TENTH LINE RD @ VANGUARD DR,384072.7632,5035875.285,-75.48638348,45.45830851,11/26/2015,16:57,02 - Rain,02 - Wet,01 - Traffic signal,03 - At intersection,07 - Dark,03 - P.D. only,02 - Angle,Avalon
14116,BANK ST @ LAURIER AVE,367479.2589,5031266.669,-75.69911858,45.41852747,9/16/2015,20:32,01 - Clear,01 - Dry,01 - Traffic signal,02 - Intersection related,07 - Dark,03 - P.D. only,02 - Angle,Downtown
14117,EARL GREY DR btwn ROLAND MICHENER DR & 175 S OF KANATA AVE/WALMART SC,350776.3449,5018955.895,-75.91367144,45.30904996,11/28/2015,15:03,01 - Clear,01 - Dry,10 - No control,04 - At/near private drive,01 - Daylight,03 - P.D. only,04 - Sideswipe,Kanata
14118,CAMPEAU DR @ KANATA AVE,350595.5891,5019402.666,-75.91593518,45.31308193,11/17/2015,7:21,01 - Clear,01 - Dry,01 - Traffic signal,02 - Intersection related,01 - Daylight,03 - P.D. only,03 - Rear end,Kanata Lakes - Marchwood Lakeside - Morgan's Grant - Kanata
14119,MARCH RD @ 280 S OF CARLING AVE/GATEWAY MALL S,351107.4792,5022026.5,-75.90916163,45.33665823,11/12/2015,15:12,02 - Rain,02 - Wet,01 - Traffic signal,03 - At intersection,01 - Daylight,03 - P.D. only,05 - Turning movement,South March
14120,BANK ST @ LEITRIM RD,375358.5972,5021619.486,-75.59983077,45.33097652,11/20/2015,17:10,01 - Clear,01 - Dry,01 - Traffic signal,02 - Intersection related,07 - Dark,03 - P.D. only,03 - Rear end,Greenbelt
14121,RICHMOND RD btwn ROBERTSON RD & STINSON AVE,357702.8062,5020826.801,-75.82514539,45.32539697,11/16/2015,18:26,01 - Clear,01 - Dry,10 - No control,01 - Non intersection,07 - Dark,03 - P.D. only,03 - Rear end,Bells Corners East
14122,BOOTH ST @ OTTAWA RIVER PKWY/WELLINGTON ST,366264.257,5031005.966,-75.71467425,45.41628953,11/17/2015,20:00,01 - Clear,01 - Dry,01 - Traffic signal,03 - At intersection,07 - Dark,03 - P.D. only,05 - Turning movement,LeBreton Flats
14123,CRAIG HENRY DR btwn ALDRIDGE WAY & JACK AARON DR,362027.9925,5021808.143,-75.76986204,45.33388774,12/5/2015,12:21,01 - Clear,01 - Dry,10 - No control,01 - Non intersection,01 - Daylight,03 - P.D. only,06 - SMV unattended vehicle,Woodvale - Craig Henry - Manordale - Estates of Arlington Wo
14124,BANK ST @ RIVERSIDE DR S,369304.7171,5027895.275,-75.67623726,45.38802691,12/7/2015,20:11,01 - Clear,01 - Dry,01 - Traffic signal,02 - Intersection related,07 - Dark,03 - P.D. only,04 - Sideswipe,Alta Vista
14125,PRINCE OF WALES DR btwn FALLOWFIELD RD & AMBERWOOD CRES,367381.6595,5019330.369,-75.70187728,45.31113609,11/23/2015,16:09,01 - Clear,01 - Dry,10 - No control,01 - Non intersection,01 - Daylight,03 - P.D. only,03 - Rear end,Greenbelt
14126,BASELINE RD @ WOODROFFE AVE,362548.9682,5023769.783,-75.76298678,45.35149578,11/23/2015,21:00,01 - Clear,01 - Dry,01 - Traffic signal,02 - Intersection related,07 - Dark,03 - P.D. only,03 - Rear end,Iris
14127,GREY NUNS DR @ ST. JOSEPH BLVD,380155.0147,5036665.509,-75.5363491,45.46585185,9/14/2015,12:30,01 - Clear,01 - Dry,01 - Traffic signal,03 - At intersection,01 - Daylight,03 - P.D. only,05 - Turning movement,Industrial Park
14128,CLYDE AVE btwn STARWOOD RD & LOTTA AVE,364481.2651,5024604.277,-75.73822752,45.35884266,12/4/2015,17:24,01 - Clear,02 - Wet,10 - No control,01 - Non intersection,07 - Dark,03 - P.D. only,03 - Rear end,Cityview - Skyline - Fisher Heights
14129,KATIMAVIK RD btwn TRANSIT & WHITNEY DR,352307.5197,5019321.613,-75.89411064,45.31223886,12/4/2015,19:25,01 - Clear,01 - Dry,10 - No control,04 - At/near private drive,07 - Dark,03 - P.D. only,02 - Angle,Katimavik - Hazeldean
14130,ST. PATRICK ST @ SUSSEX DR,367666.1936,5032462.004,-75.69657771,45.42926593,11/5/2015,16:05,01 - Clear,01 - Dry,01 - Traffic signal,02 - Intersection related,01 - Daylight,03 - P.D. only,04 - Sideswipe,Byward Market
14131,SHANDON AVE btwn WOODGATE WAY & GRANDFIELD LANE,364826.587,5017632.237,-75.73466553,45.29607944,11/6/2015,7:57,01 - Clear,01 - Dry,10 - No control,04 - At/near private drive,01 - Daylight,03 - P.D. only,06 - SMV unattended vehicle,New Barrhaven
14132,WEST HUNT CLUB RD @ WOODROFFE AVE,363670.691,5021247.211,-75.74897232,45.32870463,11/22/2015,14:28,01 - Clear,01 - Dry,01 - Traffic signal,02 - Intersection related,01 - Daylight,03 - P.D. only,03 - Rear end,Woodvale - Craig Henry - Manordale - Estates of Arlington Wo
14133,INDUSTRIAL AVE btwn RUSSELL RD & ST. LAURENT BLVD,372555.9813,5030234.066,-75.63440011,45.40876336,11/26/2015,17:22,02 - Rain,02 - Wet,10 - No control,01 - Non intersection,07 - Dark,03 - P.D. only,03 - Rear end,Industrial Park
14134,DES EPINETTES AVE @ JEANNE D'ARC BLVD,382228.1921,5035959.293,-75.50995217,45.45927119,11/26/2015,17:26,02 - Rain,02 - Wet,01 - Traffic signal,02 - Intersection related,07 - Dark,03 - P.D. only,03 - Rear end,Orleans Village - Chateauneuf
14135,CARLING AVE @ PRESTON ST,366829.71,5028934.472,-75.70771079,45.3976009,9/22/2015,16:56,01 - Clear,01 - Dry,01 - Traffic signal,02 - Intersection related,01 - Daylight,03 - P.D. only,03 - Rear end,Centretown West
14136,RICHARDSON SIDE RD @ TERRY FOX DR,348803.086,5019506.072,-75.93878598,45.31412702,11/28/2015,15:20,01 - Clear,01 - Dry,01 - Traffic signal,03 - At intersection,01 - Daylight,03 - P.D. only,02 - Angle,Kanata Lakes - Marchwood Lakeside - Morgan's Grant - Kanata
14137,OGILVIE RD btwn CITY PARK DR & BLAIR RD (1),374265.0589,5033056.964,-75.61217079,45.43399479,11/28/2015,15:57,01 - Clear,01 - Dry,10 - No control,04 - At/near private drive,01 - Daylight,03 - P.D. only,04 - Sideswipe,Industrial Park
14138,FAUBERT ST @ REGIONAL RD 174,390281.776,5042683.293,-75.40582094,45.51882685,11/21/2015,18:24,01 - Clear,01 - Dry,02 - Stop sign,02 - Intersection related,07 - Dark,03 - P.D. only,03 - Rear end,Cumberland - Estates
14139,REGIONAL ROAD 174 btwn OR174 IC105 RAMP51 & OR174 IC105 RAMP35,379308.7466,5036945.14,-75.5471274,45.46845854,11/23/2015,2:01,01 - Clear,01 - Dry,10 - No control,01 - Non intersection,07 - Dark,03 - P.D. only,07 - SMV other,Greenbelt
14140,RICHMOND RD @ WEST HUNT CLUB RD,357147.0913,5018153.184,-75.83251636,45.30138111,11/24/2015,4:13,03 - Snow,06 - Ice,01 - Traffic signal,02 - Intersection related,07 - Dark,03 - P.D. only,07 - SMV other,Greenbelt
14141,OGILVIE RD @ CITY PARK DR E/CSIS HQ ACCESS,374189.4489,5033008.775,-75.61314383,45.43356871,9/10/2015,16:20,01 - Clear,01 - Dry,01 - Traffic signal,02 - Intersection related,01 - Daylight,03 - P.D. only,03 - Rear end,Industrial Park
14142,FALLOWFIELD RD btwn ASHDALE AVE & PRINCE OF WALES DR,367220.267,5019053.606,-75.70397023,45.30866018,9/16/2015,17:23,01 - Clear,01 - Dry,10 - No control,01 - Non intersection,01 - Daylight,03 - P.D. only,03 - Rear end,Greenbelt
14143,BLAIR RD @ MONTREAL RD,374020.4422,5034438.863,-75.61510249,45.44645262,11/18/2015,8:43,01 - Clear,01 - Dry,01 - Traffic signal,03 - At intersection,01 - Daylight,03 - P.D. only,05 - Turning movement,Carson Grove - Carson Meadows
14144,MADELEINE MEILLEUR PRIV @ VANIER PKWY,369654.8152,5033359.306,-75.67104781,45.43715791,11/19/2015,15:15,02 - Rain,02 - Wet,01 - Traffic signal,03 - At intersection,01 - Daylight,03 - P.D. only,05 - Turning movement,Vanier North
14145,ELGIN ST @ QUEEN ST,367804.7025,5031779.578,-75.69489506,45.42311322,12/5/2015,16:13,01 - Clear,01 - Dry,01 - Traffic signal,03 - At intersection,05 - Dusk,03 - P.D. only,05 - Turning movement,Downtown
14146,BOYER RD btwn ORLEANS BLVD & VISENEAU DR,380985.6886,5035489.073,-75.52591016,45.45517712,11/4/2015,14:30,01 - Clear,01 - Dry,10 - No control,01 - Non intersection,01 - Daylight,03 - P.D. only,06 - SMV unattended vehicle,Orleans Village - Chateauneuf
14147,STRANDHERD DR btwn FALLOWFIELD RD & MARAVISTA DR,360867.0262,5014941.938,-75.78544952,45.27219905,11/5/2015,15:59,01 - Clear,01 - Dry,10 - No control,01 - Non intersection,01 - Daylight,03 - P.D. only,03 - Rear end,Munster Hamlet - Richmond
14148,INNES RD btwn CHAPELIER PRIV & DU GRAND BOIS AVE,383103.8453,5035760.731,-75.49878882,45.45738711,9/15/2015,20:19,01 - Clear,01 - Dry,10 - No control,01 - Non intersection,07 - Dark,03 - P.D. only,04 - Sideswipe,Avalon
14149,CLEMENTINE BLVD @ HERON RD,369547.7208,5026786.896,-75.67327966,45.37803164,10/1/2015,17:35,01 - Clear,01 - Dry,01 - Traffic signal,02 - Intersection related,01 - Daylight,03 - P.D. only,03 - Rear end,Alta Vista
14150,BOOTH ST @ GLADSTONE AVE,366768.7054,5029849.84,-75.7083749,45.40584254,11/25/2015,9:54,01 - Clear,01 - Dry,01 - Traffic signal,03 - At intersection,01 - Daylight,03 - P.D. only,02 - Angle,Centretown West
14151,HUNT CLUB RD @ RIVERSIDE DR,368037.425,5021944.776,-75.69318108,45.33460131,11/25/2015,21:33,01 - Clear,01 - Dry,01 - Traffic signal,02 - Intersection related,07 - Dark,03 - P.D. only,03 - Rear end,Hunt Club Woods - Quintarra - Revelstoke - Riverside South P
14152,FISHER AVE btwn CRERAR AVE & TUNIS AVE,365488.8947,5027610.739,-75.72499789,45.38580775,10/19/2015,8:39,01 - Clear,01 - Dry,10 - No control,01 - Non intersection,01 - Daylight,03 - P.D. only,03 - Rear end,Carlington
14153,MOODIE DR @ RICHMOND RD N,357392.9275,5019689.471,-75.82921886,45.31518644,12/6/2015,10:57,01 - Clear,01 - Dry,02 - Stop sign,03 - At intersection,01 - Daylight,03 - P.D. only,05 - Turning movement,Bells Corners East
14154,WOLISTON CRES btwn HEYSHAM LANE & KETTLEWELL WAY,348868.6636,5023806.899,-75.9375667,45.35282289,12/8/2015,16:00,01 - Clear,01 - Dry,10 - No control,04 - At/near private drive,05 - Dusk,03 - P.D. only,06 - SMV unattended vehicle,Morgan's Grant
14155,GEORGE ST @ DALHOUSIE ST,368157.2528,5032315.585,-75.6903215,45.42790419,11/8/2015,2:27,01 - Clear,01 - Dry,01 - Traffic signal,02 - Intersection related,07 - Dark,03 - P.D. only,04 - Sideswipe,Byward Market