Record,Location,X,Y,lon,lat,Date,Time,Environment,Road_Surface,Traffic_Control,Collision_Location,Light,Collision_Classification,Impact_type,Neighborhood
14156,ARTHUR ST btwn CHRISTIE ST & GLADSTONE AVE,366915.7453,5030185.115,-75.70645446,45.40884622,11/8/2015,16:57,01 - Clear,01 - Dry,10 - No control,01 - Non intersection,05 - Dusk,03 - P.D. only,06 - SMV unattended vehicle,Centretown West
14157,ST. CHARLES ST btwn ALICE ST & LANDRY ST,369642.8366,5033564.37,-75.67117389,45.4390041,11/23/2015,8:20,01 - Clear,01 - Dry,10 - No control,01 - Non intersection,01 - Daylight,03 - P.D. only,06 - SMV unattended vehicle,Vanier North
14158,240 S OF CHARLEMAGNE BLVD/DES EPINETTES AVE @ TENTH LINE RD,383736.1826,5036677.455,-75.49055768,45.46556382,12/21/2015,20:38,02 - Rain,02 - Wet,01 - Traffic signal,03 - At intersection,07 - Dark,03 - P.D. only,05 - Turning movement,Orlans
14159,ORLEANS BLVD @ ST. JOSEPH BLVD,380629.5716,5036980.59,-75.53023266,45.46863534,12/21/2015,22:09,02 - Rain,02 - Wet,01 - Traffic signal,02 - Intersection related,07 - Dark,03 - P.D. only,04 - Sideswipe,Industrial Park
14160,ELGIN ST @ SLATER ST,367889.987,5031646.215,-75.69382244,45.42190558,10/16/2015,23:13,02 - Rain,02 - Wet,01 - Traffic signal,03 - At intersection,07 - Dark,03 - P.D. only,07 - SMV other,Downtown
14161,OTTAWA RIVER PKWY @ ISLAND PARK DR,363309.8014,5029455.551,-75.75260388,45.40259248,6/26/2015,11:29,01 - Clear,01 - Dry,01 - Traffic signal,02 - Intersection related,01 - Daylight,03 - P.D. only,03 - Rear end,Westboro
14162,OTTAWA RIVER PKWY EB btwn TUNNEY'S PASTURE/REMIC RAPIDS ENT & ISLAND P,363403.1699,5029626.006,-75.75139105,45.40411839,6/29/2015,8:40,02 - Rain,02 - Wet,10 - No control,01 - Non intersection,01 - Daylight,03 - P.D. only,03 - Rear end,Island Park
14163,KING EDWARD AVE @ SUSSEX DR,367659.5535,5033507.865,-75.69652903,45.43867682,6/29/2015,21:20,01 - Clear,01 - Dry,01 - Traffic signal,03 - At intersection,07 - Dark,03 - P.D. only,07 - SMV other,Byward Market - Parliament Hill
14164,YORK ST EB btwn CUMBERLAND ST & KING EDWARD AVE,368290.5076,5032539.264,-75.6885899,45.42990469,12/30/2015,19:30,01 - Clear,01 - Dry,10 - No control,01 - Non intersection,07 - Dark,03 - P.D. only,06 - SMV unattended vehicle,Byward Market
14165,BANK ST btwn QUEENSDALE AVE & LESTER RD,373411.8332,5023368.979,-75.62442156,45.34691085,12/22/2015,16:49,02 - Rain,02 - Wet,10 - No control,01 - Non intersection,05 - Dusk,03 - P.D. only,04 - Sideswipe,Blossom Park - Blossom Park West - Sawmill Creek/ Timbermill
14166,MEADOWLANDS DR btwn PRINCE OF WALES DR & DEBRA AVE,367357.5045,5025687.351,-75.70138155,45.36833718,10/18/2015,9:14,01 - Clear,01 - Dry,10 - No control,04 - At/near private drive,01 - Daylight,03 - P.D. only,03 - Rear end,Carleton Heights - Rideauview
14167,ST. LAURENT BLVD @ COVENTRY RD/OGILVIE RD,372305.7195,5031952.656,-75.63736148,45.42425064,10/18/2015,16:40,01 - Clear,01 - Dry,01 - Traffic signal,02 - Intersection related,01 - Daylight,03 - P.D. only,03 - Rear end,Overbrook
14168,HIGHWAY 417 btwn HWY417 IC115 RAMP51 & HWY417 IC115 RAMP35,372343.639,5031484.592,-75.63694114,45.42003555,5/21/2015,8:25,01 - Clear,01 - Dry,10 - No control,01 - Non intersection,01 - Daylight,03 - P.D. only,04 - Sideswipe,Industrial Park
14169,HIGHWAY 417 btwn HWY417 IC124 RAMP76 & HWY417 IC124 RAMP67,364311.8921,5027382.934,-75.74005444,45.38385899,5/21/2015,23:30,01 - Clear,01 - Dry,10 - No control,01 - Non intersection,07 - Dark,03 - P.D. only,04 - Sideswipe,Westboro
14170,PARKDALE AVE btwn RAMP & TO BE DETERMINED,364691.7186,5030309.049,-75.73484935,45.4101552,7/5/2015,9:00,01 - Clear,01 - Dry,10 - No control,01 - Non intersection,01 - Daylight,03 - P.D. only,04 - Sideswipe,Tunney's Pasture
14171,QUEEN ELIZABETH DRWY @ WAVERLEY ST,368869.797,5031273.661,-75.68135194,45.41846443,7/8/2015,17:41,01 - Clear,01 - Dry,02 - Stop sign,03 - At intersection,01 - Daylight,03 - P.D. only,05 - Turning movement,Golden Triangle
14172,REGIONAL ROAD 174 btwn OR174 IC112 RAMP36 & OR174 IC112 RAMP26,374538.302,5032648.15,-75.60873681,45.4302893,10/19/2015,6:00,01 - Clear,01 - Dry,10 - No control,01 - Non intersection,07 - Dark,03 - P.D. only,07 - SMV other,Pineview
14173,SUSSEX DR btwn 151 W OF KING EDWARD AVE/L.B. PEARSON BUILDING & RAMP,367631.9527,5033426.342,-75.6968922,45.43794578,10/20/2015,16:30,01 - Clear,01 - Dry,10 - No control,01 - Non intersection,01 - Daylight,03 - P.D. only,07 - SMV other,Byward Market - Parliament Hill
14174,IONA ST @ ISLAND PARK DR,364343.5539,5028385.071,-75.73952925,45.39287334,7/8/2015,0:00,01 - Clear,01 - Dry,01 - Traffic signal,03 - At intersection,00 - Unknown,03 - P.D. only,02 - Angle,Westboro
14175,OTTAWA RIVER PKWY WB btwn TRANSIT & TURN LANE,362658.823,5028778.511,-75.76099811,45.39655468,7/10/2015,9:45,01 - Clear,01 - Dry,10 - No control,04 - At/near private drive,01 - Daylight,03 - P.D. only,05 - Turning movement,Westboro
14176,PARKDALE AVE WB OFF RAMP/OTTAWA RIVER PKWY btwn OTTAWA RIVER PKWY & PA,364659.2308,5030386.267,-75.73525499,45.41085277,7/12/2015,15:00,01 - Clear,01 - Dry,10 - No control,01 - Non intersection,01 - Daylight,03 - P.D. only,03 - Rear end,Tunney's Pasture
14177,GOULBURN AVE @ LAURIER AVE,369252.9875,5032349.305,-75.67631551,45.42810747,11/26/2015,19:33,01 - Clear,01 - Dry,02 - Stop sign,03 - At intersection,07 - Dark,03 - P.D. only,02 - Angle,Sandy Hill
14178,TRIM RD btwn DELSON DR & MCFADDEN RD,389210.1159,5030728.001,-75.4215889,45.41139696,11/27/2015,7:51,01 - Clear,01 - Dry,10 - No control,01 - Non intersection,01 - Daylight,03 - P.D. only,07 - SMV other,Navan - Vars
14179,CARLING AVE @ MAITLAND AVE/SHERBOURNE RD,362942.6979,5026489.971,-75.75764222,45.37593921,10/21/2015,0:23,01 - Clear,01 - Dry,01 - Traffic signal,03 - At intersection,07 - Dark,03 - P.D. only,02 - Angle,Carlingwood - McKellar Park - Laurentien View
14180,WEST HUNT CLUB RD @ WOODROFFE AVE,363669.969,5021246.489,-75.74898162,45.32869819,10/21/2015,16:45,01 - Clear,01 - Dry,01 - Traffic signal,02 - Intersection related,01 - Daylight,03 - P.D. only,02 - Angle,Woodvale - Craig Henry - Manordale - Estates of Arlington Wo
14181,COLONEL BY DR btwn UNIVERSITY RD & HOG'S BACK RD,367328.5078,5026409.936,-75.70166022,45.37484142,8/2/2015,3:10,01 - Clear,01 - Dry,10 - No control,01 - Non intersection,07 - Dark,03 - P.D. only,07 - SMV other,Carleton University
14182,EAGLESON RD @ MICHAEL COWPLAND DR/STONEHAVEN D,354382.626,5016623.444,-75.86791709,45.28781674,12/24/2015,11:15,01 - Clear,01 - Dry,01 - Traffic signal,03 - At intersection,01 - Daylight,03 - P.D. only,02 - Angle,Glen Cairn - Kanata South Business Park
14183,BASELINE RD @ MERIVALE RD,365055.4171,5025323.713,-75.73081198,45.36526692,10/4/2015,12:29,01 - Clear,01 - Dry,01 - Traffic signal,02 - Intersection related,01 - Daylight,03 - P.D. only,02 - Angle,Cityview - Skyline - Fisher Heights
14184,ST. LAURENT BLVD @ COVENTRY RD/OGILVIE RD,372305.7195,5031951.214,-75.63736168,45.42423766,10/17/2015,13:09,01 - Clear,01 - Dry,01 - Traffic signal,02 - Intersection related,01 - Daylight,03 - P.D. only,03 - Rear end,Overbrook
14185,RIDEAU ST btwn CUMBERLAND ST & KING EDWARD AVE,368476.5013,5032392.941,-75.68623205,45.42857122,10/22/2015,10:32,01 - Clear,01 - Dry,10 - No control,04 - At/near private drive,01 - Daylight,03 - P.D. only,05 - Turning movement,Lowe
14186,RICHMOND RD @ WOODROFFE AVE,361585.4084,5026655.967,-75.7749514,45.37754414,10/28/2015,15:12,02 - Rain,02 - Wet,01 - Traffic signal,02 - Intersection related,01 - Daylight,03 - P.D. only,03 - Rear end,Carlingwood - McKellar Park - Laurentien View
14187,PRINCESS AVE @ ROCKCLIFFE PKWY,368226.3584,5034336.746,-75.68917803,45.44608359,8/4/2015,16:30,01 - Clear,01 - Dry,11 - Roundabout,03 - At intersection,01 - Daylight,03 - P.D. only,03 - Rear end,Rockcliffe - Manor Park
14188,ISLAND PARK DR btwn CLEARVIEW AVE & OTTAWA RIVER PKWY,363464.7237,5029398.568,-75.75063188,45.40206679,8/17/2015,8:55,01 - Clear,01 - Dry,10 - No control,01 - Non intersection,01 - Daylight,03 - P.D. only,03 - Rear end,Island Park
14189,CHAMPLAIN BRIDGE/ISLAND PARK DR btwn BATE ISLAND & PROVINCIAL BOUNDARY,362874.5635,5030157.706,-75.75808038,45.40894659,8/22/2015,10:40,01 - Clear,01 - Dry,10 - No control,01 - Non intersection,01 - Daylight,03 - P.D. only,03 - Rear end,Westboro
14190,DUNNING RD btwn FRENCH HILL RD & INNES RD,391763.9083,5039088.603,-75.38749023,45.48630311,12/3/2015,13:52,02 - Rain,02 - Wet,10 - No control,04 - At/near private drive,01 - Daylight,03 - P.D. only,07 - SMV other,Navan - Vars
14191,INNES RD btwn PRESTWICK DR & TENTH LINE RD,383930.8217,5036153.785,-75.4881533,45.46083029,12/6/2015,21:04,01 - Clear,01 - Dry,10 - No control,01 - Non intersection,07 - Dark,03 - P.D. only,04 - Sideswipe,Queenswood Heights
14192,BANK ST @ CATHERINE ST,368038.2614,5030267.572,-75.69210486,45.40948762,12/28/2015,8:50,01 - Clear,01 - Dry,01 - Traffic signal,03 - At intersection,01 - Daylight,03 - P.D. only,02 - Angle,Centretown
14193,MONTREAL RD @ ST. LAURENT BLVD,371545.8834,5033817.053,-75.64681741,45.44109854,10/22/2015,18:20,01 - Clear,01 - Dry,01 - Traffic signal,02 - Intersection related,07 - Dark,03 - P.D. only,01 - Approaching,Cummings
14194,RUSSELL AVE @ TEMPLETON ST,369359.9846,5031688.023,-75.67503495,45.42214764,10/28/2015,16:39,02 - Rain,02 - Wet,02 - Stop sign,03 - At intersection,01 - Daylight,03 - P.D. only,02 - Angle,Sandy Hill
14195,KING EDWARD AVE SB btwn ST. PATRICK ST & MURRAY ST,368266.7518,5032791.82,-75.68886091,45.43217925,11/1/2015,9:18,02 - Rain,02 - Wet,10 - No control,01 - Non intersection,01 - Daylight,03 - P.D. only,04 - Sideswipe,Byward Market
14196,OTTAWA RIVER PKWY @ ISLAND PARK DR,363295.7462,5029451.531,-75.75278389,45.40255748,8/25/2015,15:35,01 - Clear,01 - Dry,01 - Traffic signal,02 - Intersection related,01 - Daylight,03 - P.D. only,03 - Rear end,Westboro
14197,O'CONNOR ST @ WELLINGTON ST,367411.7355,5031726.422,-75.69992284,45.42267023,8/16/2015,2:00,01 - Clear,01 - Dry,01 - Traffic signal,02 - Intersection related,07 - Dark,03 - P.D. only,03 - Rear end,Downtown
14198,COLONEL BY DR btwn ECHO DR & CLEGG ST (2),368980.4521,5029693.648,-75.68014392,45.40423788,8/26/2015,16:00,01 - Clear,01 - Dry,10 - No control,01 - Non intersection,01 - Daylight,03 - P.D. only,03 - Rear end,Old Ottawa East
14199,CHAMPLAIN BRIDGE/ISLAND PARK DR btwn BATE ISLAND & PROVINCIAL BOUNDARY,362864.4753,5030155.184,-75.75820955,45.40892473,8/27/2015,17:43,01 - Clear,01 - Dry,10 - No control,01 - Non intersection,01 - Daylight,03 - P.D. only,04 - Sideswipe,Westboro
14200,AVIATION PKWY @ OGILVIE RD,373109.2702,5032376.586,-75.62703551,45.42798694,12/7/2015,9:27,01 - Clear,01 - Dry,01 - Traffic signal,03 - At intersection,01 - Daylight,03 - P.D. only,05 - Turning movement,Industrial Park
14201,ALBERT ST @ COMMISSIONER ST,366713.6973,5030970.126,-75.70893682,45.41592743,12/8/2015,15:16,02 - Rain,02 - Wet,02 - Stop sign,03 - At intersection,01 - Daylight,03 - P.D. only,02 - Angle,LeBreton Flats
14202,BELCOURT BLVD @ INNES RD,382120.8569,5035267.332,-75.51143322,45.45305739,12/28/2015,12:15,01 - Clear,01 - Dry,01 - Traffic signal,03 - At intersection,01 - Daylight,03 - P.D. only,03 - Rear end,Chapel Hill South
14203,INDUSTRIAL AVE btwn RUSSELL RD & ST. LAURENT BLVD,372759.9023,5030007.447,-75.63182651,45.40670458,12/28/2015,12:30,01 - Clear,06 - Ice,10 - No control,04 - At/near private drive,01 - Daylight,03 - P.D. only,03 - Rear end,Industrial Park
14204,BESSERER ST @ WALLER ST,368315.9333,5032191.978,-75.68830978,45.42677762,11/10/2015,13:10,01 - Clear,01 - Dry,01 - Traffic signal,02 - Intersection related,01 - Daylight,03 - P.D. only,04 - Sideswipe,Byward Market - Parliament Hill
14205,RICHMOND RD @ 140 E OF POULIN AVE ,360400.047,5025019.372,-75.79026938,45.36291321,11/19/2015,11:38,02 - Rain,02 - Wet,01 - Traffic signal,02 - Intersection related,01 - Daylight,03 - P.D. only,04 - Sideswipe,Woodroffe - Lincoln Heights
14206,BANK ST @ WALKLEY RD,370337.852,5025947.013,-75.66330353,45.37040119,11/1/2015,14:48,02 - Rain,02 - Wet,01 - Traffic signal,02 - Intersection related,01 - Daylight,03 - P.D. only,03 - Rear end,Ledbury - Heron Gate - Ridgemont - Elmwood
14207,BANK ST @ KILBORN AVE/BELANGER AVE,369653.7199,5027429.714,-75.67184193,45.38380571,11/20/2015,9:13,01 - Clear,01 - Dry,01 - Traffic signal,02 - Intersection related,01 - Daylight,03 - P.D. only,03 - Rear end,Alta Vista
14208,OTTAWA RIVER PKWY EB btwn TUNNEY'S PASTURE/REMIC RAPIDS ENT & ISLAND P,363406.7165,5029635.641,-75.75134461,45.40420479,8/27/2015,18:30,01 - Clear,01 - Dry,10 - No control,01 - Non intersection,01 - Daylight,03 - P.D. only,03 - Rear end,Island Park
14209,OTTAWA RIVER PKWY @ ISLAND PARK DR,363300.7904,5029454.053,-75.75271916,45.40257975,8/29/2015,11:30,01 - Clear,01 - Dry,01 - Traffic signal,03 - At intersection,01 - Daylight,03 - P.D. only,05 - Turning movement,Westboro
14210,BEECHWOOD AVE btwn DOUGLAS AVE & LANGEVIN AVE,369348.6717,5033731.454,-75.67491162,45.44053468,8/29/2015,11:29,01 - Clear,01 - Dry,10 - No control,01 - Non intersection,01 - Daylight,03 - P.D. only,05 - Turning movement,Lindenlea
14211,OTTAWA RIVER PKWY @ REMIC RAPIDS ENT/TUNNEY'S ,364264.2143,5030248.5,-75.74031778,45.40964685,8/29/2015,18:21,02 - Rain,02 - Wet,01 - Traffic signal,02 - Intersection related,01 - Daylight,03 - P.D. only,03 - Rear end,Island Park
14212,KANATA AVE @ TERRY FOX DR,349305.8675,5019211.585,-75.93240028,45.31144545,12/10/2015,13:34,01 - Clear,01 - Dry,01 - Traffic signal,02 - Intersection related,01 - Daylight,03 - P.D. only,03 - Rear end,Kanata Lakes - Marchwood Lakeside - Morgan's Grant - Kanata
14213,HUNT CLUB RD @ HWY417 HUNT CLUB IC108 RAMP52,376416.5641,5027444.644,-75.58549128,45.38328129,12/11/2015,2:00,01 - Clear,01 - Dry,02 - Stop sign,02 - Intersection related,07 - Dark,03 - P.D. only,07 - SMV other,Greenbelt
14214,ST. JOSEPH BLVD/OLD MONTREAL RD @ TRIM RD,384682.032,5039287.026,-75.47803965,45.4889347,12/28/2015,14:33,01 - Clear,01 - Dry,11 - Roundabout,03 - At intersection,01 - Daylight,03 - P.D. only,04 - Sideswipe,Cardinal Creek
14215,FALLOWFIELD RD @ GREENBANK RD,363081.3977,5016731.011,-75.75702055,45.28811713,11/19/2015,18:32,02 - Rain,02 - Wet,01 - Traffic signal,03 - At intersection,07 - Dark,03 - P.D. only,05 - Turning movement,Barrhaven West - Old Barrhaven
14216,CLEGG ST @ COLONEL BY DR,368968.8582,5029740.417,-75.68028592,45.40465975,11/23/2015,10:10,01 - Clear,01 - Dry,01 - Traffic signal,02 - Intersection related,01 - Daylight,03 - P.D. only,03 - Rear end,Old Ottawa East
14217,SOMERSET ST    W btwn CARTIER ST & MACDONALD ST,368380.55,5031327.81,-75.68759564,45.41899627,11/20/2015,0:00,01 - Clear,01 - Dry,10 - No control,01 - Non intersection,00 - Unknown,03 - P.D. only,06 - SMV unattended vehicle,Golden Triangle
14218,CAMPEAU DR @ TERRY FOX DR,350454.5177,5019009.914,-75.91777046,45.30955703,12/3/2015,13:47,01 - Clear,01 - Dry,01 - Traffic signal,03 - At intersection,01 - Daylight,03 - P.D. only,05 - Turning movement,Kanata Lakes - Marchwood Lakeside - Morgan's Grant - Kanata
14219,HIGHWAY 417 btwn HWY417 IC124 RAMP65 & HWY417 IC122 RAMP51,365143.1964,5028688.154,-75.72928033,45.39553197,10/21/2015,13:30,01 - Clear,01 - Dry,10 - No control,01 - Non intersection,01 - Daylight,03 - P.D. only,03 - Rear end,Civic Hospital - Experimental Farm - Central Park
14220,HIGHWAY 417 btwn HWY417 IC129 RAMP51 & HWY417 IC129 RAMP35,360246.6923,5023363.452,-75.79241252,45.34802543,10/22/2015,6:45,01 - Clear,02 - Wet,10 - No control,01 - Non intersection,03 - Dawn,03 - P.D. only,04 - Sideswipe,Qualicum - Redwood Park
14221,HIGHWAY 417 btwn HWY417 IC88 RAMP15 & END,395274.6297,5022447.179,-75.34564175,45.33613831,1/1/2015,19:00,05 - Drifting Snow,06 - Ice,10 - No control,01 - Non intersection,07 - Dark,03 - P.D. only,07 - SMV other,Navan - Vars
14222,HIGHWAY 417 btwn HWY417 IC112 RAMP66 & HWY417 IC112 RAMP56,374428.8447,5030885.815,-75.6103846,45.41444365,1/1/2015,22:00,03 - Snow,02 - Wet,10 - No control,01 - Non intersection,07 - Dark,03 - P.D. only,07 - SMV other,Industrial Park
14223,HIGHWAY 417 btwn RAMP & HWY417 IC88 RAMP51,392264.0668,5022897.817,-75.38396616,45.34057442,1/1/2015,17:25,03 - Snow,06 - Ice,10 - No control,01 - Non intersection,05 - Dusk,03 - P.D. only,07 - SMV other,Navan - Vars
14224,PRINCE OF WALES DR btwn GREENBANK RD & PRINCE OF WALES DR,366203.8573,5009531.829,-75.71810814,45.22307316,12/11/2015,17:05,02 - Rain,02 - Wet,10 - No control,01 - Non intersection,07 - Dark,03 - P.D. only,03 - Rear end,New Barrhaven
14225,O'CONNOR ST btwn FIFTH AVE & HOLMWOOD AVE,368745.2116,5029480.012,-75.68317633,45.40233718,12/2/2015,12:22,02 - Rain,02 - Wet,10 - No control,04 - At/near private drive,01 - Daylight,03 - P.D. only,06 - SMV unattended vehicle,The Glebe
14226,HUNTERSFIELD DR btwn NEWPORT CRES & NEWPORT CRES,373071.4329,5025120.925,-75.62852308,45.36270742,12/12/2015,0:00,01 - Clear,01 - Dry,10 - No control,01 - Non intersection,00 - Unknown,03 - P.D. only,06 - SMV unattended vehicle,Greenboro East
14227,PINEHURST AVE btwn BULLMAN ST & OXFORD ST,365099.3522,5029588.789,-75.72973016,45.40363946,12/15/2015,0:00,01 - Clear,01 - Dry,10 - No control,01 - Non intersection,00 - Unknown,03 - P.D. only,06 - SMV unattended vehicle,Islan
14228,HAXBY PRIV btwn HARRIOT PRIV & RUSHFORD PRIV,372407.2472,5025664.592,-75.63692598,45.3676635,11/24/2015,8:46,01 - Clear,02 - Wet,10 - No control,04 - At/near private drive,01 - Daylight,03 - P.D. only,02 - Angle,Greenboro East
14229,BANK ST @ RIVERSIDE DR N,369224.9939,5027982.824,-75.67724384,45.38882198,12/4/2015,9:42,01 - Clear,02 - Wet,01 - Traffic signal,02 - Intersection related,01 - Daylight,03 - P.D. only,03 - Rear end,Alta Vista
14230,LARCH ST btwn PRESTON ST & END,366391.4689,5029812.127,-75.71319819,45.40553651,12/12/2015,15:07,01 - Clear,01 - Dry,10 - No control,01 - Non intersection,01 - Daylight,03 - P.D. only,06 - SMV unattended vehicle,Little Italy
14231,KING EDWARD AVE NB btwn ST. ANDREW ST & GUIGUES AVE,368199.6892,5032944.034,-75.68969832,45.4335549,11/20/2015,12:00,01 - Clear,01 - Dry,10 - No control,01 - Non intersection,01 - Daylight,03 - P.D. only,06 - SMV unattended vehicle,Lower Town
14232,HIGHWAY 417 btwn HWY417 IC120A RAMP52 & HWY417 IC119B RAMP57,368064.2541,5030180.207,-75.69178403,45.40869918,10/22/2015,8:20,01 - Clear,02 - Wet,10 - No control,01 - Non intersection,01 - Daylight,03 - P.D. only,03 - Rear end,The Glebe
14233,HIGHWAY 417 btwn HWY417 IC118 RAMP76 & HWY417 IC118 RAMP67,369483.0267,5031073.348,-75.67354354,45.41660566,10/22/2015,9:00,01 - Clear,01 - Dry,10 - No control,01 - Non intersection,01 - Daylight,03 - P.D. only,03 - Rear end,Sandy Hill
14234,HIGHWAY 417 btwn HWY417 IC127 RAMP25 & HWY417 IC126 RAMP51,362923.9192,5025487.437,-75.75799993,45.36692008,10/22/2015,15:25,01 - Clear,01 - Dry,10 - No control,01 - Non intersection,01 - Daylight,03 - P.D. only,03 - Rear end,Braemar Park - Bel Air Heights - Copeland Park
14235,HIGHWAY 417 btwn HWY417 IC126 RAMP61 & HWY417 IC124 RAMP76,363671.9337,5026535.813,-75.74832677,45.3762908,10/22/2015,16:00,01 - Clear,01 - Dry,10 - No control,01 - Non intersection,01 - Daylight,03 - P.D. only,03 - Rear end,Carlingwood West - Glabar Park - McKellar Heights
14236,HIGHWAY 417 btwn HIGHWAY 417 & HWY417 IC115 RAMP61,372782.1766,5031560.414,-75.63132778,45.42067529,1/2/2015,19:19,01 - Clear,01 - Dry,10 - No control,01 - Non intersection,07 - Dark,03 - P.D. only,99 - Other,Cummings
14237,REGIONAL ROAD 174 btwn HIGHWAY 417 & HWY417 IC113 RAMP65,373366.48,5031749.334,-75.62383617,45.42231808,1/2/2015,10:25,01 - Clear,01 - Dry,10 - No control,01 - Non intersection,01 - Daylight,03 - P.D. only,07 - SMV other,Pineview
14238,HIGHWAY 417 btwn RAMP & HWY417 IC88 RAMP51,388472.0248,5023660.794,-75.4322146,45.34790152,1/3/2015,16:30,03 - Snow,03 - Loose snow,10 - No control,01 - Non intersection,05 - Dusk,03 - P.D. only,07 - SMV other,Navan - Vars
14239,HIGHWAY 417 btwn HWY417 IC155 RAMP61 & HWY417 IC145 RAMP56,346016.5573,5014822.507,-75.97471294,45.2721516,1/3/2015,19:20,03 - Snow,03 - Loose snow,10 - No control,01 - Non intersection,07 - Dark,03 - P.D. only,07 - SMV other,Stittsville - Basswood
14240,CYR AVE @ MONTREAL RD,370220.7094,5033150.034,-75.66384333,45.43522225,12/11/2015,18:19,01 - Clear,01 - Dry,02 - Stop sign,03 - At intersection,07 - Dark,03 - P.D. only,05 - Turning movement,Vanier
14241,SHAKESPEARE ST btwn BRADLEY AVE & STE. ANNE ST,370449.5181,5033633.665,-75.66085469,45.43955231,12/11/2015,22:52,01 - Clear,01 - Dry,10 - No control,01 - Non intersection,07 - Dark,03 - P.D. only,06 - SMV unattended vehicle,Vanier North
14242,CRAIG ST btwn ELLA ST & NEWTON ST,368018.1133,5029059.013,-75.69251717,45.39861519,12/30/2015,21:00,01 - Clear,01 - Dry,10 - No control,01 - Non intersection,07 - Dark,03 - P.D. only,06 - SMV unattended vehicle,The Glebe
14243,ROCHESTER ST btwn SPRUCE ST & SOMERSET ST W,366466.0029,5030236.762,-75.71219303,45.40935069,12/30/2015,0:00,03 - Snow,02 - Wet,10 - No control,01 - Non intersection,00 - Unknown,03 - P.D. only,06 - SMV unattended vehicle,Centretown West
14244,O'CONNOR ST btwn ARGYLE AVE & CATHERINE ST,368187.6543,5030480.406,-75.69016912,45.41138911,9/2/2015,10:57,01 - Clear,01 - Dry,10 - No control,01 - Non intersection,01 - Daylight,03 - P.D. only,04 - Sideswipe,Centretown
14245,BANK ST @ SUNNYSIDE AVE,368735.4294,5028580.468,-75.68341787,45.39424426,9/30/2015,15:00,01 - Clear,01 - Dry,01 - Traffic signal,02 - Intersection related,01 - Daylight,03 - P.D. only,03 - Rear end,Old Ottawa South
14246,UPPER LORNE PL btwn SOMERSET ST W & END,366609.5911,5030403.737,-75.71033788,45.41084042,11/28/2015,13:30,01 - Clear,01 - Dry,10 - No control,01 - Non intersection,01 - Daylight,03 - P.D. only,06 - SMV unattended vehicle,Centretown West
14247,PRESTON ST btwn GEORGE ST W & ABERDEEN ST,366636.0153,5029379.059,-75.71012883,45.40161832,10/4/2015,15:00,01 - Clear,01 - Dry,10 - No control,01 - Non intersection,01 - Daylight,03 - P.D. only,06 - SMV unattended vehicle,Little Italy
14248,GULF PL btwn HOCHELAGA ST & THE ROCKERY PRIV,373134.2161,5034407.647,-75.6264348,45.44625895,11/14/2015,0:00,01 - Clear,01 - Dry,10 - No control,01 - Non intersection,00 - Unknown,03 - P.D. only,06 - SMV unattended vehicle,Carson Grove - Carson Meadows
14249,HIGHWAY 417 btwn HWY417 IC119B RAMP76 & HWY417 IC119A RAMP67,368435.6716,5030445.926,-75.68700526,45.41105636,10/23/2015,8:43,01 - Clear,01 - Dry,10 - No control,01 - Non intersection,01 - Daylight,03 - P.D. only,03 - Rear end,Centretown
14250,HIGHWAY 417 btwn Continuation of HIGHWAY 417 & HWY417 IC155 RAMP26,339486.0575,5019361.831,-76.05762114,45.31335113,10/23/2015,21:00,01 - Clear,01 - Dry,10 - No control,01 - Non intersection,07 - Dark,03 - P.D. only,99 - Other,Carp - Hardwood Plains
14251,HIGHWAY 417 btwn HWY417 IC122 RAMP15 & HWY417 IC121B RAMP51,366559.3109,5029508.134,-75.71109237,45.40278647,10/24/2015,9:36,01 - Clear,01 - Dry,10 - No control,01 - Non intersection,01 - Daylight,03 - P.D. only,07 - SMV other,Little Italy
14252,HIGHWAY 417 btwn HWY417 IC127 RAMP67 & HWY417 IC126 RAMP16,362355.5407,5025036.146,-75.76530772,45.36290631,1/3/2015,16:00,03 - Snow,04 - Slush,10 - No control,01 - Non intersection,01 - Daylight,03 - P.D. only,04 - Sideswipe,Carlingwood West - Glabar Park - McKellar Heights
14253,HIGHWAY 7 WB btwn HIGHWAY 417 HWY 7 RAMP 66/76 & HIGHWAY 7 HAZELDEAN IC RAMP 34,346202.1529,5013622.735,-75.97244772,45.26134464,1/3/2015,13:10,03 - Snow,03 - Loose snow,10 - No control,01 - Non intersection,01 - Daylight,03 - P.D. only,04 - Sideswipe,Stittsville - Basswood
14254,HIGHWAY 417 btwn HWY417 IC120B RAMP36 & HWY417 IC119B RAMP76,367929.7416,5030113.543,-75.69351083,45.40811151,1/3/2015,19:05,03 - Snow,03 - Loose snow,10 - No control,01 - Non intersection,07 - Dark,03 - P.D. only,04 - Sideswipe,The Glebe
14255,HIGHWAY 416 btwn HWY416 IC66 RAMP34 & HWY416 IC66 RAMP63,359876.8898,5015034.973,-75.79805711,45.27311443,1/3/2015,16:20,04 - Freezing Rain,05 - Packed snow,10 - No control,01 - Non intersection,05 - Dusk,03 - P.D. only,07 - SMV other,Greenbelt
14256,OGILVIE RD btwn CITY PARK DR & BLAIR RD (2),374421.8031,5033147.311,-75.61015492,45.43479209,12/13/2015,17:16,02 - Rain,02 - Wet,10 - No control,04 - At/near private drive,07 - Dark,03 - P.D. only,02 - Angle,Industrial Park