Record,Location,X,Y,lon,lat,Date,Time,Environment,Road_Surface,Traffic_Control,Collision_Location,Light,Collision_Classification,Impact_type,Neighborhood
14257,CHATELAIN AVE btwn MCBRIDE ST & LARKIN ST,364325.3218,5026445.367,-75.73999599,45.37542178,12/23/2015,5:26,"07 - Fog, mist, smoke, dust",02 - Wet,10 - No control,01 - Non intersection,07 - Dark,03 - P.D. only,06 - SMV unattended vehicle,Carlington
14258,SHERWAY DR btwn TEDWYN DR & DOLAN DR,363135.1147,5015425.436,-75.75648928,45.27636508,8/29/2015,17:29,01 - Clear,01 - Dry,10 - No control,01 - Non intersection,01 - Daylight,03 - P.D. only,06 - SMV unattended vehicle,Barrhaven West - Old Barrhaven
14259,BRONSON AVE @ CARLING AVE/GLEBE AVE,367446.9863,5029334.481,-75.69977645,45.40114511,9/30/2015,18:13,01 - Clear,01 - Dry,01 - Traffic signal,02 - Intersection related,01 - Daylight,03 - P.D. only,04 - Sideswipe,The Glebe
14260,CHURCHILL AVE @ RICHMOND RD,363227.8904,5028293.35,-75.75378777,45.39214203,10/3/2015,11:00,01 - Clear,01 - Dry,01 - Traffic signal,02 - Intersection related,01 - Daylight,03 - P.D. only,03 - Rear end,Carlingwood - McKellar Park - Laurentien View
14261,WESTHALL WAY btwn CARRONBRIDGE CIR & CARRONBRIDGE CIR,354654.0046,5015632.615,-75.86455729,45.27888184,3/15/2015,8:00,03 - Snow,04 - Slush,10 - No control,04 - At/near private drive,01 - Daylight,03 - P.D. only,06 - SMV unattended vehicle,Glen Cairn - Kanata South Business Park
14262,TESKIWA CRES btwn GOWARD DR & HALTON TER,348241.8234,5023669.295,-75.94557856,45.35162381,12/25/2015,0:00,01 - Clear,01 - Dry,10 - No control,01 - Non intersection,00 - Unknown,03 - P.D. only,06 - SMV unattended vehicle,Morgan's Grant
14263,HIGH RD btwn EARL ARMSTRONG RD & ALBION RD,374537.2245,5017788.35,-75.61084761,45.29658742,12/28/2015,0:00,01 - Clear,01 - Dry,10 - No control,01 - Non intersection,00 - Unknown,03 - P.D. only,06 - SMV unattended vehicle,Greenbelt
14264,HIGHWAY 417 btwn HWY417 IC118 RAMP67 & HWY417 IC117 RAMP36,370206.4102,5031118.435,-75.66429585,45.41694409,11/4/2015,8:30,01 - Clear,01 - Dry,10 - No control,01 - Non intersection,01 - Daylight,03 - P.D. only,04 - Sideswipe,Sandy Hill
14265,HIGHWAY 417 btwn HWY417 IC129 RAMP25 & HWY417 IC129 RAMP35,360506.9395,5023559.973,-75.78906947,45.3497731,11/4/2015,8:15,01 - Clear,01 - Dry,10 - No control,01 - Non intersection,01 - Daylight,03 - P.D. only,04 - Sideswipe,Iris
14266,HIGHWAY 417 btwn HIGHWAY 417 & HIGHWAY 417 (1),375248.3947,5030457.01,-75.59997617,45.41050347,11/24/2015,6:00,03 - Snow,03 - Loose snow,10 - No control,01 - Non intersection,07 - Dark,03 - P.D. only,07 - SMV other,Industrial Park
14267,HIGHWAY 417 btwn HWY417 IC117 RAMP51 & HWY417 IC117 RAMP35,370555.5546,5031154.559,-75.65983046,45.41723639,1/4/2015,23:18,03 - Snow,03 - Loose snow,10 - No control,01 - Non intersection,07 - Dark,03 - P.D. only,07 - SMV other,Industrial Park
14268,HIGHWAY 417 btwn HWY417 IC129 RAMP25 & HWY417 IC129 RAMP35,360503.0018,5023560.619,-75.78911965,45.34977922,1/4/2015,9:32,03 - Snow,03 - Loose snow,10 - No control,01 - Non intersection,01 - Daylight,03 - P.D. only,04 - Sideswipe,Iris
14269,HIGHWAY 417 btwn HWY417 IC118 RAMP67 & HWY417 IC117 RAMP36,369788.0386,5031156.908,-75.66963579,45.41732924,1/4/2015,7:29,04 - Freezing Rain,06 - Ice,10 - No control,01 - Non intersection,03 - Dawn,03 - P.D. only,04 - Sideswipe,Sandy Hill
14270,ARLINGTON AVE @ BRONSON AVE,367223.4314,5029866.841,-75.70256437,45.40595511,12/17/2015,11:46,01 - Clear,01 - Dry,01 - Traffic signal,03 - At intersection,01 - Daylight,03 - P.D. only,02 - Angle,Centretown West
14271,COOLSPRING CRES btwn COACH HOUSE GT & VIEWMOUNT DR,366603.3119,5023676.818,-75.71126016,45.35031371,12/16/2015,0:00,01 - Clear,01 - Dry,10 - No control,01 - Non intersection,00 - Unknown,03 - P.D. only,06 - SMV unattended vehicle,Borden Farm - Stewart Farm - Parkwood Hills - Fisher Glen
14272,LAURIER AVE   W btwn BANK ST & O'CONNOR ST,367545.6102,5031306.536,-75.69826578,45.41888023,12/17/2015,8:30,02 - Rain,02 - Wet,10 - No control,01 - Non intersection,01 - Daylight,03 - P.D. only,06 - SMV unattended vehicle,Downtown
14273,LEMAY CRES btwn PLEASANT PARK RD & PLEASANT PARK RD,373025.4567,5028521.792,-75.62864001,45.39331149,12/24/2015,17:30,01 - Clear,01 - Dry,10 - No control,01 - Non intersection,07 - Dark,03 - P.D. only,06 - SMV unattended vehicle,Urbandale
14274,TORMEY ST btwn COBOURG ST & BRIGADIER PRIV,369167.1957,5032910.276,-75.67733846,45.43316277,10/3/2015,13:00,01 - Clear,01 - Dry,10 - No control,04 - At/near private drive,01 - Daylight,03 - P.D. only,05 - Turning movement,Lower Town
14275,PRINCE OF WALES DR btwn MELFA CRES & NORMANDY CRES,367415.1882,5025328.779,-75.70069067,45.36510568,10/3/2015,15:50,01 - Clear,01 - Dry,10 - No control,01 - Non intersection,01 - Daylight,03 - P.D. only,03 - Rear end,Carleton Heights - Rideauview
14276,CODY AVE btwn LEVIS AVE & JEANNE MANCE ST,370383.518,5032942.977,-75.66179024,45.43334399,12/8/2015,0:00,01 - Clear,01 - Dry,10 - No control,01 - Non intersection,00 - Unknown,03 - P.D. only,06 - SMV unattended vehicle,Vanier South
14277,GLADECREST CRT btwn VALLEY STREAM DR & VALLEY STREAM DR,359918.8874,5021880.393,-75.79676074,45.33470669,12/29/2015,22:23,03 - Snow,03 - Loose snow,10 - No control,01 - Non intersection,07 - Dark,03 - P.D. only,06 - SMV unattended vehicle,Briar Green - Leslie Park
14278,HIGHWAY 417 btwn HWY417 IC110 RAMP64 & HWY417 IC104 RAMP16,378035.2036,5026431.525,-75.56497504,45.37399848,11/24/2015,7:55,03 - Snow,02 - Wet,10 - No control,01 - Non intersection,01 - Daylight,03 - P.D. only,03 - Rear end,Greenbelt
14279,HIGHWAY 417 btwn HWY417 IC115 RAMP25 & REGIONAL ROAD 174,373268.0374,5031691.876,-75.62510194,45.42181074,11/24/2015,14:15,01 - Clear,01 - Dry,10 - No control,01 - Non intersection,01 - Daylight,03 - P.D. only,03 - Rear end,Industrial Park
14280,HIGHWAY 417 btwn HWY417 IC155 RAMP61 & HWY417 IC145 RAMP56,345992.6949,5014815.261,-75.97501764,45.2720878,11/24/2015,23:20,01 - Clear,01 - Dry,10 - No control,01 - Non intersection,07 - Dark,03 - P.D. only,07 - SMV other,Stittsville - Basswood
14281,HIGHWAY 416 btwn HWY416 IC49 RAMP43 & HWY416 IC42 RAMP34,370406.0054,4996898.167,-75.66626521,45.10901654,11/25/2015,2:00,01 - Clear,01 - Dry,10 - No control,01 - Non intersection,07 - Dark,03 - P.D. only,07 - SMV other,Manotick - North Gower
14282,HIGHWAY 417 btwn HWY417 IC122 RAMP51 & HWY417 IC122 RAMP15,365312.8629,5028861.922,-75.72709219,45.39708086,1/4/2015,6:43,04 - Freezing Rain,05 - Packed snow,10 - No control,01 - Non intersection,07 - Dark,03 - P.D. only,07 - SMV other,Civi
14283,HIGHWAY 417 btwn HWY417 IC140 RAMP35 & HWY417 IC140 RAMP25,350988.7692,5018586.286,-75.91099702,45.30571018,1/4/2015,12:48,04 - Freezing Rain,04 - Slush,10 - No control,01 - Non intersection,01 - Daylight,03 - P.D. only,07 - SMV other,Katimavik - Hazeldean
14284,HIGHWAY 416 btwn HWY416 IC66 RAMP62 & HWY416 IC72 RAMP24,360308.3754,5017864.517,-75.79224179,45.29854099,1/4/2015,14:29,04 - Freezing Rain,04 - Slush,10 - No control,01 - Non intersection,01 - Daylight,03 - P.D. only,07 - SMV other,Greenbelt
14285,HIGHWAY 417 btwn HWY417 IC134 RAMP35 & HWY417 IC134 RAMP25,356513.7729,5022294.058,-75.84015898,45.3386881,1/4/2015,14:38,04 - Freezing Rain,04 - Slush,10 - No control,01 - Non intersection,01 - Daylight,03 - P.D. only,07 - SMV other,Greenbelt
14286,HIGHWAY 417 btwn HWY417 IC118 RAMP57 & HWY417 IC118 RAMP35,369126.0828,5030819.334,-75.6781369,45.41435304,1/4/2015,7:45,03 - Snow,02 - Wet,10 - No control,01 - Non intersection,03 - Dawn,03 - P.D. only,07 - SMV other,Old Ottawa East
14287,DONALD ST @ 110 E OF ST. LAURENT BLVD ,372203.9134,5032483.103,-75.63858969,45.42903317,12/17/2015,16:39,01 - Clear,01 - Dry,01 - Traffic signal,03 - At intersection,05 - Dusk,03 - P.D. only,05 - Turning movement,Cummings
14288,GRANT CARMAN DR @ FAMILY BROWN LANE,365219.5914,5023514.549,-75.72893754,45.34897422,12/19/2015,18:07,01 - Clear,01 - Dry,02 - Stop sign,02 - Intersection related,07 - Dark,03 - P.D. only,07 - SMV other,Borden Farm - Stewart Farm - Parkwood Hills - Fisher Glen
14289,BRUYERE ST btwn SUSSEX DR & PARENT AVE,367662.1347,5032744.866,-75.69659347,45.43181139,12/24/2015,15:00,01 - Clear,01 - Dry,10 - No control,01 - Non intersection,01 - Daylight,03 - P.D. only,06 - SMV unattended vehicle,Lower Town
14290,LILIBET CRES btwn ALBION RD N & ALBION RD N,371076.3373,5026085.075,-75.65385808,45.37157397,11/10/2015,14:56,01 - Clear,01 - Dry,10 - No control,01 - Non intersection,01 - Daylight,03 - P.D. only,06 - SMV unattended vehicle,Ledbury - Heron Gate - Ridgemont - Elmwood
14291,QUEEN ST btwn KENT ST & BANK ST,367261.703,5031438.635,-75.70187632,45.42009422,6/10/2015,11:00,01 - Clear,01 - Dry,10 - No control,04 - At/near private drive,01 - Daylight,03 - P.D. only,06 - SMV unattended vehicle,Downtown
14292,RUSKIN ST btwn MACFARLANE AVE & MELROSE AVE,365752.0345,5028558.325,-75.72152085,45.39431107,10/7/2015,14:00,01 - Clear,01 - Dry,10 - No control,04 - At/near private drive,01 - Daylight,03 - P.D. only,02 - Angle,Civic Hospital - Experimental Farm - Central Park
14293,HIGHWAY 416 btwn HWY416 IC42 RAMP43 & END,372451.1329,4994058.865,-75.64066148,45.08327565,11/26/2015,11:25,01 - Clear,01 - Dry,10 - No control,01 - Non intersection,01 - Daylight,03 - P.D. only,04 - Sideswipe,Manotick - North Gower
14294,HIGHWAY 417 btwn HWY417 IC118 RAMP35 & HWY417 IC117 RAMP51,370209.4103,5031098.458,-75.66426018,45.41676406,11/26/2015,12:15,01 - Clear,01 - Dry,10 - No control,01 - Non intersection,01 - Daylight,03 - P.D. only,07 - SMV other,Old Ottawa East
14295,HIGHWAY 416 btwn HWY416 IC66 RAMP52 & HWY416 IC66 RAMP24,360140.7022,5014673.178,-75.79473546,45.26983825,1/4/2015,14:00,03 - Snow,03 - Loose snow,10 - No control,01 - Non intersection,01 - Daylight,03 - P.D. only,07 - SMV other,Munster Hamlet - Richmond
14296,HIGHWAY 417 btwn HWY417 IC115 RAMP36 & HWY417 IC115 RAMP26,372461.7169,5031520.835,-75.63542756,45.42035024,1/4/2015,8:40,03 - Snow,06 - Ice,10 - No control,01 - Non intersection,01 - Daylight,03 - P.D. only,07 - SMV other,Overbrook
14297,HIGHWAY 417 btwn HWY417 IC126 RAMP51 & HWY417 IC126 RAMP25,363312.3968,5026025.562,-75.75297738,45.37172974,1/4/2015,12:15,03 - Snow,06 - Ice,10 - No control,01 - Non intersection,01 - Daylight,03 - P.D. only,07 - SMV other,Carlington
14298,HIGHWAY 417 btwn Continuation of HIGHWAY 417 & HWY417 IC134 RAMP51,353379.719,5020465.954,-75.88032487,45.32246251,1/4/2015,6:43,04 - Freezing Rain,05 - Packed snow,10 - No control,01 - Non intersection,07 - Dark,03 - P.D. only,07 - SMV other,Greenbelt
14299,CAROLINE AVE btwn SPENCER ST & WELLINGTON ST W,364703.9923,5029209.631,-75.73482613,45.40026183,6/30/2015,14:20,01 - Clear,01 - Dry,10 - No control,01 - Non intersection,01 - Daylight,03 - P.D. only,06 - SMV unattended vehicle,Island Park
14300,CATHCART ST btwn SUSSEX DR & PARENT AVE,367627.7048,5032842.371,-75.69702102,45.4326918,12/31/2015,10:14,01 - Clear,03 - Loose snow,10 - No control,01 - Non intersection,01 - Daylight,03 - P.D. only,06 - SMV unattended vehicle,Lower Town
14301,LEPAGE AVE btwn CAVAN ST & KIRKWOOD AVE,364667.7329,5026561.81,-75.73561045,45.37644034,12/11/2015,0:00,01 - Clear,01 - Dry,10 - No control,01 - Non intersection,00 - Unknown,03 - P.D. only,06 - SMV unattended vehicle,Carlington
14302,HWY417 IC118 RAMP35 btwn NICHOLAS ST & HWY417 IC118 RAMP45,369431.2564,5031088.246,-75.67420299,45.41674449,10/8/2015,18:56,01 - Clear,01 - Dry,10 - No control,01 - Non intersection,07 - Dark,03 - P.D. only,04 - Sideswipe,Sandy Hill
14303,CASTLEFRANK RD @ GOLDRIDGE DR N/SHERRING CRES ,350324.4921,5019992.972,-75.91933825,45.31841129,10/8/2015,19:12,01 - Clear,01 - Dry,02 - Stop sign,03 - At intersection,07 - Dark,03 - P.D. only,02 - Angle,Kanata Lakes - Marchwood Lakeside - Morgan's Grant - Kanata
14304,HIGHWAY 416 btwn HWY416 IC72 RAMP62 & HWY416 IC72 RAMP24,359468.5358,5019644.859,-75.80275297,45.31462649,11/27/2015,7:00,01 - Clear,01 - Dry,10 - No control,01 - Non intersection,03 - Dawn,03 - P.D. only,04 - Sideswipe,Greenbelt
14305,HIGHWAY 417 btwn HWY417 IC155 RAMP25 & RAMP,342164.511,5017561.997,-76.02359751,45.29701803,11/27/2015,6:45,01 - Clear,01 - Dry,10 - No control,01 - Non intersection,03 - Dawn,03 - P.D. only,07 - SMV other,Carp - Hardwood Plains
14306,ROBERTSON RD @ HAANEL DR,354997.5409,5019203.627,-75.85981738,45.31099007,12/21/2015,7:54,01 - Clear,01 - Dry,02 - Stop sign,02 - Intersection related,01 - Daylight,03 - P.D. only,03 - Rear end,Greenbelt
14307,CLEOPATRA DR btwn WEST HUNT CLUB RD & CAMELOT DR,365382.9601,5021352.754,-75.72711755,45.32950857,12/18/2015,11:30,01 - Clear,01 - Dry,10 - No control,01 - Non intersection,01 - Daylight,03 - P.D. only,06 - SMV unattended vehicle,Merivale Gardens - Grenfell Glen - Pineglen - Country Place
14308,PARENT AVE btwn MURRAY ST & CLARENCE ST,367899.205,5032428.42,-75.69360446,45.42894277,12/21/2015,10:51,01 - Clear,01 - Dry,10 - No control,01 - Non intersection,01 - Daylight,03 - P.D. only,06 - SMV unattended vehicle,Byward Market
14309,DONALD ST btwn FRANCES ST & BARNABY PRIV,371512.1981,5032405.69,-75.64743919,45.42840296,12/25/2015,2:00,01 - Clear,01 - Dry,10 - No control,01 - Non intersection,07 - Dark,03 - P.D. only,06 - SMV unattended vehicle,Overbrook
14310,KENT ST btwn LISGAR ST & COOPER ST,367479.101,5030897.13,-75.6991676,45.41520249,10/8/2015,0:00,01 - Clear,01 - Dry,10 - No control,01 - Non intersection,00 - Unknown,03 - P.D. only,06 - SMV unattended vehicle,Centretown
14311,O'CONNOR ST btwn SECOND AVE & THIRD AVE,368615.838,5029766.739,-75.68479165,45.40492886,10/9/2015,11:40,02 - Rain,02 - Wet,10 - No control,04 - At/near private drive,01 - Daylight,03 - P.D. only,02 - Angle,The Glebe
14312,RIVERSIDE DR SB btwn SAN REMO PRIV & TERMINAL AVE,370537.4262,5030435.153,-75.66015802,45.41076517,12/21/2015,16:11,01 - Clear,01 - Dry,10 - No control,01 - Non intersection,05 - Dusk,03 - P.D. only,03 - Rear end,Industrial Park
14313,EVANS BLVD @ HERON RD,370262.0056,5026883.464,-75.6641476,45.37883416,10/4/2015,13:45,01 - Clear,01 - Dry,02 - Stop sign,02 - Intersection related,01 - Daylight,03 - P.D. only,03 - Rear end,Alta Vista
14314,VANIER PKWY NB btwn BEECHWOOD AVE/ ST. PATRICK ST/CRICHTON ST & DESCHA,369625.7336,5033372.278,-75.67141778,45.43727733,10/13/2015,13:56,02 - Rain,02 - Wet,10 - No control,01 - Non intersection,01 - Daylight,03 - P.D. only,03 - Rear end,Vanier North
14315,HIGHWAY 417 btwn HWY417 IC163 RAMP61 & HWY417 IC155 RAMP36,332321.2543,5021248.57,-76.14889277,45.33064641,2/14/2015,10:30,03 - Snow,03 - Loose snow,10 - No control,01 - Non intersection,01 - Daylight,03 - P.D. only,07 - SMV other,Carp - Hardwood Plains
14316,HIGHWAY 417 btwn HWY417 IC134 RAMP51 & HWY417 IC134 RAMP35,356332.5463,5022194.945,-75.8424815,45.33780961,2/14/2015,18:50,03 - Snow,04 - Slush,10 - No control,01 - Non intersection,07 - Dark,03 - P.D. only,04 - Sideswipe,Greenbelt
14317,HIGHWAY 417 btwn HWY417 IC127 RAMP63 & HWY417 IC127 RAMP67,362157.7772,5024878.146,-75.76785029,45.36150085,2/14/2015,8:35,03 - Snow,04 - Slush,10 - No control,01 - Non intersection,01 - Daylight,03 - P.D. only,04 - Sideswipe,Carlingwood West - Glabar Park - McKellar Heights
14318,HIGHWAY 417 btwn HWY417 IC127 RAMP63 & HWY417 IC127 RAMP67,362152.001,5024872.37,-75.76792468,45.36144935,2/14/2015,9:08,03 - Snow,04 - Slush,10 - No control,01 - Non intersection,01 - Daylight,03 - P.D. only,06 - SMV unattended vehicle,Carlingwood West - Glabar Park - McKellar Heights
14319,HIGHWAY 417 btwn HWY417 IC127 RAMP63 & HWY417 IC127 RAMP67,362201.8205,5024912.081,-75.7672842,45.36180259,2/14/2015,9:30,05 - Drifting Snow,03 - Loose snow,10 - No control,01 - Non intersection,01 - Daylight,03 - P.D. only,04 - Sideswipe,Carlingwood West - Glabar Park - McKellar Heights
14320,HIGHWAY 417 btwn HWY417 IC142 RAMP35 & HWY417 IC142 RAMP25,348964.6442,5017239.232,-75.93692754,45.29371915,2/14/2015,10:30,03 - Snow,03 - Loose snow,10 - No control,01 - Non intersection,01 - Daylight,03 - P.D. only,07 - SMV other,Stittsville - Basswood
14321,HWY417 IC122 RAMP16 btwn HIGHWAY 417 & WESTMOUNT AVE,365173.5213,5028779.129,-75.72888192,45.39634793,2/15/2015,14:20,06 - Strong wind,02 - Wet,10 - No control,01 - Non intersection,01 - Daylight,03 - P.D. only,03 - Rear end,Civi
14322,HIGHWAY 417 btwn HWY417 IC138 RAMP36 & HIGHWAY 417,352905.8848,5020236.756,-75.88639093,45.32043278,2/14/2015,6:50,03 - Snow,03 - Loose snow,10 - No control,01 - Non intersection,03 - Dawn,03 - P.D. only,07 - SMV other,Kanata
14323,PARKDALE AVE WB ON RAMP/OTTAWA RIVER PKWY btwn PARKDALE AVE & OTTAWA R,364613.8181,5030524.74,-75.73581831,45.4121026,7/17/2015,15:00,02 - Rain,02 - Wet,10 - No control,01 - Non intersection,01 - Daylight,03 - P.D. only,07 - SMV other,Mechanicsville
14324,BRONSON AVE @ SUNNYSIDE AVE/UNIVERSITY RD - CA,367920.265,5028096.501,-75.69389,45.38996362,7/27/2015,16:35,01 - Clear,01 - Dry,01 - Traffic signal,02 - Intersection related,01 - Daylight,03 - P.D. only,04 - Sideswipe,Carleto
14325,AVIATION PKWY @ HEMLOCK RD NB ONRAMP,371561.2199,5035248.842,-75.6464271,45.45397963,7/30/2015,13:50,01 - Clear,01 - Dry,03 - Yield sign,02 - Intersection related,01 - Daylight,03 - P.D. only,03 - Rear end,Gloucester
14326,HIGHWAY 417 btwn HWY417 IC124 RAMP57 & HWY417 IC124 RAMP55,364358.1015,5027419.035,-75.73946005,45.38417989,2/15/2015,13:50,01 - Clear,01 - Dry,10 - No control,01 - Non intersection,01 - Daylight,03 - P.D. only,03 - Rear end,Carlington
14327,HWY417 IC113 RAMP85 btwn HWY417 IC113 RAMP35 & HIGHWAY 417,373968.1877,5031668.708,-75.6161596,45.42153341,2/14/2015,10:50,03 - Snow,03 - Loose snow,10 - No control,01 - Non intersection,01 - Daylight,03 - P.D. only,07 - SMV other,Pineview
14328,HWY417 IC104 RAMP51 btwn HIGHWAY 417 & ANDERSON RD,379847.7441,5025891.886,-75.54191877,45.36895137,2/14/2015,12:41,03 - Snow,03 - Loose snow,10 - No control,01 - Non intersection,01 - Daylight,03 - P.D. only,07 - SMV other,Greenbelt
14329,HIGHWAY 417 btwn HWY417 IC118 RAMP57 & HWY417 IC118 RAMP35,369295.5763,5030928.397,-75.67595732,45.41531875,2/13/2015,7:35,01 - Clear,06 - Ice,10 - No control,01 - Non intersection,01 - Daylight,03 - P.D. only,07 - SMV other,Old Ottawa East
14330,HIGHWAY 417 btwn HWY417 IC122 RAMP16 & HWY417 IC122 RAMP61,365330.2,5028893.208,-75.72686693,45.39736086,2/14/2015,8:36,03 - Snow,03 - Loose snow,10 - No control,01 - Non intersection,01 - Daylight,03 - P.D. only,04 - Sideswipe,Civi
14331,OTTAWA RIVER PKWY WB btwn WOODROFFE AVE & TRANSIT,362536.6577,5028144.035,-75.76263259,45.39085584,8/1/2015,1:13,01 - Clear,01 - Dry,10 - No control,01 - Non intersection,07 - Dark,03 - P.D. only,04 - Sideswipe,Woodroffe - Lincoln Heights
14332,IONA ST @ ISLAND PARK DR,364348.5221,5028388.203,-75.73946543,45.3929011,8/4/2015,20:37,01 - Clear,02 - Wet,01 - Traffic signal,03 - At intersection,07 - Dark,03 - P.D. only,02 - Angle,Westboro
14333,MACKAY ST @ SUSSEX DR,367924.3299,5034086.22,-75.69307082,45.44385679,8/7/2015,16:10,01 - Clear,01 - Dry,02 - Stop sign,03 - At intersection,01 - Daylight,03 - P.D. only,03 - Rear end,New Edinburgh
14334,HIGHWAY 417 btwn HWY417 IC120A RAMP52 & HWY417 IC119B RAMP57,368107.1517,5030211.991,-75.69123198,45.40898129,2/14/2015,18:30,01 - Clear,03 - Loose snow,10 - No control,01 - Non intersection,07 - Dark,03 - P.D. only,07 - SMV other,The Glebe
14335,HIGHWAY 417 btwn HWY417 IC121A RAMP51 & HWY417 IC120A RAMP52,367269.2178,5029733.663,-75.70199639,45.40475272,2/13/2015,18:47,01 - Clear,03 - Loose snow,10 - No control,01 - Non intersection,07 - Dark,03 - P.D. only,03 - Rear end,Centretown West
14336,HWY417 IC142 RAMP61 btwn HWY417 IC142 RAMP63 & HIGHWAY 417,349123.4764,5017475.795,-75.93488148,45.29583782,2/15/2015,21:50,01 - Clear,02 - Wet,10 - No control,01 - Non intersection,07 - Dark,03 - P.D. only,07 - SMV other,Stittsville - Basswood
14337,HIGHWAY 417 btwn HWY417 IC169 RAMP51 & HWY417 IC169 RAMP35,325414.2438,5024928.041,-76.23685571,45.36399331,2/15/2015,20:55,01 - Clear,03 - Loose snow,10 - No control,01 - Non intersection,07 - Dark,03 - P.D. only,07 - SMV other,Antrim
14338,CHAMPLAIN BRIDGE/ISLAND PARK DR btwn BATE ISLAND & PROVINCIAL BOUNDARY,362796.7995,5030211.477,-75.75906743,45.40943686,8/9/2015,11:10,01 - Clear,01 - Dry,10 - No control,01 - Non intersection,01 - Daylight,03 - P.D. only,03 - Rear end,Westboro
14339,QUEEN ELIZABETH DRWY @ QUEEN ELIZABETH PL,368583.2895,5028847.977,-75.68532621,45.3966651,8/10/2015,22:25,02 - Rain,02 - Wet,02 - Stop sign,03 - At intersection,07 - Dark,03 - P.D. only,07 - SMV other,The Glebe
14340,ISLAND PARK DR @ MERIVALE RD,364653.7802,5028026.476,-75.73561099,45.38962033,8/14/2015,12:15,02 - Rain,02 - Wet,01 - Traffic signal,02 - Intersection related,01 - Daylight,03 - P.D. only,03 - Rear end,Westboro
14341,METCALFE ST @ SOMERSET ST,368005.9574,5031107.102,-75.69240985,45.41704435,8/15/2015,10:20,01 - Clear,01 - Dry,01 - Traffic signal,03 - At intersection,01 - Daylight,03 - P.D. only,02 - Angle,Centretown
14342,HIGHWAY 417 btwn HWY417 IC124 RAMP76 & HWY417 IC124 RAMP67,364338.6069,5027415.425,-75.73970941,45.38414907,2/15/2015,13:36,01 - Clear,01 - Dry,10 - No control,01 - Non intersection,01 - Daylight,03 - P.D. only,03 - Rear end,Westboro
14343,WHITE ALDER AVE btwn FLAT SEDGE CRES & STALWART CRES W,375460.834,5020729.409,-75.59865365,45.32295768,6/3/2015,23:55,01 - Clear,01 - Dry,10 - No control,01 - Non intersection,07 - Dark,03 - P.D. only,06 - SMV unattended vehicle,Greenbelt
14344,OTTAWA RIVER PKWY EB btwn TUNNEY'S PASTURE/REMIC RAPIDS ENT & ISLAND P,364375.3991,5030322.6,-75.73888852,45.41030413,2/15/2015,10:12,01 - Clear,03 - Loose snow,10 - No control,01 - Non intersection,01 - Daylight,03 - P.D. only,07 - SMV other,Island Park
14345,ROCKCLIFFE PKWY btwn GL/OT BOUNDARY & ST. JOSEPH BLVD,377190.294,5037172.296,-75.57418265,45.4707251,2/21/2015,9:49,01 - Clear,03 - Loose snow,10 - No control,01 - Non intersection,01 - Daylight,03 - P.D. only,07 - SMV other,Greenbelt
14346,BANK ST btwn BANK ST EXTENSION NB & JOHNSTON RD,370762.4855,5025016.415,-75.65800722,45.36198813,12/1/2015,16:58,04 - Freezing Rain,06 - Ice,10 - No control,01 - Non intersection,05 - Dusk,03 - P.D. only,03 - Rear end,South Keys - Heron Gate - Greenboro West
14347,OTTAWA RIVER PKWY WB btwn TUNNEY'S PASTURE/REMIC RAPIDS ENT & PARKDALE,363370.934,5029655.059,-75.75179936,45.4043825,3/3/2015,18:30,03 - Snow,03 - Loose snow,10 - No control,01 - Non intersection,07 - Dark,03 - P.D. only,03 - Rear end,Island Park
14348,CHAMPLAIN BRIDGE/ISLAND PARK DR btwn BATE ISLAND & PROVINCIAL BOUNDARY,362893.126,5030136.986,-75.7578457,45.40875861,3/23/2015,8:45,01 - Clear,01 - Dry,10 - No control,01 - Non intersection,01 - Daylight,03 - P.D. only,03 - Rear end,Westboro
14349,LYON ST @ WELLINGTON ST,366929.7796,5031430.363,-75.7061182,45.42004935,3/25/2015,21:40,01 - Clear,01 - Dry,01 - Traffic signal,03 - At intersection,07 - Dark,03 - P.D. only,04 - Sideswipe,Downtown
14350,COLONEL BY DR @ HAWTHORNE AVE/PRETORIA BRIDGE,368766.0966,5030529.324,-75.68277344,45.41177663,3/27/2015,20:30,01 - Clear,01 - Dry,01 - Traffic signal,03 - At intersection,07 - Dark,03 - P.D. only,05 - Turning movement,Old Ottawa East
14351,HIGHWAY 417 btwn HWY417 IC117 RAMP51 & HWY417 IC117 RAMP35,370725.5438,5031174.031,-75.65765611,45.4173956,11/23/2015,17:15,01 - Clear,01 - Dry,10 - No control,01 - Non intersection,07 - Dark,03 - P.D. only,03 - Rear end,Industrial Park
14352,HIGHWAY 416 btwn HWY416 IC42 RAMP34 & HWY416 IC42 RAMP43,371399.2927,4995266.633,-75.65386057,45.09424302,11/23/2015,17:40,01 - Clear,01 - Dry,10 - No control,01 - Non intersection,07 - Dark,03 - P.D. only,07 - SMV other,Manotick - North Gower
14353,MCARTHUR AVE btwn VANIER PKWY & ENFIELD AVE,370274.4355,5032702.629,-75.66321621,45.43119166,4/9/2015,15:36,01 - Clear,01 - Dry,10 - No control,04 - At/near private drive,01 - Daylight,03 - P.D. only,05 - Turning movement,Vanier South
14354,IONA ST @ ISLAND PARK DR,364352.2939,5028383.822,-75.73941779,45.39286136,4/24/2015,12:51,01 - Clear,01 - Dry,01 - Traffic signal,02 - Intersection related,01 - Daylight,03 - P.D. only,02 - Angle,Westboro
14355,HIGHWAY 417 btwn HWY417 IC119B RAMP57 & HWY417 IC119A RAMP75,368584.4786,5030514.756,-75.68509543,45.41166213,11/23/2015,18:00,01 - Clear,01 - Dry,10 - No control,01 - Non intersection,07 - Dark,03 - P.D. only,04 - Sideswipe,The Glebe