Record,Location,X,Y,lon,lat,Date,Time,Environment,Road_Surface,Traffic_Control,Collision_Location,Light,Collision_Classification,Impact_type,Neighborhood
14767,REVELSTOKE DR @ RIVERSIDE DR,368216.9903,5024423.518,-75.69057251,45.35688828,12/29/2015,11:57,05 - Drifting Snow,03 - Loose snow,01 - Traffic signal,03 - At intersection,01 - Daylight,03 - P.D. only,05 - Turning movement,Hunt Club Woods - Quintarra - Revelstoke - Riverside South P
14768,BENTLEY AVE btwn GIFFORD ST & END,366521.6681,5022066.628,-75.71250291,45.33583268,12/31/2015,10:43,01 - Clear,02 - Wet,10 - No control,04 - At/near private drive,01 - Daylight,03 - P.D. only,02 - Angle,Industrial Park
14769,METCALFE ST btwn QUEEN ST & ALBERT ST,367668.7528,5031648.893,-75.6966488,45.42194959,12/23/2015,12:43,01 - Clear,01 - Dry,10 - No control,04 - At/near private drive,01 - Daylight,03 - P.D. only,07 - SMV other,Downtown
14770,BANK ST @ HERON RD,369994.998,5026852.264,-75.66756065,45.37857833,12/24/2015,10:24,01 - Clear,01 - Dry,01 - Traffic signal,02 - Intersection related,01 - Daylight,03 - P.D. only,03 - Rear end,Alta Vista
14771,MCLEOD ST btwn METCALFE ST & METCALFE ST,368328.3667,5030719.303,-75.68834079,45.41352587,12/9/2015,14:28,01 - Clear,01 - Dry,10 - No control,01 - Non intersection,01 - Daylight,03 - P.D. only,04 - Sideswipe,Centretown
14772,RIVERSIDE DR NB btwn BILLINGS BRIDGE SC RAMP SB & BILLINGS BRIDGE SC R,369239.0131,5027818.019,-75.67708634,45.38733783,12/10/2015,18:47,01 - Clear,01 - Dry,10 - No control,01 - Non intersection,07 - Dark,03 - P.D. only,04 - Sideswipe,Alta Vista
14773,BLAIR RD btwn MONTREAL RD & SEGUIN ST,374033.4386,5034407.094,-75.61494084,45.44616549,12/30/2015,15:14,01 - Clear,04 - Slush,10 - No control,01 - Non intersection,01 - Daylight,03 - P.D. only,04 - Sideswipe,Carson Grove - Carson Meadows
14774,WOODROFFE AVE @ ALGONQUIN COLLEGE/TRANSITWAY S,362823.6879,5023270.506,-75.75953958,45.34698065,12/10/2015,17:37,01 - Clear,01 - Dry,01 - Traffic signal,02 - Intersection related,07 - Dark,03 - P.D. only,03 - Rear end,Crestview - Meadowlands
14775,ORLEANS BLVD @ ST. JOSEPH BLVD,380630.8352,5036980.951,-75.53021645,45.46863845,12/2/2015,17:34,01 - Clear,01 - Dry,01 - Traffic signal,03 - At intersection,07 - Dark,03 - P.D. only,02 - Angle,Industrial Park
14776,LYON ST @ WELLINGTON ST,366934.549,5031424.722,-75.70605798,45.41999817,12/2/2015,16:34,01 - Clear,02 - Wet,01 - Traffic signal,02 - Intersection related,05 - Dusk,03 - P.D. only,03 - Rear end,Downtown
14777,BESSERER ST btwn CUMBERLAND ST & KING EDWARD AVE,368428.2554,5032264.516,-75.68686515,45.42742009,11/10/2015,3:34,01 - Clear,01 - Dry,10 - No control,01 - Non intersection,07 - Dark,03 - P.D. only,06 - SMV unattended vehicle,Bywar
14778,INNES RD @ 260 E OF BELCOURT BLVD/WALMART SC,382347.4876,5035399.188,-75.50851533,45.45421861,12/11/2015,18:00,02 - Rain,02 - Wet,01 - Traffic signal,03 - At intersection,07 - Dark,03 - P.D. only,02 - Angle,Chapel Hill South
14779,RAMP btwn AIRPORT PKWY & Continuation of RAMP,371111.6688,5023627.186,-75.65373683,45.34945535,12/29/2015,23:00,01 - Clear,04 - Slush,10 - No control,01 - Non intersection,07 - Dark,03 - P.D. only,07 - SMV other,Hunt Club - Ottawa Airport
14780,ELGIN ST btwn FRANK ST & GLADSTONE AVE,368362.7653,5030879.186,-75.68788073,45.41496132,6/5/2015,12:05,01 - Clear,01 - Dry,10 - No control,01 - Non intersection,01 - Daylight,03 - P.D. only,06 - SMV unattended vehicle,Centretown
14781,O'KEEFE CRT btwn FOXTAIL AVE & END,360111.1087,5014957.084,-75.79508095,45.27239519,11/22/2015,6:07,01 - Clear,01 - Dry,10 - No control,01 - Non intersection,07 - Dark,03 - P.D. only,07 - SMV other,Greenbelt
14782,PRINCE OF WALES DR @ MEADOWLANDS DR/HOG'S BACK,367372.6409,5025693.477,-75.70118756,45.36839095,11/19/2015,11:53,01 - Clear,01 - Dry,01 - Traffic signal,02 - Intersection related,01 - Daylight,03 - P.D. only,03 - Rear end,Carleton Heights - Rideauview
14783,AURIGA DR @ DEAKIN ST,367146.1573,5021589.494,-75.70459602,45.3314843,11/19/2015,17:10,02 - Rain,02 - Wet,02 - Stop sign,02 - Intersection related,07 - Dark,03 - P.D. only,03 - Rear end,Industrial Park
14784,CARTIER ST @ SOMERSET ST,368313.5363,5031291.025,-75.68845657,45.41867138,12/19/2015,15:39,01 - Clear,01 - Dry,02 - Stop sign,02 - Intersection related,01 - Daylight,03 - P.D. only,04 - Sideswipe,Golden Triangle
14785,LISGAR ST btwn ELGIN ST & CARTIER ST,368208.1663,5031426.33,-75.68978538,45.41989836,12/16/2015,14:55,01 - Clear,01 - Dry,10 - No control,01 - Non intersection,01 - Daylight,03 - P.D. only,04 - Sideswipe,Golden Triangle
14786,CHENIER WAY @ WILKIE DR,384092.481,5037196.293,-75.48591832,45.47019149,11/24/2015,11:00,03 - Snow,06 - Ice,03 - Yield sign,02 - Intersection related,01 - Daylight,03 - P.D. only,02 - Angle,Fallingbrook
14787,NELSON ST @ STEWART ST,368770.7126,5032291.309,-75.6824857,45.42762992,11/24/2015,15:00,01 - Clear,06 - Ice,02 - Stop sign,03 - At intersection,01 - Daylight,03 - P.D. only,02 - Angle,Sandy Hill
14788,THIRD AVE btwn PERCY ST & LYON ST S,368009.2711,5029357.774,-75.69259181,45.40130415,12/29/2015,21:30,03 - Snow,05 - Packed snow,10 - No control,01 - Non intersection,07 - Dark,03 - P.D. only,06 - SMV unattended vehicle,The Glebe
14789,INDUSTRIAL AVE btwn RUSSELL RD & ST. LAURENT BLVD,372805.5505,5029977.015,-75.63124762,45.40642633,11/12/2015,19:15,02 - Rain,02 - Wet,10 - No control,01 - Non intersection,07 - Dark,03 - P.D. only,03 - Rear end,Industrial Park
14790,ST. JOSEPH BLVD/OLD MONTREAL RD @ TRIM RD,384682.032,5039286.304,-75.47803976,45.48892821,11/12/2015,23:28,02 - Rain,02 - Wet,11 - Roundabout,03 - At intersection,07 - Dark,03 - P.D. only,04 - Sideswipe,Cardinal Creek
14791,HUNTMAR DR btwn OLD CARP RD & BRADLEY SIDE RD,346633.8249,5020769.242,-75.96634474,45.32562603,7/15/2015,0:27,01 - Clear,01 - Dry,10 - No control,01 - Non intersection,07 - Dark,03 - P.D. only,07 - SMV other,Stittsville - Basswood
14792,ST. JOSEPH BLVD @ JEANNE D'ARC BLVD,379861.2253,5036471.998,-75.54013514,45.46414242,8/27/2015,15:07,01 - Clear,01 - Dry,11 - Roundabout,02 - Intersection related,01 - Daylight,03 - P.D. only,02 - Angle,Chapel Hill
14793,ALTA VISTA DR btwn FAIRCREST RD & SMYTH RD,370434.882,5029068.561,-75.66164986,45.39847872,10/10/2015,17:25,01 - Clear,01 - Dry,10 - No control,01 - Non intersection,01 - Daylight,03 - P.D. only,03 - Rear end,Alta Vista
14794,KING EDWARD AVE @ RIDEAU ST,368510.9852,5032414.311,-75.68578864,45.42876036,10/23/2015,20:32,01 - Clear,01 - Dry,01 - Traffic signal,03 - At intersection,07 - Dark,03 - P.D. only,05 - Turning movement,Lowe
14795,LANCASTER RD @ WALKLEY RD,374908.0185,5028602.541,-75.60458779,45.39385208,11/19/2015,16:15,02 - Rain,02 - Wet,01 - Traffic signal,02 - Intersection related,01 - Daylight,03 - P.D. only,03 - Rear end,Industrial Park
14796,LEITRIM RD @ ALBION RD,373499.0291,5020419.983,-75.62371828,45.3203683,9/16/2015,7:20,01 - Clear,01 - Dry,01 - Traffic signal,02 - Intersection related,01 - Daylight,03 - P.D. only,04 - Sideswipe,Greenbelt
14797,RICHMOND RD btwn WINSTON AVE & CHURCHILL AVE N,363063.7949,5028179.194,-75.75589682,45.39112854,9/11/2015,12:00,01 - Clear,01 - Dry,10 - No control,01 - Non intersection,01 - Daylight,03 - P.D. only,03 - Rear end,Westboro
14798,INNES RD @ TENTH LINE RD,383949.5942,5036160.283,-75.48791225,45.46088663,12/5/2015,14:22,01 - Clear,01 - Dry,01 - Traffic signal,02 - Intersection related,01 - Daylight,03 - P.D. only,03 - Rear end,Queenswood Heights
14799,ANDERSON RD @ DOLMAN RIDGE RD,378311.0275,5030274.543,-75.56088144,45.40854676,12/6/2015,12:17,01 - Clear,01 - Dry,02 - Stop sign,02 - Intersection related,01 - Daylight,03 - P.D. only,03 - Rear end,Greenbelt
14800,FALLOWFIELD RD @ GREENBANK RD,363081.3977,5016733.177,-75.7570203,45.28813662,12/25/2015,16:25,01 - Clear,01 - Dry,01 - Traffic signal,02 - Intersection related,05 - Dusk,03 - P.D. only,04 - Sideswipe,Greenbelt
14801,MONTREAL RD btwn SAVARD AVE & EMOND ST,370170.1827,5033118.3,-75.66449326,45.43494145,11/18/2015,17:20,01 - Clear,01 - Dry,10 - No control,01 - Non intersection,07 - Dark,03 - P.D. only,04 - Sideswipe,Vanier
14802,BRONSON AVE btwn LAKEVIEW TER & HOLMWOOD AVE,367691.8876,5028754.698,-75.69672243,45.39590644,11/19/2015,17:00,02 - Rain,02 - Wet,10 - No control,01 - Non intersection,05 - Dusk,03 - P.D. only,04 - Sideswipe,The Glebe
14803,BANK ST @ HERON RD,369996.442,5026850.82,-75.66754241,45.3785652,12/16/2015,14:50,01 - Clear,01 - Dry,01 - Traffic signal,02 - Intersection related,01 - Daylight,03 - P.D. only,04 - Sideswipe,Alta Vista
14804,HOGAN ST @ MEADOWLANDS DR,366122.697,5024893.791,-75.71724228,45.36130601,12/22/2015,7:02,02 - Rain,02 - Wet,02 - Stop sign,02 - Intersection related,07 - Dark,03 - P.D. only,02 - Angle,Cityview - Skyline - Fisher Heights
14805,ST. LAURENT BLVD @ COTE ST,371786.1319,5033226.263,-75.64382716,45.43575992,11/24/2015,15:45,01 - Clear,04 - Slush,01 - Traffic signal,02 - Intersection related,01 - Daylight,03 - P.D. only,03 - Rear end,Cummings
14806,REGIONAL ROAD 174 btwn OR174 IC109 RAMP64 & OR174 IC105 RAMP16,377627.5461,5036030.607,-75.56876043,45.46040753,12/29/2015,23:21,03 - Snow,03 - Loose snow,10 - No control,01 - Non intersection,07 - Dark,03 - P.D. only,07 - SMV other,Greenbelt
14807,BANK ST btwn LESTER RD & PARK LANE,373869.4489,5022759.614,-75.61866755,45.34138311,12/30/2015,9:10,04 - Freezing Rain,04 - Slush,10 - No control,01 - Non intersection,01 - Daylight,03 - P.D. only,01 - Approaching,Greenbelt
14808,INNES RD WB btwn INNES RD W & INNES RD,377081.0628,5032195.185,-75.5763107,45.42595564,11/12/2015,21:22,01 - Clear,02 - Wet,10 - No control,01 - Non intersection,07 - Dark,03 - P.D. only,04 - Sideswipe,Greenbelt
14809,BRONSON AVE @ FIFTH AVE/MADAWASKA DR,367614.4347,5028938.554,-75.69768817,45.39756767,11/13/2015,12:56,02 - Rain,02 - Wet,01 - Traffic signal,02 - Intersection related,01 - Daylight,03 - P.D. only,03 - Rear end,The Glebe
14810,TRIM RD @ WATTERS RD,384964.6521,5038718.298,-75.47451742,45.48378545,8/29/2015,19:37,02 - Rain,02 - Wet,01 - Traffic signal,03 - At intersection,05 - Dusk,03 - P.D. only,05 - Turning movement,Cardinal Creek
14811,BRONSON AVE @ SOMERSET ST,366967.6961,5030477.294,-75.70575399,45.41147055,11/22/2015,16:45,01 - Clear,01 - Dry,01 - Traffic signal,02 - Intersection related,05 - Dusk,03 - P.D. only,03 - Rear end,Centretown West
14812,CARLING AVE @ CLYDE AVE/COLE AVE,363522.1346,5026850.542,-75.75020181,45.37913526,12/8/2015,9:09,01 - Clear,01 - Dry,01 - Traffic signal,03 - At intersection,01 - Daylight,03 - P.D. only,05 - Turning movement,Carlingwood - McKellar Park - Laurentien View
14813,ST. JOSEPH BLVD btwn DUSSERE ST & ST. JEAN ST,380887.5614,5037148.653,-75.52690774,45.47011937,11/19/2015,18:12,02 - Rain,02 - Wet,10 - No control,04 - At/near private drive,07 - Dark,03 - P.D. only,03 - Rear end,Industrial Park
14814,COBOURG ST btwn TORMEY ST & PRUDHOMME PRIV,369084.863,5032849.176,-75.6783986,45.43262059,11/20/2015,0:07,01 - Clear,01 - Dry,10 - No control,04 - At/near private drive,07 - Dark,03 - P.D. only,03 - Rear end,Lower Town
14815,EAGLESON RD @ KATIMAVIK RD/TIMM DR,353212.458,5019565.47,-75.88254631,45.31437134,9/30/2015,14:14,01 - Clear,01 - Dry,01 - Traffic signal,02 - Intersection related,01 - Daylight,03 - P.D. only,03 - Rear end,Katimavik - Hazeldean
14816,BELCOURT BLVD @ NOTRE DAME ST,381315.024,5037215.583,-75.52143126,45.47067485,12/6/2015,18:19,01 - Clear,01 - Dry,02 - Stop sign,03 - At intersection,07 - Dark,03 - P.D. only,02 - Angle,Orleans Village - Chateauneuf
14817,GOSNELL TER btwn DENTON WAY & DENTON WAY,385674.1666,5037760.83,-75.4656003,45.47508927,12/7/2015,7:45,01 - Clear,01 - Dry,10 - No control,04 - At/near private drive,03 - Dawn,03 - P.D. only,02 - Angle,Cardinal Creek
14818,OLD PRESCOTT RD btwn CHRIS TIERNEY PRIV & BREANNA CARDILL ST,378555.3792,5009556.289,-75.56084467,45.2221083,12/25/2015,23:51,01 - Clear,01 - Dry,10 - No control,01 - Non intersection,07 - Dark,03 - P.D. only,07 - SMV other,Osgoode
14819,BASELINE RD @ WOODROFFE AVE,362549.6902,5023770.505,-75.76297748,45.35150222,12/26/2015,0:41,01 - Clear,01 - Dry,01 - Traffic signal,03 - At intersection,07 - Dark,03 - P.D. only,02 - Angle,Iris
14820,BANK ST @ HERON RD,369994.276,5026852.264,-75.66756987,45.3785784,11/24/2015,15:06,01 - Clear,03 - Loose snow,01 - Traffic signal,02 - Intersection related,01 - Daylight,03 - P.D. only,03 - Rear end,Alta Vista
14821,RIVERSIDE DR @ SMYTH RD SOUTH SIDE RAMP,369788.9381,5028998.194,-75.66990885,45.39790583,11/27/2015,17:40,02 - Rain,02 - Wet,01 - Traffic signal,02 - Intersection related,07 - Dark,03 - P.D. only,07 - SMV other,Alta Vista
14822,CARLING AVE @ RICHMOND RD,360243.5129,5024782.956,-75.7922939,45.36079834,12/23/2015,22:27,02 - Rain,02 - Wet,01 - Traffic signal,03 - At intersection,07 - Dark,03 - P.D. only,02 - Angle,Whitehaven - Queensway Terrace North
14823,LYON ST @ WELLINGTON ST,366935.271,5031426.888,-75.70604848,45.42001759,12/24/2015,6:55,01 - Clear,02 - Wet,01 - Traffic signal,03 - At intersection,07 - Dark,03 - P.D. only,05 - Turning movement,Downtown
14824,BEECHWOOD AVE @ CHARLEVOIX ST/MACKAY ST,369185.149,5033591.629,-75.67701991,45.43929167,11/25/2015,9:09,01 - Clear,01 - Dry,01 - Traffic signal,02 - Intersection related,01 - Daylight,03 - P.D. only,04 - Sideswipe,Lindenlea - New Edinburgh
14825,VANIER PKWY/CRICHTON ST @ BEECHWOOD AVE/ST. PA,369127.7207,5033486.953,-75.67776757,45.43835512,11/27/2015,9:56,01 - Clear,02 - Wet,01 - Traffic signal,02 - Intersection related,01 - Daylight,03 - P.D. only,03 - Rear end,Vanier North
14826,BARNSDALE RD @ PRINCE OF WALES DR,366645.9742,5011532.413,-75.71223028,45.24103575,12/30/2015,11:37,01 - Clear,02 - Wet,02 - Stop sign,03 - At intersection,01 - Daylight,03 - P.D. only,02 - Angle,New Barrhaven
14827,HAWTHORNE RD/RUSSELL RD @ WALKLEY RD,374676.1879,5028499.541,-75.60756293,45.39294851,11/13/2015,14:04,02 - Rain,02 - Wet,01 - Traffic signal,02 - Intersection related,01 - Daylight,03 - P.D. only,03 - Rear end,Sheffield Glen
14828,POCONO CRES btwn GARDENWAY DR & GARDENWAY DR,384156.3046,5036900.776,-75.48514992,45.46752545,11/13/2015,10:00,01 - Clear,01 - Dry,10 - No control,04 - At/near private drive,01 - Daylight,03 - P.D. only,06 - SMV unattended vehicle,Fallingbrook
14829,BRONSON AVE @ SUNNYSIDE AVE/UNIVERSITY RD - CA,367921.9881,5028091.547,-75.69386863,45.38991889,10/24/2015,22:44,02 - Rain,02 - Wet,01 - Traffic signal,02 - Intersection related,07 - Dark,03 - P.D. only,03 - Rear end,Carleto
14830,BENTLEY AVE btwn SUNDERLAND ST & CAMELOT DR,365943.3286,5021697.862,-75.71992672,45.33256521,12/9/2015,11:15,01 - Clear,01 - Dry,10 - No control,04 - At/near private drive,01 - Daylight,03 - P.D. only,02 - Angle,Industrial Park
14831,RAMSAYVILLE RD btwn LOUISEIZE RD & NINTH LINE RD,379839.3324,5021201.098,-75.54273785,45.3267473,12/9/2015,13:58,01 - Clear,01 - Dry,10 - No control,04 - At/near private drive,01 - Daylight,03 - P.D. only,03 - Rear end,Greenbelt
14832,MOODIE DR btwn MCKENNA CASEY DR & CAMBRIAN RD,360671.4698,5011866.404,-75.78828743,45.24454058,11/21/2015,17:02,01 - Clear,01 - Dry,10 - No control,01 - Non intersection,07 - Dark,03 - P.D. only,07 - SMV other,Munster Hamlet - Richmond
14833,INDUSTRIAL AVE @ RIVERSIDE DR,370685.4406,5030591.109,-75.65824639,45.41215448,11/21/2015,18:54,01 - Clear,01 - Dry,01 - Traffic signal,02 - Intersection related,07 - Dark,03 - P.D. only,03 - Rear end,Industrial Park
14834,BANK ST @ CHAMBERLAIN AVE N/ISABELLA ST,368082.7121,5030167.284,-75.69154991,45.40858124,10/12/2015,14:45,01 - Clear,01 - Dry,01 - Traffic signal,03 - At intersection,01 - Daylight,03 - P.D. only,05 - Turning movement,The Glebe
14835,ST. LAURENT BLVD @ COVENTRY RD/OGILVIE RD,372305.7195,5031952.297,-75.63736153,45.42424741,10/17/2015,18:11,01 - Clear,01 - Dry,01 - Traffic signal,02 - Intersection related,05 - Dusk,03 - P.D. only,03 - Rear end,Overbrook
14836,DALMENY RD btwn CAMPBELLCROFT RD & BANK ST,384258.089,5003404.392,-75.48922126,45.16613637,12/8/2015,6:10,01 - Clear,01 - Dry,10 - No control,01 - Non intersection,07 - Dark,03 - P.D. only,07 - SMV other,Metcalfe
14837,JEANNE D'ARC BLVD  S btwn WOODCLIFFE PRIV & HENRI LAUZON ST,380206.454,5036209.988,-75.53576126,45.46174787,12/10/2015,8:07,01 - Clear,02 - Wet,10 - No control,01 - Non intersection,01 - Daylight,03 - P.D. only,03 - Rear end,Chapel Hill
14838,RIOCAN AVE @ STRANDHERD DR,364174.3749,5014943.851,-75.74330213,45.27194479,12/26/2015,10:32,01 - Clear,01 - Dry,01 - Traffic signal,02 - Intersection related,01 - Daylight,03 - P.D. only,03 - Rear end,New Barrhaven
14839,KENT ST @ MCLEOD ST,367785.9827,5030391.286,-75.69531169,45.41062351,12/26/2015,11:45,01 - Clear,01 - Dry,02 - Stop sign,03 - At intersection,01 - Daylight,03 - P.D. only,05 - Turning movement,Centretown
14840,TENTH LINE RD @ CHARLEMAGNE BLVD N/TOMPKINS AV,383185.3739,5037977.16,-75.49739305,45.47731942,11/27/2015,18:20,02 - Rain,02 - Wet,01 - Traffic signal,02 - Intersection related,07 - Dark,03 - P.D. only,04 - Sideswipe,Queenswood Heights
14841,BRANT ST @ MCARTHUR AVE,371263.4415,5032806.299,-75.6505638,45.43203115,12/24/2015,11:30,01 - Clear,01 - Dry,01 - Traffic signal,02 - Intersection related,01 - Daylight,03 - P.D. only,04 - Sideswipe,Vanier South
14842,ELGIN ST @ MACLAREN ST,368208.7134,5031127.297,-75.68981687,45.41720772,12/24/2015,13:01,01 - Clear,01 - Dry,01 - Traffic signal,02 - Intersection related,01 - Daylight,03 - P.D. only,05 - Turning movement,Centretown
14843,FRANK ST @ METCALFE ST,368203.7067,5030794.295,-75.68992368,45.41421193,11/27/2015,12:49,02 - Rain,02 - Wet,02 - Stop sign,03 - At intersection,01 - Daylight,03 - P.D. only,05 - Turning movement,Centretown
14844,GEORGE ST @ DALHOUSIE ST,368157.6976,5032314.146,-75.690316,45.4278912,11/28/2015,15:14,01 - Clear,01 - Dry,01 - Traffic signal,02 - Intersection related,01 - Daylight,03 - P.D. only,04 - Sideswipe,Byward Market
14845,HUNT CLUB RD @ DOWNPATRICK RD/MCCARTHY RD,370507.7344,5023400.509,-75.66147346,45.34747262,12/30/2015,18:16,03 - Snow,04 - Slush,01 - Traffic signal,03 - At intersection,07 - Dark,03 - P.D. only,05 - Turning movement,Hunt Club East - Western Community
14846,"MONTREAL RD btwn MONTREAL RD & EGLISE, RUE DE L",371109.4,5033611.8,-75.65242381,45.43929331,12/30/2015,19:25,03 - Snow,03 - Loose snow,10 - No control,01 - Non intersection,07 - Dark,03 - P.D. only,04 - Sideswipe,Vanier South
14847,ST. JOSEPH BLVD @ JEANNE D'ARC BLVD,379860.7425,5036473.025,-75.54014116,45.46415171,11/13/2015,17:50,02 - Rain,02 - Wet,11 - Roundabout,03 - At intersection,07 - Dark,03 - P.D. only,02 - Angle,Greenbelt
14848,AVIATION PKWY @ OGILVIE RD,373111.0752,5032377.127,-75.62701237,45.42799164,11/13/2015,18:30,01 - Clear,01 - Dry,01 - Traffic signal,02 - Intersection related,07 - Dark,03 - P.D. only,04 - Sideswipe,Industrial Park
14849,APPLEFORD ST @ OGILVIE RD,375316.5466,5033687.763,-75.59864308,45.43956511,12/15/2015,15:31,01 - Clear,01 - Dry,01 - Traffic signal,02 - Intersection related,01 - Daylight,03 - P.D. only,03 - Rear end,Beacon Hill South - Cardinal Heights
14850,WOODROFFE AVE @ ALGONQUIN COLLEGE/TRANSITWAY S,362824.4099,5023270.506,-75.75953037,45.34698059,11/22/2015,13:00,01 - Clear,01 - Dry,01 - Traffic signal,02 - Intersection related,01 - Daylight,03 - P.D. only,03 - Rear end,Crestview - Meadowlands
14851,BRUYERE ST @ KING EDWARD AVE,368141.425,5033040.314,-75.69043053,45.43442647,10/19/2015,13:49,01 - Clear,01 - Dry,02 - Stop sign,02 - Intersection related,01 - Daylight,03 - P.D. only,03 - Rear end,Lower Town
14852,MAJESTIC DR btwn KELVIN CRES & KELVIN CRES,362811.7008,5021129.451,-75.75994354,45.32771655,10/28/2015,14:48,02 - Rain,02 - Wet,10 - No control,01 - Non intersection,01 - Daylight,03 - P.D. only,06 - SMV unattended vehicle,Woodvale - Craig Henry - Manordale - Estates of Arlington Wo
14853,LYON ST @ WELLINGTON ST,366935.271,5031426.166,-75.70604857,45.4200111,12/10/2015,11:27,01 - Clear,01 - Dry,01 - Traffic signal,03 - At intersection,01 - Daylight,03 - P.D. only,04 - Sideswipe,Downtown
14854,HERON RD WB btwn PRINCE OF WALES DR & HERON RD WB ON RAMP/VINCENT MASS,367449.2678,5026531.135,-75.70010318,45.37592115,11/16/2015,8:35,01 - Clear,01 - Dry,10 - No control,01 - Non intersection,01 - Daylight,03 - P.D. only,03 - Rear end,Carleton University
14855,ISABELLA ST/HWY 417 O'CONN IC119BR57 @ O'CONNO,368297.7045,5030309.566,-75.68878529,45.40984197,11/16/2015,14:45,01 - Clear,01 - Dry,01 - Traffic signal,02 - Intersection related,01 - Daylight,03 - P.D. only,03 - Rear end,The Glebe
14856,INDUSTRIAL AVE btwn TRAINYARDS DR & RUSSELL RD,372191.3604,5030400.131,-75.639035,45.41029275,12/26/2015,17:42,01 - Clear,01 - Dry,10 - No control,01 - Non intersection,07 - Dark,03 - P.D. only,03 - Rear end,Industrial Park
14857,DALY AVE @ NICHOLAS ST,368228.423,5032045.852,-75.68944681,45.42547077,12/29/2015,19:23,02 - Rain,05 - Packed snow,01 - Traffic signal,02 - Intersection related,07 - Dark,03 - P.D. only,03 - Rear end,Byward Market - Parliament Hill
14858,COLONEL BY DR/SUSSEX DR @ RIDEAU ST,367922.0238,5032045.087,-75.69336199,45.42549161,11/27/2015,15:45,01 - Clear,01 - Dry,01 - Traffic signal,02 - Intersection related,01 - Daylight,03 - P.D. only,04 - Sideswipe,Byward Market - Parliament Hill
14859,FISHER AVE @ NORMANDY CRES S,366869.43,5024340.52,-75.70778094,45.35626207,12/30/2015,20:55,03 - Snow,03 - Loose snow,02 - Stop sign,03 - At intersection,07 - Dark,03 - P.D. only,02 - Angle,Carleton Heights - Rideauview
14860,ST. JOSEPH BLVD @ JEANNE D'ARC BLVD,379860.0205,5036471.581,-75.54015061,45.46413879,12/30/2015,21:07,03 - Snow,03 - Loose snow,11 - Roundabout,03 - At intersection,07 - Dark,03 - P.D. only,02 - Angle,Chapel Hill
14861,BLACKHEATH ST btwn AMIENS ST & QUEENSWOOD CRES,382462.2748,5037287.528,-75.50674963,45.47119552,11/12/2015,21:00,01 - Clear,01 - Dry,10 - No control,01 - Non intersection,07 - Dark,03 - P.D. only,06 - SMV unattended vehicle,Queenswood Heights
14862,CLYDE AVE btwn MAITLAND AVE & BASELINE RD,364318.9921,5024980.766,-75.74025325,45.36224405,11/13/2015,12:29,02 - Rain,02 - Wet,10 - No control,04 - At/near private drive,01 - Daylight,03 - P.D. only,02 - Angle,Civic Hospital - Experimental Farm - Central Park
14863,STRANDHERD @ KENNEVALE DR,361491.86,5014099.549,-75.77758308,45.26456906,12/8/2015,7:35,01 - Clear,01 - Dry,01 - Traffic signal,02 - Intersection related,03 - Dawn,03 - P.D. only,03 - Rear end,Munster Hamlet - Richmond
14864,EARL ARMSTRONG RD @ LIMEBANK RD,370156.4429,5015960.451,-75.66693743,45.28056147,12/15/2015,15:52,01 - Clear,01 - Dry,01 - Traffic signal,02 - Intersection related,01 - Daylight,03 - P.D. only,03 - Rear end,Greenbelt
14865,HERZBERG RD btwn BAYFIELD AVE & MARCH RD,352163.9999,5022011.318,-75.89568365,45.33645109,12/18/2015,9:15,01 - Clear,01 - Dry,10 - No control,01 - Non intersection,01 - Daylight,03 - P.D. only,03 - Rear end,Kanata Lakes - Marchwood Lakeside - Morgan's Grant - Kanata
14866,RIVERSIDE DR @ HERON RD,368120.3829,5026647.221,-75.69152045,45.37690534,11/22/2015,20:39,01 - Clear,01 - Dry,01 - Traffic signal,02 - Intersection related,07 - Dark,03 - P.D. only,04 - Sideswipe,Riverside Park
14867,HINTON AVE @ RUSKIN ST,365355.2481,5028383.55,-75.72660959,45.39277291,11/23/2015,13:32,01 - Clear,01 - Dry,02 - Stop sign,03 - At intersection,01 - Daylight,03 - P.D. only,02 - Angle,Civic Hospital - Experimental Farm - Central Park
14868,CARLING AVE @ PINECREST  RD/GREENVIEW AVE,360006.6757,5024632.528,-75.79533357,45.35946349,10/31/2015,13:31,01 - Clear,01 - Dry,01 - Traffic signal,02 - Intersection related,01 - Daylight,03 - P.D. only,04 - Sideswipe,Whitehaven - Queensway Terrace North
14869,GLADSTONE AVE @ CAMBRIDGE ST,367064.7046,5030036.57,-75.70457041,45.40749642,11/19/2015,15:32,01 - Clear,01 - Dry,02 - Stop sign,03 - At intersection,01 - Daylight,03 - P.D. only,05 - Turning movement,Centretown West
14870,OXBOW AVE @ PLEASANT PARK RD,371609.4585,5028605.273,-75.64671147,45.39419914,12/11/2015,17:41,02 - Rain,02 - Wet,02 - Stop sign,03 - At intersection,07 - Dark,03 - P.D. only,02 - Angle,Playfair Park - Lynda Park - Guildwood Estates
14871,FALLOWFIELD RD @ VIA PARK PL/275 W OF WOODROFFE AVE,364847.2373,5017766.743,-75.73438598,45.29728796,12/24/2015,17:03,01 - Clear,01 - Dry,01 - Traffic signal,02 - Intersection related,07 - Dark,03 - P.D. only,03 - Rear end,New Barrhaven